{
  "walk_forward_10fold": {
    "n_matches": 32330,
    "brier": 0.2665020752199662,
    "log_loss": 0.9106013184271435,
    "rps": 1.5909722856238446,
    "accuracy": 0.5754716981132075,
    "top3_hit_rate": 0.8262913702443551,
    "draw_recall": 0.1362620018413784
  },
  "worldcup_tournament_aware": {
    "n_matches": 600,
    "brier": 0.30599445612333864,
    "log_loss": 1.060267655433348,
    "rps": 1.5692402493439257,
    "accuracy": 0.525,
    "top3_hit_rate": 0.7633333333333333,
    "draw_recall": 0.14583333333333334
  },
  "ensemble_lightgbm": {
    "n_matches": 6467,
    "brier": 0.25519683838235074,
    "rps": 1.5616462123755166,
    "accuracy": 0.5964125560538116,
    "top3_hit_rate": 0.8359362919437142,
    "val_accuracy": 0.6046080098963971,
    "val_brier": 0.17013122558823382
  }
}