{
  "w": [
    -0.22013016110670608,
    -0.024879177715911752,
    -0.2957193031037127,
    0.12716234657558093,
    0.32963708116037244,
    -0.06296992866832292,
    -0.0019922466578235548,
    1.728469101395324
  ],
  "b": -1.5979468509483725,
  "mu": [
    239.8503937007874,
    1667.2226596675416,
    91016.73840769904,
    0.24435695538057797,
    0.24903762029746354,
    0.45686789151355844,
    1.05990813648294,
    0.23394575678040228
  ],
  "sigma": [
    182.99870779034546,
    187.38627659367586,
    142954.2413761528,
    0.08751255059467186,
    0.07470527152838202,
    0.0776674316877147,
    0.19158601460470548,
    0.30097637745455774
  ],
  "features": [
    "Elo\u5dee",
    "\u5e73\u5747Elo",
    "Elo\u5dee\u00b2",
    "\u4e3b\u961f\u5e73\u5c40\u53f2",
    "\u5ba2\u961f\u5e73\u5c40\u53f2",
    "\u4f4e\u6bd4\u5206\u503e\u5411",
    "\u9632\u5b88\u7d27\u51d1\u5ea6",
    "\u4ea4\u950b\u5e73\u5c40\u7387"
  ],
  "n_train": 2286,
  "draw_rate": 0.24146981627296588,
  "version": 2,
  "description": "8\u7279\u5f81\u903b\u8f91\u56de\u5f52: Elo\u5dee+\u5e73\u5747Elo+Elo\u5dee\u00b2+\u53cc\u65b9\u5e73\u5c40\u7387+\u4f4e\u6bd4\u5206+\u9632\u5b88+\u4ea4\u950b"
}