{
  "w": [
    -0.2167670478496645,
    0.11858124802895227,
    -0.48052921438239266
  ],
  "b": -1.2440364524060172,
  "mu": [
    15.342288578895353,
    1268.3866587809523,
    49804.46740217565
  ],
  "sigma": [
    222.6411498079144,
    176.39491126406134,
    90968.21909326507
  ],
  "base_draw_rate": 0.23517040885754933,
  "features": [
    "elo_diff",
    "avg_elo",
    "elo_diff_sq"
  ],
  "trained": true
}