[2026-06-23 10:16:01] 抓到 11 场
[2026-06-23 10:16:08] ✓ 盘口已推送VPS
[2026-06-23 10:16:40] VPS重算: 200
[2026-06-23 10:24:01] 抓到 11 场
[2026-06-23 10:24:08] ✓ 盘口已推送VPS
[2026-06-23 10:24:10] VPS重算: 200
[2026-06-23 10:32:01] 抓到 11 场
[2026-06-23 10:32:07] ✓ 盘口已推送VPS
[2026-06-23 10:32:09] VPS重算: 200
[2026-06-23 10:40:01] 抓到 11 场
[2026-06-23 10:40:08] ✓ 盘口已推送VPS
[2026-06-23 10:40:10] VPS重算: 200
[2026-06-23 10:48:01] 抓到 11 场
[2026-06-23 10:48:08] ✓ 盘口已推送VPS
[2026-06-23 10:48:40] VPS重算: 200
[2026-06-23 10:56:01] 抓到 11 场
[2026-06-23 10:56:07] ✓ 盘口已推送VPS
[2026-06-23 10:56:39] VPS重算: 200
[2026-06-23 11:00:01] 抓到 11 场
[2026-06-23 11:00:07] ✓ 盘口已推送VPS
[2026-06-23 11:01:31] VPS重算: 200
[2026-06-23 11:08:01] 抓到 22 场
[2026-06-23 11:08:06] ✓ 盘口已推送VPS
[2026-06-23 11:09:08] VPS重算: 200
[2026-06-23 11:16:01] 抓到 22 场
[2026-06-23 11:16:07] ✓ 盘口已推送VPS
[2026-06-23 11:17:37] VPS重算: 000
[2026-06-23 11:24:01] 抓到 22 场
[2026-06-23 11:24:07] ✓ 盘口已推送VPS
[2026-06-23 11:24:09] VPS重算: 200
[2026-06-23 11:32:01] 抓到 22 场
[2026-06-23 11:32:07] ✓ 盘口已推送VPS
[2026-06-23 11:32:08] VPS重算: 200
[2026-06-23 11:40:01] 抓到 22 场
[2026-06-23 11:40:07] ✓ 盘口已推送VPS
[2026-06-23 11:40:08] VPS重算: 200
[2026-06-23 11:48:01] 抓到 22 场
[2026-06-23 11:48:07] ✓ 盘口已推送VPS
[2026-06-23 11:48:08] VPS重算: 200
[2026-06-23 11:56:01] 抓到 22 场
[2026-06-23 11:58:02] ✗ 推送失败(VPS不可达或免密未配)
[2026-06-23 12:00:01] 抓到 22 场
[2026-06-23 12:00:06] ✓ 盘口已推送VPS
[2026-06-23 12:00:38] VPS重算: 200
[2026-06-23 12:08:01] 抓到 22 场
[2026-06-23 12:08:06] ✓ 盘口已推送VPS
[2026-06-23 12:09:36] VPS重算: 000
[2026-06-23 12:16:01] 抓到 22 场
[2026-06-23 12:16:09] ✓ 盘口已推送VPS
[2026-06-23 12:16:40] VPS重算: 200
[2026-06-23 12:24:01] 抓到 22 场
[2026-06-23 12:24:07] ✓ 盘口已推送VPS
[2026-06-23 12:24:09] VPS重算: 200
[2026-06-23 12:32:01] 抓到 22 场
[2026-06-23 12:32:07] ✓ 盘口已推送VPS
[2026-06-23 12:32:09] VPS重算: 200
[2026-06-23 12:40:01] 抓到 22 场
[2026-06-23 12:40:06] ✓ 盘口已推送VPS
[2026-06-23 12:40:37] VPS重算: 200
[2026-06-23 12:48:02] 抓到 22 场
[2026-06-23 12:48:07] ✓ 盘口已推送VPS
[2026-06-23 12:48:38] VPS重算: 200
[2026-06-23 12:56:01] 抓到 22 场
[2026-06-23 12:56:08] ✓ 盘口已推送VPS
[2026-06-23 12:56:40] VPS重算: 200
[2026-06-23 13:00:01] 抓到 22 场
[2026-06-23 13:00:06] ✓ 盘口已推送VPS
[2026-06-23 13:00:08] VPS重算: 200
[2026-06-23 13:08:01] 抓到 22 场
[2026-06-23 13:08:07] ✓ 盘口已推送VPS
[2026-06-23 13:08:09] VPS重算: 200
[2026-06-23 13:16:01] 抓到 22 场
[2026-06-23 13:16:06] ✓ 盘口已推送VPS
[2026-06-23 13:17:08] VPS重算: 200
[2026-06-23 13:24:01] 抓到 22 场
[2026-06-23 13:24:07] ✓ 盘口已推送VPS
[2026-06-23 13:25:09] VPS重算: 200
[2026-06-23 13:32:01] 抓到 22 场
[2026-06-23 13:32:06] ✓ 盘口已推送VPS
[2026-06-23 13:32:08] VPS重算: 200
[2026-06-23 13:40:01] 抓到 22 场
[2026-06-23 13:40:08] ✓ 盘口已推送VPS
[2026-06-23 13:40:39] VPS重算: 200
[2026-06-23 13:48:01] 抓到 22 场
[2026-06-23 13:48:06] ✓ 盘口已推送VPS
[2026-06-23 13:48:09] VPS重算: 200
[2026-06-23 13:56:01] 抓到 22 场
[2026-06-23 13:56:07] ✓ 盘口已推送VPS
[2026-06-23 13:56:39] VPS重算: 200
[2026-06-23 14:00:01] 抓到 22 场
[2026-06-23 14:00:06] ✓ 盘口已推送VPS
[2026-06-23 14:00:07] VPS重算: 200
[2026-06-23 14:08:01] 抓到 22 场
[2026-06-23 14:08:08] ✓ 盘口已推送VPS
[2026-06-23 14:09:09] VPS重算: 200
[2026-06-23 14:16:01] 抓到 22 场
[2026-06-23 14:16:07] ✓ 盘口已推送VPS
[2026-06-23 14:16:38] VPS重算: 200
[2026-06-23 14:24:01] 抓到 22 场
[2026-06-23 14:24:07] ✓ 盘口已推送VPS
[2026-06-23 14:25:37] VPS重算: 000
[2026-06-23 14:32:01] 抓到 22 场
[2026-06-23 14:32:07] ✓ 盘口已推送VPS
[2026-06-23 14:33:09] VPS重算: 200
[2026-06-23 14:40:01] 抓到 22 场
[2026-06-23 14:40:06] ✓ 盘口已推送VPS
[2026-06-23 14:41:08] VPS重算: 200
[2026-06-23 14:48:01] 抓到 22 场
[2026-06-23 14:48:07] ✓ 盘口已推送VPS
[2026-06-23 14:48:09] VPS重算: 200
[2026-06-23 14:56:01] 抓到 22 场
[2026-06-23 14:56:07] ✓ 盘口已推送VPS
[2026-06-23 14:56:39] VPS重算: 200
[2026-06-23 15:00:01] 抓到 22 场
[2026-06-23 15:00:06] ✓ 盘口已推送VPS
[2026-06-23 15:00:09] VPS重算: 200
[2026-06-23 15:08:01] 抓到 22 场
[2026-06-23 15:08:10] ✓ 盘口已推送VPS
[2026-06-23 15:08:42] VPS重算: 200
[2026-06-23 15:16:01] 抓到 22 场
[2026-06-23 15:16:06] ✓ 盘口已推送VPS
[2026-06-23 15:16:08] VPS重算: 200
[2026-06-23 15:24:01] 抓到 22 场
[2026-06-23 15:24:06] ✓ 盘口已推送VPS
[2026-06-23 15:25:08] VPS重算: 200
[2026-06-23 15:32:01] 抓到 22 场
[2026-06-23 15:32:07] ✓ 盘口已推送VPS
[2026-06-23 15:32:39] VPS重算: 200
[2026-06-23 15:40:01] 抓到 22 场
[2026-06-23 15:40:07] ✓ 盘口已推送VPS
[2026-06-23 15:40:38] VPS重算: 200
[2026-06-23 15:48:01] 抓到 22 场
[2026-06-23 15:48:07] ✓ 盘口已推送VPS
[2026-06-23 15:48:09] VPS重算: 200
[2026-06-23 15:56:01] 抓到 22 场
[2026-06-23 15:56:08] ✓ 盘口已推送VPS
[2026-06-23 15:56:10] VPS重算: 200
[2026-06-23 16:00:01] 抓到 22 场
[2026-06-23 16:00:06] ✓ 盘口已推送VPS
[2026-06-23 16:00:07] VPS重算: 200
[2026-06-23 16:08:01] 抓到 22 场
[2026-06-23 16:08:06] ✓ 盘口已推送VPS
[2026-06-23 16:08:08] VPS重算: 200
[2026-06-23 16:16:01] 抓到 22 场
[2026-06-23 16:16:07] ✓ 盘口已推送VPS
[2026-06-23 16:16:40] VPS重算: 200
[2026-06-23 16:24:01] 抓到 22 场
[2026-06-23 16:24:07] ✓ 盘口已推送VPS
[2026-06-23 16:25:37] VPS重算: 000
[2026-06-23 16:32:01] 抓到 22 场
[2026-06-23 16:32:06] ✓ 盘口已推送VPS
[2026-06-23 16:32:38] VPS重算: 200
[2026-06-23 16:40:01] 抓到 22 场
[2026-06-23 16:40:07] ✓ 盘口已推送VPS
[2026-06-23 16:41:09] VPS重算: 200
[2026-06-23 16:48:01] 抓到 22 场
[2026-06-23 16:48:07] ✓ 盘口已推送VPS
[2026-06-23 16:48:39] VPS重算: 200
[2026-06-23 16:56:01] 抓到 22 场
[2026-06-23 16:56:07] ✓ 盘口已推送VPS
[2026-06-23 16:56:09] VPS重算: 200
[2026-06-23 17:00:01] 抓到 22 场
[2026-06-23 17:00:05] ✓ 盘口已推送VPS
[2026-06-23 17:00:07] VPS重算: 200
[2026-06-23 17:08:01] 抓到 22 场
[2026-06-23 17:08:07] ✓ 盘口已推送VPS
[2026-06-23 17:08:09] VPS重算: 200
[2026-06-23 17:16:01] 抓到 22 场
[2026-06-23 17:16:07] ✓ 盘口已推送VPS
[2026-06-23 17:16:39] VPS重算: 200
[2026-06-23 17:24:01] 抓到 22 场
[2026-06-23 17:24:08] ✓ 盘口已推送VPS
[2026-06-23 17:24:10] VPS重算: 200
[2026-06-23 17:32:01] 抓到 22 场
[2026-06-23 17:32:07] ✓ 盘口已推送VPS
[2026-06-23 17:32:39] VPS重算: 200
[2026-06-23 17:40:01] 抓到 22 场
[2026-06-23 17:40:06] ✓ 盘口已推送VPS
[2026-06-23 17:40:38] VPS重算: 200
[2026-06-23 17:48:01] 抓到 22 场
[2026-06-23 17:48:08] ✓ 盘口已推送VPS
[2026-06-23 17:48:10] VPS重算: 200
[2026-06-23 17:56:01] 抓到 22 场
[2026-06-23 17:56:08] ✓ 盘口已推送VPS
[2026-06-23 17:56:10] VPS重算: 200
[2026-06-23 18:00:01] 抓到 22 场
[2026-06-23 18:00:06] ✓ 盘口已推送VPS
[2026-06-23 18:00:07] VPS重算: 200
[2026-06-23 18:08:01] 抓到 22 场
[2026-06-23 18:08:07] ✓ 盘口已推送VPS
[2026-06-23 18:08:10] VPS重算: 200
[2026-06-23 18:16:01] 抓到 22 场
[2026-06-23 18:16:07] ✓ 盘口已推送VPS
[2026-06-23 18:16:09] VPS重算: 200
[2026-06-23 18:24:01] 抓到 22 场
[2026-06-23 18:24:06] ✓ 盘口已推送VPS
[2026-06-23 18:25:07] VPS重算: 200
[2026-06-23 18:32:01] 抓到 22 场
[2026-06-23 18:32:09] ✓ 盘口已推送VPS
[2026-06-23 18:32:41] VPS重算: 200
[2026-06-23 18:40:01] 抓到 22 场
[2026-06-23 18:40:07] ✓ 盘口已推送VPS
[2026-06-23 18:41:37] VPS重算: 000
[2026-06-23 18:48:01] 抓到 22 场
[2026-06-23 18:48:07] ✓ 盘口已推送VPS
[2026-06-23 18:48:08] VPS重算: 200
[2026-06-23 18:56:01] 抓到 22 场
[2026-06-23 18:56:06] ✓ 盘口已推送VPS
[2026-06-23 18:56:08] VPS重算: 200
[2026-06-23 19:00:02] 抓到 22 场
[2026-06-23 19:00:07] ✓ 盘口已推送VPS
[2026-06-23 19:00:09] VPS重算: 200
[2026-06-23 19:08:01] 抓到 22 场
[2026-06-23 19:08:06] ✓ 盘口已推送VPS
[2026-06-23 19:09:08] VPS重算: 200
[2026-06-23 19:16:01] 抓到 22 场
[2026-06-23 19:16:06] ✓ 盘口已推送VPS
[2026-06-23 19:16:09] VPS重算: 200
[2026-06-23 19:24:01] 抓到 22 场
[2026-06-23 19:24:08] ✓ 盘口已推送VPS
[2026-06-23 19:24:40] VPS重算: 200
[2026-06-23 19:32:01] 抓到 22 场
[2026-06-23 19:32:08] ✓ 盘口已推送VPS
[2026-06-23 19:33:10] VPS重算: 200
[2026-06-23 19:40:01] 抓到 22 场
[2026-06-23 19:40:08] ✓ 盘口已推送VPS
[2026-06-23 19:41:10] VPS重算: 200
[2026-06-23 19:48:01] 抓到 22 场
[2026-06-23 19:48:07] ✓ 盘口已推送VPS
[2026-06-23 19:48:40] VPS重算: 200
[2026-06-23 19:56:01] 抓到 22 场
[2026-06-23 19:56:07] ✓ 盘口已推送VPS
[2026-06-23 19:56:38] VPS重算: 200
[2026-06-23 20:00:01] 抓到 22 场
[2026-06-23 20:00:06] ✓ 盘口已推送VPS
[2026-06-23 20:00:09] VPS重算: 200
[2026-06-23 20:08:01] 抓到 22 场
[2026-06-23 20:08:08] ✓ 盘口已推送VPS
[2026-06-23 20:08:10] VPS重算: 200
[2026-06-23 20:16:01] 抓到 22 场
[2026-06-23 20:16:07] ✓ 盘口已推送VPS
[2026-06-23 20:17:09] VPS重算: 200
[2026-06-23 20:24:01] 抓到 22 场
[2026-06-23 20:24:08] ✓ 盘口已推送VPS
[2026-06-23 20:24:41] VPS重算: 200
[2026-06-23 20:32:01] 抓到 22 场
[2026-06-23 20:32:09] ✓ 盘口已推送VPS
[2026-06-23 20:32:41] VPS重算: 200
[2026-06-23 20:40:01] 抓到 22 场
[2026-06-23 20:40:10] ✓ 盘口已推送VPS
[2026-06-23 20:41:40] VPS重算: 000
[2026-06-23 20:48:01] 抓到 22 场
[2026-06-23 20:48:09] ✓ 盘口已推送VPS
[2026-06-23 20:49:11] VPS重算: 200
[2026-06-23 20:56:01] 抓到 22 场
[2026-06-23 20:56:09] ✓ 盘口已推送VPS
[2026-06-23 20:56:11] VPS重算: 200
[2026-06-23 21:00:01] 抓到 22 场
[2026-06-23 21:00:09] ✓ 盘口已推送VPS
[2026-06-23 21:00:12] VPS重算: 200
[2026-06-23 21:08:01] 抓到 22 场
[2026-06-23 21:08:10] ✓ 盘口已推送VPS
[2026-06-23 21:08:44] VPS重算: 200
[2026-06-23 21:16:01] 抓到 22 场
[2026-06-23 21:16:08] ✓ 盘口已推送VPS
[2026-06-23 21:17:38] VPS重算: 000
[2026-06-23 21:24:01] 抓到 22 场
[2026-06-23 21:24:08] ✓ 盘口已推送VPS
[2026-06-23 21:24:11] VPS重算: 200
[2026-06-23 21:32:01] 抓到 22 场
[2026-06-23 21:32:08] ✓ 盘口已推送VPS
[2026-06-23 21:32:42] VPS重算: 200
[2026-06-23 21:40:01] 抓到 22 场
[2026-06-23 21:40:10] ✓ 盘口已推送VPS
[2026-06-23 21:40:12] VPS重算: 200
[2026-06-23 21:48:01] 抓到 22 场
[2026-06-23 21:48:10] ✓ 盘口已推送VPS
[2026-06-23 21:49:40] VPS重算: 000
[2026-06-23 21:56:01] 抓到 22 场
[2026-06-23 21:56:11] ✓ 盘口已推送VPS
[2026-06-23 21:57:41] VPS重算: 000
[2026-06-23 22:00:01] 抓到 22 场
[2026-06-23 22:00:09] ✓ 盘口已推送VPS
[2026-06-23 22:00:11] VPS重算: 200
[2026-06-23 22:08:01] 抓到 22 场
[2026-06-23 22:08:07] ✓ 盘口已推送VPS
[2026-06-23 22:08:39] VPS重算: 200
[2026-06-23 22:16:01] 抓到 22 场
[2026-06-23 22:16:07] ✓ 盘口已推送VPS
[2026-06-23 22:17:11] VPS重算: 200
[2026-06-23 22:24:01] 抓到 22 场
[2026-06-23 22:24:07] ✓ 盘口已推送VPS
[2026-06-23 22:25:10] VPS重算: 200
[2026-06-23 22:32:01] 抓到 22 场
[2026-06-23 22:32:07] ✓ 盘口已推送VPS
[2026-06-23 22:32:39] VPS重算: 200
[2026-06-23 22:40:01] 抓到 22 场
[2026-06-23 22:40:07] ✓ 盘口已推送VPS
[2026-06-23 22:41:10] VPS重算: 200
[2026-06-23 22:48:01] 抓到 22 场
[2026-06-23 22:48:06] ✓ 盘口已推送VPS
[2026-06-23 22:49:10] VPS重算: 200
[2026-06-23 22:56:01] 抓到 22 场
[2026-06-23 22:56:07] ✓ 盘口已推送VPS
[2026-06-23 22:57:09] VPS重算: 200
[2026-06-23 23:00:01] 抓到 22 场
[2026-06-23 23:00:07] ✓ 盘口已推送VPS
[2026-06-23 23:00:12] VPS重算: 200
[2026-06-23 23:08:01] 抓到 19 场
[2026-06-23 23:08:07] ✓ 盘口已推送VPS
[2026-06-23 23:09:09] VPS重算: 200
[2026-06-23 23:16:01] 抓到 19 场
[2026-06-23 23:16:07] ✓ 盘口已推送VPS
[2026-06-23 23:16:39] VPS重算: 200
[2026-06-23 23:24:01] 抓到 19 场
[2026-06-23 23:24:06] ✓ 盘口已推送VPS
[2026-06-23 23:24:38] VPS重算: 200
[2026-06-23 23:32:01] 抓到 19 场
[2026-06-23 23:32:08] ✓ 盘口已推送VPS
[2026-06-23 23:33:38] VPS重算: 000
[2026-06-23 23:40:01] 抓到 19 场
[2026-06-23 23:40:08] ✓ 盘口已推送VPS
[2026-06-23 23:40:41] VPS重算: 200
[2026-06-23 23:48:01] 抓到 19 场
[2026-06-23 23:48:06] ✓ 盘口已推送VPS
[2026-06-23 23:48:11] VPS重算: 200
[2026-06-23 23:56:01] 抓到 19 场
[2026-06-23 23:56:06] ✓ 盘口已推送VPS
[2026-06-23 23:56:08] VPS重算: 200
[2026-06-24 00:00:01] 抓到 19 场
[2026-06-24 00:00:07] ✓ 盘口已推送VPS
[2026-06-24 00:00:10] VPS重算: 200
[2026-06-24 00:08:01] 抓到 17 场
[2026-06-24 00:08:07] ✓ 盘口已推送VPS
[2026-06-24 00:08:10] VPS重算: 200
[2026-06-24 00:16:01] 抓到 17 场
[2026-06-24 00:18:02] ✗ 推送失败(VPS不可达或免密未配)
[2026-06-24 00:24:01] 抓到 17 场
[2026-06-24 00:24:07] ✓ 盘口已推送VPS
[2026-06-24 00:24:38] VPS重算: 200
[2026-06-24 00:32:01] 抓到 17 场
[2026-06-24 00:32:06] ✓ 盘口已推送VPS
[2026-06-24 00:32:08] VPS重算: 200
[2026-06-24 00:40:01] 抓到 17 场
[2026-06-24 00:40:48] ✓ 盘口已推送VPS
[2026-06-24 00:41:20] VPS重算: 200
[2026-06-24 00:48:01] 抓到 17 场
[2026-06-24 00:48:06] ✓ 盘口已推送VPS
[2026-06-24 00:49:36] VPS重算: 000
[2026-06-24 00:56:01] 抓到 17 场
[2026-06-24 00:56:06] ✓ 盘口已推送VPS
[2026-06-24 00:56:39] VPS重算: 200
[2026-06-24 01:00:01] 抓到 17 场
[2026-06-24 01:00:07] ✓ 盘口已推送VPS
[2026-06-24 01:01:09] VPS重算: 200
[2026-06-24 01:08:01]   ⚠ 体彩抓取失败(<urlopen error [SSL: CERTIFICATE_VERIFY_FAILED] certificate verify failed: EE certificate key too weak (_ssl.c:1032)>), 回退缓存 odds_parsed.json
[2026-06-24 01:08:01] 抓到 17 场
[2026-06-24 01:08:16] ✗ 推送失败(VPS不可达或免密未配)
[2026-06-24 01:16:01]   ⚠ 体彩抓取失败(<urlopen error [SSL: CERTIFICATE_VERIFY_FAILED] certificate verify failed: EE certificate key too weak (_ssl.c:1032)>), 回退缓存 odds_parsed.json
[2026-06-24 01:16:01] 抓到 17 场
[2026-06-24 01:16:36] ✗ 推送失败(VPS不可达或免密未配)
[2026-06-24 01:24:01] 抓到 15 场
[2026-06-24 01:24:08] ✓ 盘口已推送VPS
[2026-06-24 01:24:09] VPS重算: 200
[2026-06-24 01:32:01] 抓到 15 场
[2026-06-24 01:32:09] ✓ 盘口已推送VPS
[2026-06-24 01:32:11] VPS重算: 200
[2026-06-24 01:40:02] 抓到 15 场
[2026-06-24 01:40:06] ✓ 盘口已推送VPS
[2026-06-24 01:40:08] VPS重算: 200
[2026-06-24 01:48:01] 抓到 15 场
[2026-06-24 01:48:06] ✓ 盘口已推送VPS
[2026-06-24 01:48:08] VPS重算: 200
[2026-06-24 01:56:02]   ⚠ 体彩抓取失败(<urlopen error [Errno -3] Temporary failure in name resolution>), 回退缓存 odds_parsed.json
[2026-06-24 01:56:02] 抓到 15 场
[2026-06-24 01:56:04] ✗ 推送失败(VPS不可达或免密未配)
[2026-06-24 02:00:01]   ⚠ 体彩抓取失败(<urlopen error [Errno -3] Temporary failure in name resolution>), 回退缓存 odds_parsed.json
[2026-06-24 02:00:01] 抓到 15 场
[2026-06-24 02:00:01] ✗ 推送失败(VPS不可达或免密未配)
[2026-06-24 05:56:01] 抓到 14 场
[2026-06-24 05:56:10] ✓ 盘口已推送VPS
[2026-06-24 05:56:42] VPS重算: 200
[2026-06-24 06:00:01] 抓到 14 场
[2026-06-24 06:00:07] ✓ 盘口已推送VPS
[2026-06-24 06:00:08] VPS重算: 200
[2026-06-24 06:08:01] 抓到 14 场
[2026-06-24 06:08:07] ✓ 盘口已推送VPS
[2026-06-24 06:09:10] VPS重算: 200
[2026-06-24 06:16:01] 抓到 14 场
[2026-06-24 06:16:07] ✓ 盘口已推送VPS
[2026-06-24 06:16:08] VPS重算: 200
[2026-06-24 06:24:01] 抓到 14 场
[2026-06-24 06:24:06] ✓ 盘口已推送VPS
[2026-06-24 06:25:36] VPS重算: 000
[2026-06-24 06:32:01] 抓到 14 场
[2026-06-24 06:32:06] ✓ 盘口已推送VPS
[2026-06-24 06:32:08] VPS重算: 200
[2026-06-24 06:40:01] 抓到 14 场
[2026-06-24 06:40:06] ✓ 盘口已推送VPS
[2026-06-24 06:40:38] VPS重算: 200
[2026-06-24 06:48:01] 抓到 14 场
[2026-06-24 06:48:07] ✓ 盘口已推送VPS
[2026-06-24 06:48:09] VPS重算: 200
[2026-06-24 06:56:01] 抓到 14 场
[2026-06-24 06:56:07] ✓ 盘口已推送VPS
[2026-06-24 06:56:09] VPS重算: 200
[2026-06-24 07:00:01] 抓到 14 场
[2026-06-24 07:00:07] ✓ 盘口已推送VPS
[2026-06-24 07:00:38] VPS重算: 200
[2026-06-24 07:08:01] 抓到 13 场
[2026-06-24 07:08:07] ✓ 盘口已推送VPS
[2026-06-24 07:08:38] VPS重算: 200
[2026-06-24 07:16:01] 抓到 13 场
[2026-06-24 07:16:06] ✓ 盘口已推送VPS
[2026-06-24 07:16:08] VPS重算: 200
[2026-06-24 07:24:01] 抓到 13 场
[2026-06-24 07:24:07] ✓ 盘口已推送VPS
[2026-06-24 07:24:09] VPS重算: 200
[2026-06-24 07:32:01] 抓到 13 场
[2026-06-24 07:32:06] ✓ 盘口已推送VPS
[2026-06-24 07:32:08] VPS重算: 200
[2026-06-24 07:40:01] 抓到 13 场
[2026-06-24 07:40:07] ✓ 盘口已推送VPS
[2026-06-24 07:41:07] VPS重算: 200
[2026-06-24 07:48:01] 抓到 13 场
[2026-06-24 07:48:06] ✓ 盘口已推送VPS
[2026-06-24 07:49:36] VPS重算: 000
[2026-06-24 07:56:01] 抓到 13 场
[2026-06-24 07:56:07] ✓ 盘口已推送VPS
[2026-06-24 07:56:38] VPS重算: 200
[2026-06-24 08:00:01] 抓到 13 场
[2026-06-24 08:00:12] ✓ 盘口已推送VPS
[2026-06-24 08:01:15] VPS重算: 200
[2026-06-24 08:08:01] 抓到 13 场
[2026-06-24 08:08:08] ✓ 盘口已推送VPS
[2026-06-24 08:08:40] VPS重算: 200
[2026-06-24 08:16:01] 抓到 13 场
[2026-06-24 08:16:08] ✓ 盘口已推送VPS
[2026-06-24 08:16:10] VPS重算: 200
[2026-06-24 08:24:01] 抓到 13 场
[2026-06-24 08:24:07] ✓ 盘口已推送VPS
[2026-06-24 08:24:39] VPS重算: 200
[2026-06-24 08:32:01] 抓到 13 场
[2026-06-24 08:32:06] ✓ 盘口已推送VPS
[2026-06-24 08:33:36] VPS重算: 000
[2026-06-24 08:40:01] 抓到 13 场
[2026-06-24 08:40:08] ✓ 盘口已推送VPS
[2026-06-24 08:40:10] VPS重算: 200
[2026-06-24 08:48:01] 抓到 13 场
[2026-06-24 08:48:06] ✓ 盘口已推送VPS
[2026-06-24 08:48:07] VPS重算: 200
[2026-06-24 08:56:01] 抓到 13 场
[2026-06-24 08:56:07] ✓ 盘口已推送VPS
[2026-06-24 08:56:39] VPS重算: 200
[2026-06-24 09:00:01] 抓到 13 场
[2026-06-24 09:00:07] ✓ 盘口已推送VPS
[2026-06-24 09:00:39] VPS重算: 200
[2026-06-24 09:08:01] 抓到 13 场
[2026-06-24 09:08:06] ✓ 盘口已推送VPS
[2026-06-24 09:08:08] VPS重算: 200
[2026-06-24 09:16:01] 抓到 13 场
[2026-06-24 09:16:08] ✓ 盘口已推送VPS
[2026-06-24 09:16:39] VPS重算: 200
[2026-06-24 09:24:01] 抓到 13 场
[2026-06-24 09:24:08] ✓ 盘口已推送VPS
[2026-06-24 09:24:40] VPS重算: 200
[2026-06-24 09:32:01] 抓到 13 场
[2026-06-24 09:32:05] ✓ 盘口已推送VPS
[2026-06-24 09:32:37] VPS重算: 200
[2026-06-24 09:40:01] 抓到 13 场
[2026-06-24 09:40:07] ✓ 盘口已推送VPS
[2026-06-24 09:40:39] VPS重算: 200
[2026-06-24 09:48:01] 抓到 13 场
[2026-06-24 09:48:07] ✓ 盘口已推送VPS
[2026-06-24 09:48:09] VPS重算: 200
[2026-06-24 09:56:01] 抓到 13 场
[2026-06-24 09:56:07] ✓ 盘口已推送VPS
[2026-06-24 09:56:09] VPS重算: 200
[2026-06-24 10:00:01] 抓到 13 场
[2026-06-24 10:00:06] ✓ 盘口已推送VPS
[2026-06-24 10:00:08] VPS重算: 200
[2026-06-24 10:08:01] 抓到 12 场
[2026-06-24 10:08:06] ✓ 盘口已推送VPS
[2026-06-24 10:08:38] VPS重算: 200
[2026-06-24 10:16:01] 抓到 12 场
[2026-06-24 10:16:08] ✓ 盘口已推送VPS
[2026-06-24 10:16:10] VPS重算: 200
[2026-06-24 10:24:01] 抓到 12 场
[2026-06-24 10:24:06] ✓ 盘口已推送VPS
[2026-06-24 10:24:37] VPS重算: 200
[2026-06-24 10:32:01] 抓到 12 场
[2026-06-24 10:32:08] ✓ 盘口已推送VPS
[2026-06-24 10:33:38] VPS重算: 000
[2026-06-24 10:40:01] 抓到 12 场
[2026-06-24 10:40:07] ✓ 盘口已推送VPS
[2026-06-24 10:41:37] VPS重算: 000
[2026-06-24 10:48:01] 抓到 12 场
[2026-06-24 10:48:08] ✓ 盘口已推送VPS
[2026-06-24 10:48:10] VPS重算: 200
[2026-06-24 10:56:01] 抓到 12 场
[2026-06-24 10:56:08] ✓ 盘口已推送VPS
[2026-06-24 10:57:09] VPS重算: 200
[2026-06-24 11:00:01] 抓到 12 场
[2026-06-24 11:00:06] ✓ 盘口已推送VPS
[2026-06-24 11:00:37] VPS重算: 200
[2026-06-24 11:08:01] 抓到 18 场
[2026-06-24 11:08:07] ✓ 盘口已推送VPS
[2026-06-24 11:09:10] VPS重算: 200
[2026-06-24 11:16:01] 抓到 18 场
[2026-06-24 11:16:07] ✓ 盘口已推送VPS
[2026-06-24 11:16:09] VPS重算: 200
[2026-06-24 11:24:01] 抓到 18 场
[2026-06-24 11:24:06] ✓ 盘口已推送VPS
[2026-06-24 11:25:36] VPS重算: 000
[2026-06-24 11:32:01] 抓到 18 场
[2026-06-24 11:32:07] ✓ 盘口已推送VPS
[2026-06-24 11:32:09] VPS重算: 200
[2026-06-24 11:40:01] 抓到 18 场
[2026-06-24 11:40:07] ✓ 盘口已推送VPS
[2026-06-24 11:40:39] VPS重算: 200
[2026-06-24 11:48:01] 抓到 18 场
[2026-06-24 11:48:07] ✓ 盘口已推送VPS
[2026-06-24 11:49:08] VPS重算: 200
[2026-06-24 11:56:01] 抓到 18 场
[2026-06-24 11:56:07] ✓ 盘口已推送VPS
[2026-06-24 11:56:39] VPS重算: 200
[2026-06-24 12:00:01] 抓到 18 场
[2026-06-24 12:00:06] ✓ 盘口已推送VPS
[2026-06-24 12:01:36] VPS重算: 000
[2026-06-24 12:08:01] 抓到 18 场
[2026-06-24 12:08:06] ✓ 盘口已推送VPS
[2026-06-24 12:08:08] VPS重算: 200
[2026-06-24 12:16:01] 抓到 18 场
[2026-06-24 12:16:07] ✓ 盘口已推送VPS
[2026-06-24 12:16:08] VPS重算: 200
[2026-06-24 12:24:01] 抓到 18 场
[2026-06-24 12:24:08] ✓ 盘口已推送VPS
[2026-06-24 12:24:10] VPS重算: 200
[2026-06-24 12:32:01] 抓到 18 场
[2026-06-24 12:32:08] ✓ 盘口已推送VPS
[2026-06-24 12:32:09] VPS重算: 200
[2026-06-24 12:40:01] 抓到 18 场
[2026-06-24 12:40:08] ✓ 盘口已推送VPS
[2026-06-24 12:41:10] VPS重算: 200
[2026-06-24 13:00:01] 抓到 18 场
[2026-06-24 13:00:08] ✓ 盘口已推送VPS
[2026-06-24 13:01:10] VPS重算: 200
[2026-06-24 13:08:01] 抓到 18 场
[2026-06-24 13:08:08] ✓ 盘口已推送VPS
[2026-06-24 13:08:10] VPS重算: 200
[2026-06-24 13:16:01] 抓到 18 场
[2026-06-24 13:16:09] ✓ 盘口已推送VPS
[2026-06-24 13:17:39] VPS重算: 000
[2026-06-24 13:24:01] 抓到 18 场
[2026-06-24 13:24:06] ✓ 盘口已推送VPS
[2026-06-24 13:24:38] VPS重算: 200
[2026-06-24 13:32:01] 抓到 18 场
[2026-06-24 13:32:07] ✓ 盘口已推送VPS
[2026-06-24 13:33:37] VPS重算: 000
[2026-06-24 13:40:01] 抓到 18 场
[2026-06-24 13:40:07] ✓ 盘口已推送VPS
[2026-06-24 13:40:39] VPS重算: 200
[2026-06-24 13:48:01] 抓到 18 场
[2026-06-24 13:48:07] ✓ 盘口已推送VPS
[2026-06-24 13:48:09] VPS重算: 200
[2026-06-24 13:56:01] 抓到 18 场
[2026-06-24 13:56:06] ✓ 盘口已推送VPS
[2026-06-24 13:56:38] VPS重算: 200
[2026-06-24 14:00:01] 抓到 18 场
[2026-06-24 14:00:07] ✓ 盘口已推送VPS
[2026-06-24 14:00:38] VPS重算: 200
[2026-06-24 14:08:01] 抓到 18 场
[2026-06-24 14:08:07] ✓ 盘口已推送VPS
[2026-06-24 14:08:39] VPS重算: 200
[2026-06-24 14:16:01] 抓到 18 场
[2026-06-24 14:16:07] ✓ 盘口已推送VPS
[2026-06-24 14:16:09] VPS重算: 200
[2026-06-24 14:24:01] 抓到 18 场
[2026-06-24 14:24:07] ✓ 盘口已推送VPS
[2026-06-24 14:24:09] VPS重算: 200
[2026-06-24 14:32:01] 抓到 18 场
[2026-06-24 14:32:09] ✓ 盘口已推送VPS
[2026-06-24 14:33:10] VPS重算: 200
[2026-06-24 14:40:01] 抓到 18 场
[2026-06-24 14:40:09] ✓ 盘口已推送VPS
[2026-06-24 14:40:41] VPS重算: 200
[2026-06-24 14:48:01] 抓到 18 场
[2026-06-24 14:48:06] ✓ 盘口已推送VPS
[2026-06-24 14:48:37] VPS重算: 200
[2026-06-24 14:56:01] 抓到 18 场
[2026-06-24 14:56:07] ✓ 盘口已推送VPS
[2026-06-24 14:56:38] VPS重算: 200
[2026-06-24 15:00:01] 抓到 18 场
[2026-06-24 15:00:07] ✓ 盘口已推送VPS
[2026-06-24 15:00:09] VPS重算: 200
[2026-06-24 15:08:01] 抓到 18 场
[2026-06-24 15:08:07] ✓ 盘口已推送VPS
[2026-06-24 15:09:37] VPS重算: 000
[2026-06-24 15:16:01] 抓到 18 场
[2026-06-24 15:16:07] ✓ 盘口已推送VPS
[2026-06-24 15:17:09] VPS重算: 200
[2026-06-24 15:24:01] 抓到 18 场
[2026-06-24 15:24:07] ✓ 盘口已推送VPS
[2026-06-24 15:24:09] VPS重算: 200
[2026-06-24 15:32:01] 抓到 18 场
[2026-06-24 15:32:09] ✓ 盘口已推送VPS
[2026-06-24 15:32:11] VPS重算: 200
[2026-06-24 15:40:01] 抓到 18 场
[2026-06-24 15:40:10] ✓ 盘口已推送VPS
[2026-06-24 15:40:12] VPS重算: 200
[2026-06-24 15:48:01] 抓到 18 场
[2026-06-24 15:48:10] ✓ 盘口已推送VPS
[2026-06-24 15:48:12] VPS重算: 200
[2026-06-24 15:56:01] 抓到 18 场
[2026-06-24 15:56:10] ✓ 盘口已推送VPS
[2026-06-24 15:56:12] VPS重算: 200
[2026-06-24 16:00:01] 抓到 18 场
[2026-06-24 16:00:09] ✓ 盘口已推送VPS
[2026-06-24 16:01:10] VPS重算: 200
[2026-06-24 16:08:01] 抓到 18 场
[2026-06-24 16:08:12] ✓ 盘口已推送VPS
[2026-06-24 16:09:14] VPS重算: 200
[2026-06-24 16:16:01] 抓到 18 场
[2026-06-24 16:16:11] ✓ 盘口已推送VPS
[2026-06-24 16:16:43] VPS重算: 200
[2026-06-24 16:24:01] 抓到 18 场
[2026-06-24 16:24:09] ✓ 盘口已推送VPS
[2026-06-24 16:24:11] VPS重算: 200
[2026-06-24 16:32:01] 抓到 18 场
[2026-06-24 16:32:08] ✓ 盘口已推送VPS
[2026-06-24 16:32:10] VPS重算: 200
[2026-06-24 16:40:01] 抓到 18 场
[2026-06-24 16:40:09] ✓ 盘口已推送VPS
[2026-06-24 16:41:39] VPS重算: 000
[2026-06-24 16:48:01] 抓到 18 场
[2026-06-24 16:48:07] ✓ 盘口已推送VPS
[2026-06-24 16:48:09] VPS重算: 200
[2026-06-24 16:56:01] 抓到 18 场
[2026-06-24 16:56:07] ✓ 盘口已推送VPS
[2026-06-24 16:57:09] VPS重算: 200
[2026-06-24 17:00:01] 抓到 18 场
[2026-06-24 17:00:06] ✓ 盘口已推送VPS
[2026-06-24 17:00:08] VPS重算: 200
[2026-06-24 17:08:01] 抓到 18 场
[2026-06-24 17:08:06] ✓ 盘口已推送VPS
[2026-06-24 17:09:08] VPS重算: 200
[2026-06-24 17:16:01] 抓到 18 场
[2026-06-24 17:16:07] ✓ 盘口已推送VPS
[2026-06-24 17:16:38] VPS重算: 200
[2026-06-24 17:24:02] 抓到 18 场
[2026-06-24 17:24:09] ✓ 盘口已推送VPS
[2026-06-24 17:25:39] VPS重算: 000
[2026-06-24 17:32:01] 抓到 18 场
[2026-06-24 17:32:09] ✓ 盘口已推送VPS
[2026-06-24 17:32:41] VPS重算: 200
[2026-06-24 17:40:01] 抓到 18 场
[2026-06-24 17:40:07] ✓ 盘口已推送VPS
[2026-06-24 17:40:09] VPS重算: 200
[2026-06-24 17:48:01] 抓到 18 场
[2026-06-24 17:48:08] ✓ 盘口已推送VPS
[2026-06-24 17:48:40] VPS重算: 200
[2026-06-24 17:56:01] 抓到 18 场
[2026-06-24 17:56:07] ✓ 盘口已推送VPS
[2026-06-24 17:57:37] VPS重算: 000
[2026-06-24 18:00:01] 抓到 18 场
[2026-06-24 18:00:06] ✓ 盘口已推送VPS
[2026-06-24 18:01:36] VPS重算: 000
[2026-06-24 18:08:01] 抓到 18 场
[2026-06-24 18:08:07] ✓ 盘口已推送VPS
[2026-06-24 18:08:08] VPS重算: 200
[2026-06-24 18:16:01] 抓到 18 场
[2026-06-24 18:16:08] ✓ 盘口已推送VPS
[2026-06-24 18:16:40] VPS重算: 200
[2026-06-24 18:24:01] 抓到 18 场
[2026-06-24 18:24:08] ✓ 盘口已推送VPS
[2026-06-24 18:24:10] VPS重算: 200
[2026-06-24 18:32:01] 抓到 18 场
[2026-06-24 18:32:09] ✓ 盘口已推送VPS
[2026-06-24 18:32:40] VPS重算: 200
[2026-06-24 18:40:01] 抓到 18 场
[2026-06-24 18:40:07] ✓ 盘口已推送VPS
[2026-06-24 18:40:09] VPS重算: 200
[2026-06-24 18:48:01] 抓到 18 场
[2026-06-24 18:48:07] ✓ 盘口已推送VPS
[2026-06-24 18:48:39] VPS重算: 200
[2026-06-24 18:56:01] 抓到 18 场
[2026-06-24 18:56:08] ✓ 盘口已推送VPS
[2026-06-24 18:57:38] VPS重算: 000
[2026-06-24 19:00:01] 抓到 18 场
[2026-06-24 19:00:07] ✓ 盘口已推送VPS
[2026-06-24 19:00:09] VPS重算: 200
[2026-06-24 19:08:01] 抓到 18 场
[2026-06-24 19:08:07] ✓ 盘口已推送VPS
[2026-06-24 19:08:38] VPS重算: 200
[2026-06-24 19:16:01] 抓到 18 场
[2026-06-24 19:16:08] ✓ 盘口已推送VPS
[2026-06-24 19:17:10] VPS重算: 200
[2026-06-24 19:24:01] 抓到 18 场
[2026-06-24 19:24:08] ✓ 盘口已推送VPS
[2026-06-24 19:24:10] VPS重算: 200
[2026-06-24 19:32:01] 抓到 18 场
[2026-06-24 19:32:09] ✓ 盘口已推送VPS
[2026-06-24 19:32:10] VPS重算: 200
[2026-06-24 19:40:01] 抓到 18 场
[2026-06-24 19:40:08] ✓ 盘口已推送VPS
[2026-06-24 19:40:40] VPS重算: 200
[2026-06-24 19:48:01] 抓到 18 场
[2026-06-24 19:48:06] ✓ 盘口已推送VPS
[2026-06-24 19:48:37] VPS重算: 200
[2026-06-24 19:56:01] 抓到 18 场
[2026-06-24 19:56:06] ✓ 盘口已推送VPS
[2026-06-24 19:56:08] VPS重算: 200
[2026-06-24 20:00:01] 抓到 18 场
[2026-06-24 20:00:06] ✓ 盘口已推送VPS
[2026-06-24 20:00:07] VPS重算: 200
[2026-06-24 20:08:02] 抓到 18 场
[2026-06-24 20:08:07] ✓ 盘口已推送VPS
[2026-06-24 20:08:10] VPS重算: 200
[2026-06-24 20:16:01] 抓到 18 场
[2026-06-24 20:16:08] ✓ 盘口已推送VPS
[2026-06-24 20:16:09] VPS重算: 200
[2026-06-24 20:24:01] 抓到 18 场
[2026-06-24 20:24:06] ✓ 盘口已推送VPS
[2026-06-24 20:25:36] VPS重算: 000
[2026-06-24 20:32:01] 抓到 18 场
[2026-06-24 20:32:10] ✓ 盘口已推送VPS
[2026-06-24 20:32:42] VPS重算: 200
[2026-06-24 20:40:01] 抓到 18 场
[2026-06-24 20:40:08] ✓ 盘口已推送VPS
[2026-06-24 20:40:39] VPS重算: 200
[2026-06-24 20:48:01] 抓到 18 场
[2026-06-24 20:48:08] ✓ 盘口已推送VPS
[2026-06-24 20:48:10] VPS重算: 200
[2026-06-24 20:56:01] 抓到 18 场
[2026-06-24 20:56:07] ✓ 盘口已推送VPS
[2026-06-24 20:56:09] VPS重算: 200
[2026-06-24 21:00:01] 抓到 18 场
[2026-06-24 21:00:08] ✓ 盘口已推送VPS
[2026-06-24 21:00:40] VPS重算: 200
[2026-06-24 21:08:01] 抓到 18 场
[2026-06-24 21:08:07] ✓ 盘口已推送VPS
[2026-06-24 21:09:08] VPS重算: 200
[2026-06-24 21:16:01] 抓到 18 场
[2026-06-24 21:16:06] ✓ 盘口已推送VPS
[2026-06-24 21:16:08] VPS重算: 200
[2026-06-24 21:24:01] 抓到 18 场
[2026-06-24 21:24:06] ✓ 盘口已推送VPS
[2026-06-24 21:25:08] VPS重算: 200
[2026-06-24 21:32:01] 抓到 18 场
[2026-06-24 21:32:09] ✓ 盘口已推送VPS
[2026-06-24 21:32:40] VPS重算: 200
[2026-06-24 21:40:01] 抓到 18 场
[2026-06-24 21:40:08] ✓ 盘口已推送VPS
[2026-06-24 21:40:10] VPS重算: 200
[2026-06-24 21:48:01] 抓到 18 场
[2026-06-24 21:48:08] ✓ 盘口已推送VPS
[2026-06-24 21:49:09] VPS重算: 200
[2026-06-24 21:56:01] 抓到 18 场
[2026-06-24 21:56:06] ✓ 盘口已推送VPS
[2026-06-24 21:56:07] VPS重算: 200
[2026-06-24 22:00:01] 抓到 18 场
[2026-06-24 22:00:07] ✓ 盘口已推送VPS
[2026-06-24 22:00:39] VPS重算: 200
[2026-06-24 22:08:01] 抓到 18 场
[2026-06-24 22:08:07] ✓ 盘口已推送VPS
[2026-06-24 22:08:08] VPS重算: 200
[2026-06-24 22:16:01] 抓到 18 场
[2026-06-24 22:16:07] ✓ 盘口已推送VPS
[2026-06-24 22:16:09] VPS重算: 200
[2026-06-24 22:24:01] 抓到 18 场
[2026-06-24 22:24:07] ✓ 盘口已推送VPS
[2026-06-24 22:24:39] VPS重算: 200
[2026-06-24 22:32:01] 抓到 18 场
[2026-06-24 22:32:10] ✓ 盘口已推送VPS
[2026-06-24 22:32:12] VPS重算: 200
[2026-06-24 22:40:01] 抓到 18 场
[2026-06-24 22:40:08] ✓ 盘口已推送VPS
[2026-06-24 22:41:09] VPS重算: 200
[2026-06-24 22:48:02] 抓到 18 场
[2026-06-24 22:48:07] ✓ 盘口已推送VPS
[2026-06-24 22:48:39] VPS重算: 200
[2026-06-24 22:56:01] 抓到 18 场
[2026-06-24 22:56:06] ✓ 盘口已推送VPS
[2026-06-24 22:56:08] VPS重算: 200
[2026-06-24 23:00:01] 抓到 18 场
[2026-06-24 23:00:06] ✓ 盘口已推送VPS
[2026-06-24 23:00:38] VPS重算: 200
[2026-06-24 23:08:01] 抓到 18 场
[2026-06-24 23:08:08] ✓ 盘口已推送VPS
[2026-06-24 23:08:39] VPS重算: 200
[2026-06-24 23:16:01] 抓到 18 场
[2026-06-24 23:16:09] ✓ 盘口已推送VPS
[2026-06-24 23:16:41] VPS重算: 200
[2026-06-24 23:24:01] 抓到 18 场
[2026-06-24 23:24:08] ✓ 盘口已推送VPS
[2026-06-24 23:24:10] VPS重算: 200
[2026-06-24 23:32:01] 抓到 18 场
[2026-06-24 23:32:09] ✓ 盘口已推送VPS
[2026-06-24 23:32:41] VPS重算: 200
[2026-06-24 23:40:01] 抓到 18 场
[2026-06-24 23:40:07] ✓ 盘口已推送VPS
[2026-06-24 23:41:09] VPS重算: 200
[2026-06-24 23:48:01] 抓到 18 场
[2026-06-24 23:48:07] ✓ 盘口已推送VPS
[2026-06-24 23:48:39] VPS重算: 200
[2026-06-24 23:56:01] 抓到 18 场
[2026-06-24 23:56:07] ✓ 盘口已推送VPS
[2026-06-24 23:56:09] VPS重算: 200
[2026-06-25 00:00:01] 抓到 18 场
[2026-06-25 00:00:06] ✓ 盘口已推送VPS
[2026-06-25 00:01:08] VPS重算: 200
[2026-06-25 00:08:01]   ⚠ 体彩抓取失败(<urlopen error timed out>), 回退缓存 odds_parsed.json
[2026-06-25 00:08:01] 抓到 18 场
[2026-06-25 00:09:16] ✗ 推送失败(VPS不可达或免密未配)
[2026-06-25 00:16:01]   ⚠ 体彩抓取失败(<urlopen error timed out>), 回退缓存 odds_parsed.json
[2026-06-25 00:16:01] 抓到 18 场
[2026-06-25 00:17:16] ✗ 推送失败(VPS不可达或免密未配)
[2026-06-25 00:24:01]   ⚠ 体彩抓取失败(<urlopen error timed out>), 回退缓存 odds_parsed.json
[2026-06-25 00:24:01] 抓到 18 场
[2026-06-25 00:25:16] ✗ 推送失败(VPS不可达或免密未配)
[2026-06-25 00:32:01]   ⚠ 体彩抓取失败(<urlopen error timed out>), 回退缓存 odds_parsed.json
[2026-06-25 00:32:01] 抓到 18 场
[2026-06-25 00:33:16] ✗ 推送失败(VPS不可达或免密未配)
[2026-06-25 00:40:01]   ⚠ 体彩抓取失败(<urlopen error timed out>), 回退缓存 odds_parsed.json
[2026-06-25 00:40:01] 抓到 18 场
[2026-06-25 00:41:17] ✗ 推送失败(VPS不可达或免密未配)
[2026-06-25 00:48:01]   ⚠ 体彩抓取失败(<urlopen error [SSL: CERTIFICATE_VERIFY_FAILED] certificate verify failed: EE certificate key too weak (_ssl.c:1032)>), 回退缓存 odds_parsed.json
[2026-06-25 00:48:01] 抓到 18 场
[2026-06-25 00:48:27] ✗ 推送失败(VPS不可达或免密未配)
[2026-06-25 00:56:01]   ⚠ 体彩抓取失败(<urlopen error timed out>), 回退缓存 odds_parsed.json
[2026-06-25 00:56:01] 抓到 18 场
[2026-06-25 00:57:16] ✗ 推送失败(VPS不可达或免密未配)
[2026-06-25 01:00:01]   ⚠ 体彩抓取失败(<urlopen error [SSL: CERTIFICATE_VERIFY_FAILED] certificate verify failed: EE certificate key too weak (_ssl.c:1032)>), 回退缓存 odds_parsed.json
[2026-06-25 01:00:01] 抓到 18 场
[2026-06-25 01:00:19] ✗ 推送失败(VPS不可达或免密未配)
[2026-06-25 01:08:01]   ⚠ 体彩抓取失败(<urlopen error [SSL: CERTIFICATE_VERIFY_FAILED] certificate verify failed: EE certificate key too weak (_ssl.c:1032)>), 回退缓存 odds_parsed.json
[2026-06-25 01:08:01] 抓到 18 场
[2026-06-25 01:09:06] ✗ 推送失败(VPS不可达或免密未配)
[2026-06-25 01:16:01]   ⚠ 体彩抓取失败(<urlopen error [SSL: CERTIFICATE_VERIFY_FAILED] certificate verify failed: EE certificate key too weak (_ssl.c:1032)>), 回退缓存 odds_parsed.json
[2026-06-25 01:16:01] 抓到 18 场
[2026-06-25 01:16:35] ✗ 推送失败(VPS不可达或免密未配)
[2026-06-25 01:24:01]   ⚠ 体彩抓取失败(<urlopen error [SSL: CERTIFICATE_VERIFY_FAILED] certificate verify failed: EE certificate key too weak (_ssl.c:1032)>), 回退缓存 odds_parsed.json
[2026-06-25 01:24:01] 抓到 18 场
[2026-06-25 01:25:05] ✗ 推送失败(VPS不可达或免密未配)
[2026-06-25 01:32:01]   ⚠ 体彩抓取失败(<urlopen error [SSL: CERTIFICATE_VERIFY_FAILED] certificate verify failed: EE certificate key too weak (_ssl.c:1032)>), 回退缓存 odds_parsed.json
[2026-06-25 01:32:01] 抓到 18 场
[2026-06-25 01:32:37] ✗ 推送失败(VPS不可达或免密未配)
[2026-06-25 01:40:01]   ⚠ 体彩抓取失败(<urlopen error [SSL: CERTIFICATE_VERIFY_FAILED] certificate verify failed: EE certificate key too weak (_ssl.c:1032)>), 回退缓存 odds_parsed.json
[2026-06-25 01:40:01] 抓到 18 场
[2026-06-25 01:41:05] ✗ 推送失败(VPS不可达或免密未配)
[2026-06-25 01:48:01]   ⚠ 体彩抓取失败(<urlopen error [SSL: CERTIFICATE_VERIFY_FAILED] certificate verify failed: EE certificate key too weak (_ssl.c:1032)>), 回退缓存 odds_parsed.json
[2026-06-25 01:48:01] 抓到 18 场
[2026-06-25 01:48:37] ✗ 推送失败(VPS不可达或免密未配)
[2026-06-25 01:56:01]   ⚠ 体彩抓取失败(<urlopen error [SSL: CERTIFICATE_VERIFY_FAILED] certificate verify failed: EE certificate key too weak (_ssl.c:1032)>), 回退缓存 odds_parsed.json
[2026-06-25 01:56:01] 抓到 18 场
[2026-06-25 01:56:19] ✗ 推送失败(VPS不可达或免密未配)
[2026-06-25 02:00:01]   ⚠ 体彩抓取失败(<urlopen error [SSL: CERTIFICATE_VERIFY_FAILED] certificate verify failed: EE certificate key too weak (_ssl.c:1032)>), 回退缓存 odds_parsed.json
[2026-06-25 02:00:01] 抓到 18 场
[2026-06-25 02:00:36] ✗ 推送失败(VPS不可达或免密未配)
[2026-06-25 02:08:01]   ⚠ 体彩抓取失败(<urlopen error timed out>), 回退缓存 odds_parsed.json
[2026-06-25 02:08:01] 抓到 18 场
[2026-06-25 02:09:17] ✗ 推送失败(VPS不可达或免密未配)
[2026-06-25 02:16:01]   ⚠ 体彩抓取失败(<urlopen error [SSL: CERTIFICATE_VERIFY_FAILED] certificate verify failed: EE certificate key too weak (_ssl.c:1032)>), 回退缓存 odds_parsed.json
[2026-06-25 02:16:01] 抓到 18 场
[2026-06-25 02:16:16] ✗ 推送失败(VPS不可达或免密未配)
[2026-06-25 02:24:01]   ⚠ 体彩抓取失败(<urlopen error timed out>), 回退缓存 odds_parsed.json
[2026-06-25 02:24:01] 抓到 18 场
[2026-06-25 02:25:17] ✗ 推送失败(VPS不可达或免密未配)
[2026-06-25 02:32:01]   ⚠ 体彩抓取失败(<urlopen error [SSL: CERTIFICATE_VERIFY_FAILED] certificate verify failed: EE certificate key too weak (_ssl.c:1032)>), 回退缓存 odds_parsed.json
[2026-06-25 02:32:01] 抓到 18 场
[2026-06-25 02:32:21] ✗ 推送失败(VPS不可达或免密未配)
[2026-06-25 02:40:01]   ⚠ 体彩抓取失败(<urlopen error [SSL: CERTIFICATE_VERIFY_FAILED] certificate verify failed: EE certificate key too weak (_ssl.c:1032)>), 回退缓存 odds_parsed.json
[2026-06-25 02:40:01] 抓到 18 场
[2026-06-25 02:41:06] ✗ 推送失败(VPS不可达或免密未配)
[2026-06-25 02:48:01]   ⚠ 体彩抓取失败(<urlopen error [SSL: CERTIFICATE_VERIFY_FAILED] certificate verify failed: EE certificate key too weak (_ssl.c:1032)>), 回退缓存 odds_parsed.json
[2026-06-25 02:48:01] 抓到 18 场
[2026-06-25 02:48:36] ✗ 推送失败(VPS不可达或免密未配)
[2026-06-25 02:56:01]   ⚠ 体彩抓取失败(<urlopen error [SSL: CERTIFICATE_VERIFY_FAILED] certificate verify failed: EE certificate key too weak (_ssl.c:1032)>), 回退缓存 odds_parsed.json
[2026-06-25 02:56:01] 抓到 18 场
[2026-06-25 02:57:05] ✗ 推送失败(VPS不可达或免密未配)
[2026-06-25 03:00:01]   ⚠ 体彩抓取失败(<urlopen error [SSL: CERTIFICATE_VERIFY_FAILED] certificate verify failed: EE certificate key too weak (_ssl.c:1032)>), 回退缓存 odds_parsed.json
[2026-06-25 03:00:01] 抓到 18 场
[2026-06-25 03:00:53] ✗ 推送失败(VPS不可达或免密未配)
[2026-06-25 03:08:01]   ⚠ 体彩抓取失败(<urlopen error timed out>), 回退缓存 odds_parsed.json
[2026-06-25 03:08:01] 抓到 18 场
[2026-06-25 03:09:16] ✗ 推送失败(VPS不可达或免密未配)
[2026-06-25 03:16:01]   ⚠ 体彩抓取失败(<urlopen error [SSL: CERTIFICATE_VERIFY_FAILED] certificate verify failed: EE certificate key too weak (_ssl.c:1032)>), 回退缓存 odds_parsed.json
[2026-06-25 03:16:01] 抓到 18 场
[2026-06-25 03:16:27] ✗ 推送失败(VPS不可达或免密未配)
[2026-06-25 03:24:01]   ⚠ 体彩抓取失败(<urlopen error [SSL: CERTIFICATE_VERIFY_FAILED] certificate verify failed: EE certificate key too weak (_ssl.c:1032)>), 回退缓存 odds_parsed.json
[2026-06-25 03:24:01] 抓到 18 场
[2026-06-25 03:24:37] ✗ 推送失败(VPS不可达或免密未配)
[2026-06-25 03:32:01]   ⚠ 体彩抓取失败(<urlopen error [SSL: CERTIFICATE_VERIFY_FAILED] certificate verify failed: EE certificate key too weak (_ssl.c:1032)>), 回退缓存 odds_parsed.json
[2026-06-25 03:32:01] 抓到 18 场
[2026-06-25 03:32:23] ✗ 推送失败(VPS不可达或免密未配)
[2026-06-25 03:40:01] 抓到 16 场
[2026-06-25 03:40:06] ✓ 盘口已推送VPS
[2026-06-25 03:40:08] VPS重算: 200
[2026-06-25 03:48:01] 抓到 16 场
[2026-06-25 03:48:07] ✓ 盘口已推送VPS
[2026-06-25 03:48:39] VPS重算: 200
[2026-06-25 03:56:01] 抓到 16 场
[2026-06-25 03:56:07] ✓ 盘口已推送VPS
[2026-06-25 03:57:08] VPS重算: 200
[2026-06-25 04:00:01] 抓到 16 场
[2026-06-25 04:00:07] ✓ 盘口已推送VPS
[2026-06-25 04:00:09] VPS重算: 200
[2026-06-25 04:08:01] 抓到 16 场
[2026-06-25 04:08:07] ✓ 盘口已推送VPS
[2026-06-25 04:08:39] VPS重算: 200
[2026-06-25 04:16:01] 抓到 16 场
[2026-06-25 04:16:06] ✓ 盘口已推送VPS
[2026-06-25 04:17:36] VPS重算: 000
[2026-06-25 04:24:01] 抓到 16 场
[2026-06-25 04:24:06] ✓ 盘口已推送VPS
[2026-06-25 04:25:08] VPS重算: 200
[2026-06-25 04:32:01] 抓到 16 场
[2026-06-25 04:32:06] ✓ 盘口已推送VPS
[2026-06-25 04:32:38] VPS重算: 200
[2026-06-25 04:40:01] 抓到 16 场
[2026-06-25 04:40:08] ✓ 盘口已推送VPS
[2026-06-25 04:40:09] VPS重算: 200
[2026-06-25 04:48:01] 抓到 16 场
[2026-06-25 04:48:06] ✓ 盘口已推送VPS
[2026-06-25 04:49:08] VPS重算: 200
[2026-06-25 04:56:01] 抓到 16 场
[2026-06-25 04:56:05] ✓ 盘口已推送VPS
[2026-06-25 04:57:07] VPS重算: 200
[2026-06-25 05:00:01] 抓到 16 场
[2026-06-25 05:00:06] ✓ 盘口已推送VPS
[2026-06-25 05:00:08] VPS重算: 200
[2026-06-25 05:08:01] 抓到 16 场
[2026-06-25 05:08:07] ✓ 盘口已推送VPS
[2026-06-25 05:09:09] VPS重算: 200
[2026-06-25 05:16:01] 抓到 16 场
[2026-06-25 05:16:06] ✓ 盘口已推送VPS
[2026-06-25 05:17:07] VPS重算: 200
[2026-06-25 05:24:01] 抓到 16 场
[2026-06-25 05:24:08] ✓ 盘口已推送VPS
[2026-06-25 05:24:39] VPS重算: 200
[2026-06-25 05:32:01] 抓到 16 场
[2026-06-25 05:32:07] ✓ 盘口已推送VPS
[2026-06-25 05:33:08] VPS重算: 200
[2026-06-25 05:40:01] 抓到 16 场
[2026-06-25 05:40:06] ✓ 盘口已推送VPS
[2026-06-25 05:40:08] VPS重算: 200
[2026-06-25 05:48:01] 抓到 16 场
[2026-06-25 05:48:06] ✓ 盘口已推送VPS
[2026-06-25 05:48:38] VPS重算: 200
[2026-06-25 05:56:01] 抓到 16 场
[2026-06-25 05:56:06] ✓ 盘口已推送VPS
[2026-06-25 05:56:08] VPS重算: 200
[2026-06-25 06:00:01] 抓到 16 场
[2026-06-25 06:00:06] ✓ 盘口已推送VPS
[2026-06-25 06:00:37] VPS重算: 200
[2026-06-25 06:08:01] 抓到 14 场
[2026-06-25 06:08:07] ✓ 盘口已推送VPS
[2026-06-25 06:08:38] VPS重算: 200
[2026-06-25 06:16:01] 抓到 14 场
[2026-06-25 06:16:07] ✓ 盘口已推送VPS
[2026-06-25 06:17:37] VPS重算: 000
[2026-06-25 06:24:01] 抓到 14 场
[2026-06-25 06:24:06] ✓ 盘口已推送VPS
[2026-06-25 06:25:37] VPS重算: 000
[2026-06-25 06:32:01] 抓到 14 场
[2026-06-25 06:32:07] ✓ 盘口已推送VPS
[2026-06-25 06:33:37] VPS重算: 000
[2026-06-25 06:40:01] 抓到 14 场
[2026-06-25 06:40:06] ✓ 盘口已推送VPS
[2026-06-25 06:40:38] VPS重算: 200
[2026-06-25 06:48:01] Traceback (most recent call last):
[2026-06-25 06:48:01]   File "<string>", line 4, in <module>
[2026-06-25 06:48:01]     m = fetch_sporttery()
[2026-06-25 06:48:01]   File "/home/hetaisheng/soccerdata/wc_analysis/predict.py", line 143, in fetch_sporttery
[2026-06-25 06:48:01]     parsed_cache.write_text(
[2026-06-25 06:48:01]     ~~~~~~~~~~~~~~~~~~~~~~~^
[2026-06-25 06:48:01]         json.dumps(matches, ensure_ascii=False, indent=2), encoding="utf-8")
[2026-06-25 06:48:01]         ^^^^^^^^^^^^^^^^^^^^^^^^^^^^^^^^^^^^^^^^^^^^^^^^^^^^^^^^^^^^^^^^^^^^
[2026-06-25 06:48:01]   File "/home/hetaisheng/miniconda3/lib/python3.13/pathlib/_local.py", line 555, in write_text
[2026-06-25 06:48:01]     return PathBase.write_text(self, data, encoding, errors, newline)
[2026-06-25 06:48:01]            ~~~~~~~~~~~~~~~~~~~^^^^^^^^^^^^^^^^^^^^^^^^^^^^^^^^^^^^^^^
[2026-06-25 06:48:01]   File "/home/hetaisheng/miniconda3/lib/python3.13/pathlib/_abc.py", line 652, in write_text
[2026-06-25 06:48:01]     return f.write(data)
[2026-06-25 06:48:01]            ~~~~~~~^^^^^^
[2026-06-25 06:48:01] OSError: [Errno 28] No space left on device
[2026-06-25 06:48:06] ✓ 盘口已推送VPS
[2026-06-25 06:48:38] VPS重算: 200
[2026-06-25 06:56:01] 抓到 14 场
[2026-06-25 06:56:06] ✓ 盘口已推送VPS
[2026-06-25 06:57:24] VPS重算: 200
[2026-06-25 07:00:01] 抓到 14 场
[2026-06-25 07:00:05] ✓ 盘口已推送VPS
[2026-06-25 07:00:07] VPS重算: 200
[2026-06-25 07:08:01] 抓到 14 场
[2026-06-25 07:08:06] ✓ 盘口已推送VPS
[2026-06-25 07:08:08] VPS重算: 200
[2026-06-25 07:16:01] 抓到 14 场
[2026-06-25 07:16:06] ✓ 盘口已推送VPS
[2026-06-25 07:16:07] VPS重算: 200
[2026-06-25 07:24:01] 抓到 14 场
[2026-06-25 07:24:07] ✓ 盘口已推送VPS
[2026-06-25 07:25:08] VPS重算: 200
[2026-06-25 07:32:01] 抓到 14 场
[2026-06-25 07:32:07] ✓ 盘口已推送VPS
[2026-06-25 07:32:39] VPS重算: 200
[2026-06-25 07:40:01] 抓到 14 场
[2026-06-25 07:40:07] ✓ 盘口已推送VPS
[2026-06-25 07:40:38] VPS重算: 200
[2026-06-25 07:48:01] 抓到 14 场
[2026-06-25 07:48:07] ✓ 盘口已推送VPS
[2026-06-25 07:48:08] VPS重算: 200
[2026-06-25 07:56:01] 抓到 14 场
[2026-06-25 07:56:08] ✓ 盘口已推送VPS
[2026-06-25 07:56:10] VPS重算: 200
[2026-06-25 08:00:01] 抓到 14 场
[2026-06-25 08:00:05] ✓ 盘口已推送VPS
[2026-06-25 08:00:37] VPS重算: 200
[2026-06-25 08:08:01] 抓到 14 场
[2026-06-25 08:08:06] ✓ 盘口已推送VPS
[2026-06-25 08:08:08] VPS重算: 200
[2026-06-25 08:16:01] 抓到 14 场
[2026-06-25 08:16:06] ✓ 盘口已推送VPS
[2026-06-25 08:16:38] VPS重算: 200
[2026-06-25 08:24:01] 抓到 14 场
[2026-06-25 08:24:05] ✓ 盘口已推送VPS
[2026-06-25 08:24:07] VPS重算: 200
[2026-06-25 08:32:01] 抓到 14 场
[2026-06-25 08:32:08] ✓ 盘口已推送VPS
[2026-06-25 08:32:10] VPS重算: 200
[2026-06-25 08:40:01] 抓到 14 场
[2026-06-25 08:40:07] ✓ 盘口已推送VPS
[2026-06-25 08:41:08] VPS重算: 200
[2026-06-25 08:48:01] 抓到 14 场
[2026-06-25 08:48:07] ✓ 盘口已推送VPS
[2026-06-25 08:48:09] VPS重算: 200
[2026-06-25 08:56:01] 抓到 14 场
[2026-06-25 08:56:07] ✓ 盘口已推送VPS
[2026-06-25 08:56:08] VPS重算: 200
[2026-06-25 09:00:01] 抓到 14 场
[2026-06-25 09:00:06] ✓ 盘口已推送VPS
[2026-06-25 09:00:07] VPS重算: 200
[2026-06-25 09:08:01] 抓到 12 场
[2026-06-25 09:08:07] ✓ 盘口已推送VPS
[2026-06-25 09:08:09] VPS重算: 200
[2026-06-25 09:16:01] 抓到 12 场
[2026-06-25 09:16:07] ✓ 盘口已推送VPS
[2026-06-25 09:16:39] VPS重算: 200
[2026-06-25 09:24:01] 抓到 12 场
[2026-06-25 09:24:06] ✓ 盘口已推送VPS
[2026-06-25 09:24:38] VPS重算: 200
[2026-06-25 09:32:01] 抓到 12 场
[2026-06-25 09:32:07] ✓ 盘口已推送VPS
[2026-06-25 09:32:09] VPS重算: 200
[2026-06-25 09:40:01] 抓到 12 场
[2026-06-25 09:40:07] ✓ 盘口已推送VPS
[2026-06-25 09:40:09] VPS重算: 200
[2026-06-25 09:48:01] 抓到 12 场
[2026-06-25 09:48:06] ✓ 盘口已推送VPS
[2026-06-25 09:48:38] VPS重算: 200
[2026-06-25 09:56:01] 抓到 12 场
[2026-06-25 09:56:08] ✓ 盘口已推送VPS
[2026-06-25 09:56:10] VPS重算: 200
[2026-06-25 10:00:01] 抓到 12 场
[2026-06-25 10:00:06] ✓ 盘口已推送VPS
[2026-06-25 10:01:08] VPS重算: 200
[2026-06-25 10:08:01] 抓到 12 场
[2026-06-25 10:08:06] ✓ 盘口已推送VPS
[2026-06-25 10:08:38] VPS重算: 200
[2026-06-25 10:16:01] 抓到 12 场
[2026-06-25 10:16:08] ✓ 盘口已推送VPS
[2026-06-25 10:16:40] VPS重算: 200
[2026-06-25 10:24:01] 抓到 12 场
[2026-06-25 10:24:07] ✓ 盘口已推送VPS
[2026-06-25 10:24:08] VPS重算: 200
[2026-06-25 10:32:02] 抓到 12 场
[2026-06-25 10:32:08] ✓ 盘口已推送VPS
[2026-06-25 10:33:38] VPS重算: 000
[2026-06-25 10:40:01] 抓到 12 场
[2026-06-25 10:40:06] ✓ 盘口已推送VPS
[2026-06-25 10:41:36] VPS重算: 000
[2026-06-25 10:48:06] 抓到 12 场
[2026-06-25 10:48:11] ✓ 盘口已推送VPS
[2026-06-25 10:48:13] VPS重算: 200
[2026-06-25 10:56:01] /home/hetaisheng/soccerdata/wc_analysis/push_odds.sh: 行 10: .venv/bin/python: 没有那个文件或目录
[2026-06-25 10:56:06] ✓ 盘口已推送VPS
[2026-06-25 10:57:36] VPS重算: 000
[2026-06-25 11:00:01] /home/hetaisheng/soccerdata/wc_analysis/push_odds.sh: 行 10: .venv/bin/python: 没有那个文件或目录
[2026-06-25 11:00:06] ✓ 盘口已推送VPS
[2026-06-25 11:00:37] VPS重算: 200
[2026-06-25 11:08:02] /home/hetaisheng/soccerdata/wc_analysis/push_odds.sh: 行 10: .venv/bin/python: 没有那个文件或目录
[2026-06-25 11:08:06] ✓ 盘口已推送VPS
[2026-06-25 11:08:08] VPS重算: 200
[2026-06-25 11:16:01] /home/hetaisheng/soccerdata/wc_analysis/push_odds.sh: 行 10: .venv/bin/python: 没有那个文件或目录
[2026-06-25 11:16:06] ✓ 盘口已推送VPS
[2026-06-25 11:16:38] VPS重算: 200
[2026-06-25 11:24:01] /home/hetaisheng/soccerdata/wc_analysis/push_odds.sh: 行 10: .venv/bin/python: 没有那个文件或目录
[2026-06-25 11:24:06] ✓ 盘口已推送VPS
[2026-06-25 11:24:37] VPS重算: 200
[2026-06-25 11:32:11] /home/hetaisheng/soccerdata/wc_analysis/push_odds.sh: 行 10: .venv/bin/python: 没有那个文件或目录
[2026-06-25 11:32:27] ✗ 推送失败(VPS不可达或免密未配)
[2026-06-25 11:40:01] /home/hetaisheng/soccerdata/wc_analysis/push_odds.sh: 行 10: .venv/bin/python: 没有那个文件或目录
[2026-06-25 11:40:05] ✓ 盘口已推送VPS
[2026-06-25 11:41:07] VPS重算: 200
[2026-06-25 11:48:01] /home/hetaisheng/soccerdata/wc_analysis/push_odds.sh: 行 10: .venv/bin/python: 没有那个文件或目录
[2026-06-25 11:48:06] ✓ 盘口已推送VPS
[2026-06-25 11:48:38] VPS重算: 200
[2026-06-25 11:56:01] /home/hetaisheng/soccerdata/wc_analysis/push_odds.sh: 行 10: .venv/bin/python: 没有那个文件或目录
[2026-06-25 11:56:06] ✓ 盘口已推送VPS
[2026-06-25 11:57:09] VPS重算: 200
[2026-06-25 12:00:01] /home/hetaisheng/soccerdata/wc_analysis/push_odds.sh: 行 10: .venv/bin/python: 没有那个文件或目录
[2026-06-25 12:00:06] ✓ 盘口已推送VPS
[2026-06-25 12:00:38] VPS重算: 200
[2026-06-25 12:08:01] /home/hetaisheng/soccerdata/wc_analysis/push_odds.sh: 行 10: .venv/bin/python: 没有那个文件或目录
[2026-06-25 12:08:06] ✓ 盘口已推送VPS
[2026-06-25 12:08:08] VPS重算: 200
[2026-06-25 12:16:01] /home/hetaisheng/soccerdata/wc_analysis/push_odds.sh: 行 10: .venv/bin/python: 没有那个文件或目录
[2026-06-25 12:16:06] ✓ 盘口已推送VPS
[2026-06-25 12:16:06] VPS重算: 502
[2026-06-25 12:24:01] /home/hetaisheng/soccerdata/wc_analysis/push_odds.sh: 行 10: .venv/bin/python: 没有那个文件或目录
[2026-06-25 12:24:06] ✓ 盘口已推送VPS
[2026-06-25 12:24:07] VPS重算: 200
[2026-06-25 12:32:01] /home/hetaisheng/soccerdata/wc_analysis/push_odds.sh: 行 10: .venv/bin/python: 没有那个文件或目录
[2026-06-25 12:32:05] ✓ 盘口已推送VPS
[2026-06-25 12:32:07] VPS重算: 200
[2026-06-25 12:40:01] /home/hetaisheng/soccerdata/wc_analysis/push_odds.sh: 行 10: .venv/bin/python: 没有那个文件或目录
[2026-06-25 12:40:11] ✓ 盘口已推送VPS
[2026-06-25 12:41:13] VPS重算: 200
[2026-06-25 12:48:01] /home/hetaisheng/soccerdata/wc_analysis/push_odds.sh: 行 10: .venv/bin/python: 没有那个文件或目录
[2026-06-25 12:48:05] ✓ 盘口已推送VPS
[2026-06-25 12:48:07] VPS重算: 200
[2026-06-25 12:56:01] /home/hetaisheng/soccerdata/wc_analysis/push_odds.sh: 行 10: .venv/bin/python: 没有那个文件或目录
[2026-06-25 12:56:06] ✓ 盘口已推送VPS
[2026-06-25 12:56:07] VPS重算: 200
[2026-06-25 13:00:02] /home/hetaisheng/soccerdata/wc_analysis/push_odds.sh: 行 10: .venv/bin/python: 没有那个文件或目录
[2026-06-25 13:00:06] ✓ 盘口已推送VPS
[2026-06-25 13:01:08] VPS重算: 200
[2026-06-25 13:08:01] /home/hetaisheng/soccerdata/wc_analysis/push_odds.sh: 行 10: .venv/bin/python: 没有那个文件或目录
[2026-06-25 13:08:06] ✓ 盘口已推送VPS
[2026-06-25 13:08:07] VPS重算: 200
[2026-06-25 13:16:01] /home/hetaisheng/soccerdata/wc_analysis/push_odds.sh: 行 10: .venv/bin/python: 没有那个文件或目录
[2026-06-25 13:16:05] ✓ 盘口已推送VPS
[2026-06-25 13:16:37] VPS重算: 200
[2026-06-25 13:24:01] /home/hetaisheng/soccerdata/wc_analysis/push_odds.sh: 行 10: .venv/bin/python: 没有那个文件或目录
[2026-06-25 13:24:06] ✓ 盘口已推送VPS
[2026-06-25 13:24:37] VPS重算: 200
[2026-06-25 13:32:01] /home/hetaisheng/soccerdata/wc_analysis/push_odds.sh: 行 10: .venv/bin/python: 没有那个文件或目录
[2026-06-25 13:32:05] ✓ 盘口已推送VPS
[2026-06-25 13:32:07] VPS重算: 200
[2026-06-25 13:40:01] /home/hetaisheng/soccerdata/wc_analysis/push_odds.sh: 行 10: .venv/bin/python: 没有那个文件或目录
[2026-06-25 13:40:05] ✓ 盘口已推送VPS
[2026-06-25 13:40:07] VPS重算: 200
[2026-06-25 13:48:01] /home/hetaisheng/soccerdata/wc_analysis/push_odds.sh: 行 10: .venv/bin/python: 没有那个文件或目录
[2026-06-25 13:48:06] ✓ 盘口已推送VPS
[2026-06-25 13:49:08] VPS重算: 200
[2026-06-25 13:56:01] /home/hetaisheng/soccerdata/wc_analysis/push_odds.sh: 行 10: .venv/bin/python: 没有那个文件或目录
[2026-06-25 13:56:08] ✓ 盘口已推送VPS
[2026-06-25 13:56:39] VPS重算: 200
[2026-06-25 14:00:02] /home/hetaisheng/soccerdata/wc_analysis/push_odds.sh: 行 10: .venv/bin/python: 没有那个文件或目录
[2026-06-25 14:00:06] ✓ 盘口已推送VPS
[2026-06-25 14:00:08] VPS重算: 200
[2026-06-25 14:08:01] /home/hetaisheng/soccerdata/wc_analysis/push_odds.sh: 行 10: .venv/bin/python: 没有那个文件或目录
[2026-06-25 14:08:06] ✓ 盘口已推送VPS
[2026-06-25 14:08:08] VPS重算: 200
[2026-06-25 14:16:01] /home/hetaisheng/soccerdata/wc_analysis/push_odds.sh: 行 10: .venv/bin/python: 没有那个文件或目录
[2026-06-25 14:16:06] ✓ 盘口已推送VPS
[2026-06-25 14:16:37] VPS重算: 200
[2026-06-25 14:34:38] /home/hetaisheng/soccerdata/wc_analysis/push_odds.sh: 行 10: .venv/bin/python: 没有那个文件或目录
[2026-06-25 14:34:38] /home/hetaisheng/soccerdata/wc_analysis/push_odds.sh: 行 10: .venv/bin/python: 没有那个文件或目录
[2026-06-25 14:34:44] ✓ 盘口已推送VPS
[2026-06-25 14:34:44] ✓ 盘口已推送VPS
[2026-06-25 14:35:16] VPS重算: 200
[2026-06-25 14:35:40] VPS重算: 200
[2026-06-25 14:40:01] /home/hetaisheng/soccerdata/wc_analysis/push_odds.sh: 行 10: .venv/bin/python: 没有那个文件或目录
[2026-06-25 14:40:06] ✓ 盘口已推送VPS
[2026-06-25 14:41:36] VPS重算: 000
[2026-06-25 18:56:01] /home/hetaisheng/soccerdata/wc_analysis/push_odds.sh: 行 10: .venv/bin/python: 没有那个文件或目录
[2026-06-25 18:56:07] ✓ 盘口已推送VPS
[2026-06-25 18:56:39] VPS重算: 200
[2026-06-25 19:00:01] /home/hetaisheng/soccerdata/wc_analysis/push_odds.sh: 行 10: .venv/bin/python: 没有那个文件或目录
[2026-06-25 19:00:06] ✓ 盘口已推送VPS
[2026-06-25 19:00:37] VPS重算: 200
[2026-06-25 19:08:01] /home/hetaisheng/soccerdata/wc_analysis/push_odds.sh: 行 10: .venv/bin/python: 没有那个文件或目录
[2026-06-25 19:08:06] ✓ 盘口已推送VPS
[2026-06-25 19:08:08] VPS重算: 200
[2026-06-25 19:16:01] /home/hetaisheng/soccerdata/wc_analysis/push_odds.sh: 行 10: .venv/bin/python: 没有那个文件或目录
[2026-06-25 19:16:05] ✓ 盘口已推送VPS
[2026-06-25 19:17:35] VPS重算: 000
[2026-06-25 19:24:01] /home/hetaisheng/soccerdata/wc_analysis/push_odds.sh: 行 10: .venv/bin/python: 没有那个文件或目录
[2026-06-25 19:24:06] ✓ 盘口已推送VPS
[2026-06-25 19:24:37] VPS重算: 200
[2026-06-25 19:32:01] /home/hetaisheng/soccerdata/wc_analysis/push_odds.sh: 行 10: .venv/bin/python: 没有那个文件或目录
[2026-06-25 19:32:06] ✓ 盘口已推送VPS
[2026-06-25 19:33:36] VPS重算: 000
[2026-06-25 19:40:01] /home/hetaisheng/soccerdata/wc_analysis/push_odds.sh: 行 10: .venv/bin/python: 没有那个文件或目录
[2026-06-25 19:40:05] ✓ 盘口已推送VPS
[2026-06-25 19:40:07] VPS重算: 200
[2026-06-25 19:48:01] /home/hetaisheng/soccerdata/wc_analysis/push_odds.sh: 行 10: .venv/bin/python: 没有那个文件或目录
[2026-06-25 19:48:06] ✓ 盘口已推送VPS
[2026-06-25 19:48:38] VPS重算: 200
[2026-06-25 19:56:01] /home/hetaisheng/soccerdata/wc_analysis/push_odds.sh: 行 10: .venv/bin/python: 没有那个文件或目录
[2026-06-25 19:56:05] ✓ 盘口已推送VPS
[2026-06-25 19:57:35] VPS重算: 000
[2026-06-25 20:00:01] /home/hetaisheng/soccerdata/wc_analysis/push_odds.sh: 行 10: .venv/bin/python: 没有那个文件或目录
[2026-06-25 20:00:06] ✓ 盘口已推送VPS
[2026-06-25 20:01:08] VPS重算: 200
[2026-06-25 20:08:01] /home/hetaisheng/soccerdata/wc_analysis/push_odds.sh: 行 10: .venv/bin/python: 没有那个文件或目录
[2026-06-25 20:08:06] ✓ 盘口已推送VPS
[2026-06-25 20:08:08] VPS重算: 200
[2026-06-25 20:16:01] /home/hetaisheng/soccerdata/wc_analysis/push_odds.sh: 行 10: .venv/bin/python: 没有那个文件或目录
[2026-06-25 20:16:06] ✓ 盘口已推送VPS
[2026-06-25 20:17:36] VPS重算: 000
[2026-06-25 20:24:01] /home/hetaisheng/soccerdata/wc_analysis/push_odds.sh: 行 10: .venv/bin/python: 没有那个文件或目录
[2026-06-25 20:24:05] ✓ 盘口已推送VPS
[2026-06-25 20:24:37] VPS重算: 200
[2026-06-25 20:32:01] /home/hetaisheng/soccerdata/wc_analysis/push_odds.sh: 行 10: .venv/bin/python: 没有那个文件或目录
[2026-06-25 20:32:06] ✓ 盘口已推送VPS
[2026-06-25 20:33:36] VPS重算: 000
[2026-06-25 20:40:01] /home/hetaisheng/soccerdata/wc_analysis/push_odds.sh: 行 10: .venv/bin/python: 没有那个文件或目录
[2026-06-25 20:40:06] ✓ 盘口已推送VPS
[2026-06-25 20:41:36] VPS重算: 000
[2026-06-25 20:48:01] /home/hetaisheng/soccerdata/wc_analysis/push_odds.sh: 行 10: .venv/bin/python: 没有那个文件或目录
[2026-06-25 20:48:06] ✓ 盘口已推送VPS
[2026-06-25 20:48:07] VPS重算: 200
[2026-06-25 20:56:01] /home/hetaisheng/soccerdata/wc_analysis/push_odds.sh: 行 10: .venv/bin/python: 没有那个文件或目录
[2026-06-25 20:56:07] ✓ 盘口已推送VPS
[2026-06-25 20:56:38] VPS重算: 200
[2026-06-25 21:00:01] /home/hetaisheng/soccerdata/wc_analysis/push_odds.sh: 行 10: .venv/bin/python: 没有那个文件或目录
[2026-06-25 21:00:06] ✓ 盘口已推送VPS
[2026-06-25 21:00:08] VPS重算: 200
[2026-06-25 21:08:01] /home/hetaisheng/soccerdata/wc_analysis/push_odds.sh: 行 10: .venv/bin/python: 没有那个文件或目录
[2026-06-25 21:08:06] ✓ 盘口已推送VPS
[2026-06-25 21:08:33] VPS重算: 200
[2026-06-25 21:16:01] /home/hetaisheng/soccerdata/wc_analysis/push_odds.sh: 行 10: .venv/bin/python: 没有那个文件或目录
[2026-06-25 21:16:06] ✓ 盘口已推送VPS
[2026-06-25 21:16:07] VPS重算: 502
[2026-06-25 21:24:01] /home/hetaisheng/soccerdata/wc_analysis/push_odds.sh: 行 10: .venv/bin/python: 没有那个文件或目录
[2026-06-25 21:24:06] ✓ 盘口已推送VPS
[2026-06-25 21:24:08] VPS重算: 200
[2026-06-25 21:32:01] /home/hetaisheng/soccerdata/wc_analysis/push_odds.sh: 行 10: .venv/bin/python: 没有那个文件或目录
[2026-06-25 21:32:05] ✓ 盘口已推送VPS
[2026-06-25 21:32:36] VPS重算: 200
[2026-06-25 21:40:01] /home/hetaisheng/soccerdata/wc_analysis/push_odds.sh: 行 10: .venv/bin/python: 没有那个文件或目录
[2026-06-25 21:40:06] ✓ 盘口已推送VPS
[2026-06-25 21:41:08] VPS重算: 200
[2026-06-25 21:48:01] /home/hetaisheng/soccerdata/wc_analysis/push_odds.sh: 行 10: .venv/bin/python: 没有那个文件或目录
[2026-06-25 21:48:06] ✓ 盘口已推送VPS
[2026-06-25 21:48:07] VPS重算: 200
[2026-06-25 21:56:01] /home/hetaisheng/soccerdata/wc_analysis/push_odds.sh: 行 10: .venv/bin/python: 没有那个文件或目录
[2026-06-25 21:56:06] ✓ 盘口已推送VPS
[2026-06-25 21:57:36] VPS重算: 000
[2026-06-25 22:00:01] /home/hetaisheng/soccerdata/wc_analysis/push_odds.sh: 行 10: .venv/bin/python: 没有那个文件或目录
[2026-06-25 22:00:06] ✓ 盘口已推送VPS
[2026-06-25 22:01:36] VPS重算: 000
[2026-06-25 22:08:01] /home/hetaisheng/soccerdata/wc_analysis/push_odds.sh: 行 10: .venv/bin/python: 没有那个文件或目录
[2026-06-25 22:08:07] ✓ 盘口已推送VPS
[2026-06-25 22:08:08] VPS重算: 200
[2026-06-25 22:16:01] /home/hetaisheng/soccerdata/wc_analysis/push_odds.sh: 行 10: .venv/bin/python: 没有那个文件或目录
[2026-06-25 22:16:06] ✓ 盘口已推送VPS
[2026-06-25 22:16:08] VPS重算: 200
[2026-06-25 22:24:01] /home/hetaisheng/soccerdata/wc_analysis/push_odds.sh: 行 10: .venv/bin/python: 没有那个文件或目录
[2026-06-25 22:24:07] ✓ 盘口已推送VPS
[2026-06-25 22:25:37] VPS重算: 000
[2026-06-25 22:32:01] /home/hetaisheng/soccerdata/wc_analysis/push_odds.sh: 行 10: .venv/bin/python: 没有那个文件或目录
[2026-06-25 22:32:07] ✓ 盘口已推送VPS
[2026-06-25 22:32:39] VPS重算: 200
[2026-06-25 22:40:01] /home/hetaisheng/soccerdata/wc_analysis/push_odds.sh: 行 10: .venv/bin/python: 没有那个文件或目录
[2026-06-25 22:40:08] ✓ 盘口已推送VPS
[2026-06-25 22:40:10] VPS重算: 200
[2026-06-25 22:48:01] /home/hetaisheng/soccerdata/wc_analysis/push_odds.sh: 行 10: .venv/bin/python: 没有那个文件或目录
[2026-06-25 22:48:06] ✓ 盘口已推送VPS
[2026-06-25 22:49:36] VPS重算: 000
[2026-06-25 22:56:01] /home/hetaisheng/soccerdata/wc_analysis/push_odds.sh: 行 10: .venv/bin/python: 没有那个文件或目录
[2026-06-25 22:56:06] ✓ 盘口已推送VPS
[2026-06-25 22:57:36] VPS重算: 000
[2026-06-25 23:00:01] /home/hetaisheng/soccerdata/wc_analysis/push_odds.sh: 行 10: .venv/bin/python: 没有那个文件或目录
[2026-06-25 23:00:07] ✓ 盘口已推送VPS
[2026-06-25 23:00:08] VPS重算: 200
[2026-06-25 23:08:01] /home/hetaisheng/soccerdata/wc_analysis/push_odds.sh: 行 10: .venv/bin/python: 没有那个文件或目录
[2026-06-25 23:08:06] ✓ 盘口已推送VPS
[2026-06-25 23:08:38] VPS重算: 200
[2026-06-25 23:16:01] /home/hetaisheng/soccerdata/wc_analysis/push_odds.sh: 行 10: .venv/bin/python: 没有那个文件或目录
[2026-06-25 23:16:06] ✓ 盘口已推送VPS
[2026-06-25 23:16:08] VPS重算: 200
[2026-06-25 23:24:01] /home/hetaisheng/soccerdata/wc_analysis/push_odds.sh: 行 10: .venv/bin/python: 没有那个文件或目录
[2026-06-25 23:24:06] ✓ 盘口已推送VPS
[2026-06-25 23:24:07] VPS重算: 200
[2026-06-25 23:32:01] /home/hetaisheng/soccerdata/wc_analysis/push_odds.sh: 行 10: .venv/bin/python: 没有那个文件或目录
[2026-06-25 23:32:07] ✓ 盘口已推送VPS
[2026-06-25 23:33:37] VPS重算: 000
[2026-06-25 23:40:01] /home/hetaisheng/soccerdata/wc_analysis/push_odds.sh: 行 10: .venv/bin/python: 没有那个文件或目录
[2026-06-25 23:40:06] ✓ 盘口已推送VPS
[2026-06-25 23:40:08] VPS重算: 200
[2026-06-25 23:48:01] /home/hetaisheng/soccerdata/wc_analysis/push_odds.sh: 行 10: .venv/bin/python: 没有那个文件或目录
[2026-06-25 23:48:06] ✓ 盘口已推送VPS
[2026-06-25 23:48:38] VPS重算: 200
[2026-06-25 23:56:01] /home/hetaisheng/soccerdata/wc_analysis/push_odds.sh: 行 10: .venv/bin/python: 没有那个文件或目录
[2026-06-25 23:56:06] ✓ 盘口已推送VPS
[2026-06-25 23:57:09] VPS重算: 200
[2026-06-26 00:00:01] /home/hetaisheng/soccerdata/wc_analysis/push_odds.sh: 行 10: .venv/bin/python: 没有那个文件或目录
[2026-06-26 00:00:06] ✓ 盘口已推送VPS
[2026-06-26 00:01:07] VPS重算: 200
[2026-06-26 00:08:01] /home/hetaisheng/soccerdata/wc_analysis/push_odds.sh: 行 10: .venv/bin/python: 没有那个文件或目录
[2026-06-26 00:08:16] ✗ 推送失败(VPS不可达或免密未配)
[2026-06-26 00:16:01] /home/hetaisheng/soccerdata/wc_analysis/push_odds.sh: 行 10: .venv/bin/python: 没有那个文件或目录
[2026-06-26 00:16:17] ✗ 推送失败(VPS不可达或免密未配)
[2026-06-26 00:24:01] /home/hetaisheng/soccerdata/wc_analysis/push_odds.sh: 行 10: .venv/bin/python: 没有那个文件或目录
[2026-06-26 00:24:16] ✗ 推送失败(VPS不可达或免密未配)
[2026-06-26 00:32:01] /home/hetaisheng/soccerdata/wc_analysis/push_odds.sh: 行 10: .venv/bin/python: 没有那个文件或目录
[2026-06-26 00:32:16] ✗ 推送失败(VPS不可达或免密未配)
[2026-06-26 00:40:01] /home/hetaisheng/soccerdata/wc_analysis/push_odds.sh: 行 10: .venv/bin/python: 没有那个文件或目录
[2026-06-26 00:40:16] ✗ 推送失败(VPS不可达或免密未配)
[2026-06-26 00:48:01] /home/hetaisheng/soccerdata/wc_analysis/push_odds.sh: 行 10: .venv/bin/python: 没有那个文件或目录
[2026-06-26 00:48:16] ✗ 推送失败(VPS不可达或免密未配)
[2026-06-26 00:56:01] /home/hetaisheng/soccerdata/wc_analysis/push_odds.sh: 行 10: .venv/bin/python: 没有那个文件或目录
[2026-06-26 00:56:16] ✗ 推送失败(VPS不可达或免密未配)
[2026-06-26 01:00:01] /home/hetaisheng/soccerdata/wc_analysis/push_odds.sh: 行 10: .venv/bin/python: 没有那个文件或目录
[2026-06-26 01:00:16] ✗ 推送失败(VPS不可达或免密未配)
[2026-06-26 01:08:01] /home/hetaisheng/soccerdata/wc_analysis/push_odds.sh: 行 10: .venv/bin/python: 没有那个文件或目录
[2026-06-26 01:08:16] ✗ 推送失败(VPS不可达或免密未配)
[2026-06-26 01:16:01] /home/hetaisheng/soccerdata/wc_analysis/push_odds.sh: 行 10: .venv/bin/python: 没有那个文件或目录
[2026-06-26 01:16:16] ✗ 推送失败(VPS不可达或免密未配)
[2026-06-26 01:24:01] /home/hetaisheng/soccerdata/wc_analysis/push_odds.sh: 行 10: .venv/bin/python: 没有那个文件或目录
[2026-06-26 01:24:16] ✗ 推送失败(VPS不可达或免密未配)
[2026-06-26 01:32:01] /home/hetaisheng/soccerdata/wc_analysis/push_odds.sh: 行 10: .venv/bin/python: 没有那个文件或目录
[2026-06-26 01:32:16] ✗ 推送失败(VPS不可达或免密未配)
[2026-06-26 01:40:01] /home/hetaisheng/soccerdata/wc_analysis/push_odds.sh: 行 10: .venv/bin/python: 没有那个文件或目录
[2026-06-26 01:40:16] ✗ 推送失败(VPS不可达或免密未配)
[2026-06-26 01:48:01] /home/hetaisheng/soccerdata/wc_analysis/push_odds.sh: 行 10: .venv/bin/python: 没有那个文件或目录
[2026-06-26 01:48:16] ✗ 推送失败(VPS不可达或免密未配)
[2026-06-26 01:56:01] /home/hetaisheng/soccerdata/wc_analysis/push_odds.sh: 行 10: .venv/bin/python: 没有那个文件或目录
[2026-06-26 01:56:16] ✗ 推送失败(VPS不可达或免密未配)
[2026-06-26 02:00:01] /home/hetaisheng/soccerdata/wc_analysis/push_odds.sh: 行 10: .venv/bin/python: 没有那个文件或目录
[2026-06-26 02:00:16] ✗ 推送失败(VPS不可达或免密未配)
[2026-06-26 02:08:01] /home/hetaisheng/soccerdata/wc_analysis/push_odds.sh: 行 10: .venv/bin/python: 没有那个文件或目录
[2026-06-26 02:08:16] ✗ 推送失败(VPS不可达或免密未配)
[2026-06-26 02:16:01] /home/hetaisheng/soccerdata/wc_analysis/push_odds.sh: 行 10: .venv/bin/python: 没有那个文件或目录
[2026-06-26 02:16:16] ✗ 推送失败(VPS不可达或免密未配)
[2026-06-26 02:24:01] /home/hetaisheng/soccerdata/wc_analysis/push_odds.sh: 行 10: .venv/bin/python: 没有那个文件或目录
[2026-06-26 02:24:16] ✗ 推送失败(VPS不可达或免密未配)
[2026-06-26 02:32:01] /home/hetaisheng/soccerdata/wc_analysis/push_odds.sh: 行 10: .venv/bin/python: 没有那个文件或目录
[2026-06-26 02:32:17] ✗ 推送失败(VPS不可达或免密未配)
[2026-06-26 02:40:01] /home/hetaisheng/soccerdata/wc_analysis/push_odds.sh: 行 10: .venv/bin/python: 没有那个文件或目录
[2026-06-26 02:40:16] ✗ 推送失败(VPS不可达或免密未配)
[2026-06-26 02:48:01] /home/hetaisheng/soccerdata/wc_analysis/push_odds.sh: 行 10: .venv/bin/python: 没有那个文件或目录
[2026-06-26 02:48:16] ✗ 推送失败(VPS不可达或免密未配)
[2026-06-26 02:56:01] /home/hetaisheng/soccerdata/wc_analysis/push_odds.sh: 行 10: .venv/bin/python: 没有那个文件或目录
[2026-06-26 02:56:16] ✗ 推送失败(VPS不可达或免密未配)
[2026-06-26 03:00:01] /home/hetaisheng/soccerdata/wc_analysis/push_odds.sh: 行 10: .venv/bin/python: 没有那个文件或目录
[2026-06-26 03:00:16] ✗ 推送失败(VPS不可达或免密未配)
[2026-06-26 03:08:01] /home/hetaisheng/soccerdata/wc_analysis/push_odds.sh: 行 10: .venv/bin/python: 没有那个文件或目录
[2026-06-26 03:08:16] ✗ 推送失败(VPS不可达或免密未配)
[2026-06-26 03:16:01] /home/hetaisheng/soccerdata/wc_analysis/push_odds.sh: 行 10: .venv/bin/python: 没有那个文件或目录
[2026-06-26 03:16:16] ✗ 推送失败(VPS不可达或免密未配)
[2026-06-26 03:24:01] /home/hetaisheng/soccerdata/wc_analysis/push_odds.sh: 行 10: .venv/bin/python: 没有那个文件或目录
[2026-06-26 03:24:16] ✗ 推送失败(VPS不可达或免密未配)
[2026-06-26 03:32:01] /home/hetaisheng/soccerdata/wc_analysis/push_odds.sh: 行 10: .venv/bin/python: 没有那个文件或目录
[2026-06-26 03:32:16] ✗ 推送失败(VPS不可达或免密未配)
[2026-06-26 03:40:01] /home/hetaisheng/soccerdata/wc_analysis/push_odds.sh: 行 10: .venv/bin/python: 没有那个文件或目录
[2026-06-26 03:40:06] ✓ 盘口已推送VPS
[2026-06-26 03:41:36] VPS重算: 000
[2026-06-26 03:48:01] /home/hetaisheng/soccerdata/wc_analysis/push_odds.sh: 行 10: .venv/bin/python: 没有那个文件或目录
[2026-06-26 03:48:06] ✓ 盘口已推送VPS
[2026-06-26 03:48:09] VPS重算: 200
[2026-06-26 03:56:01] /home/hetaisheng/soccerdata/wc_analysis/push_odds.sh: 行 10: .venv/bin/python: 没有那个文件或目录
[2026-06-26 03:56:06] ✓ 盘口已推送VPS
[2026-06-26 03:57:08] VPS重算: 200
[2026-06-26 04:00:01] /home/hetaisheng/soccerdata/wc_analysis/push_odds.sh: 行 10: .venv/bin/python: 没有那个文件或目录
[2026-06-26 04:00:06] ✓ 盘口已推送VPS
[2026-06-26 04:00:39] VPS重算: 200
[2026-06-26 04:08:01] /home/hetaisheng/soccerdata/wc_analysis/push_odds.sh: 行 10: .venv/bin/python: 没有那个文件或目录
[2026-06-26 04:08:05] ✓ 盘口已推送VPS
[2026-06-26 04:08:07] VPS重算: 200
[2026-06-26 04:16:01] /home/hetaisheng/soccerdata/wc_analysis/push_odds.sh: 行 10: .venv/bin/python: 没有那个文件或目录
[2026-06-26 04:18:02] ✗ 推送失败(VPS不可达或免密未配)
[2026-06-26 04:24:01] /home/hetaisheng/soccerdata/wc_analysis/push_odds.sh: 行 10: .venv/bin/python: 没有那个文件或目录
[2026-06-26 04:24:54] ✓ 盘口已推送VPS
[2026-06-26 04:24:56] VPS重算: 200
[2026-06-26 04:32:01] /home/hetaisheng/soccerdata/wc_analysis/push_odds.sh: 行 10: .venv/bin/python: 没有那个文件或目录
[2026-06-26 04:32:06] ✓ 盘口已推送VPS
[2026-06-26 04:32:38] VPS重算: 200
[2026-06-26 04:40:01] /home/hetaisheng/soccerdata/wc_analysis/push_odds.sh: 行 10: .venv/bin/python: 没有那个文件或目录
[2026-06-26 04:40:06] ✓ 盘口已推送VPS
[2026-06-26 04:40:08] VPS重算: 200
[2026-06-26 04:48:01] /home/hetaisheng/soccerdata/wc_analysis/push_odds.sh: 行 10: .venv/bin/python: 没有那个文件或目录
[2026-06-26 04:48:06] ✓ 盘口已推送VPS
[2026-06-26 04:48:08] VPS重算: 200
[2026-06-26 04:56:01] /home/hetaisheng/soccerdata/wc_analysis/push_odds.sh: 行 10: .venv/bin/python: 没有那个文件或目录
[2026-06-26 04:56:06] ✓ 盘口已推送VPS
[2026-06-26 04:57:10] VPS重算: 200
[2026-06-26 05:00:01] /home/hetaisheng/soccerdata/wc_analysis/push_odds.sh: 行 10: .venv/bin/python: 没有那个文件或目录
[2026-06-26 05:00:07] ✓ 盘口已推送VPS
[2026-06-26 05:01:14] VPS重算: 200
[2026-06-26 05:08:01] /home/hetaisheng/soccerdata/wc_analysis/push_odds.sh: 行 10: .venv/bin/python: 没有那个文件或目录
[2026-06-26 05:08:06] ✓ 盘口已推送VPS
[2026-06-26 05:09:08] VPS重算: 200
[2026-06-26 05:16:01] /home/hetaisheng/soccerdata/wc_analysis/push_odds.sh: 行 10: .venv/bin/python: 没有那个文件或目录
[2026-06-26 05:16:07] ✓ 盘口已推送VPS
[2026-06-26 05:16:09] VPS重算: 200
[2026-06-26 05:24:01] /home/hetaisheng/soccerdata/wc_analysis/push_odds.sh: 行 10: .venv/bin/python: 没有那个文件或目录
[2026-06-26 05:24:06] ✓ 盘口已推送VPS
[2026-06-26 05:24:08] VPS重算: 200
[2026-06-26 05:32:01] /home/hetaisheng/soccerdata/wc_analysis/push_odds.sh: 行 10: .venv/bin/python: 没有那个文件或目录
[2026-06-26 05:32:12] ✓ 盘口已推送VPS
[2026-06-26 05:32:15] VPS重算: 200
[2026-06-26 05:40:01] /home/hetaisheng/soccerdata/wc_analysis/push_odds.sh: 行 10: .venv/bin/python: 没有那个文件或目录
[2026-06-26 05:40:06] ✓ 盘口已推送VPS
[2026-06-26 05:41:36] VPS重算: 000
[2026-06-26 05:48:01] /home/hetaisheng/soccerdata/wc_analysis/push_odds.sh: 行 10: .venv/bin/python: 没有那个文件或目录
[2026-06-26 05:48:06] ✓ 盘口已推送VPS
[2026-06-26 05:49:07] VPS重算: 200
[2026-06-26 05:56:01] /home/hetaisheng/soccerdata/wc_analysis/push_odds.sh: 行 10: .venv/bin/python: 没有那个文件或目录
[2026-06-26 05:56:06] ✓ 盘口已推送VPS
[2026-06-26 05:57:09] VPS重算: 200
[2026-06-26 06:00:01] /home/hetaisheng/soccerdata/wc_analysis/push_odds.sh: 行 10: .venv/bin/python: 没有那个文件或目录
[2026-06-26 06:00:06] ✓ 盘口已推送VPS
[2026-06-26 06:01:36] VPS重算: 000
[2026-06-26 06:08:01] /home/hetaisheng/soccerdata/wc_analysis/push_odds.sh: 行 10: .venv/bin/python: 没有那个文件或目录
[2026-06-26 06:08:06] ✓ 盘口已推送VPS
[2026-06-26 06:08:08] VPS重算: 200
[2026-06-26 06:16:01] /home/hetaisheng/soccerdata/wc_analysis/push_odds.sh: 行 10: .venv/bin/python: 没有那个文件或目录
[2026-06-26 06:16:06] ✓ 盘口已推送VPS
[2026-06-26 06:17:08] VPS重算: 200
[2026-06-26 06:24:00] /home/hetaisheng/soccerdata/wc_analysis/push_odds.sh: 行 10: .venv/bin/python: 没有那个文件或目录
[2026-06-26 06:24:01] ✗ 推送失败(VPS不可达或免密未配)
[2026-06-26 06:32:01] /home/hetaisheng/soccerdata/wc_analysis/push_odds.sh: 行 10: .venv/bin/python: 没有那个文件或目录
[2026-06-26 06:32:06] ✓ 盘口已推送VPS
[2026-06-26 06:32:38] VPS重算: 200
[2026-06-26 06:40:01] /home/hetaisheng/soccerdata/wc_analysis/push_odds.sh: 行 10: .venv/bin/python: 没有那个文件或目录
[2026-06-26 06:40:06] ✓ 盘口已推送VPS
[2026-06-26 06:40:37] VPS重算: 200
[2026-06-26 06:48:01] /home/hetaisheng/soccerdata/wc_analysis/push_odds.sh: 行 10: .venv/bin/python: 没有那个文件或目录
[2026-06-26 06:48:06] ✓ 盘口已推送VPS
[2026-06-26 06:49:08] VPS重算: 200
[2026-06-26 06:56:01] /home/hetaisheng/soccerdata/wc_analysis/push_odds.sh: 行 10: .venv/bin/python: 没有那个文件或目录
[2026-06-26 06:56:05] ✓ 盘口已推送VPS
[2026-06-26 06:56:07] VPS重算: 200
[2026-06-26 07:00:01] /home/hetaisheng/soccerdata/wc_analysis/push_odds.sh: 行 10: .venv/bin/python: 没有那个文件或目录
[2026-06-26 07:00:05] ✓ 盘口已推送VPS
[2026-06-26 07:01:07] VPS重算: 200
[2026-06-26 07:08:01] /home/hetaisheng/soccerdata/wc_analysis/push_odds.sh: 行 10: .venv/bin/python: 没有那个文件或目录
[2026-06-26 07:08:06] ✓ 盘口已推送VPS
[2026-06-26 07:08:21] VPS重算: 200
[2026-06-26 07:16:01] /home/hetaisheng/soccerdata/wc_analysis/push_odds.sh: 行 10: .venv/bin/python: 没有那个文件或目录
[2026-06-26 07:16:06] ✓ 盘口已推送VPS
[2026-06-26 07:16:07] VPS重算: 200
[2026-06-26 07:24:02] /home/hetaisheng/soccerdata/wc_analysis/push_odds.sh: 行 10: .venv/bin/python: 没有那个文件或目录
[2026-06-26 07:24:06] ✓ 盘口已推送VPS
[2026-06-26 07:24:06] VPS重算: 200
[2026-06-26 07:32:01] /home/hetaisheng/soccerdata/wc_analysis/push_odds.sh: 行 10: .venv/bin/python: 没有那个文件或目录
[2026-06-26 07:32:06] ✓ 盘口已推送VPS
[2026-06-26 07:32:07] VPS重算: 200
[2026-06-26 07:40:01] /home/hetaisheng/soccerdata/wc_analysis/push_odds.sh: 行 10: .venv/bin/python: 没有那个文件或目录
[2026-06-26 07:40:05] ✓ 盘口已推送VPS
[2026-06-26 07:40:06] VPS重算: 200
[2026-06-26 07:48:01] /home/hetaisheng/soccerdata/wc_analysis/push_odds.sh: 行 10: .venv/bin/python: 没有那个文件或目录
[2026-06-26 07:48:05] ✓ 盘口已推送VPS
[2026-06-26 07:48:06] VPS重算: 200
[2026-06-26 07:56:01] /home/hetaisheng/soccerdata/wc_analysis/push_odds.sh: 行 10: .venv/bin/python: 没有那个文件或目录
[2026-06-26 07:56:05] ✓ 盘口已推送VPS
[2026-06-26 07:56:06] VPS重算: 200
[2026-06-26 08:00:01] /home/hetaisheng/soccerdata/wc_analysis/push_odds.sh: 行 10: .venv/bin/python: 没有那个文件或目录
[2026-06-26 08:00:05] ✓ 盘口已推送VPS
[2026-06-26 08:00:05] VPS重算: 200
[2026-06-26 08:08:01] /home/hetaisheng/soccerdata/wc_analysis/push_odds.sh: 行 10: .venv/bin/python: 没有那个文件或目录
[2026-06-26 08:08:05] ✓ 盘口已推送VPS
[2026-06-26 08:08:06] VPS重算: 200
[2026-06-26 08:16:01] /home/hetaisheng/soccerdata/wc_analysis/push_odds.sh: 行 10: .venv/bin/python: 没有那个文件或目录
[2026-06-26 08:16:06] ✓ 盘口已推送VPS
[2026-06-26 08:16:06] VPS重算: 200
[2026-06-26 08:24:01] /home/hetaisheng/soccerdata/wc_analysis/push_odds.sh: 行 10: .venv/bin/python: 没有那个文件或目录
[2026-06-26 08:24:05] ✓ 盘口已推送VPS
[2026-06-26 08:24:06] VPS重算: 200
[2026-06-26 08:32:01] /home/hetaisheng/soccerdata/wc_analysis/push_odds.sh: 行 10: .venv/bin/python: 没有那个文件或目录
[2026-06-26 08:32:05] ✓ 盘口已推送VPS
[2026-06-26 08:32:06] VPS重算: 200
[2026-06-26 08:40:01] /home/hetaisheng/soccerdata/wc_analysis/push_odds.sh: 行 10: .venv/bin/python: 没有那个文件或目录
[2026-06-26 08:40:06] ✓ 盘口已推送VPS
[2026-06-26 08:40:07] VPS重算: 200
[2026-06-26 08:48:01] /home/hetaisheng/soccerdata/wc_analysis/push_odds.sh: 行 10: .venv/bin/python: 没有那个文件或目录
[2026-06-26 08:48:06] ✓ 盘口已推送VPS
[2026-06-26 08:48:06] VPS重算: 200
[2026-06-26 08:56:01] /home/hetaisheng/soccerdata/wc_analysis/push_odds.sh: 行 10: .venv/bin/python: 没有那个文件或目录
[2026-06-26 08:56:06] ✓ 盘口已推送VPS
[2026-06-26 08:56:07] VPS重算: 200
[2026-06-26 09:00:01] /home/hetaisheng/soccerdata/wc_analysis/push_odds.sh: 行 10: .venv/bin/python: 没有那个文件或目录
[2026-06-26 09:00:05] ✓ 盘口已推送VPS
[2026-06-26 09:00:06] VPS重算: 200
[2026-06-26 09:08:01] /home/hetaisheng/soccerdata/wc_analysis/push_odds.sh: 行 10: .venv/bin/python: 没有那个文件或目录
[2026-06-26 09:08:05] ✓ 盘口已推送VPS
[2026-06-26 09:08:06] VPS重算: 200
[2026-06-26 09:48:01] /home/hetaisheng/soccerdata/wc_analysis/push_odds.sh: 行 10: .venv/bin/python: 没有那个文件或目录
[2026-06-26 09:48:06] ✓ 盘口已推送VPS
[2026-06-26 09:48:07] VPS重算: 200
[2026-06-26 09:56:01] /home/hetaisheng/soccerdata/wc_analysis/push_odds.sh: 行 10: .venv/bin/python: 没有那个文件或目录
[2026-06-26 09:56:06] ✓ 盘口已推送VPS
[2026-06-26 09:56:07] VPS重算: 200
[2026-06-26 10:00:01] /home/hetaisheng/soccerdata/wc_analysis/push_odds.sh: 行 10: .venv/bin/python: 没有那个文件或目录
[2026-06-26 10:00:04] ✓ 盘口已推送VPS
[2026-06-26 10:00:05] VPS重算: 200
[2026-06-26 10:08:01] /home/hetaisheng/soccerdata/wc_analysis/push_odds.sh: 行 10: .venv/bin/python: 没有那个文件或目录
[2026-06-26 10:08:06] ✓ 盘口已推送VPS
[2026-06-26 10:08:06] VPS重算: 200
[2026-06-26 10:16:01] /home/hetaisheng/soccerdata/wc_analysis/push_odds.sh: 行 10: .venv/bin/python: 没有那个文件或目录
[2026-06-26 10:16:05] ✓ 盘口已推送VPS
[2026-06-26 10:16:06] VPS重算: 200
[2026-06-26 10:24:01] /home/hetaisheng/soccerdata/wc_analysis/push_odds.sh: 行 10: .venv/bin/python: 没有那个文件或目录
[2026-06-26 10:24:07] ✓ 盘口已推送VPS
[2026-06-26 10:24:07] VPS重算: 200
[2026-06-26 10:32:01] /home/hetaisheng/soccerdata/wc_analysis/push_odds.sh: 行 10: .venv/bin/python: 没有那个文件或目录
[2026-06-26 10:32:05] ✓ 盘口已推送VPS
[2026-06-26 10:32:06] VPS重算: 200
[2026-06-26 10:40:01] /home/hetaisheng/soccerdata/wc_analysis/push_odds.sh: 行 10: .venv/bin/python: 没有那个文件或目录
[2026-06-26 10:40:06] ✓ 盘口已推送VPS
[2026-06-26 10:40:07] VPS重算: 200
[2026-06-26 10:48:01] /home/hetaisheng/soccerdata/wc_analysis/push_odds.sh: 行 10: .venv/bin/python: 没有那个文件或目录
[2026-06-26 10:48:06] ✓ 盘口已推送VPS
[2026-06-26 10:48:07] VPS重算: 200
[2026-06-26 10:56:01] /home/hetaisheng/soccerdata/wc_analysis/push_odds.sh: 行 10: .venv/bin/python: 没有那个文件或目录
[2026-06-26 10:56:06] ✓ 盘口已推送VPS
[2026-06-26 10:56:06] VPS重算: 200
[2026-06-26 11:00:01] /home/hetaisheng/soccerdata/wc_analysis/push_odds.sh: 行 10: .venv/bin/python: 没有那个文件或目录
[2026-06-26 11:00:06] ✓ 盘口已推送VPS
[2026-06-26 11:00:06] VPS重算: 200
[2026-06-26 11:08:01] /home/hetaisheng/soccerdata/wc_analysis/push_odds.sh: 行 10: .venv/bin/python: 没有那个文件或目录
[2026-06-26 11:08:07] ✓ 盘口已推送VPS
[2026-06-26 11:08:08] VPS重算: 200
[2026-06-26 11:16:01] /home/hetaisheng/soccerdata/wc_analysis/push_odds.sh: 行 10: .venv/bin/python: 没有那个文件或目录
[2026-06-26 11:16:05] ✓ 盘口已推送VPS
[2026-06-26 11:16:06] VPS重算: 200
[2026-06-26 11:24:01] /home/hetaisheng/soccerdata/wc_analysis/push_odds.sh: 行 10: .venv/bin/python: 没有那个文件或目录
[2026-06-26 11:24:06] ✓ 盘口已推送VPS
[2026-06-26 11:24:08] VPS重算: 200
[2026-06-26 12:32:01] /home/hetaisheng/soccerdata/wc_analysis/push_odds.sh: 行 10: .venv/bin/python: 没有那个文件或目录
[2026-06-26 12:32:06] ✓ 盘口已推送VPS
[2026-06-26 12:32:07] VPS重算: 200
[2026-06-26 12:40:01] /home/hetaisheng/soccerdata/wc_analysis/push_odds.sh: 行 10: .venv/bin/python: 没有那个文件或目录
[2026-06-26 12:40:06] ✓ 盘口已推送VPS
[2026-06-26 12:40:06] VPS重算: 200
[2026-06-26 12:48:01] /home/hetaisheng/soccerdata/wc_analysis/push_odds.sh: 行 10: .venv/bin/python: 没有那个文件或目录
[2026-06-26 12:48:05] ✓ 盘口已推送VPS
[2026-06-26 12:48:06] VPS重算: 200
[2026-06-26 12:56:01] /home/hetaisheng/soccerdata/wc_analysis/push_odds.sh: 行 10: .venv/bin/python: 没有那个文件或目录
[2026-06-26 12:56:06] ✓ 盘口已推送VPS
[2026-06-26 12:56:06] VPS重算: 200
[2026-06-26 13:00:01] /home/hetaisheng/soccerdata/wc_analysis/push_odds.sh: 行 10: .venv/bin/python: 没有那个文件或目录
[2026-06-26 13:00:05] ✓ 盘口已推送VPS
[2026-06-26 13:00:06] VPS重算: 200
[2026-06-26 13:08:01] /home/hetaisheng/soccerdata/wc_analysis/push_odds.sh: 行 10: .venv/bin/python: 没有那个文件或目录
[2026-06-26 13:08:05] ✓ 盘口已推送VPS
[2026-06-26 13:08:06] VPS重算: 200
[2026-06-26 13:16:01] /home/hetaisheng/soccerdata/wc_analysis/push_odds.sh: 行 10: .venv/bin/python: 没有那个文件或目录
[2026-06-26 13:16:06] ✓ 盘口已推送VPS
[2026-06-26 13:16:07] VPS重算: 200
[2026-06-26 13:24:01] /home/hetaisheng/soccerdata/wc_analysis/push_odds.sh: 行 10: .venv/bin/python: 没有那个文件或目录
[2026-06-26 13:24:05] ✓ 盘口已推送VPS
[2026-06-26 13:24:06] VPS重算: 200
[2026-06-26 13:32:01] /home/hetaisheng/soccerdata/wc_analysis/push_odds.sh: 行 10: .venv/bin/python: 没有那个文件或目录
[2026-06-26 13:32:06] ✓ 盘口已推送VPS
[2026-06-26 13:32:07] VPS重算: 200
[2026-06-26 13:40:01] /home/hetaisheng/soccerdata/wc_analysis/push_odds.sh: 行 10: .venv/bin/python: 没有那个文件或目录
[2026-06-26 13:40:06] ✓ 盘口已推送VPS
[2026-06-26 13:40:07] VPS重算: 200
[2026-06-26 13:48:01] /home/hetaisheng/soccerdata/wc_analysis/push_odds.sh: 行 10: .venv/bin/python: 没有那个文件或目录
[2026-06-26 13:48:05] ✓ 盘口已推送VPS
[2026-06-26 13:48:06] VPS重算: 200
[2026-06-26 13:56:01] /home/hetaisheng/soccerdata/wc_analysis/push_odds.sh: 行 10: .venv/bin/python: 没有那个文件或目录
[2026-06-26 13:56:06] ✓ 盘口已推送VPS
[2026-06-26 13:56:07] VPS重算: 200
[2026-06-26 14:00:01] /home/hetaisheng/soccerdata/wc_analysis/push_odds.sh: 行 10: .venv/bin/python: 没有那个文件或目录
[2026-06-26 14:00:05] ✓ 盘口已推送VPS
[2026-06-26 14:00:06] VPS重算: 200
[2026-06-26 14:08:01] /home/hetaisheng/soccerdata/wc_analysis/push_odds.sh: 行 10: .venv/bin/python: 没有那个文件或目录
[2026-06-26 14:08:06] ✓ 盘口已推送VPS
[2026-06-26 14:08:07] VPS重算: 200
[2026-06-26 14:16:01] /home/hetaisheng/soccerdata/wc_analysis/push_odds.sh: 行 10: .venv/bin/python: 没有那个文件或目录
[2026-06-26 14:16:06] ✓ 盘口已推送VPS
[2026-06-26 14:16:07] VPS重算: 200
[2026-06-26 14:24:01] /home/hetaisheng/soccerdata/wc_analysis/push_odds.sh: 行 10: .venv/bin/python: 没有那个文件或目录
[2026-06-26 14:24:06] ✓ 盘口已推送VPS
[2026-06-26 14:24:06] VPS重算: 200
[2026-06-26 14:32:01] /home/hetaisheng/soccerdata/wc_analysis/push_odds.sh: 行 10: .venv/bin/python: 没有那个文件或目录
[2026-06-26 14:32:05] ✓ 盘口已推送VPS
[2026-06-26 14:32:06] VPS重算: 200
[2026-06-26 14:40:01] /home/hetaisheng/soccerdata/wc_analysis/push_odds.sh: 行 10: .venv/bin/python: 没有那个文件或目录
[2026-06-26 14:40:05] ✓ 盘口已推送VPS
[2026-06-26 14:40:06] VPS重算: 200
[2026-06-26 14:48:01] /home/hetaisheng/soccerdata/wc_analysis/push_odds.sh: 行 10: .venv/bin/python: 没有那个文件或目录
[2026-06-26 14:48:05] ✓ 盘口已推送VPS
[2026-06-26 14:48:06] VPS重算: 200
[2026-06-26 14:56:01] /home/hetaisheng/soccerdata/wc_analysis/push_odds.sh: 行 10: .venv/bin/python: 没有那个文件或目录
[2026-06-26 14:56:05] ✓ 盘口已推送VPS
[2026-06-26 14:56:06] VPS重算: 200
[2026-06-26 15:00:01] /home/hetaisheng/soccerdata/wc_analysis/push_odds.sh: 行 10: .venv/bin/python: 没有那个文件或目录
[2026-06-26 15:00:05] ✓ 盘口已推送VPS
[2026-06-26 15:00:06] VPS重算: 200
[2026-06-26 15:08:01] /home/hetaisheng/soccerdata/wc_analysis/push_odds.sh: 行 10: .venv/bin/python: 没有那个文件或目录
[2026-06-26 15:08:05] ✓ 盘口已推送VPS
[2026-06-26 15:08:06] VPS重算: 200
[2026-06-26 15:16:01] /home/hetaisheng/soccerdata/wc_analysis/push_odds.sh: 行 10: .venv/bin/python: 没有那个文件或目录
[2026-06-26 15:16:05] ✓ 盘口已推送VPS
[2026-06-26 15:16:06] VPS重算: 200
[2026-06-26 15:24:01] /home/hetaisheng/soccerdata/wc_analysis/push_odds.sh: 行 10: .venv/bin/python: 没有那个文件或目录
[2026-06-26 15:24:05] ✓ 盘口已推送VPS
[2026-06-26 15:24:05] VPS重算: 200
[2026-06-26 15:32:01] /home/hetaisheng/soccerdata/wc_analysis/push_odds.sh: 行 10: .venv/bin/python: 没有那个文件或目录
[2026-06-26 15:32:06] ✓ 盘口已推送VPS
[2026-06-26 15:32:06] VPS重算: 200
[2026-06-26 15:40:01] /home/hetaisheng/soccerdata/wc_analysis/push_odds.sh: 行 10: .venv/bin/python: 没有那个文件或目录
[2026-06-26 15:40:06] ✓ 盘口已推送VPS
[2026-06-26 15:40:06] VPS重算: 200
[2026-06-26 15:48:01] /home/hetaisheng/soccerdata/wc_analysis/push_odds.sh: 行 10: .venv/bin/python: 没有那个文件或目录
[2026-06-26 15:48:05] ✓ 盘口已推送VPS
[2026-06-26 15:48:06] VPS重算: 200
[2026-06-26 15:56:01] /home/hetaisheng/soccerdata/wc_analysis/push_odds.sh: 行 10: .venv/bin/python: 没有那个文件或目录
[2026-06-26 15:56:06] ✓ 盘口已推送VPS
[2026-06-26 15:56:06] VPS重算: 200
[2026-06-26 16:00:01] /home/hetaisheng/soccerdata/wc_analysis/push_odds.sh: 行 10: .venv/bin/python: 没有那个文件或目录
[2026-06-26 16:00:06] ✓ 盘口已推送VPS
[2026-06-26 16:00:07] VPS重算: 200
[2026-06-26 16:08:01] /home/hetaisheng/soccerdata/wc_analysis/push_odds.sh: 行 10: .venv/bin/python: 没有那个文件或目录
[2026-06-26 16:08:06] ✓ 盘口已推送VPS
[2026-06-26 16:08:06] VPS重算: 200
[2026-06-26 16:16:01] /home/hetaisheng/soccerdata/wc_analysis/push_odds.sh: 行 10: .venv/bin/python: 没有那个文件或目录
[2026-06-26 16:16:05] ✓ 盘口已推送VPS
[2026-06-26 16:16:06] VPS重算: 200
[2026-06-26 16:24:01] /home/hetaisheng/soccerdata/wc_analysis/push_odds.sh: 行 10: .venv/bin/python: 没有那个文件或目录
[2026-06-26 16:24:06] ✓ 盘口已推送VPS
[2026-06-26 16:24:07] VPS重算: 200
[2026-06-30 04:40:01] 抓到 7 场
[2026-06-30 04:40:06] ✓ 盘口+参数已推送VPS
[2026-06-30 04:40:07] VPS重算: 200
[2026-06-30 04:48:01] 抓到 7 场
[2026-06-30 04:48:07] ✓ 盘口+参数已推送VPS
[2026-06-30 04:48:08] VPS重算: 200
[2026-06-30 04:56:01] 抓到 7 场
[2026-06-30 04:56:07] ✓ 盘口+参数已推送VPS
[2026-06-30 04:56:07] VPS重算: 200
[2026-06-30 05:00:01] 抓到 7 场
[2026-06-30 05:00:06] ✓ 盘口+参数已推送VPS
[2026-06-30 05:00:07] VPS重算: 200
[2026-06-30 05:08:01] 抓到 7 场
[2026-06-30 05:08:07] ✓ 盘口+参数已推送VPS
[2026-06-30 05:08:08] VPS重算: 200
[2026-06-30 05:16:01] 抓到 7 场
[2026-06-30 05:16:07] ✓ 盘口+参数已推送VPS
[2026-06-30 05:16:08] VPS重算: 200
[2026-06-30 05:24:01] 抓到 7 场
[2026-06-30 05:24:07] ✓ 盘口+参数已推送VPS
[2026-06-30 05:24:07] VPS重算: 200
[2026-06-30 05:32:01] 抓到 7 场
[2026-06-30 05:32:07] ✓ 盘口+参数已推送VPS
[2026-06-30 05:32:08] VPS重算: 200
[2026-06-30 05:40:01] 抓到 7 场
[2026-06-30 05:40:07] ✓ 盘口+参数已推送VPS
[2026-06-30 05:40:08] VPS重算: 200
[2026-06-30 05:48:01] 抓到 7 场
[2026-06-30 05:48:07] ✓ 盘口+参数已推送VPS
[2026-06-30 05:48:08] VPS重算: 200
[2026-06-30 05:56:01] 抓到 7 场
[2026-06-30 05:56:07] ✓ 盘口+参数已推送VPS
[2026-06-30 05:56:08] VPS重算: 200
[2026-06-30 06:00:01] 抓到 7 场
[2026-06-30 06:00:06] ✓ 盘口+参数已推送VPS
[2026-06-30 06:00:07] VPS重算: 200
[2026-06-30 06:08:01] 抓到 7 场
[2026-06-30 06:08:07] ✓ 盘口+参数已推送VPS
[2026-06-30 06:08:08] VPS重算: 200
[2026-06-30 06:16:01] 抓到 7 场
[2026-06-30 06:16:06] ✓ 盘口+参数已推送VPS
[2026-06-30 06:16:07] VPS重算: 200
[2026-06-30 06:24:01] 抓到 7 场
[2026-06-30 06:24:06] ✓ 盘口+参数已推送VPS
[2026-06-30 06:24:07] VPS重算: 200
[2026-06-30 06:32:01] 抓到 7 场
[2026-06-30 06:32:07] ✓ 盘口+参数已推送VPS
[2026-06-30 06:32:08] VPS重算: 200
[2026-06-30 06:40:01]   ⚠ 体彩抓取失败(<urlopen error [Errno -3] Temporary failure in name resolution>), 回退缓存 odds_parsed.json (8分钟前)
[2026-06-30 06:40:01] 抓到 7 场
[2026-06-30 06:40:22] ✗ 推送失败(VPS不可达或免密未配)
[2026-06-30 06:48:01]   ⚠ 体彩抓取失败(<urlopen error [Errno -3] Temporary failure in name resolution>), 回退缓存 odds_parsed.json (16分钟前)
[2026-06-30 06:48:01] 抓到 7 场
[2026-06-30 06:48:22] ✗ 推送失败(VPS不可达或免密未配)
[2026-06-30 06:56:01]   ⚠ 体彩抓取失败(<urlopen error [Errno -3] Temporary failure in name resolution>), 回退缓存 odds_parsed.json (24分钟前)
[2026-06-30 06:56:01] 抓到 7 场
[2026-06-30 06:56:22] ✗ 推送失败(VPS不可达或免密未配)
[2026-06-30 07:00:01]   ⚠ 体彩抓取失败(<urlopen error [Errno -3] Temporary failure in name resolution>), 回退缓存 odds_parsed.json (28分钟前)
[2026-06-30 07:00:01] 抓到 7 场
[2026-06-30 07:00:22] ✗ 推送失败(VPS不可达或免密未配)
[2026-06-30 07:08:01]   ⚠ 体彩抓取失败(<urlopen error [SSL: CERTIFICATE_VERIFY_FAILED] certificate verify failed: EE certificate key too weak (_ssl.c:1000)>), 回退缓存 odds_parsed.json (36分钟前)
[2026-06-30 07:08:01] 抓到 7 场
[2026-06-30 07:08:10] ✗ 推送失败(VPS不可达或免密未配)
[2026-06-30 07:16:01]   ⚠ 体彩抓取失败(<urlopen error [Errno -3] Temporary failure in name resolution>), 回退缓存 odds_parsed.json (44分钟前)
[2026-06-30 07:16:01] 抓到 7 场
[2026-06-30 07:16:33] ✗ 推送失败(VPS不可达或免密未配)
[2026-06-30 07:24:01]   ⚠ 体彩抓取失败(<urlopen error [Errno -3] Temporary failure in name resolution>), 回退缓存 odds_parsed.json (52分钟前)
[2026-06-30 07:24:01] 抓到 7 场
[2026-06-30 07:24:25] ✓ 盘口+参数已推送VPS
[2026-06-30 07:24:26] VPS重算: 200
[2026-06-30 07:32:01]   ⚠ 体彩抓取失败(<urlopen error [Errno -3] Temporary failure in name resolution>), 回退缓存 odds_parsed.json (60分钟前)
[2026-06-30 07:32:01] 抓到 7 场
[2026-06-30 07:32:24] ✗ 推送失败(VPS不可达或免密未配)
[2026-06-30 07:40:01]   ⚠ 体彩抓取失败(<urlopen error [Errno -3] Temporary failure in name resolution>), 回退缓存 odds_parsed.json (68分钟前)
[2026-06-30 07:40:01] 抓到 7 场
[2026-06-30 07:40:27] ✗ 推送失败(VPS不可达或免密未配)
[2026-06-30 07:48:01]   ⚠ 体彩抓取失败(<urlopen error [Errno -3] Temporary failure in name resolution>), 回退缓存 odds_parsed.json (76分钟前)
[2026-06-30 07:48:01] 抓到 7 场
[2026-06-30 07:48:26] ✓ 盘口+参数已推送VPS
[2026-06-30 07:48:26] VPS重算: 200
[2026-06-30 07:56:01]   ⚠ 体彩抓取失败(<urlopen error [Errno -3] Temporary failure in name resolution>), 回退缓存 odds_parsed.json (84分钟前)
[2026-06-30 07:56:01] 抓到 7 场
[2026-06-30 07:56:29] ✗ 推送失败(VPS不可达或免密未配)
[2026-06-30 08:00:01]   ⚠ 体彩抓取失败(<urlopen error [Errno -3] Temporary failure in name resolution>), 回退缓存 odds_parsed.json (88分钟前)
[2026-06-30 08:00:01] 抓到 7 场
[2026-06-30 08:00:25] ✗ 推送失败(VPS不可达或免密未配)
[2026-06-30 08:08:01]   ⚠ 体彩抓取失败(<urlopen error [Errno -3] Temporary failure in name resolution>), 回退缓存 odds_parsed.json (96分钟前)
[2026-06-30 08:08:01] 抓到 7 场
[2026-06-30 08:08:22] ✗ 推送失败(VPS不可达或免密未配)
[2026-06-30 08:16:01]   ⚠ 体彩抓取失败(<urlopen error [Errno -3] Temporary failure in name resolution>), 回退缓存 odds_parsed.json (104分钟前)
[2026-06-30 08:16:01] 抓到 7 场
[2026-06-30 08:16:25] ✗ 推送失败(VPS不可达或免密未配)
[2026-06-30 08:24:01]   ⚠ 体彩抓取失败(<urlopen error [Errno -3] Temporary failure in name resolution>), 回退缓存 odds_parsed.json (112分钟前)
[2026-06-30 08:24:01] 抓到 7 场
[2026-06-30 08:24:25] ✗ 推送失败(VPS不可达或免密未配)
                                                                                       [2026-06-30 08:48:01] 抓到 7 场
[2026-06-30 08:48:06] ✓ 盘口+参数已推送VPS
[2026-06-30 08:48:07] VPS重算: 200
[2026-06-30 08:56:02] 抓到 7 场
[2026-06-30 08:56:06] ✓ 盘口+参数已推送VPS
[2026-06-30 08:56:07] VPS重算: 200
[2026-06-30 09:00:01] 抓到 7 场
[2026-06-30 09:00:06] ✓ 盘口+参数已推送VPS
[2026-06-30 09:00:07] VPS重算: 200
[2026-06-30 09:08:01] 抓到 6 场
[2026-06-30 09:08:07] ✓ 盘口+参数已推送VPS
[2026-06-30 09:08:08] VPS重算: 200
[2026-06-30 09:16:01] 抓到 6 场
[2026-06-30 09:16:05] ✓ 盘口+参数已推送VPS
[2026-06-30 09:16:06] VPS重算: 200
[2026-06-30 09:24:01] 抓到 6 场
[2026-06-30 09:24:06] ✓ 盘口+参数已推送VPS
[2026-06-30 09:24:07] VPS重算: 200
[2026-06-30 09:32:01] 抓到 6 场
[2026-06-30 09:32:05] ✓ 盘口+参数已推送VPS
[2026-06-30 09:32:06] VPS重算: 200
[2026-06-30 09:40:01] 抓到 6 场
[2026-06-30 09:40:08] ✓ 盘口+参数已推送VPS
[2026-06-30 09:40:09] VPS重算: 200
[2026-06-30 09:48:01] 抓到 6 场
[2026-06-30 09:48:05] ✓ 盘口+参数已推送VPS
[2026-06-30 09:48:06] VPS重算: 200
[2026-06-30 09:56:01] 抓到 6 场
[2026-06-30 09:56:06] ✓ 盘口+参数已推送VPS
[2026-06-30 09:56:07] VPS重算: 200
[2026-06-30 10:00:01] 抓到 6 场
[2026-06-30 10:00:05] ✓ 盘口+参数已推送VPS
[2026-06-30 10:00:06] VPS重算: 200
[2026-06-30 10:08:01] 抓到 6 场
[2026-06-30 10:08:06] ✓ 盘口+参数已推送VPS
[2026-06-30 10:08:07] VPS重算: 200
[2026-06-30 10:16:01] 抓到 6 场
[2026-06-30 10:16:07] ✓ 盘口+参数已推送VPS
[2026-06-30 10:16:08] VPS重算: 200
[2026-06-30 10:24:01] 抓到 6 场
[2026-06-30 10:24:06] ✓ 盘口+参数已推送VPS
[2026-06-30 10:24:07] VPS重算: 200
[2026-06-30 10:32:01] 抓到 6 场
[2026-06-30 10:32:06] ✓ 盘口+参数已推送VPS
[2026-06-30 10:32:07] VPS重算: 200
[2026-06-30 10:40:01] 抓到 6 场
[2026-06-30 10:40:06] ✓ 盘口+参数已推送VPS
[2026-06-30 10:40:07] VPS重算: 200
[2026-06-30 10:48:01] 抓到 6 场
[2026-06-30 10:48:06] ✓ 盘口+参数已推送VPS
[2026-06-30 10:48:07] VPS重算: 200
[2026-06-30 10:56:01] 抓到 6 场
[2026-06-30 10:56:06] ✓ 盘口+参数已推送VPS
[2026-06-30 10:56:07] VPS重算: 200
[2026-06-30 11:00:01] 抓到 6 场
[2026-06-30 11:00:06] ✓ 盘口+参数已推送VPS
[2026-06-30 11:00:06] VPS重算: 200
[2026-06-30 11:08:01] 抓到 9 场
[2026-06-30 11:08:06] ✓ 盘口+参数已推送VPS
[2026-06-30 11:08:07] VPS重算: 200
[2026-06-30 11:16:01] 抓到 9 场
[2026-06-30 11:16:05] ✓ 盘口+参数已推送VPS
[2026-06-30 11:16:06] VPS重算: 200
[2026-06-30 11:24:01] 抓到 9 场
[2026-06-30 11:24:06] ✓ 盘口+参数已推送VPS
[2026-06-30 11:24:07] VPS重算: 200
[2026-06-30 11:32:01] 抓到 9 场
[2026-06-30 11:32:06] ✓ 盘口+参数已推送VPS
[2026-06-30 11:32:07] VPS重算: 200
[2026-06-30 11:40:02] 抓到 9 场
[2026-06-30 11:40:06] ✓ 盘口+参数已推送VPS
[2026-06-30 11:40:07] VPS重算: 200
[2026-06-30 11:48:01] 抓到 9 场
[2026-06-30 11:48:05] ✓ 盘口+参数已推送VPS
[2026-06-30 11:48:06] VPS重算: 200
[2026-06-30 11:56:01] 抓到 9 场
[2026-06-30 11:56:06] ✓ 盘口+参数已推送VPS
[2026-06-30 11:56:07] VPS重算: 200
[2026-06-30 12:00:01] 抓到 9 场
[2026-06-30 12:00:06] ✓ 盘口+参数已推送VPS
[2026-06-30 12:00:07] VPS重算: 200
[2026-06-30 12:08:01] 抓到 9 场
[2026-06-30 12:08:05] ✓ 盘口+参数已推送VPS
[2026-06-30 12:08:06] VPS重算: 200
[2026-06-30 12:16:01] 抓到 9 场
[2026-06-30 12:16:06] ✓ 盘口+参数已推送VPS
[2026-06-30 12:16:06] VPS重算: 200
[2026-06-30 12:24:01] 抓到 9 场
[2026-06-30 12:24:07] ✓ 盘口+参数已推送VPS
[2026-06-30 12:24:08] VPS重算: 200
[2026-06-30 12:32:01] 抓到 9 场
[2026-06-30 12:32:06] ✓ 盘口+参数已推送VPS
[2026-06-30 12:32:06] VPS重算: 200
[2026-06-30 12:40:01] 抓到 9 场
[2026-06-30 12:40:05] ✓ 盘口+参数已推送VPS
[2026-06-30 12:40:06] VPS重算: 200
[2026-06-30 12:48:01] 抓到 9 场
[2026-06-30 12:48:06] ✓ 盘口+参数已推送VPS
[2026-06-30 12:48:07] VPS重算: 200
[2026-06-30 12:56:01] 抓到 9 场
[2026-06-30 12:56:06] ✓ 盘口+参数已推送VPS
[2026-06-30 12:56:07] VPS重算: 200
[2026-06-30 13:00:01] 抓到 9 场
[2026-06-30 13:00:06] ✓ 盘口+参数已推送VPS
[2026-06-30 13:00:07] VPS重算: 200
[2026-06-30 13:08:01] 抓到 9 场
[2026-06-30 13:08:06] ✓ 盘口+参数已推送VPS
[2026-06-30 13:08:07] VPS重算: 200
[2026-06-30 13:16:01] 抓到 9 场
[2026-06-30 13:16:06] ✓ 盘口+参数已推送VPS
[2026-06-30 13:16:07] VPS重算: 200
[2026-06-30 13:24:01] 抓到 9 场
[2026-06-30 13:24:06] ✓ 盘口+参数已推送VPS
[2026-06-30 13:24:07] VPS重算: 200
[2026-06-30 13:32:01] 抓到 9 场
[2026-06-30 13:32:07] ✓ 盘口+参数已推送VPS
[2026-06-30 13:32:08] VPS重算: 200
[2026-06-30 13:40:01] 抓到 9 场
[2026-06-30 13:40:06] ✓ 盘口+参数已推送VPS
[2026-06-30 13:40:07] VPS重算: 200
[2026-06-30 13:48:01] 抓到 9 场
[2026-06-30 13:48:06] ✓ 盘口+参数已推送VPS
[2026-06-30 13:48:07] VPS重算: 200
[2026-06-30 13:56:01] 抓到 9 场
[2026-06-30 13:56:05] ✓ 盘口+参数已推送VPS
[2026-06-30 13:56:06] VPS重算: 200
[2026-06-30 14:00:01] 抓到 9 场
[2026-06-30 14:00:05] ✓ 盘口+参数已推送VPS
[2026-06-30 14:00:06] VPS重算: 200
[2026-06-30 14:08:01] 抓到 9 场
[2026-06-30 14:08:06] ✓ 盘口+参数已推送VPS
[2026-06-30 14:08:07] VPS重算: 200
[2026-06-30 14:16:01] 抓到 9 场
[2026-06-30 14:16:07] ✓ 盘口+参数已推送VPS
[2026-06-30 14:16:07] VPS重算: 200
[2026-06-30 14:24:01] 抓到 9 场
[2026-06-30 14:24:06] ✓ 盘口+参数已推送VPS
[2026-06-30 14:24:06] VPS重算: 200
[2026-06-30 14:32:01] 抓到 9 场
[2026-06-30 14:32:05] ✓ 盘口+参数已推送VPS
[2026-06-30 14:32:06] VPS重算: 200
[2026-06-30 14:40:01] 抓到 9 场
[2026-06-30 14:40:07] ✓ 盘口+参数已推送VPS
[2026-06-30 14:40:07] VPS重算: 200
[2026-06-30 14:48:01] 抓到 9 场
[2026-06-30 14:48:06] ✓ 盘口+参数已推送VPS
[2026-06-30 14:48:06] VPS重算: 200
[2026-06-30 14:56:01] 抓到 9 场
[2026-06-30 14:56:06] ✓ 盘口+参数已推送VPS
[2026-06-30 14:56:06] VPS重算: 200
[2026-06-30 15:00:01] 抓到 9 场
[2026-06-30 15:00:06] ✓ 盘口+参数已推送VPS
[2026-06-30 15:00:06] VPS重算: 200
[2026-06-30 15:08:01] 抓到 9 场
[2026-06-30 15:08:05] ✓ 盘口+参数已推送VPS
[2026-06-30 15:08:06] VPS重算: 200
[2026-06-30 15:16:01] 抓到 9 场
[2026-06-30 15:16:06] ✓ 盘口+参数已推送VPS
[2026-06-30 15:16:07] VPS重算: 200
[2026-06-30 15:24:01] 抓到 9 场
[2026-06-30 15:24:05] ✓ 盘口+参数已推送VPS
[2026-06-30 15:24:06] VPS重算: 200
[2026-06-30 15:32:01] 抓到 9 场
[2026-06-30 15:32:06] ✓ 盘口+参数已推送VPS
[2026-06-30 15:32:07] VPS重算: 200
[2026-06-30 15:40:01] 抓到 9 场
[2026-06-30 15:40:07] ✓ 盘口+参数已推送VPS
[2026-06-30 15:40:07] VPS重算: 200
[2026-06-30 15:48:01] 抓到 9 场
[2026-06-30 15:48:06] ✓ 盘口+参数已推送VPS
[2026-06-30 15:48:06] VPS重算: 200
[2026-06-30 15:56:01] 抓到 9 场
[2026-06-30 15:56:06] ✓ 盘口+参数已推送VPS
[2026-06-30 15:56:06] VPS重算: 200
[2026-06-30 16:00:01] 抓到 9 场
[2026-06-30 16:00:06] ✓ 盘口+参数已推送VPS
[2026-06-30 16:00:07] VPS重算: 200
[2026-06-30 16:08:01] 抓到 9 场
[2026-06-30 16:08:06] ✓ 盘口+参数已推送VPS
[2026-06-30 16:08:07] VPS重算: 200
[2026-06-30 16:16:01] 抓到 9 场
[2026-06-30 16:16:06] ✓ 盘口+参数已推送VPS
[2026-06-30 16:16:07] VPS重算: 200
[2026-06-30 16:24:01] 抓到 9 场
[2026-06-30 16:24:06] ✓ 盘口+参数已推送VPS
[2026-06-30 16:24:07] VPS重算: 200
[2026-06-30 16:32:01] 抓到 9 场
[2026-06-30 16:32:05] ✓ 盘口+参数已推送VPS
[2026-06-30 16:32:06] VPS重算: 200
[2026-06-30 16:40:01] 抓到 9 场
[2026-06-30 16:40:06] ✓ 盘口+参数已推送VPS
[2026-06-30 16:40:06] VPS重算: 200
[2026-06-30 16:48:01] 抓到 9 场
[2026-06-30 16:48:06] ✓ 盘口+参数已推送VPS
[2026-06-30 16:48:06] VPS重算: 200
[2026-06-30 16:56:01] 抓到 9 场
[2026-06-30 16:56:07] ✓ 盘口+参数已推送VPS
[2026-06-30 16:56:07] VPS重算: 200
[2026-06-30 17:00:01] 抓到 9 场
[2026-06-30 17:00:05] ✓ 盘口+参数已推送VPS
[2026-06-30 17:00:06] VPS重算: 200
[2026-06-30 17:08:01] 抓到 9 场
[2026-06-30 17:08:06] ✓ 盘口+参数已推送VPS
[2026-06-30 17:08:07] VPS重算: 200
[2026-06-30 17:16:01] 抓到 9 场
[2026-06-30 17:16:06] ✓ 盘口+参数已推送VPS
[2026-06-30 17:16:07] VPS重算: 200
[2026-06-30 17:24:01] 抓到 9 场
[2026-06-30 17:24:06] ✓ 盘口+参数已推送VPS
[2026-06-30 17:24:06] VPS重算: 200
[2026-06-30 17:32:02] 抓到 9 场
[2026-06-30 17:32:06] ✓ 盘口+参数已推送VPS
[2026-06-30 17:32:07] VPS重算: 200
[2026-06-30 17:40:01] 抓到 9 场
[2026-06-30 17:40:06] ✓ 盘口+参数已推送VPS
[2026-06-30 17:40:06] VPS重算: 200
[2026-06-30 17:48:01] 抓到 9 场
[2026-06-30 17:48:07] ✓ 盘口+参数已推送VPS
[2026-06-30 17:48:07] VPS重算: 200
[2026-06-30 17:56:01] 抓到 9 场
[2026-06-30 17:56:09] ✓ 盘口+参数已推送VPS
[2026-06-30 17:56:10] VPS重算: 200
[2026-06-30 18:00:01] 抓到 9 场
[2026-06-30 18:00:10] ✓ 盘口+参数已推送VPS
[2026-06-30 18:00:11] VPS重算: 200
[2026-06-30 18:08:01] 抓到 9 场
[2026-06-30 18:08:10] ✓ 盘口+参数已推送VPS
[2026-06-30 18:08:13] VPS重算: 200
[2026-06-30 18:16:01] 抓到 9 场
[2026-06-30 18:16:06] ✓ 盘口+参数已推送VPS
[2026-06-30 18:16:07] VPS重算: 200
[2026-06-30 18:24:01] 抓到 9 场
[2026-06-30 18:24:06] ✓ 盘口+参数已推送VPS
[2026-06-30 18:24:07] VPS重算: 200
[2026-06-30 18:32:01] 抓到 9 场
[2026-06-30 18:32:06] ✓ 盘口+参数已推送VPS
[2026-06-30 18:32:07] VPS重算: 200
[2026-06-30 18:40:01] 抓到 9 场
[2026-06-30 18:40:06] ✓ 盘口+参数已推送VPS
[2026-06-30 18:40:06] VPS重算: 200
[2026-06-30 18:48:01] 抓到 9 场
[2026-06-30 18:48:06] ✓ 盘口+参数已推送VPS
[2026-06-30 18:48:06] VPS重算: 200
[2026-06-30 18:56:01] 抓到 9 场
[2026-06-30 18:56:06] ✓ 盘口+参数已推送VPS
[2026-06-30 18:56:07] VPS重算: 200
[2026-06-30 19:00:01] 抓到 9 场
[2026-06-30 19:00:06] ✓ 盘口+参数已推送VPS
[2026-06-30 19:00:07] VPS重算: 200
[2026-06-30 19:08:01] 抓到 9 场
[2026-06-30 19:08:06] ✓ 盘口+参数已推送VPS
[2026-06-30 19:08:07] VPS重算: 200
[2026-06-30 19:16:01] 抓到 9 场
[2026-06-30 19:16:05] ✓ 盘口+参数已推送VPS
[2026-06-30 19:16:06] VPS重算: 200
[2026-06-30 19:24:01] 抓到 9 场
[2026-06-30 19:24:07] ✓ 盘口+参数已推送VPS
[2026-06-30 19:24:07] VPS重算: 200
[2026-06-30 19:32:01] 抓到 9 场
[2026-06-30 19:32:07] ✓ 盘口+参数已推送VPS
[2026-06-30 19:32:07] VPS重算: 200
[2026-06-30 19:40:01] 抓到 9 场
[2026-06-30 19:40:06] ✓ 盘口+参数已推送VPS
[2026-06-30 19:40:07] VPS重算: 200
[2026-06-30 19:48:01] 抓到 9 场
[2026-06-30 19:48:06] ✓ 盘口+参数已推送VPS
[2026-06-30 19:48:06] VPS重算: 200
[2026-06-30 19:56:01] 抓到 9 场
[2026-06-30 19:56:06] ✓ 盘口+参数已推送VPS
[2026-06-30 19:56:07] VPS重算: 200
[2026-06-30 20:00:01] 抓到 9 场
[2026-06-30 20:00:06] ✓ 盘口+参数已推送VPS
[2026-06-30 20:00:07] VPS重算: 200
[2026-06-30 20:08:01] 抓到 9 场
[2026-06-30 20:08:06] ✓ 盘口+参数已推送VPS
[2026-06-30 20:08:06] VPS重算: 200
[2026-06-30 20:16:01] 抓到 9 场
[2026-06-30 20:16:07] ✓ 盘口+参数已推送VPS
[2026-06-30 20:16:07] VPS重算: 200
[2026-06-30 20:24:01] 抓到 9 场
[2026-06-30 20:24:06] ✓ 盘口+参数已推送VPS
[2026-06-30 20:24:06] VPS重算: 200
[2026-06-30 20:32:01] 抓到 9 场
[2026-06-30 20:32:05] ✓ 盘口+参数已推送VPS
[2026-06-30 20:32:06] VPS重算: 200
[2026-06-30 20:40:01] 抓到 9 场
[2026-06-30 20:40:07] ✓ 盘口+参数已推送VPS
[2026-06-30 20:40:07] VPS重算: 200
[2026-06-30 20:48:01] 抓到 9 场
[2026-06-30 20:48:06] ✓ 盘口+参数已推送VPS
[2026-06-30 20:48:07] VPS重算: 200
[2026-06-30 20:56:01] 抓到 9 场
[2026-06-30 20:56:06] ✓ 盘口+参数已推送VPS
[2026-06-30 20:56:07] VPS重算: 200
[2026-06-30 21:00:01] 抓到 9 场
[2026-06-30 21:00:06] ✓ 盘口+参数已推送VPS
[2026-06-30 21:00:07] VPS重算: 200
[2026-06-30 21:08:01] 抓到 9 场
[2026-06-30 21:08:06] ✓ 盘口+参数已推送VPS
[2026-06-30 21:08:07] VPS重算: 200
[2026-06-30 21:16:01] 抓到 9 场
[2026-06-30 21:16:07] ✓ 盘口+参数已推送VPS
[2026-06-30 21:16:07] VPS重算: 200
[2026-06-30 21:24:01] 抓到 9 场
[2026-06-30 21:24:06] ✓ 盘口+参数已推送VPS
[2026-06-30 21:24:07] VPS重算: 200
[2026-06-30 21:32:01] 抓到 9 场
[2026-06-30 21:32:07] ✓ 盘口+参数已推送VPS
[2026-06-30 21:32:07] VPS重算: 200
[2026-06-30 21:40:01] 抓到 9 场
[2026-06-30 21:40:06] ✓ 盘口+参数已推送VPS
[2026-06-30 21:40:07] VPS重算: 200
[2026-06-30 21:48:01] 抓到 9 场
[2026-06-30 21:48:07] ✓ 盘口+参数已推送VPS
[2026-06-30 21:48:07] VPS重算: 200
[2026-06-30 21:56:01] 抓到 9 场
[2026-06-30 21:56:06] ✓ 盘口+参数已推送VPS
[2026-06-30 21:56:07] VPS重算: 200
[2026-06-30 22:00:01] 抓到 9 场
[2026-06-30 22:00:09] ✓ 盘口+参数已推送VPS
[2026-06-30 22:01:01] VPS重算: 200
[2026-06-30 22:08:01] 抓到 9 场
[2026-06-30 22:08:07] ✓ 盘口+参数已推送VPS
[2026-06-30 22:08:08] VPS重算: 200
[2026-06-30 22:16:01] 抓到 9 场
[2026-06-30 22:16:07] ✓ 盘口+参数已推送VPS
[2026-06-30 22:16:07] VPS重算: 200
[2026-06-30 22:24:01] 抓到 9 场
[2026-06-30 22:24:07] ✓ 盘口+参数已推送VPS
[2026-06-30 22:24:08] VPS重算: 200
[2026-06-30 22:32:01] 抓到 9 场
[2026-06-30 22:32:07] ✓ 盘口+参数已推送VPS
[2026-06-30 22:32:08] VPS重算: 200
[2026-06-30 22:40:01] 抓到 9 场
[2026-06-30 22:40:06] ✓ 盘口+参数已推送VPS
[2026-06-30 22:40:07] VPS重算: 200
[2026-06-30 22:48:01] 抓到 9 场
[2026-06-30 22:48:06] ✓ 盘口+参数已推送VPS
[2026-06-30 22:48:07] VPS重算: 200
[2026-06-30 22:56:01] 抓到 9 场
[2026-06-30 22:56:06] ✓ 盘口+参数已推送VPS
[2026-06-30 22:56:07] VPS重算: 200
[2026-06-30 23:00:01] 抓到 9 场
[2026-06-30 23:00:06] ✓ 盘口+参数已推送VPS
[2026-06-30 23:00:08] VPS重算: 200
[2026-06-30 23:08:01] 抓到 9 场
[2026-06-30 23:08:06] ✓ 盘口+参数已推送VPS
[2026-06-30 23:08:07] VPS重算: 200
[2026-06-30 23:16:01] 抓到 9 场
[2026-06-30 23:16:07] ✓ 盘口+参数已推送VPS
[2026-06-30 23:16:07] VPS重算: 200
[2026-06-30 23:24:02] 抓到 9 场
[2026-06-30 23:24:07] ✓ 盘口+参数已推送VPS
[2026-06-30 23:24:08] VPS重算: 200
[2026-06-30 23:32:01] 抓到 9 场
[2026-06-30 23:32:06] ✓ 盘口+参数已推送VPS
[2026-06-30 23:32:07] VPS重算: 200
[2026-06-30 23:40:01] 抓到 9 场
[2026-06-30 23:40:06] ✓ 盘口+参数已推送VPS
[2026-06-30 23:40:06] VPS重算: 200
[2026-06-30 23:48:01] 抓到 9 场
[2026-06-30 23:48:07] ✓ 盘口+参数已推送VPS
[2026-06-30 23:48:07] VPS重算: 200
[2026-06-30 23:56:02] 抓到 9 场
[2026-06-30 23:56:07] ✓ 盘口+参数已推送VPS
[2026-06-30 23:56:08] VPS重算: 200
[2026-07-01 00:00:01]   ⚠ 体彩抓取失败(<urlopen error [SSL: UNEXPECTED_EOF_WHILE_READING] EOF occurred in violation of protocol (_ssl.c:1000)>), 回退缓存 odds_parsed.json (4分钟前)
[2026-07-01 00:00:01] 抓到 9 场
[2026-07-01 00:00:12] ✗ 推送失败(VPS不可达或免密未配)
[2026-07-01 00:08:01] 抓到 9 场
[2026-07-01 00:08:08] ✓ 盘口+参数已推送VPS
[2026-07-01 00:08:09] VPS重算: 200
[2026-07-01 00:16:01] 抓到 9 场
[2026-07-01 00:16:07] ✓ 盘口+参数已推送VPS
[2026-07-01 00:16:07] VPS重算: 200
[2026-07-01 00:24:01] 抓到 9 场
[2026-07-01 00:24:07] ✓ 盘口+参数已推送VPS
[2026-07-01 00:24:08] VPS重算: 200
[2026-07-01 00:32:01] 抓到 9 场
[2026-07-01 00:32:07] ✓ 盘口+参数已推送VPS
[2026-07-01 00:32:08] VPS重算: 200
[2026-07-01 00:40:01] 抓到 9 场
[2026-07-01 00:40:07] ✓ 盘口+参数已推送VPS
[2026-07-01 00:40:08] VPS重算: 200
[2026-07-01 00:48:01] 抓到 9 场
[2026-07-01 00:48:06] ✓ 盘口+参数已推送VPS
[2026-07-01 00:48:07] VPS重算: 200
[2026-07-01 00:56:01] 抓到 9 场
[2026-07-01 00:56:07] ✓ 盘口+参数已推送VPS
[2026-07-01 00:56:08] VPS重算: 200
[2026-07-01 01:00:01] 抓到 9 场
[2026-07-01 01:00:06] ✓ 盘口+参数已推送VPS
[2026-07-01 01:00:07] VPS重算: 200
[2026-07-01 01:08:01] 抓到 8 场
[2026-07-01 01:08:07] ✓ 盘口+参数已推送VPS
[2026-07-01 01:08:08] VPS重算: 200
[2026-07-01 01:16:01] 抓到 8 场
[2026-07-01 01:16:07] ✓ 盘口+参数已推送VPS
[2026-07-01 01:16:08] VPS重算: 200
[2026-07-01 01:24:01] 抓到 8 场
[2026-07-01 01:24:07] ✓ 盘口+参数已推送VPS
[2026-07-01 01:24:08] VPS重算: 200
[2026-07-01 01:32:01] 抓到 8 场
[2026-07-01 01:32:07] ✓ 盘口+参数已推送VPS
[2026-07-01 01:32:08] VPS重算: 200
[2026-07-01 01:40:01] 抓到 8 场
[2026-07-01 01:40:08] ✓ 盘口+参数已推送VPS
[2026-07-01 01:40:09] VPS重算: 200
[2026-07-01 01:48:01] 抓到 8 场
[2026-07-01 01:48:07] ✓ 盘口+参数已推送VPS
[2026-07-01 01:48:08] VPS重算: 200
[2026-07-01 01:56:01] 抓到 8 场
[2026-07-01 01:56:07] ✓ 盘口+参数已推送VPS
[2026-07-01 01:56:08] VPS重算: 200
[2026-07-01 02:00:01] 抓到 8 场
[2026-07-01 02:00:07] ✓ 盘口+参数已推送VPS
[2026-07-01 02:00:07] VPS重算: 200
[2026-07-01 02:08:02] 抓到 8 场
[2026-07-01 02:08:08] ✓ 盘口+参数已推送VPS
[2026-07-01 02:08:09] VPS重算: 200
[2026-07-01 02:16:01] 抓到 8 场
[2026-07-01 02:16:07] ✓ 盘口+参数已推送VPS
[2026-07-01 02:16:08] VPS重算: 200
[2026-07-01 02:24:01] 抓到 8 场
[2026-07-01 02:24:07] ✓ 盘口+参数已推送VPS
[2026-07-01 02:24:08] VPS重算: 200
[2026-07-01 02:32:01] 抓到 8 场
[2026-07-01 02:32:07] ✓ 盘口+参数已推送VPS
[2026-07-01 02:32:08] VPS重算: 200
[2026-07-01 02:40:01] 抓到 8 场
[2026-07-01 02:40:07] ✓ 盘口+参数已推送VPS
[2026-07-01 02:40:07] VPS重算: 200
[2026-07-01 02:48:01] 抓到 8 场
[2026-07-01 02:48:07] ✓ 盘口+参数已推送VPS
[2026-07-01 02:48:08] VPS重算: 200
[2026-07-01 02:56:01] 抓到 8 场
[2026-07-01 02:56:07] ✓ 盘口+参数已推送VPS
[2026-07-01 02:56:07] VPS重算: 200
[2026-07-01 03:00:01] 抓到 8 场
[2026-07-01 03:00:06] ✓ 盘口+参数已推送VPS
[2026-07-01 03:00:08] VPS重算: 200
[2026-07-01 03:08:01] 抓到 8 场
[2026-07-01 03:08:06] ✓ 盘口+参数已推送VPS
[2026-07-01 03:08:07] VPS重算: 200
[2026-07-01 03:16:01] 抓到 8 场
[2026-07-01 03:16:07] ✓ 盘口+参数已推送VPS
[2026-07-01 03:16:08] VPS重算: 200
[2026-07-01 03:24:01] 抓到 8 场
[2026-07-01 03:24:06] ✓ 盘口+参数已推送VPS
[2026-07-01 03:24:07] VPS重算: 200
[2026-07-01 03:32:02] 抓到 8 场
[2026-07-01 03:32:08] ✓ 盘口+参数已推送VPS
[2026-07-01 03:32:09] VPS重算: 200
[2026-07-01 03:40:01] 抓到 8 场
[2026-07-01 03:40:07] ✓ 盘口+参数已推送VPS
[2026-07-01 03:40:08] VPS重算: 200
[2026-07-01 03:48:01] 抓到 8 场
[2026-07-01 03:48:07] ✓ 盘口+参数已推送VPS
[2026-07-01 03:48:08] VPS重算: 200
[2026-07-01 03:56:01] 抓到 8 场
[2026-07-01 03:56:06] ✓ 盘口+参数已推送VPS
[2026-07-01 03:56:07] VPS重算: 200
[2026-07-01 04:00:01] 抓到 8 场
[2026-07-01 04:00:06] ✓ 盘口+参数已推送VPS
[2026-07-01 04:00:07] VPS重算: 200
[2026-07-01 04:08:01] 抓到 8 场
[2026-07-01 04:08:07] ✓ 盘口+参数已推送VPS
[2026-07-01 04:08:08] VPS重算: 200
[2026-07-01 04:16:01] 抓到 8 场
[2026-07-01 04:16:07] ✓ 盘口+参数已推送VPS
[2026-07-01 04:16:08] VPS重算: 200
[2026-07-01 04:24:01] 抓到 8 场
[2026-07-01 04:24:07] ✓ 盘口+参数已推送VPS
[2026-07-01 04:24:08] VPS重算: 200
[2026-07-01 04:32:01] 抓到 8 场
[2026-07-01 04:32:06] ✓ 盘口+参数已推送VPS
[2026-07-01 04:32:07] VPS重算: 200
[2026-07-01 04:40:01] 抓到 8 场
[2026-07-01 04:40:07] ✓ 盘口+参数已推送VPS
[2026-07-01 04:40:08] VPS重算: 200
[2026-07-01 04:48:01] 抓到 8 场
[2026-07-01 04:48:07] ✓ 盘口+参数已推送VPS
[2026-07-01 04:48:08] VPS重算: 200
[2026-07-01 04:56:01] 抓到 8 场
[2026-07-01 04:56:07] ✓ 盘口+参数已推送VPS
[2026-07-01 04:56:08] VPS重算: 200
[2026-07-01 05:00:02] 抓到 8 场
[2026-07-01 05:00:07] ✓ 盘口+参数已推送VPS
[2026-07-01 05:00:07] VPS重算: 200
[2026-07-01 05:08:01] 抓到 7 场
[2026-07-01 05:08:07] ✓ 盘口+参数已推送VPS
[2026-07-01 05:08:08] VPS重算: 200
[2026-07-01 05:16:01] 抓到 7 场
[2026-07-01 05:16:07] ✓ 盘口+参数已推送VPS
[2026-07-01 05:16:08] VPS重算: 200
[2026-07-01 05:24:01] 抓到 7 场
[2026-07-01 05:24:06] ✓ 盘口+参数已推送VPS
[2026-07-01 05:24:07] VPS重算: 200
[2026-07-01 05:32:01] 抓到 7 场
[2026-07-01 05:32:07] ✓ 盘口+参数已推送VPS
[2026-07-01 05:32:08] VPS重算: 200
[2026-07-01 05:40:01] 抓到 7 场
[2026-07-01 05:40:07] ✓ 盘口+参数已推送VPS
[2026-07-01 05:40:08] VPS重算: 200
[2026-07-01 05:48:01] 抓到 7 场
[2026-07-01 05:48:06] ✓ 盘口+参数已推送VPS
[2026-07-01 05:48:07] VPS重算: 200
[2026-07-01 05:56:01] 抓到 7 场
[2026-07-01 05:56:07] ✓ 盘口+参数已推送VPS
[2026-07-01 05:56:08] VPS重算: 200
[2026-07-01 06:00:01] 抓到 7 场
[2026-07-01 06:00:07] ✓ 盘口+参数已推送VPS
[2026-07-01 06:00:07] VPS重算: 200
[2026-07-01 06:08:01] 抓到 7 场
[2026-07-01 06:08:07] ✓ 盘口+参数已推送VPS
[2026-07-01 06:08:08] VPS重算: 200
[2026-07-01 06:16:01] 抓到 7 场
[2026-07-01 06:16:07] ✓ 盘口+参数已推送VPS
[2026-07-01 06:16:08] VPS重算: 200
[2026-07-01 06:24:01] 抓到 7 场
[2026-07-01 06:24:06] ✓ 盘口+参数已推送VPS
[2026-07-01 06:24:07] VPS重算: 200
[2026-07-01 06:32:01] 抓到 7 场
[2026-07-01 06:32:07] ✓ 盘口+参数已推送VPS
[2026-07-01 06:32:08] VPS重算: 200
[2026-07-01 06:40:01] 抓到 7 场
[2026-07-01 06:40:07] ✓ 盘口+参数已推送VPS
[2026-07-01 06:40:08] VPS重算: 200
[2026-07-01 06:48:01] 抓到 7 场
[2026-07-01 06:48:07] ✓ 盘口+参数已推送VPS
[2026-07-01 06:48:07] VPS重算: 200
[2026-07-01 06:56:02] 抓到 7 场
[2026-07-01 06:56:07] ✓ 盘口+参数已推送VPS
[2026-07-01 06:56:08] VPS重算: 200
[2026-07-01 07:00:01] 抓到 7 场
[2026-07-01 07:00:07] ✓ 盘口+参数已推送VPS
[2026-07-01 07:00:07] VPS重算: 200
[2026-07-01 07:08:01] 抓到 7 场
[2026-07-01 07:08:07] ✓ 盘口+参数已推送VPS
[2026-07-01 07:08:08] VPS重算: 200
[2026-07-01 07:16:01] 抓到 7 场
[2026-07-01 07:16:06] ✓ 盘口+参数已推送VPS
[2026-07-01 07:16:07] VPS重算: 200
[2026-07-01 07:24:01] 抓到 7 场
[2026-07-01 07:24:07] ✓ 盘口+参数已推送VPS
[2026-07-01 07:24:08] VPS重算: 200
[2026-07-01 07:32:01] 抓到 7 场
[2026-07-01 07:32:10] ✓ 盘口+参数已推送VPS
[2026-07-01 07:32:11] VPS重算: 200
[2026-07-01 07:40:01] 抓到 7 场
[2026-07-01 07:40:10] ✓ 盘口+参数已推送VPS
[2026-07-01 07:40:11] VPS重算: 200
                                                                                                                            [2026-07-01 08:16:01] 抓到 7 场
[2026-07-01 08:16:06] ✓ 盘口+参数已推送VPS
[2026-07-01 08:16:07] VPS重算: 200
[2026-07-01 08:24:01] 抓到 7 场
[2026-07-01 08:24:06] ✓ 盘口+参数已推送VPS
[2026-07-01 08:24:06] VPS重算: 200
[2026-07-01 08:32:01] 抓到 7 场
[2026-07-01 08:32:06] ✓ 盘口+参数已推送VPS
[2026-07-01 08:32:06] VPS重算: 200
[2026-07-01 08:40:01] 抓到 7 场
[2026-07-01 08:40:07] ✓ 盘口+参数已推送VPS
[2026-07-01 08:40:08] VPS重算: 200
[2026-07-01 08:48:01] 抓到 7 场
[2026-07-01 08:48:06] ✓ 盘口+参数已推送VPS
[2026-07-01 08:48:07] VPS重算: 200
[2026-07-01 08:56:01] 抓到 7 场
[2026-07-01 08:56:07] ✓ 盘口+参数已推送VPS
[2026-07-01 08:56:07] VPS重算: 200
[2026-07-01 09:00:01] 抓到 7 场
[2026-07-01 09:00:05] ✓ 盘口+参数已推送VPS
[2026-07-01 09:00:06] VPS重算: 200
[2026-07-01 09:08:01] 抓到 6 场
[2026-07-01 09:08:06] ✓ 盘口+参数已推送VPS
[2026-07-01 09:08:07] VPS重算: 200
[2026-07-01 09:16:01] 抓到 6 场
[2026-07-01 09:16:06] ✓ 盘口+参数已推送VPS
[2026-07-01 09:16:08] VPS重算: 200
[2026-07-01 09:24:01] 抓到 7 场
[2026-07-01 09:24:07] ✓ 盘口+参数已推送VPS
[2026-07-01 09:24:07] VPS重算: 200
[2026-07-01 09:32:01] 抓到 7 场
[2026-07-01 09:32:07] ✓ 盘口+参数已推送VPS
[2026-07-01 09:32:08] VPS重算: 200
[2026-07-01 09:40:01] 抓到 7 场
[2026-07-01 09:40:08] ✓ 盘口+参数已推送VPS
[2026-07-01 09:40:09] VPS重算: 200
[2026-07-01 09:48:01] 抓到 7 场
[2026-07-01 09:48:07] ✓ 盘口+参数已推送VPS
[2026-07-01 09:48:08] VPS重算: 200
[2026-07-01 09:56:01] 抓到 7 场
[2026-07-01 09:56:08] ✓ 盘口+参数已推送VPS
[2026-07-01 09:56:08] VPS重算: 200
[2026-07-01 10:00:01] 抓到 7 场
[2026-07-01 10:00:06] ✓ 盘口+参数已推送VPS
[2026-07-01 10:00:07] VPS重算: 200
[2026-07-01 10:08:01] 抓到 6 场
[2026-07-01 10:08:08] ✓ 盘口+参数已推送VPS
[2026-07-01 10:08:09] VPS重算: 200
[2026-07-01 10:16:01] 抓到 6 场
[2026-07-01 10:16:06] ✓ 盘口+参数已推送VPS
[2026-07-01 10:16:07] VPS重算: 200
[2026-07-01 10:24:01] 抓到 6 场
[2026-07-01 10:24:06] ✓ 盘口+参数已推送VPS
[2026-07-01 10:24:07] VPS重算: 200
[2026-07-01 10:32:01] 抓到 6 场
[2026-07-01 10:32:06] ✓ 盘口+参数已推送VPS
[2026-07-01 10:32:07] VPS重算: 200
[2026-07-01 10:40:01] 抓到 6 场
[2026-07-01 10:40:06] ✓ 盘口+参数已推送VPS
[2026-07-01 10:40:07] VPS重算: 200
[2026-07-01 10:48:01] 抓到 6 场
[2026-07-01 10:48:07] ✓ 盘口+参数已推送VPS
[2026-07-01 10:48:08] VPS重算: 200
[2026-07-01 10:56:01] 抓到 6 场
[2026-07-01 10:56:07] ✓ 盘口+参数已推送VPS
[2026-07-01 10:56:07] VPS重算: 200
[2026-07-01 11:00:01] 抓到 6 场
[2026-07-01 11:00:05] ✓ 盘口+参数已推送VPS
[2026-07-01 11:00:06] VPS重算: 200
[2026-07-01 11:08:01] 抓到 9 场
[2026-07-01 11:08:06] ✓ 盘口+参数已推送VPS
[2026-07-01 11:08:08] VPS重算: 200
[2026-07-01 11:16:01] 抓到 9 场
[2026-07-01 11:16:06] ✓ 盘口+参数已推送VPS
[2026-07-01 11:16:07] VPS重算: 200
[2026-07-01 11:24:01] 抓到 9 场
[2026-07-01 11:24:06] ✓ 盘口+参数已推送VPS
[2026-07-01 11:24:06] VPS重算: 200
[2026-07-01 11:32:01] 抓到 9 场
[2026-07-01 11:32:06] ✓ 盘口+参数已推送VPS
[2026-07-01 11:32:07] VPS重算: 200
[2026-07-01 11:40:01] 抓到 9 场
[2026-07-01 11:40:05] ✓ 盘口+参数已推送VPS
[2026-07-01 11:40:06] VPS重算: 200
[2026-07-01 11:48:01] 抓到 9 场
[2026-07-01 11:48:06] ✓ 盘口+参数已推送VPS
[2026-07-01 11:48:07] VPS重算: 200
[2026-07-01 11:56:01] 抓到 9 场
[2026-07-01 11:56:06] ✓ 盘口+参数已推送VPS
[2026-07-01 11:56:07] VPS重算: 200
[2026-07-01 12:00:01] 抓到 9 场
[2026-07-01 12:00:05] ✓ 盘口+参数已推送VPS
[2026-07-01 12:00:06] VPS重算: 200
[2026-07-01 12:08:01] 抓到 9 场
[2026-07-01 12:08:07] ✓ 盘口+参数已推送VPS
[2026-07-01 12:08:08] VPS重算: 200
[2026-07-01 12:16:01] 抓到 9 场
[2026-07-01 12:16:07] ✓ 盘口+参数已推送VPS
[2026-07-01 12:16:08] VPS重算: 200
[2026-07-01 12:24:01] 抓到 9 场
[2026-07-01 12:24:06] ✓ 盘口+参数已推送VPS
[2026-07-01 12:24:07] VPS重算: 200
[2026-07-01 12:32:01] 抓到 9 场
[2026-07-01 12:32:07] ✓ 盘口+参数已推送VPS
[2026-07-01 12:32:08] VPS重算: 200
[2026-07-01 12:40:01] 抓到 9 场
[2026-07-01 12:40:06] ✓ 盘口+参数已推送VPS
[2026-07-01 12:40:07] VPS重算: 200
[2026-07-01 12:48:01] 抓到 9 场
[2026-07-01 12:48:07] ✓ 盘口+参数已推送VPS
[2026-07-01 12:48:08] VPS重算: 200
[2026-07-01 12:56:01] 抓到 9 场
[2026-07-01 12:56:07] ✓ 盘口+参数已推送VPS
[2026-07-01 12:56:08] VPS重算: 200
[2026-07-01 13:00:01] 抓到 9 场
[2026-07-01 13:00:06] ✓ 盘口+参数已推送VPS
[2026-07-01 13:00:07] VPS重算: 200
[2026-07-01 13:08:01] 抓到 9 场
[2026-07-01 13:08:05] ✓ 盘口+参数已推送VPS
[2026-07-01 13:08:06] VPS重算: 200
[2026-07-01 13:16:01] 抓到 9 场
[2026-07-01 13:16:06] ✓ 盘口+参数已推送VPS
[2026-07-01 13:16:07] VPS重算: 200
[2026-07-01 13:24:02] 抓到 9 场
[2026-07-01 13:24:07] ✓ 盘口+参数已推送VPS
[2026-07-01 13:24:08] VPS重算: 200
[2026-07-01 13:32:01] 抓到 9 场
[2026-07-01 13:32:06] ✓ 盘口+参数已推送VPS
[2026-07-01 13:32:07] VPS重算: 200
[2026-07-01 13:40:01] 抓到 9 场
[2026-07-01 13:40:06] ✓ 盘口+参数已推送VPS
[2026-07-01 13:40:07] VPS重算: 200
[2026-07-01 13:48:01] 抓到 9 场
[2026-07-01 13:48:06] ✓ 盘口+参数已推送VPS
[2026-07-01 13:48:07] VPS重算: 200
[2026-07-01 13:56:01] 抓到 9 场
[2026-07-01 13:56:06] ✓ 盘口+参数已推送VPS
[2026-07-01 13:56:06] VPS重算: 200
[2026-07-01 14:00:01] 抓到 9 场
[2026-07-01 14:00:06] ✓ 盘口+参数已推送VPS
[2026-07-01 14:00:07] VPS重算: 200
[2026-07-01 14:08:01] 抓到 9 场
[2026-07-01 14:08:07] ✓ 盘口+参数已推送VPS
[2026-07-01 14:08:08] VPS重算: 200
[2026-07-01 14:16:01] 抓到 9 场
[2026-07-01 14:16:05] ✓ 盘口+参数已推送VPS
[2026-07-01 14:16:06] VPS重算: 200
[2026-07-01 14:24:01] 抓到 9 场
[2026-07-01 14:24:06] ✓ 盘口+参数已推送VPS
[2026-07-01 14:24:07] VPS重算: 200
[2026-07-01 14:32:01] 抓到 9 场
[2026-07-01 14:32:06] ✓ 盘口+参数已推送VPS
[2026-07-01 14:32:07] VPS重算: 200
[2026-07-01 14:40:01] 抓到 9 场
[2026-07-01 14:40:06] ✓ 盘口+参数已推送VPS
[2026-07-01 14:40:06] VPS重算: 200
[2026-07-01 14:48:01] 抓到 9 场
[2026-07-01 14:48:06] ✓ 盘口+参数已推送VPS
[2026-07-01 14:48:07] VPS重算: 200
[2026-07-01 14:56:01] 抓到 9 场
[2026-07-01 14:56:06] ✓ 盘口+参数已推送VPS
[2026-07-01 14:56:07] VPS重算: 200
[2026-07-01 15:00:01] 抓到 9 场
[2026-07-01 15:00:05] ✓ 盘口+参数已推送VPS
[2026-07-01 15:00:06] VPS重算: 200
[2026-07-01 15:08:01] 抓到 9 场
[2026-07-01 15:08:06] ✓ 盘口+参数已推送VPS
[2026-07-01 15:08:07] VPS重算: 200
[2026-07-01 15:16:01] 抓到 9 场
[2026-07-01 15:16:06] ✓ 盘口+参数已推送VPS
[2026-07-01 15:16:07] VPS重算: 200
[2026-07-01 15:24:01] 抓到 9 场
[2026-07-01 15:24:06] ✓ 盘口+参数已推送VPS
[2026-07-01 15:24:06] VPS重算: 200
[2026-07-01 15:32:01] 抓到 9 场
[2026-07-01 15:32:06] ✓ 盘口+参数已推送VPS
[2026-07-01 15:32:07] VPS重算: 200
[2026-07-01 15:40:01] 抓到 9 场
[2026-07-01 15:40:06] ✓ 盘口+参数已推送VPS
[2026-07-01 15:40:07] VPS重算: 200
[2026-07-01 15:48:01] 抓到 9 场
[2026-07-01 15:48:06] ✓ 盘口+参数已推送VPS
[2026-07-01 15:48:07] VPS重算: 200
[2026-07-01 15:56:01] 抓到 9 场
[2026-07-01 15:56:06] ✓ 盘口+参数已推送VPS
[2026-07-01 15:56:06] VPS重算: 200
[2026-07-01 16:00:01] 抓到 9 场
[2026-07-01 16:00:05] ✓ 盘口+参数已推送VPS
[2026-07-01 16:00:06] VPS重算: 200
[2026-07-01 16:08:01] 抓到 9 场
[2026-07-01 16:08:06] ✓ 盘口+参数已推送VPS
[2026-07-01 16:08:06] VPS重算: 200
[2026-07-01 16:16:01] 抓到 9 场
[2026-07-01 16:16:06] ✓ 盘口+参数已推送VPS
[2026-07-01 16:16:06] VPS重算: 200
[2026-07-01 16:24:01] 抓到 9 场
[2026-07-01 16:24:06] ✓ 盘口+参数已推送VPS
[2026-07-01 16:24:07] VPS重算: 200
[2026-07-01 16:32:01] 抓到 9 场
[2026-07-01 16:32:06] ✓ 盘口+参数已推送VPS
[2026-07-01 16:32:07] VPS重算: 200
[2026-07-01 16:40:01] 抓到 9 场
[2026-07-01 16:40:06] ✓ 盘口+参数已推送VPS
[2026-07-01 16:40:06] VPS重算: 200
[2026-07-01 16:48:01] 抓到 9 场
[2026-07-01 16:48:06] ✓ 盘口+参数已推送VPS
[2026-07-01 16:48:07] VPS重算: 200
[2026-07-01 16:56:01] 抓到 9 场
[2026-07-01 16:56:05] ✓ 盘口+参数已推送VPS
[2026-07-01 16:56:06] VPS重算: 200
[2026-07-01 17:00:01] 抓到 9 场
[2026-07-01 17:00:06] ✓ 盘口+参数已推送VPS
[2026-07-01 17:00:07] VPS重算: 200
[2026-07-01 17:08:01] 抓到 9 场
[2026-07-01 17:08:06] ✓ 盘口+参数已推送VPS
[2026-07-01 17:08:06] VPS重算: 200
[2026-07-01 17:16:01] 抓到 9 场
[2026-07-01 17:16:06] ✓ 盘口+参数已推送VPS
[2026-07-01 17:16:06] VPS重算: 200
[2026-07-01 17:24:01] 抓到 9 场
[2026-07-01 17:24:06] ✓ 盘口+参数已推送VPS
[2026-07-01 17:24:06] VPS重算: 200
[2026-07-01 17:32:01] 抓到 9 场
[2026-07-01 17:32:06] ✓ 盘口+参数已推送VPS
[2026-07-01 17:32:07] VPS重算: 200
[2026-07-01 17:40:01] 抓到 9 场
[2026-07-01 17:40:06] ✓ 盘口+参数已推送VPS
[2026-07-01 17:40:07] VPS重算: 200
[2026-07-01 17:48:01] 抓到 9 场
[2026-07-01 17:48:06] ✓ 盘口+参数已推送VPS
[2026-07-01 17:48:07] VPS重算: 200
[2026-07-01 17:56:01] 抓到 9 场
[2026-07-01 17:56:06] ✓ 盘口+参数已推送VPS
[2026-07-01 17:56:07] VPS重算: 200
[2026-07-01 18:00:02] 抓到 9 场
[2026-07-01 18:00:06] ✓ 盘口+参数已推送VPS
[2026-07-01 18:00:07] VPS重算: 200
[2026-07-01 18:08:01] 抓到 9 场
[2026-07-01 18:08:06] ✓ 盘口+参数已推送VPS
[2026-07-01 18:08:07] VPS重算: 200
[2026-07-01 18:16:01] 抓到 9 场
[2026-07-01 18:16:06] ✓ 盘口+参数已推送VPS
[2026-07-01 18:16:07] VPS重算: 200
[2026-07-01 18:24:01] 抓到 9 场
[2026-07-01 18:24:06] ✓ 盘口+参数已推送VPS
[2026-07-01 18:24:07] VPS重算: 200
[2026-07-01 18:32:01] 抓到 9 场
[2026-07-01 18:32:06] ✓ 盘口+参数已推送VPS
[2026-07-01 18:32:07] VPS重算: 200
[2026-07-01 18:40:01] 抓到 9 场
[2026-07-01 18:40:07] ✓ 盘口+参数已推送VPS
[2026-07-01 18:40:08] VPS重算: 200
[2026-07-01 18:48:01] 抓到 9 场
[2026-07-01 18:48:05] ✓ 盘口+参数已推送VPS
[2026-07-01 18:48:06] VPS重算: 200
[2026-07-01 18:56:01] 抓到 9 场
[2026-07-01 18:56:04] ✓ 12个数据文件已同步VPS(rsync -u, 仅推送更新过的)
[2026-07-01 18:56:05] VPS重算: 200
[2026-07-01 19:00:01] 抓到 9 场
[2026-07-01 19:00:05] ✓ 12个数据文件已同步VPS(rsync -u, 仅推送更新过的)
[2026-07-01 19:00:07] VPS重算: 200
[2026-07-01 19:08:01] 抓到 9 场
[2026-07-01 19:08:05] ✓ 12个数据文件已同步VPS(rsync -u, 仅推送更新过的)
[2026-07-01 19:08:06] VPS重算: 200
[2026-07-01 19:16:01] 抓到 9 场
[2026-07-01 19:16:06] ✓ 12个数据文件已同步VPS(rsync -u, 仅推送更新过的)
[2026-07-01 19:16:07] VPS重算: 200
[2026-07-01 19:24:01] 抓到 9 场
[2026-07-01 19:24:05] ✓ 12个数据文件已同步VPS(rsync -u, 仅推送更新过的)
[2026-07-01 19:24:06] VPS重算: 200
[2026-07-01 19:32:01] 抓到 9 场
[2026-07-01 19:32:04] ✓ 12个数据文件已同步VPS(rsync -u, 仅推送更新过的)
[2026-07-01 19:32:05] VPS重算: 200
[2026-07-01 19:40:01] 抓到 9 场
[2026-07-01 19:40:05] ✓ 12个数据文件已同步VPS(rsync -u, 仅推送更新过的)
[2026-07-01 19:40:06] VPS重算: 200
[2026-07-01 19:48:01] 抓到 9 场
[2026-07-01 19:48:06] ✓ 12个数据文件已同步VPS(rsync -u, 仅推送更新过的)
[2026-07-01 19:48:07] VPS重算: 200
[2026-07-01 19:56:01] 抓到 9 场
[2026-07-01 19:56:05] ✓ 12个数据文件已同步VPS(rsync -u, 仅推送更新过的)
[2026-07-01 19:56:06] VPS重算: 200
[2026-07-01 20:00:01] 抓到 9 场
[2026-07-01 20:00:05] ✓ 12个数据文件已同步VPS(rsync -u, 仅推送更新过的)
[2026-07-01 20:00:06] VPS重算: 200
[2026-07-01 20:08:01] 抓到 9 场
[2026-07-01 20:08:06] ✓ 12个数据文件已同步VPS(rsync -u, 仅推送更新过的)
[2026-07-01 20:08:07] VPS重算: 200
[2026-07-01 20:16:01] 抓到 9 场
[2026-07-01 20:16:05] ✓ 12个数据文件已同步VPS(rsync -u, 仅推送更新过的)
[2026-07-01 20:16:06] VPS重算: 200
[2026-07-01 20:24:01] 抓到 9 场
[2026-07-01 20:24:05] ✓ 12个数据文件已同步VPS(rsync -u, 仅推送更新过的)
[2026-07-01 20:24:06] VPS重算: 200
[2026-07-01 20:32:01] 抓到 9 场
[2026-07-01 20:32:05] ✓ 12个数据文件已同步VPS(rsync -u, 仅推送更新过的)
[2026-07-01 20:32:06] VPS重算: 200
[2026-07-01 20:40:01] 抓到 9 场
[2026-07-01 20:40:04] ✓ 12个数据文件已同步VPS(rsync -u, 仅推送更新过的)
[2026-07-01 20:40:05] VPS重算: 200
[2026-07-01 20:48:01] 抓到 9 场
[2026-07-01 20:48:06] ✓ 12个数据文件已同步VPS(rsync -u, 仅推送更新过的)
[2026-07-01 20:48:07] VPS重算: 200
[2026-07-01 20:56:01] 抓到 9 场
[2026-07-01 20:56:05] ✓ 12个数据文件已同步VPS(rsync -u, 仅推送更新过的)
[2026-07-01 20:56:06] VPS重算: 200
[2026-07-01 21:00:01] 抓到 9 场
[2026-07-01 21:00:04] ✓ 12个数据文件已同步VPS(rsync -u, 仅推送更新过的)
[2026-07-01 21:00:05] VPS重算: 200
[2026-07-01 21:08:02] 抓到 9 场
[2026-07-01 21:08:06] ✓ 12个数据文件已同步VPS(rsync -u, 仅推送更新过的)
[2026-07-01 21:08:07] VPS重算: 200
[2026-07-01 21:16:01] 抓到 9 场
[2026-07-01 21:16:05] ✓ 12个数据文件已同步VPS(rsync -u, 仅推送更新过的)
[2026-07-01 21:16:06] VPS重算: 200
[2026-07-01 21:24:01] 抓到 9 场
[2026-07-01 21:24:06] ✓ 12个数据文件已同步VPS(rsync -u, 仅推送更新过的)
[2026-07-01 21:24:07] VPS重算: 200
[2026-07-01 21:32:01] 抓到 9 场
[2026-07-01 21:32:05] ✓ 12个数据文件已同步VPS(rsync -u, 仅推送更新过的)
[2026-07-01 21:32:06] VPS重算: 200
[2026-07-01 21:40:01] 抓到 9 场
[2026-07-01 21:40:06] ✓ 12个数据文件已同步VPS(rsync -u, 仅推送更新过的)
[2026-07-01 21:40:07] VPS重算: 200
[2026-07-01 21:48:01] 抓到 9 场
[2026-07-01 21:48:05] ✓ 12个数据文件已同步VPS(rsync -u, 仅推送更新过的)
[2026-07-01 21:48:06] VPS重算: 200
[2026-07-01 21:56:01] 抓到 9 场
[2026-07-01 21:56:05] ✓ 12个数据文件已同步VPS(rsync -u, 仅推送更新过的)
[2026-07-01 21:56:06] VPS重算: 200
[2026-07-01 22:00:01] 抓到 9 场
[2026-07-01 22:00:04] ✓ 12个数据文件已同步VPS(rsync -u, 仅推送更新过的)
[2026-07-01 22:00:05] VPS重算: 200
[2026-07-01 22:08:01] 抓到 9 场
[2026-07-01 22:08:05] ✓ 12个数据文件已同步VPS(rsync -u, 仅推送更新过的)
[2026-07-01 22:08:06] VPS重算: 200
[2026-07-01 22:16:01] 抓到 9 场
[2026-07-01 22:16:06] ✓ 12个数据文件已同步VPS(rsync -u, 仅推送更新过的)
[2026-07-01 22:16:07] VPS重算: 200
[2026-07-01 22:24:01] 抓到 9 场
[2026-07-01 22:24:06] ✓ 12个数据文件已同步VPS(rsync -u, 仅推送更新过的)
[2026-07-01 22:24:06] VPS重算: 200
[2026-07-01 22:32:01] 抓到 9 场
[2026-07-01 22:32:06] ✓ 12个数据文件已同步VPS(rsync -u, 仅推送更新过的)
[2026-07-01 22:32:06] VPS重算: 200
[2026-07-01 22:40:01] 抓到 9 场
[2026-07-01 22:40:05] ✓ 12个数据文件已同步VPS(rsync -u, 仅推送更新过的)
[2026-07-01 22:40:06] VPS重算: 200
[2026-07-01 22:48:01] 抓到 9 场
[2026-07-01 22:48:06] ✓ 12个数据文件已同步VPS(rsync -u, 仅推送更新过的)
[2026-07-01 22:48:06] VPS重算: 200
[2026-07-01 22:56:01] 抓到 9 场
[2026-07-01 22:56:06] ✓ 12个数据文件已同步VPS(rsync -u, 仅推送更新过的)
[2026-07-01 22:56:06] VPS重算: 200
[2026-07-01 23:00:01] 抓到 9 场
[2026-07-01 23:00:05] ✓ 12个数据文件已同步VPS(rsync -u, 仅推送更新过的)
[2026-07-01 23:00:06] VPS重算: 200
[2026-07-01 23:08:01] 抓到 9 场
[2026-07-01 23:08:05] ✓ 12个数据文件已同步VPS(rsync -u, 仅推送更新过的)
[2026-07-01 23:08:05] VPS重算: 200
[2026-07-02 00:00:01] 抓到 8 场
[2026-07-02 00:00:06] ✓ 12个数据文件已同步VPS(rsync -u, 仅推送更新过的)
[2026-07-02 00:00:06] VPS重算: 200
[2026-07-02 00:08:01] 抓到 8 场
[2026-07-02 00:08:06] ✓ 12个数据文件已同步VPS(rsync -u, 仅推送更新过的)
[2026-07-02 00:08:06] VPS重算: 200
[2026-07-02 00:16:01] 抓到 8 场
[2026-07-02 00:16:05] ✓ 12个数据文件已同步VPS(rsync -u, 仅推送更新过的)
[2026-07-02 00:16:05] VPS重算: 200
[2026-07-02 00:24:01] 抓到 8 场
[2026-07-02 00:24:06] ✓ 12个数据文件已同步VPS(rsync -u, 仅推送更新过的)
[2026-07-02 00:24:07] VPS重算: 200
[2026-07-02 00:32:01] 抓到 8 场
[2026-07-02 00:32:05] ✓ 12个数据文件已同步VPS(rsync -u, 仅推送更新过的)
[2026-07-02 00:32:06] VPS重算: 200
[2026-07-02 00:40:01] 抓到 8 场
[2026-07-02 00:40:06] ✓ 12个数据文件已同步VPS(rsync -u, 仅推送更新过的)
[2026-07-02 00:40:06] VPS重算: 200
[2026-07-02 00:48:01] 抓到 8 场
[2026-07-02 00:48:05] ✓ 12个数据文件已同步VPS(rsync -u, 仅推送更新过的)
[2026-07-02 00:48:06] VPS重算: 200
[2026-07-02 00:56:01]   ⚠ 体彩抓取失败(<urlopen error [Errno 104] Connection reset by peer>), 回退缓存 odds_parsed.json (8分钟前)
[2026-07-02 00:56:01] 抓到 8 场
[2026-07-02 00:56:22] ✗ 推送失败(VPS不可达或免密未配)
[2026-07-02 01:00:01] 抓到 8 场
[2026-07-02 01:00:05] ✓ 12个数据文件已同步VPS(rsync -u, 仅推送更新过的)
[2026-07-02 01:00:06] VPS重算: 200
[2026-07-02 01:08:01] 抓到 8 场
[2026-07-02 01:08:06] ✓ 12个数据文件已同步VPS(rsync -u, 仅推送更新过的)
[2026-07-02 01:08:07] VPS重算: 200
[2026-07-02 01:16:01] 抓到 8 场
[2026-07-02 01:16:06] ✓ 12个数据文件已同步VPS(rsync -u, 仅推送更新过的)
[2026-07-02 01:16:07] VPS重算: 200
[2026-07-02 01:24:01]   ⚠ 体彩抓取失败(<urlopen error [Errno -3] Temporary failure in name resolution>), 回退缓存 odds_parsed.json (8分钟前)
[2026-07-02 01:24:01] 抓到 8 场
[2026-07-02 01:24:25] ✓ 12个数据文件已同步VPS(rsync -u, 仅推送更新过的)
[2026-07-02 01:24:26] VPS重算: 200
[2026-07-02 01:32:01]   ⚠ 体彩抓取失败(<urlopen error [Errno -3] Temporary failure in name resolution>), 回退缓存 odds_parsed.json (16分钟前)
[2026-07-02 01:32:01] 抓到 8 场
[2026-07-02 01:32:31] ✗ 推送失败(VPS不可达或免密未配)
[2026-07-02 01:40:01] 抓到 8 场
[2026-07-02 01:40:06] ✓ 12个数据文件已同步VPS(rsync -u, 仅推送更新过的)
[2026-07-02 01:40:06] VPS重算: 200
[2026-07-02 01:48:01] 抓到 8 场
[2026-07-02 01:48:07] ✓ 12个数据文件已同步VPS(rsync -u, 仅推送更新过的)
[2026-07-02 01:48:08] VPS重算: 200
[2026-07-02 01:56:01] 抓到 8 场
[2026-07-02 01:56:05] ✓ 12个数据文件已同步VPS(rsync -u, 仅推送更新过的)
[2026-07-02 01:56:06] VPS重算: 200
[2026-07-02 02:00:01] 抓到 8 场
[2026-07-02 02:00:06] ✓ 12个数据文件已同步VPS(rsync -u, 仅推送更新过的)
[2026-07-02 02:00:07] VPS重算: 200
[2026-07-02 02:08:01] 抓到 8 场
[2026-07-02 02:08:05] ✓ 12个数据文件已同步VPS(rsync -u, 仅推送更新过的)
[2026-07-02 02:08:07] VPS重算: 200
[2026-07-02 02:16:01] 抓到 8 场
[2026-07-02 02:16:05] ✓ 12个数据文件已同步VPS(rsync -u, 仅推送更新过的)
[2026-07-02 02:16:07] VPS重算: 200
[2026-07-02 02:24:01] 抓到 8 场
[2026-07-02 02:24:05] ✓ 12个数据文件已同步VPS(rsync -u, 仅推送更新过的)
[2026-07-02 02:24:06] VPS重算: 200
[2026-07-02 02:32:01] 抓到 8 场
[2026-07-02 02:32:05] ✓ 12个数据文件已同步VPS(rsync -u, 仅推送更新过的)
[2026-07-02 02:32:06] VPS重算: 200
[2026-07-02 02:40:01] 抓到 8 场
[2026-07-02 02:40:06] ✓ 12个数据文件已同步VPS(rsync -u, 仅推送更新过的)
[2026-07-02 02:40:07] VPS重算: 200
[2026-07-02 02:48:01] 抓到 8 场
[2026-07-02 02:48:06] ✓ 12个数据文件已同步VPS(rsync -u, 仅推送更新过的)
[2026-07-02 02:48:07] VPS重算: 200
[2026-07-02 02:56:01] 抓到 8 场
[2026-07-02 02:56:06] ✓ 12个数据文件已同步VPS(rsync -u, 仅推送更新过的)
[2026-07-02 02:56:07] VPS重算: 200
[2026-07-02 03:00:01] 抓到 8 场
[2026-07-02 03:00:05] ✓ 12个数据文件已同步VPS(rsync -u, 仅推送更新过的)
[2026-07-02 03:00:06] VPS重算: 200
[2026-07-02 03:08:01] 抓到 8 场
[2026-07-02 03:08:05] ✓ 12个数据文件已同步VPS(rsync -u, 仅推送更新过的)
[2026-07-02 03:08:06] VPS重算: 200
[2026-07-02 03:16:01] 抓到 8 场
[2026-07-02 03:16:06] ✓ 12个数据文件已同步VPS(rsync -u, 仅推送更新过的)
[2026-07-02 03:16:06] VPS重算: 200
[2026-07-02 03:24:01] 抓到 8 场
[2026-07-02 03:24:05] ✓ 12个数据文件已同步VPS(rsync -u, 仅推送更新过的)
[2026-07-02 03:24:07] VPS重算: 200
[2026-07-02 03:32:01] 抓到 8 场
[2026-07-02 03:32:06] ✓ 12个数据文件已同步VPS(rsync -u, 仅推送更新过的)
[2026-07-02 03:32:07] VPS重算: 200
[2026-07-02 03:40:01] 抓到 8 场
[2026-07-02 03:40:05] ✓ 12个数据文件已同步VPS(rsync -u, 仅推送更新过的)
[2026-07-02 03:40:06] VPS重算: 200
[2026-07-02 03:48:01]   ⚠ 体彩抓取失败(<urlopen error [Errno -3] Temporary failure in name resolution>), 回退缓存 odds_parsed.json (8分钟前)
[2026-07-02 03:48:01] 抓到 8 场
[2026-07-02 03:48:36] ✗ 推送失败(VPS不可达或免密未配)
[2026-07-02 03:56:01] 抓到 8 场
[2026-07-02 03:56:06] ✓ 12个数据文件已同步VPS(rsync -u, 仅推送更新过的)
[2026-07-02 03:56:07] VPS重算: 200
[2026-07-02 04:00:01] 抓到 8 场
[2026-07-02 04:00:05] ✓ 12个数据文件已同步VPS(rsync -u, 仅推送更新过的)
[2026-07-02 04:00:06] VPS重算: 200
[2026-07-02 04:08:01] 抓到 7 场
[2026-07-02 04:08:06] ✓ 12个数据文件已同步VPS(rsync -u, 仅推送更新过的)
[2026-07-02 04:08:07] VPS重算: 200
[2026-07-02 04:16:01] 抓到 7 场
[2026-07-02 04:16:06] ✓ 12个数据文件已同步VPS(rsync -u, 仅推送更新过的)
[2026-07-02 04:16:07] VPS重算: 200
[2026-07-02 04:24:01] 抓到 7 场
[2026-07-02 04:24:05] ✓ 12个数据文件已同步VPS(rsync -u, 仅推送更新过的)
[2026-07-02 04:24:06] VPS重算: 200
[2026-07-02 04:32:01] 抓到 7 场
[2026-07-02 04:32:06] ✓ 12个数据文件已同步VPS(rsync -u, 仅推送更新过的)
[2026-07-02 04:32:06] VPS重算: 200
[2026-07-02 04:40:01] 抓到 7 场
[2026-07-02 04:40:06] ✓ 12个数据文件已同步VPS(rsync -u, 仅推送更新过的)
[2026-07-02 04:40:06] VPS重算: 200
[2026-07-02 04:48:01] 抓到 7 场
[2026-07-02 04:48:06] ✓ 12个数据文件已同步VPS(rsync -u, 仅推送更新过的)
[2026-07-02 04:48:07] VPS重算: 200
[2026-07-02 04:56:01] 抓到 7 场
[2026-07-02 04:56:06] ✓ 12个数据文件已同步VPS(rsync -u, 仅推送更新过的)
[2026-07-02 04:56:07] VPS重算: 200
[2026-07-02 05:00:02] 抓到 7 场
[2026-07-02 05:00:06] ✓ 12个数据文件已同步VPS(rsync -u, 仅推送更新过的)
[2026-07-02 05:00:06] VPS重算: 200
[2026-07-02 05:08:01] 抓到 7 场
[2026-07-02 05:08:05] ✓ 12个数据文件已同步VPS(rsync -u, 仅推送更新过的)
[2026-07-02 05:08:07] VPS重算: 200
[2026-07-02 05:16:01] 抓到 7 场
[2026-07-02 05:16:06] ✓ 12个数据文件已同步VPS(rsync -u, 仅推送更新过的)
[2026-07-02 05:16:07] VPS重算: 200
[2026-07-02 05:24:01] 抓到 7 场
[2026-07-02 05:24:06] ✓ 12个数据文件已同步VPS(rsync -u, 仅推送更新过的)
[2026-07-02 05:24:06] VPS重算: 200
[2026-07-02 05:32:01] 抓到 7 场
[2026-07-02 05:32:06] ✓ 12个数据文件已同步VPS(rsync -u, 仅推送更新过的)
[2026-07-02 05:32:07] VPS重算: 200
[2026-07-02 05:40:01] 抓到 7 场
[2026-07-02 05:40:06] ✓ 12个数据文件已同步VPS(rsync -u, 仅推送更新过的)
[2026-07-02 05:40:07] VPS重算: 200
[2026-07-02 05:48:01] 抓到 7 场
[2026-07-02 05:48:05] ✓ 12个数据文件已同步VPS(rsync -u, 仅推送更新过的)
[2026-07-02 05:48:06] VPS重算: 200
[2026-07-02 05:56:01] 抓到 7 场
[2026-07-02 05:56:05] ✓ 12个数据文件已同步VPS(rsync -u, 仅推送更新过的)
[2026-07-02 05:56:06] VPS重算: 200
[2026-07-02 06:00:01] 抓到 7 场
[2026-07-02 06:00:07] ✓ 12个数据文件已同步VPS(rsync -u, 仅推送更新过的)
[2026-07-02 06:00:08] VPS重算: 200
[2026-07-02 06:08:01] 抓到 7 场
[2026-07-02 06:08:05] ✓ 12个数据文件已同步VPS(rsync -u, 仅推送更新过的)
[2026-07-02 06:08:06] VPS重算: 200
[2026-07-02 06:16:01] 抓到 7 场
[2026-07-02 06:16:05] ✓ 12个数据文件已同步VPS(rsync -u, 仅推送更新过的)
[2026-07-02 06:16:06] VPS重算: 200
[2026-07-02 06:24:01] 抓到 7 场
[2026-07-02 06:24:05] ✓ 12个数据文件已同步VPS(rsync -u, 仅推送更新过的)
[2026-07-02 06:24:06] VPS重算: 200
[2026-07-02 06:32:01] 抓到 7 场
[2026-07-02 06:32:05] ✓ 12个数据文件已同步VPS(rsync -u, 仅推送更新过的)
[2026-07-02 06:32:05] VPS重算: 200
[2026-07-02 06:40:01] 抓到 7 场
[2026-07-02 06:40:05] ✓ 12个数据文件已同步VPS(rsync -u, 仅推送更新过的)
[2026-07-02 06:40:06] VPS重算: 200
[2026-07-02 06:48:01] 抓到 7 场
[2026-07-02 06:48:06] ✓ 12个数据文件已同步VPS(rsync -u, 仅推送更新过的)
[2026-07-02 06:48:07] VPS重算: 200
[2026-07-02 08:00:32] 抓到 6 场
[2026-07-02 08:00:37] ✓ 12个数据文件已同步VPS(rsync -u, 仅推送更新过的)
[2026-07-02 08:00:38] VPS重算: 200
[2026-07-02 08:08:01] 抓到 6 场
[2026-07-02 08:08:05] ✓ 12个数据文件已同步VPS(rsync -u, 仅推送更新过的)
[2026-07-02 08:08:06] VPS重算: 200
[2026-07-02 08:16:01] 抓到 6 场
[2026-07-02 08:16:05] ✓ 12个数据文件已同步VPS(rsync -u, 仅推送更新过的)
[2026-07-02 08:16:06] VPS重算: 200
[2026-07-02 08:24:01] 抓到 6 场
[2026-07-02 08:24:06] ✓ 12个数据文件已同步VPS(rsync -u, 仅推送更新过的)
[2026-07-02 08:24:07] VPS重算: 200
[2026-07-02 08:32:01] 抓到 6 场
[2026-07-02 08:32:06] ✓ 12个数据文件已同步VPS(rsync -u, 仅推送更新过的)
[2026-07-02 08:32:07] VPS重算: 200
[2026-07-02 08:40:01] 抓到 6 场
[2026-07-02 08:40:05] ✓ 12个数据文件已同步VPS(rsync -u, 仅推送更新过的)
[2026-07-02 08:40:07] VPS重算: 200
[2026-07-02 08:48:01] 抓到 6 场
[2026-07-02 08:48:05] ✓ 12个数据文件已同步VPS(rsync -u, 仅推送更新过的)
[2026-07-02 08:48:07] VPS重算: 200
[2026-07-02 08:56:01] 抓到 6 场
[2026-07-02 08:56:05] ✓ 12个数据文件已同步VPS(rsync -u, 仅推送更新过的)
[2026-07-02 08:56:06] VPS重算: 200
[2026-07-02 09:00:01] 抓到 6 场
[2026-07-02 09:00:04] ✓ 12个数据文件已同步VPS(rsync -u, 仅推送更新过的)
[2026-07-02 09:00:06] VPS重算: 200
[2026-07-02 09:08:01] 抓到 6 场
[2026-07-02 09:08:05] ✓ 12个数据文件已同步VPS(rsync -u, 仅推送更新过的)
[2026-07-02 09:08:06] VPS重算: 200
[2026-07-02 09:16:01] 抓到 6 场
[2026-07-02 09:16:04] ✓ 12个数据文件已同步VPS(rsync -u, 仅推送更新过的)
[2026-07-02 09:16:05] VPS重算: 200
[2026-07-02 09:24:01] 抓到 6 场
[2026-07-02 09:24:05] ✓ 12个数据文件已同步VPS(rsync -u, 仅推送更新过的)
[2026-07-02 09:24:06] VPS重算: 200
[2026-07-02 09:32:01] 抓到 6 场
[2026-07-02 09:32:04] ✓ 12个数据文件已同步VPS(rsync -u, 仅推送更新过的)
[2026-07-02 09:32:05] VPS重算: 200
[2026-07-02 09:40:01] 抓到 6 场
[2026-07-02 09:40:06] ✓ 12个数据文件已同步VPS(rsync -u, 仅推送更新过的)
[2026-07-02 09:40:06] VPS重算: 200
[2026-07-02 09:48:01] 抓到 6 场
[2026-07-02 09:48:05] ✓ 12个数据文件已同步VPS(rsync -u, 仅推送更新过的)
[2026-07-02 09:48:05] VPS重算: 200
[2026-07-02 09:56:01] 抓到 6 场
[2026-07-02 09:56:06] ✓ 12个数据文件已同步VPS(rsync -u, 仅推送更新过的)
[2026-07-02 09:56:06] VPS重算: 200
[2026-07-02 10:00:01] 抓到 6 场
[2026-07-02 10:00:05] ✓ 12个数据文件已同步VPS(rsync -u, 仅推送更新过的)
[2026-07-02 10:00:06] VPS重算: 200
[2026-07-02 10:08:01] 抓到 6 场
[2026-07-02 10:08:05] ✓ 12个数据文件已同步VPS(rsync -u, 仅推送更新过的)
[2026-07-02 10:08:06] VPS重算: 200
[2026-07-02 10:16:01] 抓到 6 场
[2026-07-02 10:16:05] ✓ 12个数据文件已同步VPS(rsync -u, 仅推送更新过的)
[2026-07-02 10:16:06] VPS重算: 200
[2026-07-02 10:24:01] 抓到 6 场
[2026-07-02 10:24:05] ✓ 12个数据文件已同步VPS(rsync -u, 仅推送更新过的)
[2026-07-02 10:24:05] VPS重算: 200
[2026-07-02 10:32:01] 抓到 6 场
[2026-07-02 10:32:06] ✓ 12个数据文件已同步VPS(rsync -u, 仅推送更新过的)
[2026-07-02 10:32:07] VPS重算: 200
[2026-07-02 10:40:01] 抓到 6 场
[2026-07-02 10:40:06] ✓ 12个数据文件已同步VPS(rsync -u, 仅推送更新过的)
[2026-07-02 10:40:07] VPS重算: 200
[2026-07-02 10:48:01] 抓到 6 场
[2026-07-02 10:48:06] ✓ 12个数据文件已同步VPS(rsync -u, 仅推送更新过的)
[2026-07-02 10:48:07] VPS重算: 200
[2026-07-02 10:56:01] 抓到 6 场
[2026-07-02 10:56:05] ✓ 12个数据文件已同步VPS(rsync -u, 仅推送更新过的)
[2026-07-02 10:56:06] VPS重算: 200
[2026-07-02 11:00:01] 抓到 6 场
[2026-07-02 11:00:05] ✓ 12个数据文件已同步VPS(rsync -u, 仅推送更新过的)
[2026-07-02 11:00:06] VPS重算: 200
[2026-07-02 11:08:01] 抓到 8 场
[2026-07-02 11:08:05] ✓ 12个数据文件已同步VPS(rsync -u, 仅推送更新过的)
[2026-07-02 11:08:06] VPS重算: 200
[2026-07-02 11:16:01] 抓到 8 场
[2026-07-02 11:16:05] ✓ 12个数据文件已同步VPS(rsync -u, 仅推送更新过的)
[2026-07-02 11:16:06] VPS重算: 200
[2026-07-02 11:24:01] 抓到 8 场
[2026-07-02 11:24:04] ✓ 12个数据文件已同步VPS(rsync -u, 仅推送更新过的)
[2026-07-02 11:24:06] VPS重算: 200
[2026-07-02 11:32:01] 抓到 8 场
[2026-07-02 11:32:05] ✓ 12个数据文件已同步VPS(rsync -u, 仅推送更新过的)
[2026-07-02 11:32:06] VPS重算: 200
[2026-07-02 11:40:01] 抓到 8 场
[2026-07-02 11:40:05] ✓ 12个数据文件已同步VPS(rsync -u, 仅推送更新过的)
[2026-07-02 11:40:06] VPS重算: 200
[2026-07-02 11:48:01] 抓到 8 场
[2026-07-02 11:48:06] ✓ 12个数据文件已同步VPS(rsync -u, 仅推送更新过的)
[2026-07-02 11:48:07] VPS重算: 200
[2026-07-02 11:56:01] 抓到 8 场
[2026-07-02 11:56:05] ✓ 12个数据文件已同步VPS(rsync -u, 仅推送更新过的)
[2026-07-02 11:56:06] VPS重算: 200
[2026-07-02 12:00:01] 抓到 8 场
[2026-07-02 12:00:05] ✓ 12个数据文件已同步VPS(rsync -u, 仅推送更新过的)
[2026-07-02 12:00:05] VPS重算: 200
[2026-07-02 12:08:01] 抓到 8 场
[2026-07-02 12:08:06] ✓ 12个数据文件已同步VPS(rsync -u, 仅推送更新过的)
[2026-07-02 12:08:07] VPS重算: 200
[2026-07-02 12:16:01] 抓到 8 场
[2026-07-02 12:16:06] ✓ 12个数据文件已同步VPS(rsync -u, 仅推送更新过的)
[2026-07-02 12:16:06] VPS重算: 200
[2026-07-02 12:24:01] 抓到 8 场
[2026-07-02 12:24:06] ✓ 12个数据文件已同步VPS(rsync -u, 仅推送更新过的)
[2026-07-02 12:24:07] VPS重算: 200
[2026-07-02 12:32:01] 抓到 8 场
[2026-07-02 12:32:05] ✓ 12个数据文件已同步VPS(rsync -u, 仅推送更新过的)
[2026-07-02 12:32:06] VPS重算: 200
[2026-07-02 12:40:01] 抓到 8 场
[2026-07-02 12:40:06] ✓ 12个数据文件已同步VPS(rsync -u, 仅推送更新过的)
[2026-07-02 12:40:07] VPS重算: 200
[2026-07-02 12:48:01] 抓到 8 场
[2026-07-02 12:48:05] ✓ 12个数据文件已同步VPS(rsync -u, 仅推送更新过的)
[2026-07-02 12:48:06] VPS重算: 200
[2026-07-02 12:56:01] 抓到 8 场
[2026-07-02 12:56:05] ✓ 12个数据文件已同步VPS(rsync -u, 仅推送更新过的)
[2026-07-02 12:56:06] VPS重算: 200
[2026-07-02 13:00:01] 抓到 8 场
[2026-07-02 13:00:04] ✓ 12个数据文件已同步VPS(rsync -u, 仅推送更新过的)
[2026-07-02 13:00:05] VPS重算: 200
[2026-07-02 13:08:01] 抓到 8 场
[2026-07-02 13:08:06] ✓ 12个数据文件已同步VPS(rsync -u, 仅推送更新过的)
[2026-07-02 13:08:06] VPS重算: 200
[2026-07-02 13:16:01] 抓到 8 场
[2026-07-02 13:16:05] ✓ 12个数据文件已同步VPS(rsync -u, 仅推送更新过的)
[2026-07-02 13:16:06] VPS重算: 200
[2026-07-02 13:24:01] 抓到 8 场
[2026-07-02 13:24:04] ✓ 12个数据文件已同步VPS(rsync -u, 仅推送更新过的)
[2026-07-02 13:24:05] VPS重算: 200
[2026-07-02 13:32:01] 抓到 8 场
[2026-07-02 13:32:05] ✓ 12个数据文件已同步VPS(rsync -u, 仅推送更新过的)
[2026-07-02 13:32:06] VPS重算: 200
[2026-07-02 13:40:01] 抓到 8 场
[2026-07-02 13:40:06] ✓ 12个数据文件已同步VPS(rsync -u, 仅推送更新过的)
[2026-07-02 13:40:07] VPS重算: 200
[2026-07-02 13:48:01] 抓到 9 场
[2026-07-02 13:48:05] ✓ 12个数据文件已同步VPS(rsync -u, 仅推送更新过的)
[2026-07-02 13:48:06] VPS重算: 200
[2026-07-02 13:56:01] 抓到 9 场
[2026-07-02 13:56:05] ✓ 12个数据文件已同步VPS(rsync -u, 仅推送更新过的)
[2026-07-02 13:56:05] VPS重算: 200
[2026-07-02 14:00:01] 抓到 9 场
[2026-07-02 14:00:04] ✓ 11个数据文件已同步VPS(rsync -u, 仅推送更新过的)
[2026-07-02 14:00:05] VPS重算: 200
[2026-07-02 14:08:01] Traceback (most recent call last):
[2026-07-02 14:08:01]   File "<string>", line 4, in <module>
[2026-07-02 14:08:01]   File "/home/hetaisheng/soccerdata/wc_analysis/predict.py", line 182, in fetch_sporttery
[2026-07-02 14:08:01]     parsed_cache.write_text(
[2026-07-02 14:08:01]   File "/usr/lib/python3.12/pathlib.py", line 1049, in write_text
[2026-07-02 14:08:01]     with self.open(mode='w', encoding=encoding, errors=errors, newline=newline) as f:
[2026-07-02 14:08:01] OSError: [Errno 28] No space left on device
[2026-07-02 14:08:06] ✓ 11个数据文件已同步VPS(rsync[2026-07-02 14:16:01] 抓到 9 场
[2026-07-02 14:16:06] ✓ 11个数据文件已同步VPS(rsync -u, 仅推送更新过的)
[2026-07-02 14:16:06] VPS重算: 200
[2026-07-02 14:24:01] 抓到 9 场
[2026-07-02 14:24:04] ✓ 11个数据文件已同步VPS(rsync -u, 仅推送更新过的)
[2026-07-02 14:24:05] VPS重算: 200
[2026-07-02 14:32:01] 抓到 9 场
[2026-07-02 14:32:04] ✓ 11个数据文件已同步VPS(rsync -u, 仅推送更新过的)
[2026-07-02 14:32:05] VPS重算: 200
[2026-07-02 14:40:01] 抓到 9 场
[2026-07-02 14:40:04] ✓ 11个数据文件已同步VPS(rsync -u, 仅推送更新过的)
[2026-07-02 14:40:05] VPS重算: 200
[2026-07-02 14:48:01] 抓到 9 场
[2026-07-02 14:48:05] ✓ 11个数据文件已同步VPS(rsync -u, 仅推送更新过的)
[2026-07-02 14:48:06] VPS重算: 200
[2026-07-02 14:56:01] 抓到 9 场
[2026-07-02 14:56:06] ✓ 11个数据文件已同步VPS(rsync -u, 仅推送更新过的)
[2026-07-02 14:56:07] VPS重算: 200
[2026-07-02 15:00:01] 抓到 9 场
[2026-07-02 15:00:04] ✓ 11个数据文件已同步VPS(rsync -u, 仅推送更新过的)
[2026-07-02 15:00:06] VPS重算: 200
[2026-07-02 15:08:01] 抓到 9 场
[2026-07-02 15:08:05] ✓ 11个数据文件已同步VPS(rsync -u, 仅推送更新过的)
[2026-07-02 15:08:06] VPS重算: 200
[2026-07-02 15:16:01] 抓到 9 场
[2026-07-02 15:16:06] ✓ 11个数据文件已同步VPS(rsync -u, 仅推送更新过的)
[2026-07-02 15:16:06] VPS重算: 200
[2026-07-02 15:24:01] 抓到 9 场
[2026-07-02 15:24:05] ✓ 11个数据文件已同步VPS(rsync -u, 仅推送更新过的)
[2026-07-02 15:24:06] VPS重算: 200
[2026-07-02 15:32:01] 抓到 9 场
[2026-07-02 15:32:06] ✓ 11个数据文件已同步VPS(rsync -u, 仅推送更新过的)
[2026-07-02 15:32:08] VPS重算: 200
[2026-07-02 15:40:01] 抓到 9 场
[2026-07-02 15:40:05] ✓ 11个数据文件已同步VPS(rsync -u, 仅推送更新过的)
[2026-07-02 15:40:06] VPS重算: 200
[2026-07-02 15:48:02] 抓到 9 场
[2026-07-02 15:48:05] ✓ 11个数据文件已同步VPS(rsync -u, 仅推送更新过的)
[2026-07-02 15:48:06] VPS重算: 200
[2026-07-02 15:56:01] 抓到 9 场
[2026-07-02 15:56:05] ✓ 11个数据文件已同步VPS(rsync -u, 仅推送更新过的)
[2026-07-02 15:56:06] VPS重算: 200
[2026-07-02 16:00:01] 抓到 9 场
[2026-07-02 16:00:05] ✓ 11个数据文件已同步VPS(rsync -u, 仅推送更新过的)
[2026-07-02 16:00:06] VPS重算: 200
[2026-07-02 16:08:01] 抓到 9 场
[2026-07-02 16:08:05] ✓ 11个数据文件已同步VPS(rsync -u, 仅推送更新过的)
[2026-07-02 16:08:06] VPS重算: 200
[2026-07-02 16:16:01] 抓到 9 场
[2026-07-02 16:16:05] ✓ 11个数据文件已同步VPS(rsync -u, 仅推送更新过的)
[2026-07-02 16:16:05] VPS重算: 200
[2026-07-02 16:24:01] 抓到 9 场
[2026-07-02 16:24:05] ✓ 11个数据文件已同步VPS(rsync -u, 仅推送更新过的)
[2026-07-02 16:24:06] VPS重算: 200
[2026-07-02 16:32:01] 抓到 9 场
[2026-07-02 16:32:06] ✓ 11个数据文件已同步VPS(rsync -u, 仅推送更新过的)
[2026-07-02 16:32:07] VPS重算: 200
[2026-07-02 20:08:01] 抓到 9 场
[2026-07-02 20:08:48] ✓ 11个数据文件已同步VPS(rsync -u, 仅推送更新过的)
[2026-07-02 20:08:50] VPS重算: 200
[2026-07-02 20:16:01]   ⚠ 体彩抓取失败(The read operation timed out), 回退缓存 odds_parsed.json (8分钟前)
[2026-07-02 20:16:01] 抓到 9 场
[2026-07-02 20:17:12] ✓ 11个数据文件已同步VPS(rsync -u, 仅推送更新过的)
[2026-07-02 20:17:13] VPS重算: 200
[2026-07-02 20:24:01] 抓到 9 场
[2026-07-02 20:24:25] ✓ 11个数据文件已同步VPS(rsync -u, 仅推送更新过的)
[2026-07-02 20:24:29] VPS重算: 200
[2026-07-02 20:32:01] 抓到 9 场
[2026-07-02 20:32:05] ✓ 11个数据文件已同步VPS(rsync -u, 仅推送更新过的)
[2026-07-02 20:32:07] VPS重算: 200
[2026-07-02 20:40:01]   ⚠ 体彩抓取失败(<urlopen error [Errno -3] Temporary failure in name resolution>), 回退缓存 odds_parsed.json (8分钟前)
[2026-07-02 20:40:01] 抓到 9 场
[2026-07-02 20:40:28] ✓ 11个数据文件已同步VPS(rsync -u, 仅推送更新过的)
[2026-07-02 20:40:31] VPS重算: 200
[2026-07-02 20:48:01]   ⚠ 体彩抓取失败(<urlopen error [Errno -3] Temporary failure in name resolution>), 回退缓存 odds_parsed.json (16分钟前)
[2026-07-02 20:48:01] 抓到 9 场
[2026-07-02 20:48:23] ✗ 推送失败(VPS不可达或免密未配)
[2026-07-02 20:56:01]   ⚠ 体彩抓取失败(<urlopen error [Errno -3] Temporary failure in name resolution>), 回退缓存 odds_parsed.json (24分钟前)
[2026-07-02 20:56:01] 抓到 9 场
[2026-07-02 20:56:23] ✗ 推送失败(VPS不可达或免密未配)
[2026-07-02 21:00:01]   ⚠ 体彩抓取失败(<urlopen error [SSL: UNEXPECTED_EOF_WHILE_READING] EOF occurred in violation of protocol (_ssl.c:1000)>), 回退缓存 odds_parsed.json (28分钟前)
[2026-07-02 21:00:01] 抓到 9 场
[2026-07-02 21:00:43] ✓ 11个数据文件已同步VPS(rsync -u, 仅推送更新过的)
[2026-07-02 21:00:44] VPS重算: 200
[2026-07-02 21:08:01]   ⚠ 体彩抓取失败(<urlopen error [Errno -3] Temporary failure in name resolution>), 回退缓存 odds_parsed.json (36分钟前)
[2026-07-02 21:08:01] 抓到 9 场
[2026-07-02 21:08:38] ✓ 11个数据文件已同步VPS(rsync -u, 仅推送更新过的)
[2026-07-02 21:08:39] VPS重算: 200
[2026-07-02 21:16:01] 抓到 9 场
[2026-07-02 21:16:09] ✓ 11个数据文件已同步VPS(rsync -u, 仅推送更新过的)
[2026-07-02 21:16:10] VPS重算: 200
[2026-07-02 21:24:01] 抓到 9 场
[2026-07-02 21:24:07] ✓ 11个数据文件已同步VPS(rsync -u, 仅推送更新过的)
[2026-07-02 21:24:09] VPS重算: 200
[2026-07-02 21:32:01] 抓到 9 场
[2026-07-02 21:32:07] ✓ 11个数据文件已同步VPS(rsync -u, 仅推送更新过的)
[2026-07-02 21:32:08] VPS重算: 200
[2026-07-02 21:40:01]   ⚠ 体彩抓取失败(IncompleteRead(48736 bytes read, 48764 more expected)), 回退缓存 odds_parsed.json (8分钟前)
[2026-07-02 21:40:01] 抓到 9 场
[2026-07-02 21:40:36] ✗ 推送失败(VPS不可达或免密未配)
[2026-07-02 21:48:01] 抓到 9 场
[2026-07-02 21:48:08] ✓ 11个数据文件已同步VPS(rsync -u, 仅推送更新过的)
[2026-07-02 21:48:09] VPS重算: 200
[2026-07-02 21:56:01] 抓到 9 场
[2026-07-02 21:56:15] ✓ 11个数据文件已同步VPS(rsync -u, 仅推送更新过的)
[2026-07-02 21:56:20] VPS重算: 200
[2026-07-02 22:00:01] 抓到 9 场
[2026-07-02 22:00:23] ✓ 11个数据文件已同步VPS(rsync -u, 仅推送更新过的)
[2026-07-02 22:00:24] VPS重算: 200
[2026-07-02 22:08:01] 抓到 9 场
[2026-07-02 22:08:17] ✓ 11个数据文件已同步VPS(rsync -u, 仅推送更新过的)
[2026-07-02 22:08:40] VPS重算: 000
[2026-07-02 22:16:01]   ⚠ 体彩抓取失败(<urlopen error [Errno -3] Temporary failure in name resolution>), 回退缓存 odds_parsed.json (8分钟前)
[2026-07-02 22:16:01] 抓到 9 场
[2026-07-02 22:16:25] ✗ 推送失败(VPS不可达或免密未配)
[2026-07-02 22:24:01]   ⚠ 体彩抓取失败(<urlopen error [Errno -3] Temporary failure in name resolution>), 回退缓存 odds_parsed.json (16分钟前)
[2026-07-02 22:24:01] 抓到 9 场
[2026-07-02 22:24:30] ✗ 推送失败(VPS不可达或免密未配)
[2026-07-03 02:08:06]   ⚠ 体彩抓取失败(<urlopen error [Errno -3] Temporary failure in name resolution>), 回退缓存 odds_parsed.json (240分钟前)
[2026-07-03 02:08:06] 抓到 9 场
[2026-07-03 02:08:32] ✗ 推送失败(VPS不可达或免密未配)
[2026-07-03 02:16:01]   ⚠ 体彩抓取失败(<urlopen error [Errno -3] Temporary failure in name resolution>), 回退缓存 odds_parsed.json (248分钟前)
[2026-07-03 02:16:01] 抓到 9 场
[2026-07-03 02:16:26] ✓ 11个数据文件已同步VPS(rsync -u, 仅推送更新过的)
[2026-07-03 02:16:27] VPS重算: 200
[2026-07-03 02:24:01] 抓到 9 场
[2026-07-03 02:24:06] ✓ 11个数据文件已同步VPS(rsync -u, 仅推送更新过的)
[2026-07-03 02:24:07] VPS重算: 200
[2026-07-03 02:32:01] 抓到 9 场
[2026-07-03 02:32:08] ✓ 11个数据文件已同步VPS(rsync -u, 仅推送更新过的)
[2026-07-03 02:32:09] VPS重算: 200
[2026-07-03 02:40:01]   ⚠ 体彩抓取失败(IncompleteRead(65120 bytes read, 32370 more expected)), 回退缓存 odds_parsed.json (8分钟前)
[2026-07-03 02:40:01] 抓到 9 场
[2026-07-03 02:40:18] ✗ 推送失败(VPS不可达或免密未配)
[2026-07-03 02:48:01] 抓到 9 场
[2026-07-03 02:48:20] ✓ 11个数据文件已同步VPS(rsync -u, 仅推送更新过的)
[2026-07-03 02:48:21] VPS重算: 200
[2026-07-03 02:56:01] 抓到 9 场
[2026-07-03 02:56:19] ✓ 11个数据文件已同步VPS(rsync -u, 仅推送更新过的)
[2026-07-03 02:56:20] VPS重算: 200
[2026-07-03 03:00:01] 抓到 9 场
[2026-07-03 03:00:18] ✓ 11个数据文件已同步VPS(rsync -u, 仅推送更新过的)
[2026-07-03 03:00:19] VPS重算: 200
[2026-07-03 03:08:01] 抓到 8 场
[2026-07-03 03:08:06] ✓ 11个数据文件已同步VPS(rsync -u, 仅推送更新过的)
[2026-07-03 03:08:07] VPS重算: 200
[2026-07-03 03:16:01] 抓到 8 场
[2026-07-03 03:16:07] ✓ 11个数据文件已同步VPS(rsync -u, 仅推送更新过的)
[2026-07-03 03:16:09] VPS重算: 200
[2026-07-03 03:24:01] 抓到 8 场
[2026-07-03 03:24:07] ✓ 11个数据文件已同步VPS(rsync -u, 仅推送更新过的)
[2026-07-03 03:24:13] VPS重算: 200
[2026-07-03 03:32:01] 抓到 8 场
[2026-07-03 03:32:15] ✓ 11个数据文件已同步VPS(rsync -u, 仅推送更新过的)
[2026-07-03 03:32:15] VPS重算: 200
[2026-07-03 03:40:01] 抓到 8 场
[2026-07-03 03:40:52] ✓ 11个数据文件已同步VPS(rsync -u, 仅推送更新过的)
[2026-07-03 03:41:01] VPS重算: 200
[2026-07-03 03:48:01] 抓到 8 场
[2026-07-03 03:48:11] ✓ 11个数据文件已同步VPS(rsync -u, 仅推送更新过的)
[2026-07-03 03:48:13] VPS重算: 200
[2026-07-03 03:56:01] 抓到 8 场
[2026-07-03 03:56:05] ✓ 11个数据文件已同步VPS(rsync -u, 仅推送更新过的)
[2026-07-03 03:56:05] VPS重算: 200
[2026-07-03 04:00:01] 抓到 8 场
[2026-07-03 04:00:06] ✓ 11个数据文件已同步VPS(rsync -u, 仅推送更新过的)
[2026-07-03 04:00:07] VPS重算: 200
[2026-07-03 04:08:01] 抓到 8 场
[2026-07-03 04:08:06] ✓ 11个数据文件已同步VPS(rsync -u, 仅推送更新过的)
[2026-07-03 04:08:07] VPS重算: 200
[2026-07-03 04:16:01] 抓到 8 场
[2026-07-03 04:16:14] ✓ 11个数据文件已同步VPS(rsync -u, 仅推送更新过的)
[2026-07-03 04:16:15] VPS重算: 200
[2026-07-03 04:24:01]   ⚠ 体彩抓取失败(IncompleteRead(65120 bytes read, 22541 more expected)), 回退缓存 odds_parsed.json (8分钟前)
[2026-07-03 04:24:01] 抓到 8 场
[2026-07-03 04:24:23] ✓ 11个数据文件已同步VPS(rsync -u, 仅推送更新过的)
[2026-07-03 04:24:24] VPS重算: 200
[2026-07-03 05:56:01]   ⚠ 体彩抓取失败(<urlopen error [Errno -3] Temporary failure in name resolution>), 回退缓存 odds_parsed.json (100分钟前)
[2026-07-03 05:56:01] 抓到 8 场
[2026-07-03 05:57:07] ✓ 11个数据文件已同步VPS(rsync -u, 仅推送更新过的)
[2026-07-03 05:57:27] VPS重算: 000
[2026-07-03 06:00:01] 抓到 8 场
[2026-07-03 06:00:13] ✓ 11个数据文件已同步VPS(rsync -u, 仅推送更新过的)
[2026-07-03 06:00:24] VPS重算: 200
[2026-07-03 06:08:01] 抓到 8 场
[2026-07-03 06:08:16] ✓ 11个数据文件已同步VPS(rsync -u, 仅推送更新过的)
[2026-07-03 06:08:18] VPS重算: 200
[2026-07-03 06:16:01] 抓到 8 场
[2026-07-03 06:16:12] ✓ 11个数据文件已同步VPS(rsync -u, 仅推送更新过的)
[2026-07-03 06:16:13] VPS重算: 200
[2026-07-03 06:24:01] 抓到 8 场
[2026-07-03 06:24:07] ✓ 11个数据文件已同步VPS(rsync -u, 仅推送更新过的)
[2026-07-03 06:24:08] VPS重算: 200
[2026-07-03 06:32:01] 抓到 8 场
[2026-07-03 06:32:08] ✓ 11个数据文件已同步VPS(rsync -u, 仅推送更新过的)
[2026-07-03 06:32:09] VPS重算: 200
[2026-07-03 07:48:02] 抓到 7 场
[2026-07-03 07:48:07] ✓ 11个数据文件已同步VPS(rsync -u, 仅推送更新过的)
[2026-07-03 07:48:08] VPS重算: 200
[2026-07-03 07:56:01] 抓到 7 场
[2026-07-03 07:56:05] ✓ 11个数据文件已同步VPS(rsync -u, 仅推送更新过的)
[2026-07-03 07:56:06] VPS重算: 200
[2026-07-03 08:00:01] 抓到 7 场
[2026-07-03 08:00:05] ✓ 11个数据文件已同步VPS(rsync -u, 仅推送更新过的)
[2026-07-03 08:00:06] VPS重算: 200
[2026-07-03 08:08:01] 抓到 7 场
[2026-07-03 08:08:06] ✓ 11个数据文件已同步VPS(rsync -u, 仅推送更新过的)
[2026-07-03 08:08:08] VPS重算: 200
[2026-07-03 08:16:01] 抓到 7 场
[2026-07-03 08:16:06] ✓ 11个数据文件已同步VPS(rsync -u, 仅推送更新过的)
[2026-07-03 08:16:07] VPS重算: 200
[2026-07-03 08:24:01] 抓到 7 场
[2026-07-03 08:24:07] ✓ 11个数据文件已同步VPS(rsync -u, 仅推送更新过的)
[2026-07-03 08:24:08] VPS重算: 200
[2026-07-03 08:32:02] 抓到 7 场
[2026-07-03 08:32:06] ✓ 11个数据文件已同步VPS(rsync -u, 仅推送更新过的)
[2026-07-03 08:32:07] VPS重算: 200
[2026-07-03 08:40:01] 抓到 7 场
[2026-07-03 08:40:07] ✓ 11个数据文件已同步VPS(rsync -u, 仅推送更新过的)
[2026-07-03 08:40:08] VPS重算: 200
[2026-07-03 08:48:01] 抓到 7 场
[2026-07-03 08:48:06] ✓ 11个数据文件已同步VPS(rsync -u, 仅推送更新过的)
[2026-07-03 08:48:06] VPS重算: 200
[2026-07-03 08:56:01] 抓到 7 场
[2026-07-03 08:56:05] ✓ 11个数据文件已同步VPS(rsync -u, 仅推送更新过的)
[2026-07-03 08:56:06] VPS重算: 200
[2026-07-03 09:00:01] 抓到 7 场
[2026-07-03 09:00:05] ✓ 11个数据文件已同步VPS(rsync -u, 仅推送更新过的)
[2026-07-03 09:00:06] VPS重算: 200
[2026-07-03 09:08:01] 抓到 7 场
[2026-07-03 09:08:05] ✓ 11个数据文件已同步VPS(rsync -u, 仅推送更新过的)
[2026-07-03 09:08:06] VPS重算: 200
[2026-07-03 09:16:01] 抓到 7 场
[2026-07-03 09:16:07] ✓ 11个数据文件已同步VPS(rsync -u, 仅推送更新过的)
[2026-07-03 09:16:07] VPS重算: 200
[2026-07-03 09:24:01] 抓到 7 场
[2026-07-03 09:24:06] ✓ 11个数据文件已同步VPS(rsync -u, 仅推送更新过的)
[2026-07-03 09:24:07] VPS重算: 200
[2026-07-03 09:32:01] 抓到 7 场
[2026-07-03 09:32:05] ✓ 11个数据文件已同步VPS(rsync -u, 仅推送更新过的)
[2026-07-03 09:32:07] VPS重算: 200
[2026-07-03 09:40:01] 抓到 7 场
[2026-07-03 09:40:06] ✓ 11个数据文件已同步VPS(rsync -u, 仅推送更新过的)
[2026-07-03 09:40:07] VPS重算: 200
[2026-07-03 09:48:01]   ⚠ 体彩抓取失败(<urlopen error [Errno -3] Temporary failure in name resolution>), 回退缓存 odds_parsed.json (8分钟前)
[2026-07-03 09:48:01] 抓到 7 场
[2026-07-03 09:48:16] ✗ 推送失败(VPS不可达或免密未配)
[2026-07-03 09:56:01]   ⚠ 体彩抓取失败(<urlopen error [Errno -3] Temporary failure in name resolution>), 回退缓存 odds_parsed.json (16分钟前)
[2026-07-03 09:56:01] 抓到 7 场
[2026-07-03 09:56:17] ✗ 推送失败(VPS不可达或免密未配)
[2026-07-03 10:00:01] 抓到 7 场
[2026-07-03 10:00:07] ✓ 11个数据文件已同步VPS(rsync -u, 仅推送更新过的)
[2026-07-03 10:00:08] VPS重算: 200
[2026-07-03 10:08:01] 抓到 7 场
[2026-07-03 10:08:06] ✓ 11个数据文件已同步VPS(rsync -u, 仅推送更新过的)
[2026-07-03 10:08:07] VPS重算: 200
[2026-07-03 10:16:01] 抓到 7 场
[2026-07-03 10:16:05] ✓ 11个数据文件已同步VPS(rsync -u, 仅推送更新过的)
[2026-07-03 10:16:07] VPS重算: 200
[2026-07-03 10:24:01] 抓到 7 场
[2026-07-03 10:24:22] ✓ 11个数据文件已同步VPS(rsync -u, 仅推送更新过的)
[2026-07-03 10:24:23] VPS重算: 200
[2026-07-03 10:32:01] 抓到 7 场
[2026-07-03 10:32:06] ✓ 11个数据文件已同步VPS(rsync -u, 仅推送更新过的)
[2026-07-03 10:32:07] VPS重算: 200
[2026-07-03 10:40:01] 抓到 7 场
[2026-07-03 10:40:05] ✓ 11个数据文件已同步VPS(rsync -u, 仅推送更新过的)
[2026-07-03 10:40:06] VPS重算: 200
[2026-07-03 10:48:01] 抓到 7 场
[2026-07-03 10:48:06] ✓ 11个数据文件已同步VPS(rsync -u, 仅推送更新过的)
[2026-07-03 10:48:07] VPS重算: 200
[2026-07-03 10:56:01] 抓到 7 场
[2026-07-03 10:56:06] ✓ 11个数据文件已同步VPS(rsync -u, 仅推送更新过的)
[2026-07-03 10:56:07] VPS重算: 200
[2026-07-03 11:00:01] 抓到 6 场
[2026-07-03 11:00:06] ✓ 11个数据文件已同步VPS(rsync -u, 仅推送更新过的)
[2026-07-03 11:00:06] VPS重算: 200
[2026-07-03 11:08:01] 抓到 14 场
[2026-07-03 11:08:06] ✓ 11个数据文件已同步VPS(rsync -u, 仅推送更新过的)
[2026-07-03 11:08:07] VPS重算: 200
[2026-07-03 11:16:01] 抓到 14 场
[2026-07-03 11:16:06] ✓ 11个数据文件已同步VPS(rsync -u, 仅推送更新过的)
[2026-07-03 11:16:08] VPS重算: 200
[2026-07-03 11:24:01] 抓到 14 场
[2026-07-03 11:24:06] ✓ 11个数据文件已同步VPS(rsync -u, 仅推送更新过的)
[2026-07-03 11:24:07] VPS重算: 200
[2026-07-03 11:32:01]   ⚠ 体彩抓取失败(<urlopen error [Errno -3] Temporary failure in name resolution>), 回退缓存 odds_parsed.json (8分钟前)
[2026-07-03 11:32:01] 抓到 14 场
[2026-07-03 11:32:30] ✗ 推送失败(VPS不可达或免密未配)
[2026-07-03 11:40:02] 抓到 14 场
[2026-07-03 11:40:07] ✓ 11个数据文件已同步VPS(rsync -u, 仅推送更新过的)
[2026-07-03 11:40:08] VPS重算: 200
[2026-07-03 11:48:01] 抓到 14 场
[2026-07-03 11:48:06] ✓ 11个数据文件已同步VPS(rsync -u, 仅推送更新过的)
[2026-07-03 11:48:24] VPS重算: 000
[2026-07-03 11:56:02]   ⚠ 体彩抓取失败(<urlopen error [Errno -3] Temporary failure in name resolution>), 回退缓存 odds_parsed.json (8分钟前)
[2026-07-03 11:56:02] 抓到 14 场
[2026-07-03 11:56:12] ✗ 推送失败(VPS不可达或免密未配)
[2026-07-03 12:00:01] 抓到 14 场
[2026-07-03 12:00:05] ✓ 11个数据文件已同步VPS(rsync -u, 仅推送更新过的)
[2026-07-03 12:00:07] VPS重算: 200
[2026-07-03 12:08:01]   ⚠ 体彩抓取失败(<urlopen error [SSL: UNEXPECTED_EOF_WHILE_READING] EOF occurred in violation of protocol (_ssl.c:1000)>), 回退缓存 odds_parsed.json (8分钟前)
[2026-07-03 12:08:01] 抓到 14 场
[2026-07-03 12:08:09] ✗ 推送失败(VPS不可达或免密未配)
[2026-07-03 12:16:01]   ⚠ 体彩抓取失败(<urlopen error [SSL: UNEXPECTED_EOF_WHILE_READING] EOF occurred in violation of protocol (_ssl.c:1000)>), 回退缓存 odds_parsed.json (16分钟前)
[2026-07-03 12:16:01] 抓到 14 场
[2026-07-03 12:16:06] ✗ 推送失败(VPS不可达或免密未配)
[2026-07-03 12:24:01]   ⚠ 体彩抓取失败(<urlopen error [SSL: UNEXPECTED_EOF_WHILE_READING] EOF occurred in violation of protocol (_ssl.c:1000)>), 回退缓存 odds_parsed.json (24分钟前)
[2026-07-03 12:24:01] 抓到 14 场
[2026-07-03 12:24:12] ✗ 推送失败(VPS不可达或免密未配)
[2026-07-03 12:32:01]   ⚠ 体彩抓取失败(<urlopen error [SSL: UNEXPECTED_EOF_WHILE_READING] EOF occurred in violation of protocol (_ssl.c:1000)>), 回退缓存 odds_parsed.json (32分钟前)
[2026-07-03 12:32:01] 抓到 14 场
[2026-07-03 12:32:07] ✗ 推送失败(VPS不可达或免密未配)
[2026-07-03 14:16:01]   ⚠ 体彩抓取失败(<urlopen error [SSL: UNEXPECTED_EOF_WHILE_READING] EOF occurred in violation of protocol (_ssl.c:1000)>), 回退缓存 odds_parsed.json (136分钟前)
[2026-07-03 14:16:01] 抓到 14 场
[2026-07-03 14:16:06] ✗ 推送失败(VPS不可达或免密未配)
[2026-07-03 14:24:01] 抓到 14 场
[2026-07-03 14:24:05] ✓ 11个数据文件已同步VPS(rsync -u, 仅推送更新过的)
[2026-07-03 14:24:37] VPS重算: 200
[2026-07-03 14:32:01] 抓到 14 场
[2026-07-03 14:32:05] ✓ 11个数据文件已同步VPS(rsync -u, 仅推送更新过的)
[2026-07-03 14:32:06] VPS重算: 200
[2026-07-03 14:40:01] 抓到 14 场
[2026-07-03 14:40:06] ✓ 11个数据文件已同步VPS(rsync -u, 仅推送更新过的)
[2026-07-03 14:40:06] VPS重算: 200
[2026-07-03 14:48:01] 抓到 14 场
[2026-07-03 14:48:06] ✓ 11个数据文件已同步VPS(rsync -u, 仅推送更新过的)
[2026-07-03 14:48:06] VPS重算: 200
[2026-07-03 14:56:01] 抓到 14 场
[2026-07-03 14:56:06] ✓ 11个数据文件已同步VPS(rsync -u, 仅推送更新过的)
[2026-07-03 14:56:07] VPS重算: 200
[2026-07-03 15:00:01] 抓到 14 场
[2026-07-03 15:00:05] ✓ 11个数据文件已同步VPS(rsync -u, 仅推送更新过的)
[2026-07-03 15:00:06] VPS重算: 200
[2026-07-03 15:08:01] 抓到 14 场
[2026-07-03 15:08:07] ✓ 11个数据文件已同步VPS(rsync -u, 仅推送更新过的)
[2026-07-03 15:08:08] VPS重算: 200
[2026-07-03 15:16:01] 抓到 14 场
[2026-07-03 15:16:06] ✓ 11个数据文件已同步VPS(rsync -u, 仅推送更新过的)
[2026-07-03 15:16:07] VPS重算: 200
[2026-07-03 15:24:01] 抓到 14 场
[2026-07-03 15:24:06] ✓ 11个数据文件已同步VPS(rsync -u, 仅推送更新过的)
[2026-07-03 15:24:07] VPS重算: 200
[2026-07-03 15:32:01] 抓到 14 场
[2026-07-03 15:32:08] ✓ 11个数据文件已同步VPS(rsync -u, 仅推送更新过的)
[2026-07-03 15:32:09] VPS重算: 200
[2026-07-03 15:40:01] 抓到 14 场
[2026-07-03 15:40:12] ✓ 11个数据文件已同步VPS(rsync -u, 仅推送更新过的)
[2026-07-03 15:40:16] VPS重算: 200
[2026-07-03 15:48:01] 抓到 14 场
[2026-07-03 15:48:11] ✓ 11个数据文件已同步VPS(rsync -u, 仅推送更新过的)
[2026-07-03 15:48:14] VPS重算: 200
[2026-07-03 15:56:01] 抓到 14 场
[2026-07-03 15:56:15] ✓ 11个数据文件已同步VPS(rsync -u, 仅推送更新过的)
[2026-07-03 15:56:18] VPS重算: 200
[2026-07-03 16:00:01] 抓到 14 场
[2026-07-03 16:00:11] ✓ 11个数据文件已同步VPS(rsync -u, 仅推送更新过的)
[2026-07-03 16:00:14] VPS重算: 200
[2026-07-03 16:08:01] 抓到 14 场
[2026-07-03 16:08:12] ✓ 11个数据文件已同步VPS(rsync -u, 仅推送更新过的)
[2026-07-03 16:08:15] VPS重算: 200
[2026-07-03 16:16:01] 抓到 14 场
[2026-07-03 16:16:12] ✓ 11个数据文件已同步VPS(rsync -u, 仅推送更新过的)
[2026-07-03 16:16:15] VPS重算: 200
[2026-07-03 16:24:01] 抓到 14 场
[2026-07-03 16:24:12] ✓ 11个数据文件已同步VPS(rsync -u, 仅推送更新过的)
[2026-07-03 16:24:15] VPS重算: 200
[2026-07-03 16:32:02] 抓到 14 场
[2026-07-03 16:32:13] ✓ 11个数据文件已同步VPS(rsync -u, 仅推送更新过的)
[2026-07-03 16:32:17] VPS重算: 200
[2026-07-03 16:40:01] 抓到 14 场
[2026-07-03 16:40:12] ✓ 11个数据文件已同步VPS(rsync -u, 仅推送更新过的)
[2026-07-03 16:40:15] VPS重算: 200
[2026-07-03 17:48:00] 抓到 14 场
[2026-07-03 17:48:16] ✓ 11个数据文件已同步VPS(rsync -u, 仅推送更新过的)
[2026-07-03 17:48:26] VPS重算: 200
[2026-07-03 17:56:01]   ⚠ 体彩抓取失败(<urlopen error [Errno -3] Temporary failure in name resolution>), 回退缓存 odds_parsed.json (8分钟前)
[2026-07-03 17:56:01] 抓到 14 场
[2026-07-03 17:56:34] ✓ 11个数据文件已同步VPS(rsync -u, 仅推送更新过的)
[2026-07-03 17:56:54] VPS重算: 000
[2026-07-03 18:00:01]   ⚠ 体彩抓取失败(<urlopen error [Errno -3] Temporary failure in name resolution>), 回退缓存 odds_parsed.json (12分钟前)
[2026-07-03 18:00:01] 抓到 14 场
[2026-07-03 18:00:36] ✗ 推送失败(VPS不可达或免密未配)
[2026-07-03 18:08:01] 抓到 14 场
[2026-07-03 18:08:15] ✓ 11个数据文件已同步VPS(rsync -u, 仅推送更新过的)
[2026-07-03 18:08:18] VPS重算: 200
[2026-07-04 01:24:01] 抓到 13 场
[2026-07-04 01:24:07] ✓ 11个数据文件已同步VPS(rsync -u, 仅推送更新过的)
[2026-07-04 01:24:08] VPS重算: 200
[2026-07-04 01:32:01] 抓到 13 场
[2026-07-04 01:32:06] ✓ 11个数据文件已同步VPS(rsync -u, 仅推送更新过的)
[2026-07-04 01:32:07] VPS重算: 200
[2026-07-04 01:40:01] 抓到 13 场
[2026-07-04 01:40:07] ✓ 11个数据文件已同步VPS(rsync -u, 仅推送更新过的)
[2026-07-04 01:40:08] VPS重算: 200
[2026-07-04 01:48:01] 抓到 13 场
[2026-07-04 01:48:06] ✓ 11个数据文件已同步VPS(rsync -u, 仅推送更新过的)
[2026-07-04 01:48:07] VPS重算: 200
[2026-07-04 01:56:01] 抓到 13 场
[2026-07-04 01:56:07] ✓ 11个数据文件已同步VPS(rsync -u, 仅推送更新过的)
[2026-07-04 01:56:08] VPS重算: 200
                                                                                                                                                                                                                                                                    [2026-07-04 02:08:01] 抓到 12 场
[2026-07-04 02:08:07] ✓ 11个数据文件已同步VPS(rsync -u, 仅推送更新过的)
[2026-07-04 02:08:08] VPS重算: 200
[2026-07-04 02:16:01] 抓到 12 场
[2026-07-04 02:16:07] ✓ 11个数据文件已同步VPS(rsync -u, 仅推送更新过的)
[2026-07-04 02:16:08] VPS重算: 200
[2026-07-04 02:24:01] 抓到 12 场
[2026-07-04 02:24:06] ✓ 11个数据文件已同步VPS(rsync -u, 仅推送更新过的)
[2026-07-04 02:24:08] VPS重算: 200
[2026-07-04 02:32:01] 抓到 12 场
[2026-07-04 02:32:07] ✓ 11个数据文件已同步VPS(rsync -u, 仅推送更新过的)
[2026-07-04 02:32:09] VPS重算: 200
[2026-07-04 02:40:01] 抓到 12 场
[2026-07-04 02:40:07] ✓ 11个数据文件已同步VPS(rsync -u, 仅推送更新过的)
[2026-07-04 02:40:09] VPS重算: 200
[2026-07-04 02:48:01] 抓到 12 场
[2026-07-04 02:48:07] ✓ 11个数据文件已同步VPS(rsync -u, 仅推送更新过的)
[2026-07-04 02:48:08] VPS重算: 200
[2026-07-04 02:56:01]   ⚠ 体彩抓取失败(<urlopen error [Errno -3] Temporary failure in name resolution>), 回退缓存 odds_parsed.json (8分钟前)
[2026-07-04 02:56:01] 抓到 12 场
[2026-07-04 02:56:22] ✗ 推送失败(VPS不可达或免密未配)
[2026-07-04 03:00:01] 抓到 12 场
[2026-07-04 03:00:06] ✓ 11个数据文件已同步VPS(rsync -u, 仅推送更新过的)
[2026-07-04 03:00:07] VPS重算: 200
[2026-07-04 03:08:01] 抓到 12 场
[2026-07-04 03:08:06] ✓ 11个数据文件已同步VPS(rsync -u, 仅推送更新过的)
[2026-07-04 03:08:07] VPS重算: 200
[2026-07-04 03:16:01] 抓到 12 场
[2026-07-04 03:16:07] ✓ 11个数据文件已同步VPS(rsync -u, 仅推送更新过的)
[2026-07-04 03:16:08] VPS重算: 200
[2026-07-04 03:24:01] 抓到 12 场
[2026-07-04 03:24:06] ✓ 11个数据文件已同步VPS(rsync -u, 仅推送更新过的)
[2026-07-04 03:24:07] VPS重算: 200
[2026-07-04 03:32:01] 抓到 12 场
[2026-07-04 03:32:07] ✓ 11个数据文件已同步VPS(rsync -u, 仅推送更新过的)
[2026-07-04 03:32:07] VPS重算: 200
[2026-07-04 03:40:01] 抓到 12 场
[2026-07-04 03:40:07] ✓ 11个数据文件已同步VPS(rsync -u, 仅推送更新过的)
[2026-07-04 03:40:09] VPS重算: 200
[2026-07-04 03:48:01] 抓到 12 场
[2026-07-04 03:48:06] ✓ 11个数据文件已同步VPS(rsync -u, 仅推送更新过的)
[2026-07-04 03:48:07] VPS重算: 200
[2026-07-04 03:56:01] 抓到 12 场
[2026-07-04 03:56:06] ✓ 11个数据文件已同步VPS(rsync -u, 仅推送更新过的)
[2026-07-04 03:56:08] VPS重算: 200
[2026-07-04 04:00:01] 抓到 12 场
[2026-07-04 04:00:07] ✓ 11个数据文件已同步VPS(rsync -u, 仅推送更新过的)
[2026-07-04 04:00:08] VPS重算: 200
[2026-07-04 04:08:01] 抓到 12 场
[2026-07-04 04:08:07] ✓ 11个数据文件已同步VPS(rsync -u, 仅推送更新过的)
[2026-07-04 04:08:08] VPS重算: 200
[2026-07-04 04:16:01] 抓到 12 场
[2026-07-04 04:16:07] ✓ 11个数据文件已同步VPS(rsync -u, 仅推送更新过的)
[2026-07-04 04:16:08] VPS重算: 200
[2026-07-04 04:24:01] 抓到 12 场
[2026-07-04 04:24:06] ✓ 11个数据文件已同步VPS(rsync -u, 仅推送更新过的)
[2026-07-04 04:24:07] VPS重算: 200
[2026-07-04 04:32:01] 抓到 12 场
[2026-07-04 04:32:07] ✓ 11个数据文件已同步VPS(rsync -u, 仅推送更新过的)
[2026-07-04 04:32:08] VPS重算: 200
[2026-07-04 04:40:01] 抓到 12 场
[2026-07-04 04:40:07] ✓ 11个数据文件已同步VPS(rsync -u, 仅推送更新过的)
[2026-07-04 04:40:08] VPS重算: 200
[2026-07-04 04:48:01] 抓到 12 场
[2026-07-04 04:48:09] ✓ 11个数据文件已同步VPS(rsync -u, 仅推送更新过的)
[2026-07-04 04:48:10] VPS重算: 200
[2026-07-04 04:56:01] 抓到 12 场
[2026-07-04 04:56:08] ✓ 11个数据文件已同步VPS(rsync -u, 仅推送更新过的)
[2026-07-04 04:56:09] VPS重算: 200
[2026-07-04 05:00:01] 抓到 12 场
[2026-07-04 05:00:07] ✓ 11个数据文件已同步VPS(rsync -u, 仅推送更新过的)
[2026-07-04 05:00:08] VPS重算: 200
[2026-07-04 05:08:01] 抓到 12 场
[2026-07-04 05:08:08] ✓ 11个数据文件已同步VPS(rsync -u, 仅推送更新过的)
[2026-07-04 05:08:09] VPS重算: 200
[2026-07-04 05:16:01] 抓到 12 场
[2026-07-04 05:16:08] ✓ 11个数据文件已同步VPS(rsync -u, 仅推送更新过的)
[2026-07-04 05:16:09] VPS重算: 200
[2026-07-04 05:24:01] 抓到 12 场
[2026-07-04 05:24:17] ✓ 11个数据文件已同步VPS(rsync -u, 仅推送更新过的)
[2026-07-04 05:24:18] VPS重算: 200
[2026-07-04 05:32:01] 抓到 12 场
[2026-07-04 05:32:08] ✓ 11个数据文件已同步VPS(rsync -u, 仅推送更新过的)
[2026-07-04 05:32:09] VPS重算: 200
[2026-07-04 05:40:01] 抓到 12 场
[2026-07-04 05:40:10] ✓ 11个数据文件已同步VPS(rsync -u, 仅推送更新过的)
[2026-07-04 05:40:11] VPS重算: 200
[2026-07-04 05:48:01] 抓到 12 场
[2026-07-04 05:48:07] ✓ 11个数据文件已同步VPS(rsync -u, 仅推送更新过的)
[2026-07-04 05:48:08] VPS重算: 200
[2026-07-04 05:56:01] 抓到 12 场
[2026-07-04 05:56:07] ✓ 11个数据文件已同步VPS(rsync -u, 仅推送更新过的)
[2026-07-04 05:56:08] VPS重算: 200
[2026-07-04 06:00:01] 抓到 12 场
[2026-07-04 06:00:11] ✓ 11个数据文件已同步VPS(rsync -u, 仅推送更新过的)
[2026-07-04 06:00:12] VPS重算: 200
[2026-07-04 06:08:01] 抓到 11 场
[2026-07-04 06:08:07] ✓ 11个数据文件已同步VPS(rsync -u, 仅推送更新过的)
[2026-07-04 06:08:08] VPS重算: 200
[2026-07-04 06:16:01] 抓到 11 场
[2026-07-04 06:16:07] ✓ 11个数据文件已同步VPS(rsync -u, 仅推送更新过的)
[2026-07-04 06:16:08] VPS重算: 200
[2026-07-04 06:24:01]   ⚠ 体彩抓取失败(IncompleteRead(65119 bytes read, 54145 more expected)), 回退缓存 odds_parsed.json (8分钟前)
[2026-07-04 06:24:01] 抓到 11 场
[2026-07-04 06:24:49] ✓ 11个数据文件已同步VPS(rsync -u, 仅推送更新过的)
[2026-07-04 06:24:51] VPS重算: 200
[2026-07-04 06:32:01] 抓到 11 场
[2026-07-04 06:32:08] ✓ 11个数据文件已同步VPS(rsync -u, 仅推送更新过的)
[2026-07-04 06:32:09] VPS重算: 200
[2026-07-04 06:40:01]   ⚠ 体彩抓取失败(The read operation timed out), 回退缓存 odds_parsed.json (8分钟前)
[2026-07-04 06:40:01] 抓到 11 场
[2026-07-04 06:40:43] ✓ 11个数据文件已同步VPS(rsync -u, 仅推送更新过的)
[2026-07-04 06:40:44] VPS重算: 200
[2026-07-04 06:48:01] 抓到 11 场
[2026-07-04 06:48:08] ✓ 11个数据文件已同步VPS(rsync -u, 仅推送更新过的)
[2026-07-04 06:48:09] VPS重算: 200
[2026-07-04 06:56:01] 抓到 11 场
[2026-07-04 06:57:01] ✓ 11个数据文件已同步VPS(rsync -u, 仅推送更新过的)
[2026-07-04 06:57:02] VPS重算: 200
[2026-07-04 07:00:01] 抓到 11 场
[2026-07-04 07:00:06] ✓ 11个数据文件已同步VPS(rsync -u, 仅推送更新过的)
[2026-07-04 07:00:07] VPS重算: 200
[2026-07-04 07:08:01] 抓到 11 场
[2026-07-04 07:08:08] ✓ 11个数据文件已同步VPS(rsync -u, 仅推送更新过的)
[2026-07-04 07:08:09] VPS重算: 200
[2026-07-04 07:16:01] 抓到 11 场
[2026-07-04 07:16:08] ✓ 11个数据文件已同步VPS(rsync -u, 仅推送更新过的)
[2026-07-04 07:16:09] VPS重算: 200
[2026-07-04 07:24:01] 抓到 11 场
[2026-07-04 07:24:07] ✓ 11个数据文件已同步VPS(rsync -u, 仅推送更新过的)
[2026-07-04 07:24:08] VPS重算: 200
[2026-07-04 07:32:01] 抓到 11 场
[2026-07-04 07:32:09] ✓ 11个数据文件已同步VPS(rsync -u, 仅推送更新过的)
[2026-07-04 07:32:10] VPS重算: 200
[2026-07-04 07:40:01] 抓到 11 场
[2026-07-04 07:40:07] ✓ 11个数据文件已同步VPS(rsync -u, 仅推送更新过的)
[2026-07-04 07:40:08] VPS重算: 200
[2026-07-04 12:40:00] 抓到 23 场
[2026-07-04 12:40:05] ✓ 11个数据文件已同步VPS(rsync -u, 仅推送更新过的)
[2026-07-04 12:40:37] VPS重算: 200
[2026-07-04 12:48:01] Traceback (most recent call last):
[2026-07-04 12:48:01]   File "<string>", line 4, in <module>
[2026-07-04 12:48:01]   File "/home/hetaisheng/soccerdata/wc_analysis/predict.py", line 216, in fetch_sporttery
[2026-07-04 12:48:01]     parsed_cache.write_text(
[2026-07-04 12:48:01]   File "/usr/lib/python3.12/pathlib.py", line 1050, in write_text
[2026-07-04 12:48:01]     return f.write(data)
[2026-07-04 12:48:01]            ^^^[2026-07-04 12:56:01] 抓到 23 场
[2026-07-04 12:56:06] ✓ 11个数据文件已同步VPS(rsync -u, 仅推送更新过的)
[2026-07-04 12:56:07] VPS重算: 200
[2026-07-04 13:00:01] 抓到 23 场
[2026-07-04 13:00:06] ✓ 11个数据文件已同步VPS(rsync -u, 仅推送更新过的)
[2026-07-04 13:00:07] VPS重算: 200
[2026-07-04 13:08:01] 抓到 23 场
[2026-07-04 13:08:06] ✓ 11个数据文件已同步VPS(rsync -u, 仅推送更新过的)
[2026-07-04 13:08:07] VPS重算: 200
[2026-07-04 13:16:01] 抓到 23 场
[2026-07-04 13:16:06] ✓ 11个数据文件已同步VPS(rsync -u, 仅推送更新过的)
[2026-07-04 13:16:07] VPS重算: 200
[2026-07-04 13:24:01] 抓到 23 场
[2026-07-04 13:24:09] ✓ 11个数据文件已同步VPS(rsync -u, 仅推送更新过的)
[2026-07-04 13:24:11] VPS重算: 200
[2026-07-04 13:32:01] 抓到 23 场
[2026-07-04 13:32:08] ✓ 11个数据文件已同步VPS(rsync -u, 仅推送更新过的)
[2026-07-04 13:32:09] VPS重算: 200
[2026-07-04 15:32:01] 抓到 23 场
[2026-07-04 15:32:05] ✓ 11个数据文件已同步VPS(rsync -u, 仅推送更新过的)
[2026-07-04 15:32:06] VPS重算: 200
[2026-07-04 15:40:01] 抓到 23 场
[2026-07-04 15:40:06] ✓ 11个数据文件已同步VPS(rsync -u, 仅推送更新过的)
[2026-07-04 15:40:06] VPS重算: 200
[2026-07-04 15:48:01] 抓到 23 场
[2026-07-04 15:48:05] ✓ 11个数据文件已同步VPS(rsync -u, 仅推送更新过的)
[2026-07-04 15:48:06] VPS重算: 200
[2026-07-04 15:56:01] 抓到 23 场
[2026-07-04 15:56:07] ✓ 11个数据文件已同步VPS(rsync -u, 仅推送更新过的)
[2026-07-04 15:56:08] VPS重算: 200
[2026-07-04 16:00:01] 抓到 23 场
[2026-07-04 16:00:05] ✓ 11个数据文件已同步VPS(rsync -u, 仅推送更新过的)
[2026-07-04 16:00:05] VPS重算: 200
[2026-07-04 16:08:01] 抓到 23 场
[2026-07-04 16:08:06] ✓ 11个数据文件已同步VPS(rsync -u, 仅推送更新过的)
[2026-07-04 16:08:09] VPS重算: 200
[2026-07-04 16:16:01] 抓到 23 场
[2026-07-04 16:16:06] ✓ 11个数据文件已同步VPS(rsync -u, 仅推送更新过的)
[2026-07-04 16:16:07] VPS重算: 200
[2026-07-04 16:24:01]   ⚠ 体彩抓取失败(The read operation timed out), 回退缓存 odds_parsed.json (8分钟前)
[2026-07-04 16:24:01] 抓到 23 场
[2026-07-04 16:24:44] ✓ 11个数据文件已同步VPS(rsync -u, 仅推送更新过的)
[2026-07-04 16:24:50] VPS重算: 200
[2026-07-04 16:32:01] 抓到 23 场
[2026-07-04 16:32:06] ✓ 11个数据文件已同步VPS(rsync -u, 仅推送更新过的)
[2026-07-04 16:32:07] VPS重算: 200
[2026-07-04 16:40:01] 抓到 23 场
[2026-07-04 16:40:06] ✓ 11个数据文件已同步VPS(rsync -u, 仅推送更新过的)
[2026-07-04 16:40:06] VPS重算: 200
[2026-07-04 16:48:01] 抓到 23 场
[2026-07-04 16:48:05] ✓ 11个数据文件已同步VPS(rsync -u, 仅推送更新过的)
[2026-07-04 16:48:06] VPS重算: 200
[2026-07-04 16:56:01] 抓到 23 场
[2026-07-04 16:56:05] ✓ 11个数据文件已同步VPS(rsync -u, 仅推送更新过的)
[2026-07-04 16:56:06] VPS重算: 200
[2026-07-04 17:00:01] 抓到 23 场
[2026-07-04 17:00:05] ✓ 11个数据文件已同步VPS(rsync -u, 仅推送更新过的)
[2026-07-04 17:00:06] VPS重算: 200
[2026-07-04 17:08:01] 抓到 23 场
[2026-07-04 17:08:15] ✓ 11个数据文件已同步VPS(rsync -u, 仅推送更新过的)
[2026-07-04 17:08:16] VPS重算: 200
[2026-07-04 17:16:01] 抓到 23 场
[2026-07-04 17:16:06] ✓ 11个数据文件已同步VPS(rsync -u, 仅推送更新过的)
[2026-07-04 17:16:07] VPS重算: 200
[2026-07-04 17:24:01] 抓到 23 场
[2026-07-04 17:24:05] ✓ 11个数据文件已同步VPS(rsync -u, 仅推送更新过的)
[2026-07-04 17:24:05] VPS重算: 200
[2026-07-04 17:32:01] 抓到 23 场
[2026-07-04 17:32:06] ✓ 11个数据文件已同步VPS(rsync -u, 仅推送更新过的)
[2026-07-04 17:32:06] VPS重算: 200
[2026-07-04 17:40:01] 抓到 23 场
[2026-07-04 17:40:06] ✓ 11个数据文件已同步VPS(rsync -u, 仅推送更新过的)
[2026-07-04 17:40:07] VPS重算: 200
[2026-07-04 17:48:01] 抓到 23 场
[2026-07-04 17:48:05] ✓ 11个数据文件已同步VPS(rsync -u, 仅推送更新过的)
[2026-07-04 17:48:06] VPS重算: 200
[2026-07-04 17:56:01] 抓到 23 场
[2026-07-04 17:56:10] ✓ 11个数据文件已同步VPS(rsync -u, 仅推送更新过的)
[2026-07-04 17:56:11] VPS重算: 200
[2026-07-04 18:00:01] 抓到 23 场
[2026-07-04 18:00:05] ✓ 11个数据文件已同步VPS(rsync -u, 仅推送更新过的)
[2026-07-04 18:00:05] VPS重算: 200
[2026-07-04 18:08:01] 抓到 23 场
[2026-07-04 18:08:05] ✓ 11个数据文件已同步VPS(rsync -u, 仅推送更新过的)
[2026-07-04 18:08:06] VPS重算: 200
[2026-07-04 18:16:01] 抓到 23 场
[2026-07-04 18:16:05] ✓ 11个数据文件已同步VPS(rsync -u, 仅推送更新过的)
[2026-07-04 18:16:06] VPS重算: 200
[2026-07-04 18:24:01] 抓到 23 场
[2026-07-04 18:24:05] ✓ 11个数据文件已同步VPS(rsync -u, 仅推送更新过的)
[2026-07-04 18:24:06] VPS重算: 200
[2026-07-04 18:32:01] 抓到 20 场
[2026-07-04 18:32:06] ✓ 11个数据文件已同步VPS(rsync -u, 仅推送更新过的)
[2026-07-04 18:32:07] VPS重算: 200
[2026-07-04 18:40:01] 抓到 20 场
[2026-07-04 18:40:06] ✓ 11个数据文件已同步VPS(rsync -u, 仅推送更新过的)
[2026-07-04 18:40:06] VPS重算: 200
[2026-07-04 18:48:01] 抓到 20 场
[2026-07-04 18:48:05] ✓ 11个数据文件已同步VPS(rsync -u, 仅推送更新过的)
[2026-07-04 18:48:06] VPS重算: 200
[2026-07-04 18:56:01] 抓到 20 场
[2026-07-04 18:56:06] ✓ 11个数据文件已同步VPS(rsync -u, 仅推送更新过的)
[2026-07-04 18:56:06] VPS重算: 200
[2026-07-04 19:00:01] 抓到 20 场
[2026-07-04 19:00:06] ✓ 11个数据文件已同步VPS(rsync -u, 仅推送更新过的)
[2026-07-04 19:00:06] VPS重算: 200
[2026-07-04 19:08:01] 抓到 20 场
[2026-07-04 19:08:06] ✓ 11个数据文件已同步VPS(rsync -u, 仅推送更新过的)
[2026-07-04 19:08:06] VPS重算: 200
[2026-07-04 19:16:01] 抓到 20 场
[2026-07-04 19:16:05] ✓ 11个数据文件已同步VPS(rsync -u, 仅推送更新过的)
[2026-07-04 19:16:06] VPS重算: 200
[2026-07-04 19:24:01] 抓到 20 场
[2026-07-04 19:24:06] ✓ 11个数据文件已同步VPS(rsync -u, 仅推送更新过的)
[2026-07-04 19:24:06] VPS重算: 200
[2026-07-04 19:32:01] 抓到 20 场
[2026-07-04 19:32:06] ✓ 11个数据文件已同步VPS(rsync -u, 仅推送更新过的)
[2026-07-04 19:32:06] VPS重算: 200
[2026-07-04 19:40:01] 抓到 20 场
[2026-07-04 19:40:05] ✓ 11个数据文件已同步VPS(rsync -u, 仅推送更新过的)
[2026-07-04 19:40:06] VPS重算: 200
[2026-07-04 19:48:01] 抓到 20 场
[2026-07-04 19:48:06] ✓ 11个数据文件已同步VPS(rsync -u, 仅推送更新过的)
[2026-07-04 19:48:07] VPS重算: 200
[2026-07-04 19:56:01] 抓到 20 场
[2026-07-04 19:56:05] ✓ 11个数据文件已同步VPS(rsync -u, 仅推送更新过的)
[2026-07-04 19:56:06] VPS重算: 200
[2026-07-04 20:00:01] 抓到 20 场
[2026-07-04 20:00:04] ✓ 11个数据文件已同步VPS(rsync -u, 仅推送更新过的)
[2026-07-04 20:00:05] VPS重算: 200
[2026-07-04 20:08:01] 抓到 19 场
[2026-07-04 20:08:06] ✓ 11个数据文件已同步VPS(rsync -u, 仅推送更新过的)
[2026-07-04 20:08:07] VPS重算: 200
[2026-07-04 20:16:01] 抓到 19 场
[2026-07-04 20:16:06] ✓ 11个数据文件已同步VPS(rsync -u, 仅推送更新过的)
[2026-07-04 20:16:07] VPS重算: 200
[2026-07-04 20:24:01] 抓到 19 场
[2026-07-04 20:24:06] ✓ 11个数据文件已同步VPS(rsync -u, 仅推送更新过的)
[2026-07-04 20:24:07] VPS重算: 200
[2026-07-04 20:32:01] 抓到 19 场
[2026-07-04 20:32:06] ✓ 11个数据文件已同步VPS(rsync -u, 仅推送更新过的)
[2026-07-04 20:32:07] VPS重算: 200
[2026-07-04 20:40:02] 抓到 19 场
[2026-07-04 20:40:06] ✓ 11个数据文件已同步VPS(rsync -u, 仅推送更新过的)
[2026-07-04 20:40:07] VPS重算: 200
[2026-07-04 20:48:01] 抓到 19 场
[2026-07-04 20:48:05] ✓ 11个数据文件已同步VPS(rsync -u, 仅推送更新过的)
[2026-07-04 20:48:06] VPS重算: 200
[2026-07-04 20:56:01] 抓到 19 场
[2026-07-04 20:56:06] ✓ 11个数据文件已同步VPS(rsync -u, 仅推送更新过的)
[2026-07-04 20:56:07] VPS重算: 200
[2026-07-04 21:00:01] 抓到 19 场
[2026-07-04 21:00:08] ✓ 11个数据文件已同步VPS(rsync -u, 仅推送更新过的)
[2026-07-04 21:00:09] VPS重算: 200
[2026-07-04 21:08:01] 抓到 17 场
[2026-07-04 21:08:06] ✓ 11个数据文件已同步VPS(rsync -u, 仅推送更新过的)
[2026-07-04 21:08:07] VPS重算: 200
[2026-07-04 21:16:01] 抓到 17 场
[2026-07-04 21:16:06] ✓ 11个数据文件已同步VPS(rsync -u, 仅推送更新过的)
[2026-07-04 21:16:07] VPS重算: 200
[2026-07-04 21:24:01] 抓到 17 场
[2026-07-04 21:24:06] ✓ 11个数据文件已同步VPS(rsync -u, 仅推送更新过的)
[2026-07-04 21:24:07] VPS重算: 200
[2026-07-04 21:32:01] 抓到 17 场
[2026-07-04 21:32:06] ✓ 11个数据文件已同步VPS(rsync -u, 仅推送更新过的)
[2026-07-04 21:32:07] VPS重算: 200
[2026-07-04 21:40:01] 抓到 17 场
[2026-07-04 21:40:05] ✓ 11个数据文件已同步VPS(rsync -u, 仅推送更新过的)
[2026-07-04 21:40:06] VPS重算: 200
[2026-07-04 21:48:01] 抓到 17 场
[2026-07-04 21:48:06] ✓ 11个数据文件已同步VPS(rsync -u, 仅推送更新过的)
[2026-07-04 21:48:06] VPS重算: 200
[2026-07-04 21:56:01] 抓到 17 场
[2026-07-04 21:56:06] ✓ 11个数据文件已同步VPS(rsync -u, 仅推送更新过的)
[2026-07-04 21:56:06] VPS重算: 200
[2026-07-04 22:00:01] 抓到 17 场
[2026-07-04 22:00:04] ✓ 11个数据文件已同步VPS(rsync -u, 仅推送更新过的)
[2026-07-04 22:00:05] VPS重算: 200
[2026-07-04 22:08:01] 抓到 15 场
[2026-07-04 22:08:06] ✓ 11个数据文件已同步VPS(rsync -u, 仅推送更新过的)
[2026-07-04 22:08:07] VPS重算: 200
[2026-07-04 22:16:01] 抓到 15 场
[2026-07-04 22:16:05] ✓ 11个数据文件已同步VPS(rsync -u, 仅推送更新过的)
[2026-07-04 22:16:06] VPS重算: 200
[2026-07-04 22:24:01] 抓到 15 场
[2026-07-04 22:24:05] ✓ 11个数据文件已同步VPS(rsync -u, 仅推送更新过的)
[2026-07-04 22:24:06] VPS重算: 200
[2026-07-04 22:32:01] 抓到 15 场
[2026-07-04 22:32:06] ✓ 11个数据文件已同步VPS(rsync -u, 仅推送更新过的)
[2026-07-04 22:32:07] VPS重算: 200
[2026-07-04 22:40:01] 抓到 15 场
[2026-07-04 22:40:06] ✓ 11个数据文件已同步VPS(rsync -u, 仅推送更新过的)
[2026-07-04 22:40:07] VPS重算: 200
[2026-07-04 22:48:01] 抓到 15 场
[2026-07-04 22:48:06] ✓ 11个数据文件已同步VPS(rsync -u, 仅推送更新过的)
[2026-07-04 22:48:07] VPS重算: 200
[2026-07-04 22:56:01] 抓到 15 场
[2026-07-04 22:56:05] ✓ 11个数据文件已同步VPS(rsync -u, 仅推送更新过的)
[2026-07-04 22:56:06] VPS重算: 200
[2026-07-04 23:00:01] 抓到 15 场
[2026-07-04 23:00:04] ✓ 11个数据文件已同步VPS(rsync -u, 仅推送更新过的)
[2026-07-04 23:00:05] VPS重算: 200
[2026-07-04 23:08:01] 抓到 14 场
[2026-07-04 23:08:06] ✓ 11个数据文件已同步VPS(rsync -u, 仅推送更新过的)
[2026-07-04 23:08:07] VPS重算: 200
[2026-07-04 23:16:01] 抓到 14 场
[2026-07-04 23:16:05] ✓ 11个数据文件已同步VPS(rsync -u, 仅推送更新过的)
[2026-07-04 23:16:05] VPS重算: 200
[2026-07-04 23:24:01] 抓到 14 场
[2026-07-04 23:24:05] ✓ 11个数据文件已同步VPS(rsync -u, 仅推送更新过的)
[2026-07-04 23:24:06] VPS重算: 200
[2026-07-04 23:32:01] 抓到 14 场
[2026-07-04 23:32:06] ✓ 11个数据文件已同步VPS(rsync -u, 仅推送更新过的)
[2026-07-04 23:32:07] VPS重算: 200
[2026-07-04 23:40:01] 抓到 14 场
[2026-07-04 23:40:05] ✓ 11个数据文件已同步VPS(rsync -u, 仅推送更新过的)
[2026-07-04 23:40:06] VPS重算: 200
[2026-07-04 23:48:01] 抓到 14 场
[2026-07-04 23:48:05] ✓ 11个数据文件已同步VPS(rsync -u, 仅推送更新过的)
[2026-07-04 23:48:06] VPS重算: 200
[2026-07-04 23:56:01] 抓到 14 场
[2026-07-04 23:56:05] ✓ 11个数据文件已同步VPS(rsync -u, 仅推送更新过的)
[2026-07-04 23:56:06] VPS重算: 200
[2026-07-05 00:00:01] 抓到 14 场
[2026-07-05 00:00:04] ✓ 11个数据文件已同步VPS(rsync -u, 仅推送更新过的)
[2026-07-05 00:00:05] VPS重算: 200
[2026-07-05 00:08:01] 抓到 14 场
[2026-07-05 00:08:05] ✓ 11个数据文件已同步VPS(rsync -u, 仅推送更新过的)
[2026-07-05 00:08:05] VPS重算: 200
[2026-07-05 00:16:01] 抓到 14 场
[2026-07-05 00:16:05] ✓ 11个数据文件已同步VPS(rsync -u, 仅推送更新过的)
[2026-07-05 00:16:06] VPS重算: 200
[2026-07-05 00:24:01] 抓到 14 场
[2026-07-05 00:24:05] ✓ 11个数据文件已同步VPS(rsync -u, 仅推送更新过的)
[2026-07-05 00:24:06] VPS重算: 200
[2026-07-05 00:32:01] 抓到 14 场
[2026-07-05 00:32:05] ✓ 11个数据文件已同步VPS(rsync -u, 仅推送更新过的)
[2026-07-05 00:32:06] VPS重算: 200
[2026-07-05 00:40:01] 抓到 14 场
[2026-07-05 00:40:04] ✓ 11个数据文件已同步VPS(rsync -u, 仅推送更新过的)
[2026-07-05 00:40:05] VPS重算: 200
[2026-07-05 00:48:01] 抓到 14 场
[2026-07-05 00:48:05] ✓ 11个数据文件已同步VPS(rsync -u, 仅推送更新过的)
[2026-07-05 00:48:06] VPS重算: 200
[2026-07-05 00:56:01] 抓到 14 场
[2026-07-05 00:56:05] ✓ 11个数据文件已同步VPS(rsync -u, 仅推送更新过的)
[2026-07-05 00:56:06] VPS重算: 200
[2026-07-05 01:00:01] 抓到 14 场
[2026-07-05 01:00:04] ✓ 11个数据文件已同步VPS(rsync -u, 仅推送更新过的)
[2026-07-05 01:00:06] VPS重算: 200
[2026-07-05 01:08:01] 抓到 13 场
[2026-07-05 01:08:05] ✓ 11个数据文件已同步VPS(rsync -u, 仅推送更新过的)
[2026-07-05 01:08:06] VPS重算: 200
[2026-07-05 01:16:01] 抓到 13 场
[2026-07-05 01:16:05] ✓ 11个数据文件已同步VPS(rsync -u, 仅推送更新过的)
[2026-07-05 01:16:06] VPS重算: 200
[2026-07-05 01:24:01] 抓到 13 场
[2026-07-05 01:24:05] ✓ 11个数据文件已同步VPS(rsync -u, 仅推送更新过的)
[2026-07-05 01:24:06] VPS重算: 200
[2026-07-05 01:32:01] 抓到 13 场
[2026-07-05 01:32:05] ✓ 11个数据文件已同步VPS(rsync -u, 仅推送更新过的)
[2026-07-05 01:32:06] VPS重算: 200
[2026-07-05 01:40:01] 抓到 13 场
[2026-07-05 01:40:05] ✓ 11个数据文件已同步VPS(rsync -u, 仅推送更新过的)
[2026-07-05 01:40:06] VPS重算: 200
[2026-07-05 01:48:01] 抓到 13 场
[2026-07-05 01:48:05] ✓ 11个数据文件已同步VPS(rsync -u, 仅推送更新过的)
[2026-07-05 01:48:06] VPS重算: 200
[2026-07-05 01:56:01] 抓到 13 场
[2026-07-05 01:56:05] ✓ 11个数据文件已同步VPS(rsync -u, 仅推送更新过的)
[2026-07-05 01:56:05] VPS重算: 200
[2026-07-05 02:00:01] 抓到 13 场
[2026-07-05 02:00:04] ✓ 11个数据文件已同步VPS(rsync -u, 仅推送更新过的)
[2026-07-05 02:00:05] VPS重算: 200
[2026-07-05 02:08:01] 抓到 13 场
[2026-07-05 02:08:05] ✓ 11个数据文件已同步VPS(rsync -u, 仅推送更新过的)
[2026-07-05 02:08:06] VPS重算: 200
[2026-07-05 02:16:01] 抓到 13 场
[2026-07-05 02:16:05] ✓ 11个数据文件已同步VPS(rsync -u, 仅推送更新过的)
[2026-07-05 02:16:06] VPS重算: 200
[2026-07-05 02:24:01] 抓到 13 场
[2026-07-05 02:24:05] ✓ 11个数据文件已同步VPS(rsync -u, 仅推送更新过的)
[2026-07-05 02:24:06] VPS重算: 200
[2026-07-05 02:32:01] 抓到 13 场
[2026-07-05 02:32:05] ✓ 11个数据文件已同步VPS(rsync -u, 仅推送更新过的)
[2026-07-05 02:32:06] VPS重算: 200
[2026-07-05 02:40:01] 抓到 13 场
[2026-07-05 02:40:05] ✓ 11个数据文件已同步VPS(rsync -u, 仅推送更新过的)
[2026-07-05 02:40:06] VPS重算: 200
[2026-07-05 02:48:01] 抓到 13 场
[2026-07-05 02:48:05] ✓ 11个数据文件已同步VPS(rsync -u, 仅推送更新过的)
[2026-07-05 02:48:06] VPS重算: 200
[2026-07-05 02:56:01] 抓到 13 场
[2026-07-05 02:56:05] ✓ 11个数据文件已同步VPS(rsync -u, 仅推送更新过的)
[2026-07-05 02:56:06] VPS重算: 200
[2026-07-05 03:00:01] 抓到 13 场
[2026-07-05 03:00:05] ✓ 11个数据文件已同步VPS(rsync -u, 仅推送更新过的)
[2026-07-05 03:00:06] VPS重算: 200
[2026-07-05 03:08:01] 抓到 13 场
[2026-07-05 03:08:05] ✓ 11个数据文件已同步VPS(rsync -u, 仅推送更新过的)
[2026-07-05 03:08:06] VPS重算: 200
[2026-07-05 03:16:01] 抓到 13 场
[2026-07-05 03:16:04] ✓ 11个数据文件已同步VPS(rsync -u, 仅推送更新过的)
[2026-07-05 03:16:05] VPS重算: 200
[2026-07-05 03:24:01] 抓到 13 场
[2026-07-05 03:24:05] ✓ 11个数据文件已同步VPS(rsync -u, 仅推送更新过的)
[2026-07-05 03:24:06] VPS重算: 200
[2026-07-05 03:32:01] 抓到 13 场
[2026-07-05 03:32:05] ✓ 11个数据文件已同步VPS(rsync -u, 仅推送更新过的)
[2026-07-05 03:32:06] VPS重算: 200
[2026-07-05 03:40:01] 抓到 13 场
[2026-07-05 03:40:06] ✓ 11个数据文件已同步VPS(rsync -u, 仅推送更新过的)
[2026-07-05 03:40:06] VPS重算: 200
[2026-07-05 03:48:01] 抓到 13 场
[2026-07-05 03:48:05] ✓ 11个数据文件已同步VPS(rsync -u, 仅推送更新过的)
[2026-07-05 03:48:05] VPS重算: 200
[2026-07-05 03:56:01] 抓到 13 场
[2026-07-05 03:56:05] ✓ 11个数据文件已同步VPS(rsync -u, 仅推送更新过的)
[2026-07-05 03:56:06] VPS重算: 200
[2026-07-05 04:00:01] 抓到 13 场
[2026-07-05 04:00:04] ✓ 11个数据文件已同步VPS(rsync -u, 仅推送更新过的)
[2026-07-05 04:00:06] VPS重算: 200
[2026-07-05 04:08:01] 抓到 13 场
[2026-07-05 04:08:05] ✓ 11个数据文件已同步VPS(rsync -u, 仅推送更新过的)
[2026-07-05 04:08:05] VPS重算: 200
[2026-07-05 04:16:01] 抓到 13 场
[2026-07-05 04:16:05] ✓ 11个数据文件已同步VPS(rsync -u, 仅推送更新过的)
[2026-07-05 04:16:05] VPS重算: 200
[2026-07-05 04:24:01] 抓到 13 场
[2026-07-05 04:24:04] ✓ 11个数据文件已同步VPS(rsync -u, 仅推送更新过的)
[2026-07-05 04:24:05] VPS重算: 200
[2026-07-05 04:32:01] 抓到 13 场
[2026-07-05 04:32:05] ✓ 11个数据文件已同步VPS(rsync -u, 仅推送更新过的)
[2026-07-05 04:32:06] VPS重算: 200
[2026-07-05 04:40:01] 抓到 13 场
[2026-07-05 04:40:05] ✓ 11个数据文件已同步VPS(rsync -u, 仅推送更新过的)
[2026-07-05 04:40:05] VPS重算: 200
[2026-07-05 04:48:01] 抓到 13 场
[2026-07-05 04:48:05] ✓ 11个数据文件已同步VPS(rsync -u, 仅推送更新过的)
[2026-07-05 04:48:06] VPS重算: 200
[2026-07-05 04:56:01] 抓到 13 场
[2026-07-05 04:56:05] ✓ 11个数据文件已同步VPS(rsync -u, 仅推送更新过的)
[2026-07-05 04:56:06] VPS重算: 200
[2026-07-05 05:00:01] 抓到 13 场
[2026-07-05 05:00:05] ✓ 11个数据文件已同步VPS(rsync -u, 仅推送更新过的)
[2026-07-05 05:00:05] VPS重算: 200
[2026-07-05 05:08:01] 抓到 12 场
[2026-07-05 05:08:05] ✓ 11个数据文件已同步VPS(rsync -u, 仅推送更新过的)
[2026-07-05 05:08:06] VPS重算: 200
[2026-07-05 05:16:01] 抓到 12 场
[2026-07-05 05:16:06] ✓ 11个数据文件已同步VPS(rsync -u, 仅推送更新过的)
[2026-07-05 05:16:06] VPS重算: 200
[2026-07-05 05:24:01] 抓到 12 场
[2026-07-05 05:24:05] ✓ 11个数据文件已同步VPS(rsync -u, 仅推送更新过的)
[2026-07-05 05:24:06] VPS重算: 200
[2026-07-05 05:32:01] 抓到 12 场
[2026-07-05 05:32:05] ✓ 11个数据文件已同步VPS(rsync -u, 仅推送更新过的)
[2026-07-05 05:32:06] VPS重算: 200
[2026-07-05 05:40:01] 抓到 12 场
[2026-07-05 05:40:05] ✓ 11个数据文件已同步VPS(rsync -u, 仅推送更新过的)
[2026-07-05 05:40:05] VPS重算: 200
[2026-07-05 05:48:01] 抓到 12 场
[2026-07-05 05:48:05] ✓ 11个数据文件已同步VPS(rsync -u, 仅推送更新过的)
[2026-07-05 05:48:06] VPS重算: 200
[2026-07-05 05:56:01] 抓到 12 场
[2026-07-05 05:56:04] ✓ 11个数据文件已同步VPS(rsync -u, 仅推送更新过的)
[2026-07-05 05:56:05] VPS重算: 200
[2026-07-05 06:00:01] 抓到 12 场
[2026-07-05 06:00:04] ✓ 11个数据文件已同步VPS(rsync -u, 仅推送更新过的)
[2026-07-05 06:00:05] VPS重算: 200
[2026-07-05 06:08:01] 抓到 12 场
[2026-07-05 06:08:05] ✓ 11个数据文件已同步VPS(rsync -u, 仅推送更新过的)
[2026-07-05 06:08:06] VPS重算: 200
[2026-07-05 06:16:01] 抓到 12 场
[2026-07-05 06:16:05] ✓ 11个数据文件已同步VPS(rsync -u, 仅推送更新过的)
[2026-07-05 06:16:05] VPS重算: 200
[2026-07-05 06:24:01] 抓到 12 场
[2026-07-05 06:24:05] ✓ 11个数据文件已同步VPS(rsync -u, 仅推送更新过的)
[2026-07-05 06:24:06] VPS重算: 200
[2026-07-05 06:32:01] 抓到 12 场
[2026-07-05 06:32:05] ✓ 11个数据文件已同步VPS(rsync -u, 仅推送更新过的)
[2026-07-05 06:32:06] VPS重算: 200
[2026-07-05 06:40:01] 抓到 12 场
[2026-07-05 06:40:05] ✓ 11个数据文件已同步VPS(rsync -u, 仅推送更新过的)
[2026-07-05 06:40:05] VPS重算: 200
[2026-07-05 06:48:01] 抓到 12 场
[2026-07-05 06:48:05] ✓ 11个数据文件已同步VPS(rsync -u, 仅推送更新过的)
[2026-07-05 06:48:06] VPS重算: 200
[2026-07-05 06:56:01] 抓到 12 场
[2026-07-05 06:56:05] ✓ 11个数据文件已同步VPS(rsync -u, 仅推送更新过的)
[2026-07-05 06:56:06] VPS重算: 200
[2026-07-05 07:00:01] 抓到 12 场
[2026-07-05 07:00:05] ✓ 11个数据文件已同步VPS(rsync -u, 仅推送更新过的)
[2026-07-05 07:00:05] VPS重算: 200
[2026-07-05 07:08:02] 抓到 12 场
[2026-07-05 07:08:05] ✓ 11个数据文件已同步VPS(rsync -u, 仅推送更新过的)
[2026-07-05 07:08:06] VPS重算: 200
[2026-07-05 07:16:01] 抓到 12 场
[2026-07-05 07:16:05] ✓ 11个数据文件已同步VPS(rsync -u, 仅推送更新过的)
[2026-07-05 07:16:06] VPS重算: 200
[2026-07-05 07:24:01] 抓到 12 场
[2026-07-05 07:24:05] ✓ 11个数据文件已同步VPS(rsync -u, 仅推送更新过的)
[2026-07-05 07:24:06] VPS重算: 200
[2026-07-05 07:32:02] 抓到 12 场
[2026-07-05 07:32:06] ✓ 11个数据文件已同步VPS(rsync -u, 仅推送更新过的)
[2026-07-05 07:32:06] VPS重算: 200
[2026-07-05 07:40:01] 抓到 12 场
[2026-07-05 07:40:05] ✓ 11个数据文件已同步VPS(rsync -u, 仅推送更新过的)
[2026-07-05 07:40:06] VPS重算: 200
[2026-07-05 07:48:01] 抓到 12 场
[2026-07-05 07:48:05] ✓ 11个数据文件已同步VPS(rsync -u, 仅推送更新过的)
[2026-07-05 07:48:06] VPS重算: 200
[2026-07-05 07:56:01] 抓到 12 场
[2026-07-05 07:56:04] ✓ 11个数据文件已同步VPS(rsync -u, 仅推送更新过的)
[2026-07-05 07:56:05] VPS重算: 200
[2026-07-05 08:00:01] 抓到 12 场
[2026-07-05 08:00:05] ✓ 11个数据文件已同步VPS(rsync -u, 仅推送更新过的)
[2026-07-05 08:00:05] VPS重算: 200
[2026-07-05 08:08:01] 抓到 12 场
[2026-07-05 08:08:05] ✓ 11个数据文件已同步VPS(rsync -u, 仅推送更新过的)
[2026-07-05 08:08:05] VPS重算: 200
[2026-07-05 08:16:01] 抓到 12 场
[2026-07-05 08:16:05] ✓ 11个数据文件已同步VPS(rsync -u, 仅推送更新过的)
[2026-07-05 08:16:05] VPS重算: 200
[2026-07-05 08:24:01] 抓到 12 场
[2026-07-05 08:24:05] ✓ 11个数据文件已同步VPS(rsync -u, 仅推送更新过的)
[2026-07-05 08:24:06] VPS重算: 200
[2026-07-05 08:32:01] 抓到 12 场
[2026-07-05 08:32:05] ✓ 11个数据文件已同步VPS(rsync -u, 仅推送更新过的)
[2026-07-05 08:32:05] VPS重算: 200
[2026-07-05 08:40:01] 抓到 12 场
[2026-07-05 08:40:05] ✓ 11个数据文件已同步VPS(rsync -u, 仅推送更新过的)
[2026-07-05 08:40:05] VPS重算: 200
[2026-07-05 08:48:01] 抓到 12 场
[2026-07-05 08:48:05] ✓ 11个数据文件已同步VPS(rsync -u, 仅推送更新过的)
[2026-07-05 08:48:06] VPS重算: 200
[2026-07-05 08:56:01] 抓到 12 场
[2026-07-05 08:56:05] ✓ 11个数据文件已同步VPS(rsync -u, 仅推送更新过的)
[2026-07-05 08:56:05] VPS重算: 200
[2026-07-05 09:00:01] 抓到 12 场
[2026-07-05 09:00:04] ✓ 11个数据文件已同步VPS(rsync -u, 仅推送更新过的)
[2026-07-05 09:00:05] VPS重算: 200
[2026-07-05 09:08:01] 抓到 12 场
[2026-07-05 09:08:05] ✓ 11个数据文件已同步VPS(rsync -u, 仅推送更新过的)
[2026-07-05 09:08:06] VPS重算: 200
[2026-07-05 09:16:01] 抓到 12 场
[2026-07-05 09:16:05] ✓ 11个数据文件已同步VPS(rsync -u, 仅推送更新过的)
[2026-07-05 09:16:06] VPS重算: 200
[2026-07-05 09:24:01] 抓到 12 场
[2026-07-05 09:24:05] ✓ 11个数据文件已同步VPS(rsync -u, 仅推送更新过的)
[2026-07-05 09:24:06] VPS重算: 200
[2026-07-05 09:32:01] 抓到 12 场
[2026-07-05 09:32:07] ✓ 11个数据文件已同步VPS(rsync -u, 仅推送更新过的)
[2026-07-05 09:32:08] VPS重算: 200
[2026-07-05 09:40:01] 抓到 12 场
[2026-07-05 09:40:05] ✓ 11个数据文件已同步VPS(rsync -u, 仅推送更新过的)
[2026-07-05 09:40:05] VPS重算: 200
[2026-07-05 09:48:01] 抓到 12 场
[2026-07-05 09:48:06] ✓ 11个数据文件已同步VPS(rsync -u, 仅推送更新过的)
[2026-07-05 09:48:07] VPS重算: 200
[2026-07-05 09:56:01] 抓到 12 场
[2026-07-05 09:56:05] ✓ 11个数据文件已同步VPS(rsync -u, 仅推送更新过的)
[2026-07-05 09:56:06] VPS重算: 200
[2026-07-05 10:00:01] 抓到 12 场
[2026-07-05 10:00:04] ✓ 11个数据文件已同步VPS(rsync -u, 仅推送更新过的)
[2026-07-05 10:00:04] VPS重算: 200
[2026-07-05 10:08:01] 抓到 12 场
[2026-07-05 10:08:05] ✓ 11个数据文件已同步VPS(rsync -u, 仅推送更新过的)
[2026-07-05 10:08:06] VPS重算: 200
[2026-07-05 10:16:01] 抓到 12 场
[2026-07-05 10:16:05] ✓ 11个数据文件已同步VPS(rsync -u, 仅推送更新过的)
[2026-07-05 10:16:06] VPS重算: 200
[2026-07-05 10:24:01] 抓到 12 场
[2026-07-05 10:24:05] ✓ 11个数据文件已同步VPS(rsync -u, 仅推送更新过的)
[2026-07-05 10:24:06] VPS重算: 200
[2026-07-05 10:32:01] 抓到 12 场
[2026-07-05 10:32:05] ✓ 11个数据文件已同步VPS(rsync -u, 仅推送更新过的)
[2026-07-05 10:32:06] VPS重算: 200
[2026-07-05 10:40:01] 抓到 12 场
[2026-07-05 10:40:05] ✓ 11个数据文件已同步VPS(rsync -u, 仅推送更新过的)
[2026-07-05 10:40:05] VPS重算: 200
[2026-07-05 10:48:01] 抓到 12 场
[2026-07-05 10:48:07] ✓ 11个数据文件已同步VPS(rsync -u, 仅推送更新过的)
[2026-07-05 10:48:08] VPS重算: 200
[2026-07-05 10:56:01] 抓到 12 场
[2026-07-05 10:56:06] ✓ 11个数据文件已同步VPS(rsync -u, 仅推送更新过的)
[2026-07-05 10:56:07] VPS重算: 200
[2026-07-05 11:00:01] 抓到 12 场
[2026-07-05 11:00:04] ✓ 11个数据文件已同步VPS(rsync -u, 仅推送更新过的)
[2026-07-05 11:00:05] VPS重算: 200
[2026-07-05 11:08:01] 抓到 14 场
[2026-07-05 11:08:05] ✓ 11个数据文件已同步VPS(rsync -u, 仅推送更新过的)
[2026-07-05 11:08:06] VPS重算: 200
[2026-07-05 11:16:01] 抓到 14 场
[2026-07-05 11:16:06] ✓ 11个数据文件已同步VPS(rsync -u, 仅推送更新过的)
[2026-07-05 11:16:07] VPS重算: 200
[2026-07-05 11:24:01] 抓到 14 场
[2026-07-05 11:24:06] ✓ 11个数据文件已同步VPS(rsync -u, 仅推送更新过的)
[2026-07-05 11:24:07] VPS重算: 200
[2026-07-05 11:32:01] 抓到 14 场
[2026-07-05 11:32:06] ✓ 11个数据文件已同步VPS(rsync -u, 仅推送更新过的)
[2026-07-05 11:32:07] VPS重算: 200
[2026-07-05 11:40:02] 抓到 14 场
[2026-07-05 11:40:06] ✓ 11个数据文件已同步VPS(rsync -u, 仅推送更新过的)
[2026-07-05 11:40:07] VPS重算: 200
[2026-07-05 11:48:01]   ⚠ 体彩抓取失败(<urlopen error [Errno -3] Temporary failure in name resolution>), 回退缓存 odds_parsed.json (8分钟前)
[2026-07-05 11:48:01] 抓到 14 场
[2026-07-05 11:48:30] ✗ 推送失败(VPS不可达或免密未配)
[2026-07-05 11:56:01]   ⚠ 体彩抓取失败(<urlopen error [Errno -3] Temporary failure in name resolution>), 回退缓存 odds_parsed.json (16分钟前)
[2026-07-05 11:56:01] 抓到 14 场
[2026-07-05 11:56:30] ✗ 推送失败(VPS不可达或免密未配)
[2026-07-05 12:00:01]   ⚠ 体彩抓取失败(<urlopen error [Errno -3] Temporary failure in name resolution>), 回退缓存 odds_parsed.json (20分钟前)
[2026-07-05 12:00:01] 抓到 14 场
[2026-07-05 12:00:30] ✗ 推送失败(VPS不可达或免密未配)
[2026-07-05 12:08:01]   ⚠ 体彩抓取失败(<urlopen error [Errno -3] Temporary failure in name resolution>), 回退缓存 odds_parsed.json (28分钟前)
[2026-07-05 12:08:01] 抓到 14 场
[2026-07-05 12:08:31] ✗ 推送失败(VPS不可达或免密未配)
[2026-07-05 12:16:01]   ⚠ 体彩抓取失败(<urlopen error [Errno -3] Temporary failure in name resolution>), 回退缓存 odds_parsed.json (36分钟前)
[2026-07-05 12:16:01] 抓到 14 场
[2026-07-05 12:16:11] ✗ 推送失败(VPS不可达或免密未配)
[2026-07-05 22:48:01] 抓到 8 场
[2026-07-05 22:48:15] ✓ 11个数据文件已同步VPS(rsync -u, 仅推送更新过的)
[2026-07-05 22:48:16] VPS重算: 200
[2026-07-05 22:56:01] 抓到 8 场
[2026-07-05 22:56:05] ✓ 11个数据文件已同步VPS(rsync -u, 仅推送更新过的)
[2026-07-05 22:56:05] VPS重算: 200
[2026-07-05 23:00:01] 抓到 8 场
[2026-07-05 23:00:06] ✓ 11个数据文件已同步VPS(rsync -u, 仅推送更新过的)
[2026-07-05 23:00:07] VPS重算: 200
[2026-07-05 23:08:01] 抓到 8 场
[2026-07-05 23:08:05] ✓ 11个数据文件已同步VPS(rsync -u, 仅推送更新过的)
[2026-07-05 23:08:06] VPS重算: 200
[2026-07-05 23:16:01] 抓到 8 场
[2026-07-05 23:16:05] ✓ 11个数据文件已同步VPS(rsync -u, 仅推送更新过的)
[2026-07-05 23:16:06] VPS重算: 200
[2026-07-05 23:24:01] 抓到 8 场
[2026-07-05 23:24:05] ✓ 11个数据文件已同步VPS(rsync -u, 仅推送更新过的)
[2026-07-05 23:24:06] VPS重算: 200
[2026-07-05 23:32:01] 抓到 8 场
[2026-07-05 23:32:05] ✓ 11个数据文件已同步VPS(rsync -u, 仅推送更新过的)
[2026-07-05 23:32:07] VPS重算: 200
[2026-07-05 23:40:01] 抓到 8 场
[2026-07-05 23:40:07] ✓ 11个数据文件已同步VPS(rsync -u, 仅推送更新过的)
[2026-07-05 23:40:08] VPS重算: 200
[2026-07-05 23:48:01] 抓到 8 场
[2026-07-05 23:48:05] ✓ 11个数据文件已同步VPS(rsync -u, 仅推送更新过的)
[2026-07-05 23:48:06] VPS重算: 200
[2026-07-05 23:56:01] 抓到 8 场
[2026-07-05 23:56:05] ✓ 11个数据文件已同步VPS(rsync -u, 仅推送更新过的)
[2026-07-05 23:56:06] VPS重算: 200
[2026-07-06 00:00:01] 抓到 8 场
[2026-07-06 00:00:05] ✓ 11个数据文件已同步VPS(rsync -u, 仅推送更新过的)
[2026-07-06 00:00:05] VPS重算: 200
[2026-07-06 00:08:01] 抓到 8 场
[2026-07-06 00:08:07] ✓ 11个数据文件已同步VPS(rsync -u, 仅推送更新过的)
[2026-07-06 00:08:08] VPS重算: 200
[2026-07-06 00:16:01] 抓到 8 场
[2026-07-06 00:16:06] ✓ 11个数据文件已同步VPS(rsync -u, 仅推送更新过的)
[2026-07-06 00:16:07] VPS重算: 200
[2026-07-06 00:24:01] 抓到 8 场
[2026-07-06 00:24:05] ✓ 11个数据文件已同步VPS(rsync -u, 仅推送更新过的)
[2026-07-06 00:24:06] VPS重算: 200
[2026-07-06 00:32:01] 抓到 8 场
[2026-07-06 00:32:05] ✓ 11个数据文件已同步VPS(rsync -u, 仅推送更新过的)
[2026-07-06 00:32:06] VPS重算: 200
[2026-07-06 00:40:01] 抓到 8 场
[2026-07-06 00:40:05] ✓ 11个数据文件已同步VPS(rsync -u, 仅推送更新过的)
[2026-07-06 00:40:06] VPS重算: 200
[2026-07-06 00:48:01] 抓到 8 场
[2026-07-06 00:48:06] ✓ 11个数据文件已同步VPS(rsync -u, 仅推送更新过的)
[2026-07-06 00:48:06] VPS重算: 200
[2026-07-06 00:56:01] 抓到 8 场
[2026-07-06 00:56:05] ✓ 11个数据文件已同步VPS(rsync -u, 仅推送更新过的)
[2026-07-06 00:56:06] VPS重算: 200
[2026-07-06 01:00:01] 抓到 8 场
[2026-07-06 01:00:05] ✓ 11个数据文件已同步VPS(rsync -u, 仅推送更新过的)
[2026-07-06 01:00:05] VPS重算: 200
[2026-07-06 01:08:01] 抓到 8 场
[2026-07-06 01:08:05] ✓ 11个数据文件已同步VPS(rsync -u, 仅推送更新过的)
[2026-07-06 01:08:06] VPS重算: 200
[2026-07-06 01:16:01] 抓到 8 场
[2026-07-06 01:16:05] ✓ 11个数据文件已同步VPS(rsync -u, 仅推送更新过的)
[2026-07-06 01:16:06] VPS重算: 200
[2026-07-06 01:24:01] 抓到 8 场
[2026-07-06 01:24:05] ✓ 11个数据文件已同步VPS(rsync -u, 仅推送更新过的)
[2026-07-06 01:24:06] VPS重算: 200
[2026-07-06 01:32:01] 抓到 8 场
[2026-07-06 01:32:05] ✓ 11个数据文件已同步VPS(rsync -u, 仅推送更新过的)
[2026-07-06 01:32:06] VPS重算: 200
[2026-07-06 01:40:01] 抓到 8 场
[2026-07-06 01:40:05] ✓ 11个数据文件已同步VPS(rsync -u, 仅推送更新过的)
[2026-07-06 01:40:05] VPS重算: 200
[2026-07-06 01:48:01] 抓到 8 场
[2026-07-06 01:48:04] ✓ 11个数据文件已同步VPS(rsync -u, 仅推送更新过的)
[2026-07-06 01:48:05] VPS重算: 200
[2026-07-06 01:56:01] 抓到 8 场
[2026-07-06 01:56:05] ✓ 11个数据文件已同步VPS(rsync -u, 仅推送更新过的)
[2026-07-06 01:56:06] VPS重算: 200
[2026-07-06 02:00:01] 抓到 8 场
[2026-07-06 02:00:05] ✓ 11个数据文件已同步VPS(rsync -u, 仅推送更新过的)
[2026-07-06 02:00:05] VPS重算: 200
[2026-07-06 02:08:01] 抓到 8 场
[2026-07-06 02:08:05] ✓ 11个数据文件已同步VPS(rsync -u, 仅推送更新过的)
[2026-07-06 02:08:06] VPS重算: 200
[2026-07-06 02:16:01] 抓到 8 场
[2026-07-06 02:16:06] ✓ 11个数据文件已同步VPS(rsync -u, 仅推送更新过的)
[2026-07-06 02:16:06] VPS重算: 200
[2026-07-06 02:24:01] 抓到 8 场
[2026-07-06 02:24:05] ✓ 11个数据文件已同步VPS(rsync -u, 仅推送更新过的)
[2026-07-06 02:24:06] VPS重算: 200
[2026-07-06 02:32:01] 抓到 8 场
[2026-07-06 02:32:05] ✓ 11个数据文件已同步VPS(rsync -u, 仅推送更新过的)
[2026-07-06 02:32:06] VPS重算: 200
[2026-07-06 02:40:01] 抓到 8 场
[2026-07-06 02:40:05] ✓ 11个数据文件已同步VPS(rsync -u, 仅推送更新过的)
[2026-07-06 02:40:06] VPS重算: 200
[2026-07-06 02:48:01] 抓到 8 场
[2026-07-06 02:48:05] ✓ 11个数据文件已同步VPS(rsync -u, 仅推送更新过的)
[2026-07-06 02:48:05] VPS重算: 200
[2026-07-06 02:56:01] 抓到 8 场
[2026-07-06 02:56:05] ✓ 11个数据文件已同步VPS(rsync -u, 仅推送更新过的)
[2026-07-06 02:56:06] VPS重算: 200
[2026-07-06 03:00:01] 抓到 8 场
[2026-07-06 03:00:04] ✓ 11个数据文件已同步VPS(rsync -u, 仅推送更新过的)
[2026-07-06 03:00:05] VPS重算: 200
[2026-07-06 03:08:01] 抓到 8 场
[2026-07-06 03:08:05] ✓ 11个数据文件已同步VPS(rsync -u, 仅推送更新过的)
[2026-07-06 03:08:06] VPS重算: 200
[2026-07-06 03:16:01] 抓到 8 场
[2026-07-06 03:16:05] ✓ 11个数据文件已同步VPS(rsync -u, 仅推送更新过的)
[2026-07-06 03:16:05] VPS重算: 200
[2026-07-06 03:24:01] 抓到 8 场
[2026-07-06 03:24:05] ✓ 11个数据文件已同步VPS(rsync -u, 仅推送更新过的)
[2026-07-06 03:24:06] VPS重算: 200
[2026-07-06 03:32:01] 抓到 8 场
[2026-07-06 03:32:04] ✓ 11个数据文件已同步VPS(rsync -u, 仅推送更新过的)
[2026-07-06 03:32:05] VPS重算: 200
[2026-07-06 03:40:01] 抓到 8 场
[2026-07-06 03:40:05] ✓ 11个数据文件已同步VPS(rsync -u, 仅推送更新过的)
[2026-07-06 03:40:06] VPS重算: 200
[2026-07-06 03:48:01] 抓到 8 场
[2026-07-06 03:48:04] ✓ 11个数据文件已同步VPS(rsync -u, 仅推送更新过的)
[2026-07-06 03:48:05] VPS重算: 200
[2026-07-06 03:56:01] 抓到 8 场
[2026-07-06 03:56:05] ✓ 11个数据文件已同步VPS(rsync -u, 仅推送更新过的)
[2026-07-06 03:56:06] VPS重算: 200
[2026-07-06 04:00:01] 抓到 8 场
[2026-07-06 04:00:04] ✓ 11个数据文件已同步VPS(rsync -u, 仅推送更新过的)
[2026-07-06 04:00:05] VPS重算: 200
[2026-07-06 04:08:01] 抓到 7 场
[2026-07-06 04:08:04] ✓ 11个数据文件已同步VPS(rsync -u, 仅推送更新过的)
[2026-07-06 04:08:05] VPS重算: 200
[2026-07-06 04:16:01] 抓到 7 场
[2026-07-06 04:16:05] ✓ 11个数据文件已同步VPS(rsync -u, 仅推送更新过的)
[2026-07-06 04:16:06] VPS重算: 200
[2026-07-06 04:24:01] 抓到 7 场
[2026-07-06 04:24:04] ✓ 11个数据文件已同步VPS(rsync -u, 仅推送更新过的)
[2026-07-06 04:24:05] VPS重算: 200
[2026-07-06 04:32:01] 抓到 7 场
[2026-07-06 04:32:05] ✓ 11个数据文件已同步VPS(rsync -u, 仅推送更新过的)
[2026-07-06 04:32:06] VPS重算: 200
[2026-07-06 04:40:01] 抓到 7 场
[2026-07-06 04:40:05] ✓ 11个数据文件已同步VPS(rsync -u, 仅推送更新过的)
[2026-07-06 04:40:06] VPS重算: 200
[2026-07-06 04:48:01] 抓到 7 场
[2026-07-06 04:48:05] ✓ 11个数据文件已同步VPS(rsync -u, 仅推送更新过的)
[2026-07-06 04:48:06] VPS重算: 200
[2026-07-06 04:56:01] 抓到 7 场
[2026-07-06 04:56:05] ✓ 11个数据文件已同步VPS(rsync -u, 仅推送更新过的)
[2026-07-06 04:56:06] VPS重算: 200
[2026-07-06 05:00:01] 抓到 7 场
[2026-07-06 05:00:04] ✓ 11个数据文件已同步VPS(rsync -u, 仅推送更新过的)
[2026-07-06 05:00:05] VPS重算: 200
[2026-07-06 05:08:01] 抓到 7 场
[2026-07-06 05:08:05] ✓ 11个数据文件已同步VPS(rsync -u, 仅推送更新过的)
[2026-07-06 05:08:05] VPS重算: 200
[2026-07-06 05:16:01] 抓到 7 场
[2026-07-06 05:16:05] ✓ 11个数据文件已同步VPS(rsync -u, 仅推送更新过的)
[2026-07-06 05:16:05] VPS重算: 200
[2026-07-06 05:24:01] 抓到 7 场
[2026-07-06 05:24:05] ✓ 11个数据文件已同步VPS(rsync -u, 仅推送更新过的)
[2026-07-06 05:24:05] VPS重算: 200
[2026-07-06 05:32:01] 抓到 7 场
[2026-07-06 05:32:05] ✓ 11个数据文件已同步VPS(rsync -u, 仅推送更新过的)
[2026-07-06 05:32:06] VPS重算: 200
[2026-07-06 05:40:01] 抓到 7 场
[2026-07-06 05:40:05] ✓ 11个数据文件已同步VPS(rsync -u, 仅推送更新过的)
[2026-07-06 05:40:06] VPS重算: 200
[2026-07-06 05:48:01] 抓到 7 场
[2026-07-06 05:48:05] ✓ 11个数据文件已同步VPS(rsync -u, 仅推送更新过的)
[2026-07-06 05:48:06] VPS重算: 200
[2026-07-06 05:56:01] 抓到 7 场
[2026-07-06 05:56:05] ✓ 11个数据文件已同步VPS(rsync -u, 仅推送更新过的)
[2026-07-06 05:56:05] VPS重算: 200
[2026-07-06 06:00:01] 抓到 7 场
[2026-07-06 06:00:05] ✓ 11个数据文件已同步VPS(rsync -u, 仅推送更新过的)
[2026-07-06 06:00:05] VPS重算: 200
[2026-07-06 06:08:01] 抓到 7 场
[2026-07-06 06:08:06] ✓ 11个数据文件已同步VPS(rsync -u, 仅推送更新过的)
[2026-07-06 06:08:07] VPS重算: 200
[2026-07-06 06:16:01] 抓到 7 场
[2026-07-06 06:16:05] ✓ 11个数据文件已同步VPS(rsync -u, 仅推送更新过的)
[2026-07-06 06:16:06] VPS重算: 200
[2026-07-06 06:24:01] 抓到 7 场
[2026-07-06 06:24:05] ✓ 11个数据文件已同步VPS(rsync -u, 仅推送更新过的)
[2026-07-06 06:24:06] VPS重算: 200
[2026-07-06 06:32:01] 抓到 7 场
[2026-07-06 06:32:05] ✓ 11个数据文件已同步VPS(rsync -u, 仅推送更新过的)
[2026-07-06 06:32:06] VPS重算: 200
[2026-07-06 06:40:01] 抓到 7 场
[2026-07-06 06:40:05] ✓ 11个数据文件已同步VPS(rsync -u, 仅推送更新过的)
[2026-07-06 06:40:06] VPS重算: 200
[2026-07-06 06:48:01] 抓到 7 场
[2026-07-06 06:48:05] ✓ 11个数据文件已同步VPS(rsync -u, 仅推送更新过的)
[2026-07-06 06:48:06] VPS重算: 200
[2026-07-06 06:56:01] 抓到 7 场
[2026-07-06 06:56:05] ✓ 11个数据文件已同步VPS(rsync -u, 仅推送更新过的)
[2026-07-06 06:56:05] VPS重算: 200
[2026-07-06 07:00:01] 抓到 7 场
[2026-07-06 07:00:04] ✓ 11个数据文件已同步VPS(rsync -u, 仅推送更新过的)
[2026-07-06 07:00:05] VPS重算: 200
[2026-07-06 07:08:01] 抓到 7 场
[2026-07-06 07:08:05] ✓ 11个数据文件已同步VPS(rsync -u, 仅推送更新过的)
[2026-07-06 07:08:06] VPS重算: 200
[2026-07-06 07:16:01] 抓到 7 场
[2026-07-06 07:16:05] ✓ 11个数据文件已同步VPS(rsync -u, 仅推送更新过的)
[2026-07-06 07:16:06] VPS重算: 200
[2026-07-06 07:24:01] 抓到 7 场
[2026-07-06 07:24:05] ✓ 11个数据文件已同步VPS(rsync -u, 仅推送更新过的)
[2026-07-06 07:24:06] VPS重算: 200
[2026-07-06 07:32:01] 抓到 7 场
[2026-07-06 07:32:05] ✓ 11个数据文件已同步VPS(rsync -u, 仅推送更新过的)
[2026-07-06 07:32:07] VPS重算: 200
[2026-07-06 07:40:01] 抓到 7 场
[2026-07-06 07:40:05] ✓ 11个数据文件已同步VPS(rsync -u, 仅推送更新过的)
[2026-07-06 07:40:06] VPS重算: 200
[2026-07-06 07:48:01] 抓到 7 场
[2026-07-06 07:48:05] ✓ 11个数据文件已同步VPS(rsync -u, 仅推送更新过的)
[2026-07-06 07:48:05] VPS重算: 200
[2026-07-06 07:56:01] 抓到 7 场
[2026-07-06 07:56:05] ✓ 11个数据文件已同步VPS(rsync -u, 仅推送更新过的)
[2026-07-06 07:56:06] VPS重算: 200
[2026-07-06 08:00:01] 抓到 7 场
[2026-07-06 08:00:05] ✓ 11个数据文件已同步VPS(rsync -u, 仅推送更新过的)
[2026-07-06 08:00:06] VPS重算: 200
[2026-07-06 08:08:01] 抓到 6 场
[2026-07-06 08:08:05] ✓ 11个数据文件已同步VPS(rsync -u, 仅推送更新过的)
[2026-07-06 08:08:05] VPS重算: 200
[2026-07-06 08:16:01] 抓到 6 场
[2026-07-06 08:16:05] ✓ 11个数据文件已同步VPS(rsync -u, 仅推送更新过的)
[2026-07-06 08:16:05] VPS重算: 200
[2026-07-06 08:24:01] 抓到 6 场
[2026-07-06 08:24:05] ✓ 11个数据文件已同步VPS(rsync -u, 仅推送更新过的)
[2026-07-06 08:24:06] VPS重算: 200
[2026-07-06 08:32:01] 抓到 6 场
[2026-07-06 08:32:05] ✓ 11个数据文件已同步VPS(rsync -u, 仅推送更新过的)
[2026-07-06 08:32:06] VPS重算: 200
[2026-07-06 08:40:01] 抓到 7 场
[2026-07-06 08:40:05] ✓ 11个数据文件已同步VPS(rsync -u, 仅推送更新过的)
[2026-07-06 08:40:08] VPS重算: 200
[2026-07-06 08:48:01] 抓到 7 场
[2026-07-06 08:48:05] ✓ 11个数据文件已同步VPS(rsync -u, 仅推送更新过的)
[2026-07-06 08:48:06] VPS重算: 200
[2026-07-06 08:56:01] 抓到 7 场
[2026-07-06 08:56:05] ✓ 11个数据文件已同步VPS(rsync -u, 仅推送更新过的)
[2026-07-06 08:56:06] VPS重算: 200
[2026-07-06 09:00:02] 抓到 7 场
[2026-07-06 09:00:05] ✓ 11个数据文件已同步VPS(rsync -u, 仅推送更新过的)
[2026-07-06 09:00:06] VPS重算: 200
[2026-07-06 09:08:01] 抓到 6 场
[2026-07-06 09:08:05] ✓ 11个数据文件已同步VPS(rsync -u, 仅推送更新过的)
[2026-07-06 09:08:06] VPS重算: 200
[2026-07-06 09:16:01] 抓到 6 场
[2026-07-06 09:16:05] ✓ 11个数据文件已同步VPS(rsync -u, 仅推送更新过的)
[2026-07-06 09:16:06] VPS重算: 200
[2026-07-06 09:24:01] 抓到 6 场
[2026-07-06 09:24:05] ✓ 11个数据文件已同步VPS(rsync -u, 仅推送更新过的)
[2026-07-06 09:24:06] VPS重算: 200
[2026-07-06 09:32:01] 抓到 6 场
[2026-07-06 09:32:05] ✓ 11个数据文件已同步VPS(rsync -u, 仅推送更新过的)
[2026-07-06 09:32:05] VPS重算: 200
[2026-07-06 09:40:01] 抓到 6 场
[2026-07-06 09:40:05] ✓ 11个数据文件已同步VPS(rsync -u, 仅推送更新过的)
[2026-07-06 09:40:06] VPS重算: 200
[2026-07-06 09:48:01] 抓到 6 场
[2026-07-06 09:48:06] ✓ 11个数据文件已同步VPS(rsync -u, 仅推送更新过的)
[2026-07-06 09:48:07] VPS重算: 200
[2026-07-06 09:56:01] 抓到 6 场
[2026-07-06 09:56:06] ✓ 11个数据文件已同步VPS(rsync -u, 仅推送更新过的)
[2026-07-06 09:56:07] VPS重算: 200
[2026-07-06 10:00:01] 抓到 6 场
[2026-07-06 10:00:05] ✓ 11个数据文件已同步VPS(rsync -u, 仅推送更新过的)
[2026-07-06 10:00:06] VPS重算: 200
[2026-07-06 10:08:01] 抓到 6 场
[2026-07-06 10:08:07] ✓ 11个数据文件已同步VPS(rsync -u, 仅推送更新过的)
[2026-07-06 10:08:08] VPS重算: 200
[2026-07-06 10:16:01] 抓到 6 场
[2026-07-06 10:16:05] ✓ 11个数据文件已同步VPS(rsync -u, 仅推送更新过的)
[2026-07-06 10:16:07] VPS重算: 200
[2026-07-06 10:24:01] 抓到 6 场
[2026-07-06 10:24:05] ✓ 11个数据文件已同步VPS(rsync -u, 仅推送更新过的)
[2026-07-06 10:24:06] VPS重算: 200
[2026-07-06 10:32:01] 抓到 6 场
[2026-07-06 10:32:08] ✓ 11个数据文件已同步VPS(rsync -u, 仅推送更新过的)
[2026-07-06 10:32:09] VPS重算: 200
[2026-07-06 10:40:01] 抓到 6 场
[2026-07-06 10:40:09] ✓ 11个数据文件已同步VPS(rsync -u, 仅推送更新过的)
[2026-07-06 10:40:10] VPS重算: 200
[2026-07-07 00:48:01] 抓到 6 场
[2026-07-07 00:48:07] ✓ 11个数据文件已同步VPS(rsync -u, 仅推送更新过的)
[2026-07-07 00:48:09] VPS重算: 200
[2026-07-07 00:56:01] 抓到 6 场
[2026-07-07 00:56:06] ✓ 11个数据文件已同步VPS(rsync -u, 仅推送更新过的)
[2026-07-07 00:56:06] VPS重算: 200
[2026-07-07 01:00:01] 抓到 6 场
[2026-07-07 01:00:05] ✓ 11个数据文件已同步VPS(rsync -u, 仅推送更新过的)
[2026-07-07 01:00:06] VPS重算: 200
[2026-07-07 01:08:01] 抓到 4 场
[2026-07-07 01:08:13] ✓ 11个数据文件已同步VPS(rsync -u, 仅推送更新过的)
[2026-07-07 01:08:16] VPS重算: 200
[2026-07-07 01:16:01] 抓到 4 场
[2026-07-07 01:16:13] ✓ 11个数据文件已同步VPS(rsync -u, 仅推送更新过的)
[2026-07-07 01:16:16] VPS重算: 200
[2026-07-07 01:24:01] 抓到 4 场
[2026-07-07 01:24:07] ✓ 11个数据文件已同步VPS(rsync -u, 仅推送更新过的)
[2026-07-07 01:24:09] VPS重算: 200
[2026-07-07 01:32:01] 抓到 4 场
[2026-07-07 01:32:07] ✓ 11个数据文件已同步VPS(rsync -u, 仅推送更新过的)
[2026-07-07 01:32:08] VPS重算: 200
[2026-07-07 01:40:01] 抓到 4 场
[2026-07-07 01:40:13] ✓ 11个数据文件已同步VPS(rsync -u, 仅推送更新过的)
[2026-07-07 01:40:16] VPS重算: 200
[2026-07-07 01:48:01] 抓到 4 场
[2026-07-07 01:48:11] ✓ 11个数据文件已同步VPS(rsync -u, 仅推送更新过的)
[2026-07-07 01:48:14] VPS重算: 200
[2026-07-07 01:56:01] 抓到 4 场
[2026-07-07 01:56:11] ✓ 11个数据文件已同步VPS(rsync -u, 仅推送更新过的)
[2026-07-07 01:56:14] VPS重算: 200
[2026-07-07 02:00:01] 抓到 4 场
[2026-07-07 02:00:12] ✓ 11个数据文件已同步VPS(rsync -u, 仅推送更新过的)
[2026-07-07 02:00:16] VPS重算: 200
[2026-07-07 02:08:01] 抓到 4 场
[2026-07-07 02:08:13] ✓ 11个数据文件已同步VPS(rsync -u, 仅推送更新过的)
[2026-07-07 02:08:16] VPS重算: 200
[2026-07-07 02:16:01] 抓到 4 场
[2026-07-07 02:16:12] ✓ 11个数据文件已同步VPS(rsync -u, 仅推送更新过的)
[2026-07-07 02:16:14] VPS重算: 200
[2026-07-07 02:24:01] 抓到 4 场
[2026-07-07 02:24:12] ✓ 11个数据文件已同步VPS(rsync -u, 仅推送更新过的)
[2026-07-07 02:24:15] VPS重算: 200
[2026-07-07 02:32:01] 抓到 4 场
[2026-07-07 02:32:12] ✓ 11个数据文件已同步VPS(rsync -u, 仅推送更新过的)
[2026-07-07 02:32:15] VPS重算: 200
[2026-07-07 02:40:01] 抓到 4 场
[2026-07-07 02:40:13] ✓ 11个数据文件已同步VPS(rsync -u, 仅推送更新过的)
[2026-07-07 02:40:16] VPS重算: 200
[2026-07-07 02:48:01] 抓到 4 场
[2026-07-07 02:48:12] ✓ 11个数据文件已同步VPS(rsync -u, 仅推送更新过的)
[2026-07-07 02:48:15] VPS重算: 200
[2026-07-07 02:56:01] 抓到 4 场
[2026-07-07 02:56:12] ✓ 11个数据文件已同步VPS(rsync -u, 仅推送更新过的)
[2026-07-07 02:56:15] VPS重算: 200
[2026-07-07 03:00:01] 抓到 4 场
[2026-07-07 03:00:12] ✓ 11个数据文件已同步VPS(rsync -u, 仅推送更新过的)
[2026-07-07 03:00:14] VPS重算: 200
[2026-07-07 03:08:01] 抓到 3 场
[2026-07-07 03:08:12] ✓ 11个数据文件已同步VPS(rsync -u, 仅推送更新过的)
[2026-07-07 03:08:15] VPS重算: 200
[2026-07-07 03:16:01] 抓到 3 场
[2026-07-07 03:16:12] ✓ 11个数据文件已同步VPS(rsync -u, 仅推送更新过的)
[2026-07-07 03:16:15] VPS重算: 200
[2026-07-07 03:24:01] 抓到 3 场
[2026-07-07 03:24:12] ✓ 11个数据文件已同步VPS(rsync -u, 仅推送更新过的)
[2026-07-07 03:24:15] VPS重算: 200
[2026-07-07 03:32:02] 抓到 3 场
[2026-07-07 03:32:13] ✓ 11个数据文件已同步VPS(rsync -u, 仅推送更新过的)
[2026-07-07 03:32:16] VPS重算: 200
[2026-07-07 03:40:01] 抓到 3 场
[2026-07-07 03:40:12] ✓ 11个数据文件已同步VPS(rsync -u, 仅推送更新过的)
[2026-07-07 03:40:15] VPS重算: 200
[2026-07-07 03:48:01] 抓到 3 场
[2026-07-07 03:48:13] ✓ 11个数据文件已同步VPS(rsync -u, 仅推送更新过的)
[2026-07-07 03:48:16] VPS重算: 200
[2026-07-07 03:56:01] 抓到 3 场
[2026-07-07 03:56:12] ✓ 11个数据文件已同步VPS(rsync -u, 仅推送更新过的)
[2026-07-07 03:56:15] VPS重算: 200
[2026-07-07 04:00:01] 抓到 3 场
[2026-07-07 04:00:11] ✓ 11个数据文件已同步VPS(rsync -u, 仅推送更新过的)
[2026-07-07 04:00:14] VPS重算: 200
[2026-07-07 04:08:01] 抓到 3 场
[2026-07-07 04:08:12] ✓ 11个数据文件已同步VPS(rsync -u, 仅推送更新过的)
[2026-07-07 04:08:15] VPS重算: 200
[2026-07-07 04:16:01] 抓到 3 场
[2026-07-07 04:16:11] ✓ 11个数据文件已同步VPS(rsync -u, 仅推送更新过的)
[2026-07-07 04:16:14] VPS重算: 200
[2026-07-07 04:24:01] 抓到 3 场
[2026-07-07 04:24:12] ✓ 11个数据文件已同步VPS(rsync -u, 仅推送更新过的)
[2026-07-07 04:24:15] VPS重算: 200
[2026-07-07 04:32:01] 抓到 3 场
[2026-07-07 04:32:12] ✓ 11个数据文件已同步VPS(rsync -u, 仅推送更新过的)
[2026-07-07 04:32:15] VPS重算: 200
[2026-07-07 04:40:01] 抓到 3 场
[2026-07-07 04:40:13] ✓ 11个数据文件已同步VPS(rsync -u, 仅推送更新过的)
[2026-07-07 04:40:15] VPS重算: 200
[2026-07-07 04:48:01] 抓到 3 场
[2026-07-07 04:48:12] ✓ 11个数据文件已同步VPS(rsync -u, 仅推送更新过的)
[2026-07-07 04:48:15] VPS重算: 200
[2026-07-07 04:56:01] 抓到 3 场
[2026-07-07 04:56:12] ✓ 11个数据文件已同步VPS(rsync -u, 仅推送更新过的)
[2026-07-07 04:56:15] VPS重算: 200
[2026-07-07 05:00:01] 抓到 3 场
[2026-07-07 05:00:12] ✓ 11个数据文件已同步VPS(rsync -u, 仅推送更新过的)
[2026-07-07 05:00:15] VPS重算: 200
[2026-07-07 05:08:01]   ⚠ 体彩抓取失败(<urlopen error [SSL: UNEXPECTED_EOF_WHILE_READING] EOF occurred in violation of protocol (_ssl.c:1000)>), 回退缓存 odds_parsed.json (8分钟前)
[2026-07-07 05:08:01] 抓到 3 场
[2026-07-07 05:08:21] ✗ 推送失败(VPS不可达或免密未配)
[2026-07-07 05:16:01]   ⚠ 体彩抓取失败(<urlopen error [SSL: CERTIFICATE_VERIFY_FAILED] certificate verify failed: EE certificate key too weak (_ssl.c:1000)>), 回退缓存 odds_parsed.json (15分钟前)
[2026-07-07 05:16:01] 抓到 3 场
[2026-07-07 05:16:17] ✗ 推送失败(VPS不可达或免密未配)
[2026-07-07 05:24:01]   ⚠ 体彩抓取失败(<urlopen error [SSL: UNEXPECTED_EOF_WHILE_READING] EOF occurred in violation of protocol (_ssl.c:1000)>), 回退缓存 odds_parsed.json (24分钟前)
[2026-07-07 05:24:01] 抓到 3 场
[2026-07-07 05:24:21] ✗ 推送失败(VPS不可达或免密未配)
[2026-07-07 05:32:01]   ⚠ 体彩抓取失败(<urlopen error [SSL: UNEXPECTED_EOF_WHILE_READING] EOF occurred in violation of protocol (_ssl.c:1000)>), 回退缓存 odds_parsed.json (32分钟前)
[2026-07-07 05:32:01] 抓到 3 场
[2026-07-07 05:32:21] ✗ 推送失败(VPS不可达或免密未配)
[2026-07-07 05:40:01]   ⚠ 体彩抓取失败(<urlopen error [SSL: CERTIFICATE_VERIFY_FAILED] certificate verify failed: EE certificate key too weak (_ssl.c:1000)>), 回退缓存 odds_parsed.json (40分钟前)
[2026-07-07 05:40:01] 抓到 3 场
[2026-07-07 05:40:20] ✗ 推送失败(VPS不可达或免密未配)
[2026-07-07 05:48:01]   ⚠ 体彩抓取失败(<urlopen error [SSL: CERTIFICATE_VERIFY_FAILED] certificate verify failed: EE certificate key too weak (_ssl.c:1000)>), 回退缓存 odds_parsed.json (47分钟前)
[2026-07-07 05:48:01] 抓到 3 场
[2026-07-07 05:48:17] ✗ 推送失败(VPS不可达或免密未配)
[2026-07-07 05:56:01]   ⚠ 体彩抓取失败(<urlopen error [SSL: UNEXPECTED_EOF_WHILE_READING] EOF occurred in violation of protocol (_ssl.c:1000)>), 回退缓存 odds_parsed.json (56分钟前)
[2026-07-07 05:56:01] 抓到 3 场
[2026-07-07 05:56:21] ✗ 推送失败(VPS不可达或免密未配)
[2026-07-07 06:00:01]   ⚠ 体彩抓取失败(<urlopen error [SSL: CERTIFICATE_VERIFY_FAILED] certificate verify failed: EE certificate key too weak (_ssl.c:1000)>), 回退缓存 odds_parsed.json (59分钟前)
[2026-07-07 06:00:01] 抓到 3 场
[2026-07-07 06:00:17] ✗ 推送失败(VPS不可达或免密未配)
[2026-07-07 06:08:01]   ⚠ 体彩抓取失败(<urlopen error [SSL: UNEXPECTED_EOF_WHILE_READING] EOF occurred in violation of protocol (_ssl.c:1000)>), 回退缓存 odds_parsed.json (68分钟前)
[2026-07-07 06:08:01] 抓到 3 场
[2026-07-07 06:08:21] ✗ 推送失败(VPS不可达或免密未配)
[2026-07-07 06:16:01]   ⚠ 体彩抓取失败(<urlopen error [SSL: UNEXPECTED_EOF_WHILE_READING] EOF occurred in violation of protocol (_ssl.c:1000)>), 回退缓存 odds_parsed.json (76分钟前)
[2026-07-07 06:16:01] 抓到 3 场
[2026-07-07 06:16:21] ✗ 推送失败(VPS不可达或免密未配)
[2026-07-07 06:24:01]   ⚠ 体彩抓取失败(<urlopen error [SSL: UNEXPECTED_EOF_WHILE_READING] EOF occurred in violation of protocol (_ssl.c:1000)>), 回退缓存 odds_parsed.json (84分钟前)
[2026-07-07 06:24:01] 抓到 3 场
[2026-07-07 06:24:22] ✗ 推送失败(VPS不可达或免密未配)
[2026-07-07 06:32:01]   ⚠ 体彩抓取失败(<urlopen error [SSL: CERTIFICATE_VERIFY_FAILED] certificate verify failed: EE certificate key too weak (_ssl.c:1000)>), 回退缓存 odds_parsed.json (92分钟前)
[2026-07-07 06:32:01] 抓到 3 场
[2026-07-07 06:32:18] ✗ 推送失败(VPS不可达或免密未配)
[2026-07-07 06:40:01]   ⚠ 体彩抓取失败(<urlopen error [SSL: CERTIFICATE_VERIFY_FAILED] certificate verify failed: EE certificate key too weak (_ssl.c:1000)>), 回退缓存 odds_parsed.json (100分钟前)
[2026-07-07 06:40:01] 抓到 3 场
[2026-07-07 06:40:17] ✗ 推送失败(VPS不可达或免密未配)
[2026-07-07 06:48:01]   ⚠ 体彩抓取失败(<urlopen error [SSL: CERTIFICATE_VERIFY_FAILED] certificate verify failed: EE certificate key too weak (_ssl.c:1000)>), 回退缓存 odds_parsed.json (107分钟前)
[2026-07-07 06:48:01] 抓到 3 场
[2026-07-07 06:48:16] ✗ 推送失败(VPS不可达或免密未配)
[2026-07-07 06:56:01]   ⚠ 体彩抓取失败(<urlopen error [SSL: UNEXPECTED_EOF_WHILE_READING] EOF occurred in violation of protocol (_ssl.c:1000)>), 回退缓存 odds_parsed.json (116分钟前)
[2026-07-07 06:56:01] 抓到 3 场
[2026-07-07 06:56:21] ✗ 推送失败(VPS不可达或免密未配)
[2026-07-07 07:00:02]   ⚠ 体彩抓取失败(<urlopen error [SSL: CERTIFICATE_VERIFY_FAILED] certificate verify failed: EE certificate key too weak (_ssl.c:1000)>), 回退缓存 odds_parsed.json (120分钟前)
[2026-07-07 07:00:02] 抓到 3 场
[2026-07-07 07:00:17] ✗ 推送失败(VPS不可达或免密未配)
[2026-07-07 07:08:01]   ⚠ 体彩抓取失败(<urlopen error [SSL: UNEXPECTED_EOF_WHILE_READING] EOF occurred in violation of protocol (_ssl.c:1000)>), 回退缓存 odds_parsed.json (128分钟前)
[2026-07-07 07:08:01] 抓到 3 场
[2026-07-07 07:08:21] ✗ 推送失败(VPS不可达或免密未配)
[2026-07-07 07:16:01]   ⚠ 体彩抓取失败(<urlopen error [SSL: UNEXPECTED_EOF_WHILE_READING] EOF occurred in violation of protocol (_ssl.c:1000)>), 回退缓存 odds_parsed.json (136分钟前)
[2026-07-07 07:16:01] 抓到 3 场
[2026-07-07 07:16:21] ✗ 推送失败(VPS不可达或免密未配)
[2026-07-07 07:24:01]   ⚠ 体彩抓取失败(<urlopen error [SSL: CERTIFICATE_VERIFY_FAILED] certificate verify failed: EE certificate key too weak (_ssl.c:1000)>), 回退缓存 odds_parsed.json (144分钟前)
[2026-07-07 07:24:01] 抓到 3 场
[2026-07-07 07:24:18] ✗ 推送失败(VPS不可达或免密未配)
[2026-07-07 07:32:01]   ⚠ 体彩抓取失败(<urlopen error [SSL: CERTIFICATE_VERIFY_FAILED] certificate verify failed: EE certificate key too weak (_ssl.c:1000)>), 回退缓存 odds_parsed.json (152分钟前)
[2026-07-07 07:32:01] 抓到 3 场
[2026-07-07 07:32:17] ✗ 推送失败(VPS不可达或免密未配)
[2026-07-07 07:40:01]   ⚠ 体彩抓取失败(<urlopen error [SSL: CERTIFICATE_VERIFY_FAILED] certificate verify failed: EE certificate key too weak (_ssl.c:1000)>), 回退缓存 odds_parsed.json (159分钟前)
[2026-07-07 07:40:01] 抓到 3 场
[2026-07-07 07:40:16] ✗ 推送失败(VPS不可达或免密未配)
[2026-07-07 07:48:01]   ⚠ 体彩抓取失败(<urlopen error [SSL: UNEXPECTED_EOF_WHILE_READING] EOF occurred in violation of protocol (_ssl.c:1000)>), 回退缓存 odds_parsed.json (168分钟前)
[2026-07-07 07:48:01] 抓到 3 场
[2026-07-07 07:48:22] ✗ 推送失败(VPS不可达或免密未配)
[2026-07-07 07:56:01]   ⚠ 体彩抓取失败(<urlopen error [SSL: UNEXPECTED_EOF_WHILE_READING] EOF occurred in violation of protocol (_ssl.c:1000)>), 回退缓存 odds_parsed.json (176分钟前)
[2026-07-07 07:56:01] 抓到 3 场
[2026-07-07 07:56:22] ✗ 推送失败(VPS不可达或免密未配)
[2026-07-07 08:00:01]   ⚠ 体彩抓取失败(<urlopen error [SSL: UNEXPECTED_EOF_WHILE_READING] EOF occurred in violation of protocol (_ssl.c:1000)>), 回退缓存 odds_parsed.json (180分钟前)
[2026-07-07 08:00:01] 抓到 3 场
[2026-07-07 08:00:21] ✗ 推送失败(VPS不可达或免密未配)
[2026-07-07 08:08:01]   ⚠ 体彩抓取失败(<urlopen error [SSL: UNEXPECTED_EOF_WHILE_READING] EOF occurred in violation of protocol (_ssl.c:1000)>), 回退缓存 odds_parsed.json (188分钟前)
[2026-07-07 08:08:01] 抓到 3 场
[2026-07-07 08:08:21] ✗ 推送失败(VPS不可达或免密未配)
[2026-07-07 08:16:01]   ⚠ 体彩抓取失败(<urlopen error [SSL: UNEXPECTED_EOF_WHILE_READING] EOF occurred in violation of protocol (_ssl.c:1000)>), 回退缓存 odds_parsed.json (196分钟前)
[2026-07-07 08:16:01] 抓到 3 场
[2026-07-07 08:16:22] ✗ 推送失败(VPS不可达或免密未配)
[2026-07-07 08:24:01]   ⚠ 体彩抓取失败(<urlopen error [SSL: CERTIFICATE_VERIFY_FAILED] certificate verify failed: EE certificate key too weak (_ssl.c:1000)>), 回退缓存 odds_parsed.json (203分钟前)
[2026-07-07 08:24:01] 抓到 3 场
[2026-07-07 08:24:17] ✗ 推送失败(VPS不可达或免密未配)
[2026-07-07 08:32:01]   ⚠ 体彩抓取失败(<urlopen error [SSL: CERTIFICATE_VERIFY_FAILED] certificate verify failed: EE certificate key too weak (_ssl.c:1000)>), 回退缓存 odds_parsed.json (211分钟前)
[2026-07-07 08:32:01] 抓到 3 场
[2026-07-07 08:32:16] ✗ 推送失败(VPS不可达或免密未配)
[2026-07-07 08:40:01]   ⚠ 体彩抓取失败(<urlopen error [SSL: UNEXPECTED_EOF_WHILE_READING] EOF occurred in violation of protocol (_ssl.c:1000)>), 回退缓存 odds_parsed.json (220分钟前)
[2026-07-07 08:40:01] 抓到 3 场
[2026-07-07 08:40:22] ✗ 推送失败(VPS不可达或免密未配)
[2026-07-07 08:48:01]   ⚠ 体彩抓取失败(<urlopen error [SSL: UNEXPECTED_EOF_WHILE_READING] EOF occurred in violation of protocol (_ssl.c:1000)>), 回退缓存 odds_parsed.json (228分钟前)
[2026-07-07 08:48:01] 抓到 3 场
[2026-07-07 08:48:21] ✗ 推送失败(VPS不可达或免密未配)
[2026-07-07 08:56:01]   ⚠ 体彩抓取失败(<urlopen error [SSL: CERTIFICATE_VERIFY_FAILED] certificate verify failed: EE certificate key too weak (_ssl.c:1000)>), 回退缓存 odds_parsed.json (236分钟前)
[2026-07-07 08:56:01] 抓到 3 场
[2026-07-07 08:56:16] ✗ 推送失败(VPS不可达或免密未配)
[2026-07-07 09:00:01]   ⚠ 体彩抓取失败(<urlopen error [SSL: CERTIFICATE_VERIFY_FAILED] certificate verify failed: EE certificate key too weak (_ssl.c:1000)>), 回退缓存 odds_parsed.json (239分钟前)
[2026-07-07 09:00:01] 抓到 3 场
[2026-07-07 09:00:16] ✗ 推送失败(VPS不可达或免密未配)
[2026-07-07 09:08:01]   ⚠ 体彩抓取失败(<urlopen error [SSL: UNEXPECTED_EOF_WHILE_READING] EOF occurred in violation of protocol (_ssl.c:1000)>), 回退缓存 odds_parsed.json (248分钟前)
[2026-07-07 09:08:01] 抓到 3 场
[2026-07-07 09:08:22] ✗ 推送失败(VPS不可达或免密未配)
[2026-07-07 09:16:01]   ⚠ 体彩抓取失败(<urlopen error [SSL: CERTIFICATE_VERIFY_FAILED] certificate verify failed: EE certificate key too weak (_ssl.c:1000)>), 回退缓存 odds_parsed.json (256分钟前)
[2026-07-07 09:16:01] 抓到 3 场
[2026-07-07 09:16:17] ✗ 推送失败(VPS不可达或免密未配)
[2026-07-07 09:24:01]   ⚠ 体彩抓取失败(<urlopen error [SSL: UNEXPECTED_EOF_WHILE_READING] EOF occurred in violation of protocol (_ssl.c:1000)>), 回退缓存 odds_parsed.json (264分钟前)
[2026-07-07 09:24:01] 抓到 3 场
[2026-07-07 09:24:22] ✗ 推送失败(VPS不可达或免密未配)
[2026-07-07 09:32:01]   ⚠ 体彩抓取失败(<urlopen error [SSL: CERTIFICATE_VERIFY_FAILED] certificate verify failed: EE certificate key too weak (_ssl.c:1000)>), 回退缓存 odds_parsed.json (271分钟前)
[2026-07-07 09:32:01] 抓到 3 场
[2026-07-07 09:32:16] ✗ 推送失败(VPS不可达或免密未配)
[2026-07-07 09:40:01]   ⚠ 体彩抓取失败(<urlopen error [SSL: CERTIFICATE_VERIFY_FAILED] certificate verify failed: EE certificate key too weak (_ssl.c:1000)>), 回退缓存 odds_parsed.json (280分钟前)
[2026-07-07 09:40:01] 抓到 3 场
[2026-07-07 09:40:18] ✗ 推送失败(VPS不可达或免密未配)
[2026-07-07 09:48:01]   ⚠ 体彩抓取失败(<urlopen error [SSL: CERTIFICATE_VERIFY_FAILED] certificate verify failed: EE certificate key too weak (_ssl.c:1000)>), 回退缓存 odds_parsed.json (287分钟前)
[2026-07-07 09:48:01] 抓到 3 场
[2026-07-07 09:48:16] ✗ 推送失败(VPS不可达或免密未配)
[2026-07-07 09:56:01]   ⚠ 体彩抓取失败(<urlopen error [SSL: CERTIFICATE_VERIFY_FAILED] certificate verify failed: EE certificate key too weak (_ssl.c:1000)>), 回退缓存 odds_parsed.json (295分钟前)
[2026-07-07 09:56:01] 抓到 3 场
[2026-07-07 09:56:16] ✗ 推送失败(VPS不可达或免密未配)
[2026-07-07 10:00:01]   ⚠ 体彩抓取失败(<urlopen error [SSL: CERTIFICATE_VERIFY_FAILED] certificate verify failed: EE certificate key too weak (_ssl.c:1000)>), 回退缓存 odds_parsed.json (299分钟前)
[2026-07-07 10:00:01] 抓到 3 场
[2026-07-07 10:00:16] ✗ 推送失败(VPS不可达或免密未配)
[2026-07-07 10:08:01]   ⚠ 体彩抓取失败(<urlopen error [SSL: CERTIFICATE_VERIFY_FAILED] certificate verify failed: EE certificate key too weak (_ssl.c:1000)>), 回退缓存 odds_parsed.json (307分钟前)
[2026-07-07 10:08:01] 抓到 3 场
[2026-07-07 10:08:16] ✗ 推送失败(VPS不可达或免密未配)
[2026-07-07 10:16:01]   ⚠ 体彩抓取失败(<urlopen error [SSL: CERTIFICATE_VERIFY_FAILED] certificate verify failed: EE certificate key too weak (_ssl.c:1000)>), 回退缓存 odds_parsed.json (315分钟前)
[2026-07-07 10:16:01] 抓到 3 场
[2026-07-07 10:16:16] ✗ 推送失败(VPS不可达或免密未配)
[2026-07-07 10:24:01]   ⚠ 体彩抓取失败(<urlopen error [SSL: CERTIFICATE_VERIFY_FAILED] certificate verify failed: EE certificate key too weak (_ssl.c:1000)>), 回退缓存 odds_parsed.json (323分钟前)
[2026-07-07 10:24:01] 抓到 3 场
[2026-07-07 10:24:14] ✗ 推送失败(VPS不可达或免密未配)
[2026-07-07 10:32:01]   ⚠ 体彩抓取失败(<urlopen error [SSL: UNEXPECTED_EOF_WHILE_READING] EOF occurred in violation of protocol (_ssl.c:1000)>), 回退缓存 odds_parsed.json (332分钟前)
[2026-07-07 10:32:01] 抓到 3 场
[2026-07-07 10:32:11] ✗ 推送失败(VPS不可达或免密未配)
[2026-07-07 10:40:01]   ⚠ 体彩抓取失败(<urlopen error [SSL: CERTIFICATE_VERIFY_FAILED] certificate verify failed: EE certificate key too weak (_ssl.c:1000)>), 回退缓存 odds_parsed.json (340分钟前)
[2026-07-07 10:40:01] 抓到 3 场
[2026-07-07 10:40:17] ✗ 推送失败(VPS不可达或免密未配)
[2026-07-07 10:48:01]   ⚠ 体彩抓取失败(<urlopen error [SSL: CERTIFICATE_VERIFY_FAILED] certificate verify failed: EE certificate key too weak (_ssl.c:1000)>), 回退缓存 odds_parsed.json (347分钟前)
[2026-07-07 10:48:01] 抓到 3 场
[2026-07-07 10:48:14] ✗ 推送失败(VPS不可达或免密未配)
[2026-07-07 10:56:01] 抓到 2 场
[2026-07-07 10:56:12] ✓ 11个数据文件已同步VPS(rsync -u, 仅推送更新过的)
[2026-07-07 10:56:15] VPS重算: 200
[2026-07-07 11:00:01] 抓到 2 场
[2026-07-07 11:00:12] ✓ 11个数据文件已同步VPS(rsync -u, 仅推送更新过的)
[2026-07-07 11:00:14] VPS重算: 200
[2026-07-07 11:08:01] 抓到 6 场
[2026-07-07 11:08:12] ✓ 11个数据文件已同步VPS(rsync -u, 仅推送更新过的)
[2026-07-07 11:08:16] VPS重算: 200
[2026-07-07 11:16:01] 抓到 6 场
[2026-07-07 11:16:11] ✓ 11个数据文件已同步VPS(rsync -u, 仅推送更新过的)
[2026-07-07 11:16:15] VPS重算: 200
[2026-07-07 11:24:01] 抓到 6 场
[2026-07-07 11:24:12] ✓ 11个数据文件已同步VPS(rsync -u, 仅推送更新过的)
[2026-07-07 11:24:16] VPS重算: 200
[2026-07-07 11:32:01] 抓到 6 场
[2026-07-07 11:32:13] ✓ 11个数据文件已同步VPS(rsync -u, 仅推送更新过的)
[2026-07-07 11:32:16] VPS重算: 200
[2026-07-07 11:40:01] 抓到 6 场
[2026-07-07 11:40:20] ✓ 11个数据文件已同步VPS(rsync -u, 仅推送更新过的)
[2026-07-07 11:40:23] VPS重算: 200
[2026-07-07 11:48:01] 抓到 6 场
[2026-07-07 11:48:11] ✓ 11个数据文件已同步VPS(rsync -u, 仅推送更新过的)
[2026-07-07 11:48:14] VPS重算: 200
[2026-07-07 11:56:01] 抓到 6 场
[2026-07-07 11:56:11] ✓ 11个数据文件已同步VPS(rsync -u, 仅推送更新过的)
[2026-07-07 11:56:14] VPS重算: 200
[2026-07-07 12:00:01] 抓到 6 场
[2026-07-07 12:00:12] ✓ 11个数据文件已同步VPS(rsync -u, 仅推送更新过的)
[2026-07-07 12:00:14] VPS重算: 200
[2026-07-07 12:08:01] 抓到 6 场
[2026-07-07 12:08:11] ✓ 11个数据文件已同步VPS(rsync -u, 仅推送更新过的)
[2026-07-07 12:08:14] VPS重算: 200
[2026-07-07 12:16:01] 抓到 6 场
[2026-07-07 12:16:13] ✓ 11个数据文件已同步VPS(rsync -u, 仅推送更新过的)
[2026-07-07 12:16:16] VPS重算: 200
[2026-07-07 12:24:01] 抓到 6 场
[2026-07-07 12:24:13] ✓ 11个数据文件已同步VPS(rsync -u, 仅推送更新过的)
[2026-07-07 12:24:16] VPS重算: 200
[2026-07-07 12:32:01] 抓到 6 场
[2026-07-07 12:32:06] ✓ 11个数据文件已同步VPS(rsync -u, 仅推送更新过的)
[2026-07-07 12:32:08] VPS重算: 200
[2026-07-07 12:40:01] 抓到 6 场
[2026-07-07 12:40:08] ✓ 11个数据文件已同步VPS(rsync -u, 仅推送更新过的)
[2026-07-07 12:40:09] VPS重算: 200
[2026-07-07 12:48:01] 抓到 6 场
[2026-07-07 12:48:07] ✓ 11个数据文件已同步VPS(rsync -u, 仅推送更新过的)
[2026-07-07 12:48:08] VPS重算: 200
[2026-07-07 12:56:01] 抓到 6 场
[2026-07-07 12:56:08] ✓ 11个数据文件已同步VPS(rsync -u, 仅推送更新过的)
[2026-07-07 12:56:09] VPS重算: 200
[2026-07-07 13:00:01] 抓到 6 场
[2026-07-07 13:00:10] ✓ 11个数据文件已同步VPS(rsync -u, 仅推送更新过的)
[2026-07-07 13:00:10] VPS重算: 200
[2026-07-07 13:08:01] 抓到 6 场
[2026-07-07 13:08:07] ✓ 11个数据文件已同步VPS(rsync -u, 仅推送更新过的)
[2026-07-07 13:08:08] VPS重算: 200
[2026-07-07 13:16:01] 抓到 6 场
[2026-07-07 13:16:07] ✓ 11个数据文件已同步VPS(rsync -u, 仅推送更新过的)
[2026-07-07 13:16:08] VPS重算: 200
[2026-07-07 13:24:01] 抓到 6 场
[2026-07-07 13:24:07] ✓ 11个数据文件已同步VPS(rsync -u, 仅推送更新过的)
[2026-07-07 13:24:07] VPS重算: 200
[2026-07-07 13:32:01] 抓到 6 场
[2026-07-07 13:32:07] ✓ 11个数据文件已同步VPS(rsync -u, 仅推送更新过的)
[2026-07-07 13:32:08] VPS重算: 200
[2026-07-07 13:40:01] 抓到 6 场
[2026-07-07 13:40:07] ✓ 11个数据文件已同步VPS(rsync -u, 仅推送更新过的)
[2026-07-07 13:40:08] VPS重算: 200
[2026-07-07 13:48:01] 抓到 6 场
[2026-07-07 13:48:06] ✓ 11个数据文件已同步VPS(rsync -u, 仅推送更新过的)
[2026-07-07 13:48:06] VPS重算: 200
[2026-07-07 13:56:01] 抓到 6 场
[2026-07-07 13:56:06] ✓ 11个数据文件已同步VPS(rsync -u, 仅推送更新过的)
[2026-07-07 13:56:07] VPS重算: 200
[2026-07-07 14:00:01] 抓到 6 场
[2026-07-07 14:00:05] ✓ 11个数据文件已同步VPS(rsync -u, 仅推送更新过的)
[2026-07-07 14:00:06] VPS重算: 200
[2026-07-07 14:08:01] 抓到 6 场
[2026-07-07 14:08:06] ✓ 11个数据文件已同步VPS(rsync -u, 仅推送更新过的)
[2026-07-07 14:08:07] VPS重算: 200
[2026-07-07 14:16:01] 抓到 6 场
[2026-07-07 14:16:07] ✓ 11个数据文件已同步VPS(rsync -u, 仅推送更新过的)
[2026-07-07 14:16:07] VPS重算: 200
[2026-07-07 14:24:01] 抓到 6 场
[2026-07-07 14:24:08] ✓ 11个数据文件已同步VPS(rsync -u, 仅推送更新过的)
[2026-07-07 14:24:08] VPS重算: 200
[2026-07-07 14:32:01] 抓到 6 场
[2026-07-07 14:32:08] ✓ 11个数据文件已同步VPS(rsync -u, 仅推送更新过的)
[2026-07-07 14:32:08] VPS重算: 200
[2026-07-07 14:40:01] 抓到 6 场
[2026-07-07 14:40:07] ✓ 11个数据文件已同步VPS(rsync -u, 仅推送更新过的)
[2026-07-07 14:40:07] VPS重算: 200
[2026-07-07 14:56:00]   ⚠ 体彩抓取失败(<urlopen error [Errno -3] Temporary failure in name resolution>), 回退缓存 odds_parsed.json (15分钟前)
[2026-07-07 14:56:00] 抓到 6 场
[2026-07-07 14:56:00] ✗ 推送失败(VPS不可达或免密未配)
[2026-07-07 15:00:01] 抓到 6 场
[2026-07-07 15:00:05] ✓ 11个数据文件已同步VPS(rsync -u, 仅推送更新过的)
[2026-07-07 15:00:06] VPS重算: 200
[2026-07-07 15:08:01] 抓到 6 场
[2026-07-07 15:08:06] ✓ 11个数据文件已同步VPS(rsync -u, 仅推送更新过的)
[2026-07-07 15:08:06] VPS重算: 200
[2026-07-07 15:16:01] 抓到 6 场
[2026-07-07 15:16:05] ✓ 11个数据文件已同步VPS(rsync -u, 仅推送更新过的)
[2026-07-07 15:16:05] VPS重算: 200
[2026-07-07 15:24:01] 抓到 6 场
[2026-07-07 15:24:06] ✓ 11个数据文件已同步VPS(rsync -u, 仅推送更新过的)
[2026-07-07 15:24:07] VPS重算: 200
[2026-07-07 15:32:01] 抓到 6 场
[2026-07-07 15:32:06] ✓ 11个数据文件已同步VPS(rsync -u, 仅推送更新过的)
[2026-07-07 15:32:07] VPS重算: 200
[2026-07-07 15:40:01] 抓到 6 场
[2026-07-07 15:40:06] ✓ 11个数据文件已同步VPS(rsync -u, 仅推送更新过的)
[2026-07-07 15:40:07] VPS重算: 200
[2026-07-07 15:48:01] 抓到 6 场
[2026-07-07 15:48:06] ✓ 11个数据文件已同步VPS(rsync -u, 仅推送更新过的)
[2026-07-07 15:48:06] VPS重算: 200
[2026-07-07 15:56:01] 抓到 6 场
[2026-07-07 15:56:05] ✓ 11个数据文件已同步VPS(rsync -u, 仅推送更新过的)
[2026-07-07 15:56:06] VPS重算: 200
[2026-07-07 16:00:01] 抓到 6 场
[2026-07-07 16:00:04] ✓ 11个数据文件已同步VPS(rsync -u, 仅推送更新过的)
[2026-07-07 16:00:05] VPS重算: 200
[2026-07-07 16:08:01] 抓到 6 场
[2026-07-07 16:08:06] ✓ 11个数据文件已同步VPS(rsync -u, 仅推送更新过的)
[2026-07-07 16:08:07] VPS重算: 200
[2026-07-07 16:16:01] 抓到 6 场
[2026-07-07 16:16:04] ✓ 11个数据文件已同步VPS(rsync -u, 仅推送更新过的)
[2026-07-07 16:16:05] VPS重算: 200
[2026-07-07 16:24:01] 抓到 6 场
[2026-07-07 16:24:04] ✓ 11个数据文件已同步VPS(rsync -u, 仅推送更新过的)
[2026-07-07 16:24:05] VPS重算: 200
[2026-07-07 16:32:01] 抓到 6 场
[2026-07-07 16:32:05] ✓ 11个数据文件已同步VPS(rsync -u, 仅推送更新过的)
[2026-07-07 16:32:06] VPS重算: 200
[2026-07-07 16:40:02] 抓到 6 场
[2026-07-07 16:40:06] ✓ 11个数据文件已同步VPS(rsync -u, 仅推送更新过的)
[2026-07-07 16:40:06] VPS重算: 200
[2026-07-07 16:48:01] 抓到 6 场
[2026-07-07 16:48:06] ✓ 11个数据文件已同步VPS(rsync -u, 仅推送更新过的)
[2026-07-07 16:48:07] VPS重算: 200
[2026-07-07 16:56:01] 抓到 6 场
[2026-07-07 16:56:06] ✓ 11个数据文件已同步VPS(rsync -u, 仅推送更新过的)
[2026-07-07 16:56:06] VPS重算: 200
[2026-07-07 17:00:01] 抓到 6 场
[2026-07-07 17:00:06] ✓ 11个数据文件已同步VPS(rsync -u, 仅推送更新过的)
[2026-07-07 17:00:06] VPS重算: 200
[2026-07-07 17:08:01] 抓到 6 场
[2026-07-07 17:08:05] ✓ 11个数据文件已同步VPS(rsync -u, 仅推送更新过的)
[2026-07-07 17:08:06] VPS重算: 200
[2026-07-07 17:16:01] 抓到 6 场
[2026-07-07 17:16:04] ✓ 11个数据文件已同步VPS(rsync -u, 仅推送更新过的)
[2026-07-07 17:16:05] VPS重算: 200
[2026-07-07 17:24:01] 抓到 6 场
[2026-07-07 17:24:06] ✓ 11个数据文件已同步VPS(rsync -u, 仅推送更新过的)
[2026-07-07 17:24:06] VPS重算: 200
[2026-07-07 17:32:01] 抓到 6 场
[2026-07-07 17:32:06] ✓ 11个数据文件已同步VPS(rsync -u, 仅推送更新过的)
[2026-07-07 17:32:07] VPS重算: 200
[2026-07-07 17:40:01] 抓到 6 场
[2026-07-07 17:40:06] ✓ 11个数据文件已同步VPS(rsync -u, 仅推送更新过的)
[2026-07-07 17:40:06] VPS重算: 200
[2026-07-07 17:48:01] 抓到 6 场
[2026-07-07 17:48:06] ✓ 11个数据文件已同步VPS(rsync -u, 仅推送更新过的)
[2026-07-07 17:48:07] VPS重算: 200
[2026-07-07 17:56:01] 抓到 6 场
[2026-07-07 17:56:05] ✓ 11个数据文件已同步VPS(rsync -u, 仅推送更新过的)
[2026-07-07 17:56:06] VPS重算: 200
[2026-07-07 18:00:01] 抓到 6 场
[2026-07-07 18:00:04] ✓ 11个数据文件已同步VPS(rsync -u, 仅推送更新过的)
[2026-07-07 18:00:05] VPS重算: 200
[2026-07-07 18:08:01] 抓到 6 场
[2026-07-07 18:08:06] ✓ 11个数据文件已同步VPS(rsync -u, 仅推送更新过的)
[2026-07-07 18:08:07] VPS重算: 200
[2026-07-07 18:16:01] 抓到 6 场
[2026-07-07 18:16:05] ✓ 11个数据文件已同步VPS(rsync -u, 仅推送更新过的)
[2026-07-07 18:16:06] VPS重算: 200
[2026-07-07 18:24:01] 抓到 6 场
[2026-07-07 18:24:05] ✓ 11个数据文件已同步VPS(rsync -u, 仅推送更新过的)
[2026-07-07 18:24:06] VPS重算: 200
[2026-07-07 18:32:01] 抓到 6 场
[2026-07-07 18:32:06] ✓ 11个数据文件已同步VPS(rsync -u, 仅推送更新过的)
[2026-07-07 18:32:08] VPS重算: 200
[2026-07-07 18:40:01] 抓到 6 场
[2026-07-07 18:40:05] ✓ 11个数据文件已同步VPS(rsync -u, 仅推送更新过的)
[2026-07-07 18:40:06] VPS重算: 200
[2026-07-07 18:48:01] 抓到 6 场
[2026-07-07 18:48:06] ✓ 11个数据文件已同步VPS(rsync -u, 仅推送更新过的)
[2026-07-07 18:48:08] VPS重算: 200
[2026-07-07 18:56:01] 抓到 6 场
[2026-07-07 18:56:05] ✓ 11个数据文件已同步VPS(rsync -u, 仅推送更新过的)
[2026-07-07 18:56:05] VPS重算: 200
[2026-07-07 19:00:01] 抓到 6 场
[2026-07-07 19:00:05] ✓ 11个数据文件已同步VPS(rsync -u, 仅推送更新过的)
[2026-07-07 19:00:05] VPS重算: 200
[2026-07-07 19:08:01] 抓到 6 场
[2026-07-07 19:08:05] ✓ 11个数据文件已同步VPS(rsync -u, 仅推送更新过的)
[2026-07-07 19:08:06] VPS重算: 200
[2026-07-07 19:16:01] 抓到 6 场
[2026-07-07 19:16:05] ✓ 11个数据文件已同步VPS(rsync -u, 仅推送更新过的)
[2026-07-07 19:16:06] VPS重算: 200
[2026-07-07 19:24:01] 抓到 6 场
[2026-07-07 19:24:05] ✓ 11个数据文件已同步VPS(rsync -u, 仅推送更新过的)
[2026-07-07 19:24:06] VPS重算: 200
[2026-07-07 19:32:01] 抓到 6 场
[2026-07-07 19:32:04] ✓ 11个数据文件已同步VPS(rsync -u, 仅推送更新过的)
[2026-07-07 19:32:05] VPS重算: 200
[2026-07-07 19:40:01] 抓到 6 场
[2026-07-07 19:40:05] ✓ 11个数据文件已同步VPS(rsync -u, 仅推送更新过的)
[2026-07-07 19:40:05] VPS重算: 200
[2026-07-07 19:48:01] 抓到 6 场
[2026-07-07 19:48:05] ✓ 11个数据文件已同步VPS(rsync -u, 仅推送更新过的)
[2026-07-07 19:48:06] VPS重算: 200
[2026-07-07 19:56:01] 抓到 6 场
[2026-07-07 19:56:04] ✓ 11个数据文件已同步VPS(rsync -u, 仅推送更新过的)
[2026-07-07 19:56:05] VPS重算: 200
[2026-07-07 20:00:01] 抓到 6 场
[2026-07-07 20:00:05] ✓ 11个数据文件已同步VPS(rsync -u, 仅推送更新过的)
[2026-07-07 20:00:05] VPS重算: 200
[2026-07-07 20:08:01] 抓到 6 场
[2026-07-07 20:08:05] ✓ 11个数据文件已同步VPS(rsync -u, 仅推送更新过的)
[2026-07-07 20:08:06] VPS重算: 200
[2026-07-07 20:16:01] 抓到 6 场
[2026-07-07 20:16:05] ✓ 11个数据文件已同步VPS(rsync -u, 仅推送更新过的)
[2026-07-07 20:16:05] VPS重算: 200
[2026-07-07 20:24:01] 抓到 6 场
[2026-07-07 20:24:04] ✓ 11个数据文件已同步VPS(rsync -u, 仅推送更新过的)
[2026-07-07 20:24:05] VPS重算: 200
[2026-07-07 20:32:01] Traceback (most recent call last):
[2026-07-07 20:32:01]   File "<string>", line 4, in <module>
[2026-07-07 20:32:01]   File "/home/hetaisheng/soccerdata/wc_analysis/predict.py", line 216, in fetch_sporttery
[2026-07-07 20:32:01]     parsed_cache.write_text(
[2026-07-07 20:32:01]   File "/usr/lib/python3.12/pathlib.py", line 1049, in write_text
[2026-07-07 20:32:01]     with self.open(mode='w', encoding=encoding, errors=errors, newline=newline) as f:
[2026-07-07 20:32:01] OSError: [Errno 28] No space left on device
[2026-07-07 20:32:05] ✓ 11个数据文件已同步VPS(rsync -u, 仅推送更新过的)
[2026-07-07 20:32:06] VPS重算: 200
[2026-07-07 20:40:01] Traceback (most recent call last):
[2026-07-07 20:40:01]   File "<string>", line 4, in <module>
[2026-07-07 20:40:01]   File "/home/hetaisheng/soccerdata/wc_analysis/predict.py", line 216, in fetch_sporttery
[2026-07-07 20:40:01]     parsed_cache.write_text(
[2026-07-07 20:40:01]   File "/usr/lib/python3.12/pathlib.py", line 1049, in write_text
[2026-07-07 20:40:01]     with self.open(mode='w', encoding=encoding, errors=errors, newline=newline) as f:
[2026-07-07 20:40:01] OSError: [Errno 28] No space left on device
[2026-07-07 20:40:05] ✓ 11个数据文件已同步VPS(rsync -u, 仅推送更新过的)
[2026-07-07 20:40:06] VPS重算: 200
[2026-07-07 20:48:01] 抓到 6 场
[2026-07-07 20:48:06] ✓ 11个数据文件已同步VPS(rsync -u, 仅推送更新过的)
[2026-07-07 20:48:07] VPS重算: 200
[2026-07-07 20:56:01] 抓到 6 场
[2026-07-07 20:56:06] ✓ 11个数据文件已同步VPS(rsync -u, 仅推送更新过的)
[2026-07-07 20:56:06] VPS重算: 200
[2026-07-07 21:00:01] 抓到 6 场
[2026-07-07 21:00:04] ✓ 11个数据文件已同步VPS(rsync -u, 仅推送更新过的)
[2026-07-07 21:00:05] VPS重算: 200
[2026-07-07 21:08:01] 抓到 6 场
[2026-07-07 21:08:05] ✓ 11个数据文件已同步VPS(rsync -u, 仅推送更新过的)
[2026-07-07 21:08:06] VPS重算: 200
[2026-07-07 21:16:01] 抓到 6 场
[2026-07-07 21:16:06] ✓ 11个数据文件已同步VPS(rsync -u, 仅推送更新过的)
[2026-07-07 21:16:07] VPS重算: 200
[2026-07-07 21:24:01] 抓到 6 场
[2026-07-07 21:24:06] ✓ 11个数据文件已同步VPS(rsync -u, 仅推送更新过的)
[2026-07-07 21:24:06] VPS重算: 200
[2026-07-07 21:32:01] 抓到 6 场
[2026-07-07 21:32:05] ✓ 11个数据文件已同步VPS(rsync -u, 仅推送更新过的)
[2026-07-07 21:32:06] VPS重算: 200
[2026-07-07 21:40:01] 抓到 6 场
[2026-07-07 21:40:05] ✓ 11个数据文件已同步VPS(rsync -u, 仅推送更新过的)
[2026-07-07 21:40:06] VPS重算: 200
[2026-07-07 21:48:01] 抓到 6 场
[2026-07-07 21:48:05] ✓ 11个数据文件已同步VPS(rsync -u, 仅推送更新过的)
[2026-07-07 21:48:07] VPS重算: 200
[2026-07-07 21:56:01] 抓到 6 场
[2026-07-07 21:56:05] ✓ 11个数据文件已同步VPS(rsync -u, 仅推送更新过的)
[2026-07-07 21:56:06] VPS重算: 200
[2026-07-07 22:00:01] 抓到 6 场
[2026-07-07 22:00:04] ✓ 11个数据文件已同步VPS(rsync -u, 仅推送更新过的)
[2026-07-07 22:00:05] VPS重算: 200
[2026-07-07 22:08:01] 抓到 6 场
[2026-07-07 22:08:05] ✓ 11个数据文件已同步VPS(rsync -u, 仅推送更新过的)
[2026-07-07 22:08:07] VPS重算: 200
[2026-07-07 22:16:01] 抓到 6 场
[2026-07-07 22:16:05] ✓ 11个数据文件已同步VPS(rsync -u, 仅推送更新过的)
[2026-07-07 22:16:07] VPS重算: 200
[2026-07-07 22:24:01] 抓到 6 场
[2026-07-07 22:24:06] ✓ 11个数据文件已同步VPS(rsync -u, 仅推送更新过的)
[2026-07-07 22:24:06] VPS重算: 200
[2026-07-07 22:32:01] 抓到 6 场
[2026-07-07 22:32:06] ✓ 11个数据文件已同步VPS(rsync -u, 仅推送更新过的)
[2026-07-07 22:32:07] VPS重算: 200
[2026-07-07 22:40:01] 抓到 6 场
[2026-07-07 22:40:06] ✓ 11个数据文件已同步VPS(rsync -u, 仅推送更新过的)
[2026-07-07 22:40:06] VPS重算: 200
[2026-07-07 22:48:01] 抓到 6 场
[2026-07-07 22:48:05] ✓ 11个数据文件已同步VPS(rsync -u, 仅推送更新过的)
[2026-07-07 22:48:06] VPS重算: 200
[2026-07-07 22:56:01] 抓到 6 场
[2026-07-07 22:56:05] ✓ 11个数据文件已同步VPS(rsync -u, 仅推送更新过的)
[2026-07-07 22:56:07] VPS重算: 200
[2026-07-07 23:00:01] 抓到 6 场
[2026-07-07 23:00:04] ✓ 11个数据文件已同步VPS(rsync -u, 仅推送更新过的)
[2026-07-07 23:00:05] VPS重算: 200
[2026-07-07 23:08:01] 抓到 6 场
[2026-07-07 23:08:04] ✓ 11个数据文件已同步VPS(rsync -u, 仅推送更新过的)
[2026-07-07 23:08:06] VPS重算: 200
[2026-07-07 23:16:01] 抓到 6 场
[2026-07-07 23:16:04] ✓ 11个数据文件已同步VPS(rsync -u, 仅推送更新过的)
[2026-07-07 23:16:05] VPS重算: 200
[2026-07-07 23:24:01] 抓到 6 场
[2026-07-07 23:24:05] ✓ 11个数据文件已同步VPS(rsync -u, 仅推送更新过的)
[2026-07-07 23:24:06] VPS重算: 200
[2026-07-07 23:32:01] 抓到 6 场
[2026-07-07 23:32:04] ✓ 11个数据文件已同步VPS(rsync -u, 仅推送更新过的)
[2026-07-07 23:32:05] VPS重算: 200
[2026-07-07 23:40:01] 抓到 6 场
[2026-07-07 23:40:05] ✓ 11个数据文件已同步VPS(rsync -u, 仅推送更新过的)
[2026-07-07 23:40:06] VPS重算: 200
[2026-07-07 23:48:01] 抓到 6 场
[2026-07-07 23:48:05] ✓ 11个数据文件已同步VPS(rsync -u, 仅推送更新过的)
[2026-07-07 23:48:06] VPS重算: 200
[2026-07-07 23:56:01] 抓到 6 场
[2026-07-07 23:56:05] ✓ 11个数据文件已同步VPS(rsync -u, 仅推送更新过的)
[2026-07-07 23:56:06] VPS重算: 200
[2026-07-08 00:00:01] 抓到 6 场
[2026-07-08 00:00:05] ✓ 11个数据文件已同步VPS(rsync -u, 仅推送更新过的)
[2026-07-08 00:00:06] VPS重算: 200
[2026-07-08 00:08:01] 抓到 4 场
[2026-07-08 00:08:05] ✓ 11个数据文件已同步VPS(rsync -u, 仅推送更新过的)
[2026-07-08 00:08:06] VPS重算: 200
[2026-07-08 00:16:01] 抓到 4 场
[2026-07-08 00:16:04] ✓ 11个数据文件已同步VPS(rsync -u, 仅推送更新过的)
[2026-07-08 00:16:05] VPS重算: 200
[2026-07-08 00:24:01] 抓到 4 场
[2026-07-08 00:24:06] ✓ 11个数据文件已同步VPS(rsync -u, 仅推送更新过的)
[2026-07-08 00:24:07] VPS重算: 200
[2026-07-08 00:32:01] 抓到 4 场
[2026-07-08 00:32:05] ✓ 11个数据文件已同步VPS(rsync -u, 仅推送更新过的)
[2026-07-08 00:32:06] VPS重算: 200
[2026-07-08 00:40:01] 抓到 4 场
[2026-07-08 00:40:05] ✓ 11个数据文件已同步VPS(rsync -u, 仅推送更新过的)
[2026-07-08 00:40:06] VPS重算: 200
[2026-07-08 00:48:01] 抓到 4 场
[2026-07-08 00:48:05] ✓ 11个数据文件已同步VPS(rsync -u, 仅推送更新过的)
[2026-07-08 00:48:06] VPS重算: 200
[2026-07-08 00:56:01] 抓到 4 场
[2026-07-08 00:56:05] ✓ 11个数据文件已同步VPS(rsync -u, 仅推送更新过的)
[2026-07-08 00:56:07] VPS重算: 200
[2026-07-08 01:00:01] 抓到 4 场
[2026-07-08 01:00:05] ✓ 11个数据文件已同步VPS(rsync -u, 仅推送更新过的)
[2026-07-08 01:00:06] VPS重算: 200
[2026-07-08 01:08:01] 抓到 4 场
[2026-07-08 01:08:05] ✓ 11个数据文件已同步VPS(rsync -u, 仅推送更新过的)
[2026-07-08 01:08:06] VPS重算: 200
[2026-07-08 01:16:01] 抓到 4 场
[2026-07-08 01:16:06] ✓ 11个数据文件已同步VPS(rsync -u, 仅推送更新过的)
[2026-07-08 01:16:06] VPS重算: 200
[2026-07-08 01:24:01] 抓到 4 场
[2026-07-08 01:24:04] ✓ 11个数据文件已同步VPS(rsync -u, 仅推送更新过的)
[2026-07-08 01:24:05] VPS重算: 200
[2026-07-08 01:32:01] 抓到 4 场
[2026-07-08 01:32:06] ✓ 11个数据文件已同步VPS(rsync -u, 仅推送更新过的)
[2026-07-08 01:32:07] VPS重算: 200
[2026-07-08 01:40:01] 抓到 4 场
[2026-07-08 01:40:06] ✓ 11个数据文件已同步VPS(rsync -u, 仅推送更新过的)
[2026-07-08 01:40:07] VPS重算: 200
[2026-07-08 01:48:01] 抓到 4 场
[2026-07-08 01:48:05] ✓ 11个数据文件已同步VPS(rsync -u, 仅推送更新过的)
[2026-07-08 01:48:06] VPS重算: 200
[2026-07-08 01:56:01] 抓到 4 场
[2026-07-08 01:56:05] ✓ 11个数据文件已同步VPS(rsync -u, 仅推送更新过的)
[2026-07-08 01:56:05] VPS重算: 200
[2026-07-08 02:00:01] 抓到 4 场
[2026-07-08 02:00:04] ✓ 11个数据文件已同步VPS(rsync -u, 仅推送更新过的)
[2026-07-08 02:00:05] VPS重算: 200
[2026-07-08 02:08:01] 抓到 4 场
[2026-07-08 02:08:05] ✓ 11个数据文件已同步VPS(rsync -u, 仅推送更新过的)
[2026-07-08 02:08:06] VPS重算: 200
[2026-07-08 02:16:01] 抓到 4 场
[2026-07-08 02:16:05] ✓ 11个数据文件已同步VPS(rsync -u, 仅推送更新过的)
[2026-07-08 02:16:05] VPS重算: 200
[2026-07-08 02:24:01] 抓到 4 场
[2026-07-08 02:24:06] ✓ 11个数据文件已同步VPS(rsync -u, 仅推送更新过的)
[2026-07-08 02:24:07] VPS重算: 200
[2026-07-08 02:32:01] 抓到 4 场
[2026-07-08 02:32:05] ✓ 11个数据文件已同步VPS(rsync -u, 仅推送更新过的)
[2026-07-08 02:32:06] VPS重算: 200
[2026-07-08 02:40:01] 抓到 4 场
[2026-07-08 02:40:04] ✓ 11个数据文件已同步VPS(rsync -u, 仅推送更新过的)
[2026-07-08 02:40:05] VPS重算: 200
[2026-07-08 02:48:01] 抓到 3 场
[2026-07-08 02:48:05] ✓ 11个数据文件已同步VPS(rsync -u, 仅推送更新过的)
[2026-07-08 02:48:06] VPS重算: 200
[2026-07-08 02:56:01] 抓到 3 场
[2026-07-08 02:56:05] ✓ 11个数据文件已同步VPS(rsync -u, 仅推送更新过的)
[2026-07-08 02:56:06] VPS重算: 200
[2026-07-08 03:00:01] 抓到 3 场
[2026-07-08 03:00:05] ✓ 11个数据文件已同步VPS(rsync -u, 仅推送更新过的)
[2026-07-08 03:00:06] VPS重算: 200
[2026-07-08 03:08:01] 抓到 2 场
[2026-07-08 03:08:04] ✓ 11个数据文件已同步VPS(rsync -u, 仅推送更新过的)
[2026-07-08 03:08:05] VPS重算: 200
[2026-07-08 03:16:01] 抓到 2 场
[2026-07-08 03:16:05] ✓ 11个数据文件已同步VPS(rsync -u, 仅推送更新过的)
[2026-07-08 03:16:06] VPS重算: 200
[2026-07-08 03:24:01] 抓到 2 场
[2026-07-08 03:24:04] ✓ 11个数据文件已同步VPS(rsync -u, 仅推送更新过的)
[2026-07-08 03:24:05] VPS重算: 200
[2026-07-08 03:32:01] 抓到 2 场
[2026-07-08 03:32:05] ✓ 11个数据文件已同步VPS(rsync -u, 仅推送更新过的)
[2026-07-08 03:32:05] VPS重算: 200
[2026-07-08 03:40:01] 抓到 2 场
[2026-07-08 03:40:04] ✓ 11个数据文件已同步VPS(rsync -u, 仅推送更新过的)
[2026-07-08 03:40:05] VPS重算: 200
[2026-07-08 03:48:01] 抓到 2 场
[2026-07-08 03:48:06] ✓ 11个数据文件已同步VPS(rsync -u, 仅推送更新过的)
[2026-07-08 03:48:08] VPS重算: 200
[2026-07-08 03:56:01] 抓到 2 场
[2026-07-08 03:56:04] ✓ 11个数据文件已同步VPS(rsync -u, 仅推送更新过的)
[2026-07-08 03:56:05] VPS重算: 200
[2026-07-08 04:00:01] 抓到 2 场
[2026-07-08 04:00:04] ✓ 11个数据文件已同步VPS(rsync -u, 仅推送更新过的)
[2026-07-08 04:00:04] VPS重算: 200
[2026-07-08 04:08:01] 抓到 1 场
[2026-07-08 04:08:05] ✓ 11个数据文件已同步VPS(rsync -u, 仅推送更新过的)
[2026-07-08 04:08:06] VPS重算: 200
[2026-07-08 04:16:01] 抓到 1 场
[2026-07-08 04:16:04] ✓ 11个数据文件已同步VPS(rsync -u, 仅推送更新过的)
[2026-07-08 04:16:05] VPS重算: 200
[2026-07-08 04:24:01] 抓到 1 场
[2026-07-08 04:24:04] ✓ 11个数据文件已同步VPS(rsync -u, 仅推送更新过的)
[2026-07-08 04:24:05] VPS重算: 200
[2026-07-08 04:32:01] 抓到 1 场
[2026-07-08 04:32:06] ✓ 11个数据文件已同步VPS(rsync -u, 仅推送更新过的)
[2026-07-08 04:32:07] VPS重算: 200
[2026-07-08 04:40:01] 抓到 1 场
[2026-07-08 04:40:05] ✓ 11个数据文件已同步VPS(rsync -u, 仅推送更新过的)
[2026-07-08 04:40:06] VPS重算: 200
[2026-07-08 04:48:01] 抓到 1 场
[2026-07-08 04:48:04] ✓ 11个数据文件已同步VPS(rsync -u, 仅推送更新过的)
[2026-07-08 04:48:06] VPS重算: 200
[2026-07-08 04:56:01] 抓到 1 场
[2026-07-08 04:56:04] ✓ 11个数据文件已同步VPS(rsync -u, 仅推送更新过的)
[2026-07-08 04:56:05] VPS重算: 200
[2026-07-08 05:00:01] 抓到 1 场
[2026-07-08 05:00:04] ✓ 11个数据文件已同步VPS(rsync -u, 仅推送更新过的)
[2026-07-08 05:00:05] VPS重算: 200
[2026-07-08 05:08:01] 抓到 1 场
[2026-07-08 05:08:05] ✓ 11个数据文件已同步VPS(rsync -u, 仅推送更新过的)
[2026-07-08 05:08:06] VPS重算: 200
[2026-07-08 05:16:01] 抓到 1 场
[2026-07-08 05:16:05] ✓ 11个数据文件已同步VPS(rsync -u, 仅推送更新过的)
[2026-07-08 05:16:05] VPS重算: 200
[2026-07-08 05:24:01] 抓到 1 场
[2026-07-08 05:24:05] ✓ 11个数据文件已同步VPS(rsync -u, 仅推送更新过的)
[2026-07-08 05:24:05] VPS重算: 200
[2026-07-08 05:32:01] 抓到 1 场
[2026-07-08 05:32:04] ✓ 11个数据文件已同步VPS(rsync -u, 仅推送更新过的)
[2026-07-08 05:32:05] VPS重算: 200
[2026-07-08 05:40:01] 抓到 1 场
[2026-07-08 05:40:04] ✓ 11个数据文件已同步VPS(rsync -u, 仅推送更新过的)
[2026-07-08 05:40:06] VPS重算: 200
[2026-07-08 05:48:02] 抓到 1 场
[2026-07-08 05:48:06] ✓ 11个数据文件已同步VPS(rsync -u, 仅推送更新过的)
[2026-07-08 05:48:07] VPS重算: 200
[2026-07-08 05:56:01] 抓到 1 场
[2026-07-08 05:56:05] ✓ 11个数据文件已同步VPS(rsync -u, 仅推送更新过的)
[2026-07-08 05:56:06] VPS重算: 200
[2026-07-08 06:00:01] 抓到 1 场
[2026-07-08 06:00:05] ✓ 11个数据文件已同步VPS(rsync -u, 仅推送更新过的)
[2026-07-08 06:00:05] VPS重算: 200
[2026-07-08 06:08:01] 抓到 1 场
[2026-07-08 06:08:06] ✓ 11个数据文件已同步VPS(rsync -u, 仅推送更新过的)
[2026-07-08 06:08:07] VPS重算: 200
[2026-07-08 06:16:01] 抓到 1 场
[2026-07-08 06:16:05] ✓ 11个数据文件已同步VPS(rsync -u, 仅推送更新过的)
[2026-07-08 06:16:06] VPS重算: 200
[2026-07-08 06:24:01] 抓到 1 场
[2026-07-08 06:24:04] ✓ 11个数据文件已同步VPS(rsync -u, 仅推送更新过的)
[2026-07-08 06:24:05] VPS重算: 200
[2026-07-08 06:32:01] 抓到 1 场
[2026-07-08 06:32:05] ✓ 11个数据文件已同步VPS(rsync -u, 仅推送更新过的)
[2026-07-08 06:32:06] VPS重算: 200
[2026-07-08 06:40:01] 抓到 1 场
[2026-07-08 06:40:06] ✓ 11个数据文件已同步VPS(rsync -u, 仅推送更新过的)
[2026-07-08 06:40:07] VPS重算: 200
[2026-07-08 06:48:01] 抓到 1 场
[2026-07-08 06:48:06] ✓ 11个数据文件已同步VPS(rsync -u, 仅推送更新过的)
[2026-07-08 06:48:07] VPS重算: 200
[2026-07-08 06:56:01] 抓到 1 场
[2026-07-08 06:56:05] ✓ 11个数据文件已同步VPS(rsync -u, 仅推送更新过的)
[2026-07-08 06:56:07] VPS重算: 200
[2026-07-08 07:00:01] 抓到 1 场
[2026-07-08 07:00:05] ✓ 11个数据文件已同步VPS(rsync -u, 仅推送更新过的)
[2026-07-08 07:00:05] VPS重算: 200
[2026-07-08 07:08:01] 抓到 1 场
[2026-07-08 07:08:05] ✓ 11个数据文件已同步VPS(rsync -u, 仅推送更新过的)
[2026-07-08 07:08:06] VPS重算: 200
[2026-07-08 07:16:01] 抓到 1 场
[2026-07-08 07:16:05] ✓ 11个数据文件已同步VPS(rsync -u, 仅推送更新过的)
[2026-07-08 07:16:06] VPS重算: 200
[2026-07-08 07:24:01] 抓到 1 场
[2026-07-08 07:24:05] ✓ 11个数据文件已同步VPS(rsync -u, 仅推送更新过的)
[2026-07-08 07:24:06] VPS重算: 200
[2026-07-08 07:32:01] 抓到 1 场
[2026-07-08 07:32:05] ✓ 11个数据文件已同步VPS(rsync -u, 仅推送更新过的)
[2026-07-08 07:32:05] VPS重算: 200
[2026-07-08 07:40:01] 抓到 1 场
[2026-07-08 07:40:05] ✓ 11个数据文件已同步VPS(rsync -u, 仅推送更新过的)
[2026-07-08 07:40:06] VPS重算: 200
[2026-07-08 07:48:01] 抓到 1 场
[2026-07-08 07:48:05] ✓ 11个数据文件已同步VPS(rsync -u, 仅推送更新过的)
[2026-07-08 07:48:06] VPS重算: 200
[2026-07-08 07:56:01] 抓到 1 场
[2026-07-08 07:56:05] ✓ 11个数据文件已同步VPS(rsync -u, 仅推送更新过的)
[2026-07-08 07:56:06] VPS重算: 200
[2026-07-08 08:00:01] 抓到 1 场
[2026-07-08 08:00:05] ✓ 11个数据文件已同步VPS(rsync -u, 仅推送更新过的)
[2026-07-08 08:00:06] VPS重算: 200
[2026-07-08 08:08:01] 抓到 1 场
[2026-07-08 08:08:04] ✓ 11个数据文件已同步VPS(rsync -u, 仅推送更新过的)
[2026-07-08 08:08:05] VPS重算: 200
[2026-07-08 08:16:01] 抓到 1 场
[2026-07-08 08:16:05] ✓ 11个数据文件已同步VPS(rsync -u, 仅推送更新过的)
[2026-07-08 08:16:06] VPS重算: 200
[2026-07-08 08:24:01] 抓到 1 场
[2026-07-08 08:24:04] ✓ 11个数据文件已同步VPS(rsync -u, 仅推送更新过的)
[2026-07-08 08:24:05] VPS重算: 200
[2026-07-08 08:32:01] 抓到 1 场
[2026-07-08 08:32:05] ✓ 11个数据文件已同步VPS(rsync -u, 仅推送更新过的)
[2026-07-08 08:32:06] VPS重算: 200
[2026-07-08 08:40:01] 抓到 1 场
[2026-07-08 08:40:06] ✓ 11个数据文件已同步VPS(rsync -u, 仅推送更新过的)
[2026-07-08 08:40:07] VPS重算: 200
[2026-07-08 08:48:01] 抓到 1 场
[2026-07-08 08:48:06] ✓ 11个数据文件已同步VPS(rsync -u, 仅推送更新过的)
[2026-07-08 08:48:08] VPS重算: 200
[2026-07-08 08:56:01] 抓到 1 场
[2026-07-08 08:56:06] ✓ 11个数据文件已同步VPS(rsync -u, 仅推送更新过的)
[2026-07-08 08:56:07] VPS重算: 200
[2026-07-08 09:00:01] 抓到 1 场
[2026-07-08 09:00:06] ✓ 11个数据文件已同步VPS(rsync -u, 仅推送更新过的)
[2026-07-08 09:00:07] VPS重算: 200
[2026-07-08 09:08:01] 抓到 1 场
[2026-07-08 09:08:05] ✓ 11个数据文件已同步VPS(rsync -u, 仅推送更新过的)
[2026-07-08 09:08:07] VPS重算: 200
[2026-07-08 09:16:01] 抓到 1 场
[2026-07-08 09:16:06] ✓ 11个数据文件已同步VPS(rsync -u, 仅推送更新过的)
[2026-07-08 09:16:06] VPS重算: 200
[2026-07-08 09:24:01] 抓到 1 场
[2026-07-08 09:24:05] ✓ 11个数据文件已同步VPS(rsync -u, 仅推送更新过的)
[2026-07-08 09:24:05] VPS重算: 200
[2026-07-08 09:32:01] 抓到 1 场
[2026-07-08 09:32:10] ✓ 11个数据文件已同步VPS(rsync -u, 仅推送更新过的)
[2026-07-08 09:32:11] VPS重算: 200
[2026-07-08 09:40:01] 抓到 1 场
[2026-07-08 09:40:09] ✓ 11个数据文件已同步VPS(rsync -u, 仅推送更新过的)
[2026-07-08 09:40:11] VPS重算: 200
[2026-07-08 13:32:01] 抓到 3 场
[2026-07-08 13:32:07] ✓ 11个数据文件已同步VPS(rsync -u, 仅推送更新过的)
[2026-07-08 13:32:08] VPS重算: 200
[2026-07-08 13:40:01] 抓到 3 场
[2026-07-08 13:40:05] ✓ 11个数据文件已同步VPS(rsync -u, 仅推送更新过的)
[2026-07-08 13:40:05] VPS重算: 200
[2026-07-08 13:48:01] 抓到 3 场
[2026-07-08 13:48:04] ✓ 11个数据文件已同步VPS(rsync -u, 仅推送更新过的)
[2026-07-08 13:48:05] VPS重算: 200
[2026-07-08 13:56:01] 抓到 3 场
[2026-07-08 13:56:06] ✓ 11个数据文件已同步VPS(rsync -u, 仅推送更新过的)
[2026-07-08 13:56:06] VPS重算: 200
[2026-07-08 14:00:01] 抓到 3 场
[2026-07-08 14:00:05] ✓ 11个数据文件已同步VPS(rsync -u, 仅推送更新过的)
[2026-07-08 14:00:06] VPS重算: 200
[2026-07-08 14:08:01] 抓到 3 场
[2026-07-08 14:08:04] ✓ 11个数据文件已同步VPS(rsync -u, 仅推送更新过的)
[2026-07-08 14:08:05] VPS重算: 200
[2026-07-08 14:16:01] 抓到 3 场
[2026-07-08 14:16:07] ✓ 11个数据文件已同步VPS(rsync -u, 仅推送更新过的)
[2026-07-08 14:16:08] VPS重算: 200
[2026-07-08 14:24:01] 抓到 3 场
[2026-07-08 14:24:06] ✓ 11个数据文件已同步VPS(rsync -u, 仅推送更新过的)
[2026-07-08 14:24:07] VPS重算: 200
[2026-07-08 14:32:01] 抓到 3 场
[2026-07-08 14:32:05] ✓ 11个数据文件已同步VPS(rsync -u, 仅推送更新过的)
[2026-07-08 14:32:06] VPS重算: 200
[2026-07-08 14:40:01] 抓到 3 场
[2026-07-08 14:40:05] ✓ 11个数据文件已同步VPS(rsync -u, 仅推送更新过的)
[2026-07-08 14:40:06] VPS重算: 200
[2026-07-08 14:48:01] 抓到 3 场
[2026-07-08 14:48:04] ✓ 11个数据文件已同步VPS(rsync -u, 仅推送更新过的)
[2026-07-08 14:48:06] VPS重算: 200
[2026-07-08 14:56:01] 抓到 3 场
[2026-07-08 14:56:05] ✓ 11个数据文件已同步VPS(rsync -u, 仅推送更新过的)
[2026-07-08 14:56:05] VPS重算: 200
[2026-07-08 15:00:01] 抓到 3 场
[2026-07-08 15:00:06] ✓ 11个数据文件已同步VPS(rsync -u, 仅推送更新过的)
[2026-07-08 15:00:06] VPS重算: 200
[2026-07-08 15:08:01] 抓到 3 场
[2026-07-08 15:08:04] ✓ 11个数据文件已同步VPS(rsync -u, 仅推送更新过的)
[2026-07-08 15:08:05] VPS重算: 200
[2026-07-08 15:16:01] 抓到 3 场
[2026-07-08 15:16:05] ✓ 11个数据文件已同步VPS(rsync -u, 仅推送更新过的)
[2026-07-08 15:16:06] VPS重算: 200
[2026-07-08 15:24:01] 抓到 3 场
[2026-07-08 15:24:06] ✓ 11个数据文件已同步VPS(rsync -u, 仅推送更新过的)
[2026-07-08 15:24:06] VPS重算: 200
[2026-07-08 15:32:01] 抓到 3 场
[2026-07-08 15:32:05] ✓ 11个数据文件已同步VPS(rsync -u, 仅推送更新过的)
[2026-07-08 15:32:06] VPS重算: 200
[2026-07-08 15:40:01] 抓到 3 场
[2026-07-08 15:40:06] ✓ 11个数据文件已同步VPS(rsync -u, 仅推送更新过的)
[2026-07-08 15:40:06] VPS重算: 200
[2026-07-08 15:48:01] 抓到 3 场
[2026-07-08 15:48:04] ✓ 11个数据文件已同步VPS(rsync -u, 仅推送更新过的)
[2026-07-08 15:48:05] VPS重算: 200
[2026-07-08 15:56:01] 抓到 3 场
[2026-07-08 15:56:06] ✓ 11个数据文件已同步VPS(rsync -u, 仅推送更新过的)
[2026-07-08 15:56:07] VPS重算: 200
[2026-07-08 16:00:01] 抓到 3 场
[2026-07-08 16:00:05] ✓ 11个数据文件已同步VPS(rsync -u, 仅推送更新过的)
[2026-07-08 16:00:06] VPS重算: 200
[2026-07-08 16:08:01] 抓到 3 场
[2026-07-08 16:08:06] ✓ 11个数据文件已同步VPS(rsync -u, 仅推送更新过的)
[2026-07-08 16:08:06] VPS重算: 200
[2026-07-08 16:16:01] 抓到 3 场
[2026-07-08 16:16:05] ✓ 11个数据文件已同步VPS(rsync -u, 仅推送更新过的)
[2026-07-08 16:16:05] VPS重算: 200
[2026-07-08 16:24:01] 抓到 3 场
[2026-07-08 16:24:05] ✓ 11个数据文件已同步VPS(rsync -u, 仅推送更新过的)
[2026-07-08 16:24:06] VPS重算: 200
[2026-07-08 16:32:01] 抓到 3 场
[2026-07-08 16:32:05] ✓ 11个数据文件已同步VPS(rsync -u, 仅推送更新过的)
[2026-07-08 16:32:06] VPS重算: 200
[2026-07-08 16:40:01] 抓到 3 场
[2026-07-08 16:40:06] ✓ 11个数据文件已同步VPS(rsync -u, 仅推送更新过的)
[2026-07-08 16:40:07] VPS重算: 200
[2026-07-08 16:48:01] 抓到 3 场
[2026-07-08 16:48:06] ✓ 11个数据文件已同步VPS(rsync -u, 仅推送更新过的)
[2026-07-08 16:48:07] VPS重算: 200
[2026-07-08 16:56:01] 抓到 3 场
[2026-07-08 16:56:05] ✓ 11个数据文件已同步VPS(rsync -u, 仅推送更新过的)
[2026-07-08 16:56:06] VPS重算: 200
[2026-07-08 17:00:01] 抓到 3 场
[2026-07-08 17:00:05] ✓ 11个数据文件已同步VPS(rsync -u, 仅推送更新过的)
[2026-07-08 17:00:05] VPS重算: 200
[2026-07-08 17:08:01] 抓到 3 场
[2026-07-08 17:08:07] ✓ 11个数据文件已同步VPS(rsync -u, 仅推送更新过的)
[2026-07-08 17:08:09] VPS重算: 200
[2026-07-08 17:16:01] 抓到 3 场
[2026-07-08 17:16:06] ✓ 11个数据文件已同步VPS(rsync -u, 仅推送更新过的)
[2026-07-08 17:16:07] VPS重算: 200
[2026-07-08 17:24:01] 抓到 3 场
[2026-07-08 17:24:06] ✓ 11个数据文件已同步VPS(rsync -u, 仅推送更新过的)
[2026-07-08 17:24:07] VPS重算: 200
[2026-07-08 17:32:01] 抓到 3 场
[2026-07-08 17:32:06] ✓ 11个数据文件已同步VPS(rsync -u, 仅推送更新过的)
[2026-07-08 17:32:07] VPS重算: 200
[2026-07-08 17:40:01] 抓到 3 场
[2026-07-08 17:40:05] ✓ 11个数据文件已同步VPS(rsync -u, 仅推送更新过的)
[2026-07-08 17:40:07] VPS重算: 200
[2026-07-08 17:48:01] 抓到 3 场
[2026-07-08 17:48:05] ✓ 11个数据文件已同步VPS(rsync -u, 仅推送更新过的)
[2026-07-08 17:48:06] VPS重算: 200
[2026-07-08 17:56:01] 抓到 3 场
[2026-07-08 17:56:06] ✓ 11个数据文件已同步VPS(rsync -u, 仅推送更新过的)
[2026-07-08 17:56:06] VPS重算: 200
[2026-07-08 18:00:01] 抓到 3 场
[2026-07-08 18:00:05] ✓ 11个数据文件已同步VPS(rsync -u, 仅推送更新过的)
[2026-07-08 18:00:06] VPS重算: 200
[2026-07-08 18:08:01] 抓到 3 场
[2026-07-08 18:08:05] ✓ 11个数据文件已同步VPS(rsync -u, 仅推送更新过的)
[2026-07-08 18:08:05] VPS重算: 200
[2026-07-08 18:16:01] 抓到 3 场
[2026-07-08 18:16:06] ✓ 11个数据文件已同步VPS(rsync -u, 仅推送更新过的)
[2026-07-08 18:16:06] VPS重算: 200
[2026-07-08 18:24:01] 抓到 3 场
[2026-07-08 18:24:05] ✓ 11个数据文件已同步VPS(rsync -u, 仅推送更新过的)
[2026-07-08 18:24:06] VPS重算: 200
[2026-07-08 18:32:01] 抓到 3 场
[2026-07-08 18:32:04] ✓ 11个数据文件已同步VPS(rsync -u, 仅推送更新过的)
[2026-07-08 18:32:05] VPS重算: 200
[2026-07-08 18:40:01] 抓到 3 场
[2026-07-08 18:40:04] ✓ 11个数据文件已同步VPS(rsync -u, 仅推送更新过的)
[2026-07-08 18:40:05] VPS重算: 200
[2026-07-08 18:48:01] 抓到 3 场
[2026-07-08 18:48:06] ✓ 11个数据文件已同步VPS(rsync -u, 仅推送更新过的)
[2026-07-08 18:48:06] VPS重算: 200
[2026-07-08 18:56:01] 抓到 3 场
[2026-07-08 18:56:05] ✓ 11个数据文件已同步VPS(rsync -u, 仅推送更新过的)
[2026-07-08 18:56:06] VPS重算: 200
[2026-07-08 19:00:01] 抓到 3 场
[2026-07-08 19:00:05] ✓ 11个数据文件已同步VPS(rsync -u, 仅推送更新过的)
[2026-07-08 19:00:05] VPS重算: 200
[2026-07-08 19:08:01] 抓到 3 场
[2026-07-08 19:08:06] ✓ 11个数据文件已同步VPS(rsync -u, 仅推送更新过的)
[2026-07-08 19:08:06] VPS重算: 200
[2026-07-08 19:16:01] 抓到 3 场
[2026-07-08 19:16:05] ✓ 11个数据文件已同步VPS(rsync -u, 仅推送更新过的)
[2026-07-08 19:16:06] VPS重算: 200
[2026-07-08 19:24:01] 抓到 3 场
[2026-07-08 19:24:05] ✓ 11个数据文件已同步VPS(rsync -u, 仅推送更新过的)
[2026-07-08 19:24:06] VPS重算: 200
[2026-07-08 19:32:01] 抓到 3 场
[2026-07-08 19:32:06] ✓ 11个数据文件已同步VPS(rsync -u, 仅推送更新过的)
[2026-07-08 19:32:07] VPS重算: 200
[2026-07-08 19:40:01] 抓到 3 场
[2026-07-08 19:40:06] ✓ 11个数据文件已同步VPS(rsync -u, 仅推送更新过的)
[2026-07-08 19:40:08] VPS重算: 200
[2026-07-08 19:48:01] 抓到 3 场
[2026-07-08 19:48:04] ✓ 11个数据文件已同步VPS(rsync -u, 仅推送更新过的)
[2026-07-08 19:48:05] VPS重算: 200
[2026-07-08 19:56:01] 抓到 3 场
[2026-07-08 19:56:06] ✓ 11个数据文件已同步VPS(rsync -u, 仅推送更新过的)
[2026-07-08 19:56:06] VPS重算: 200
[2026-07-08 20:00:01] 抓到 3 场
[2026-07-08 20:00:05] ✓ 11个数据文件已同步VPS(rsync -u, 仅推送更新过的)
[2026-07-08 20:00:06] VPS重算: 200
[2026-07-08 20:08:01] 抓到 3 场
[2026-07-08 20:08:05] ✓ 11个数据文件已同步VPS(rsync -u, 仅推送更新过的)
[2026-07-08 20:08:06] VPS重算: 200
[2026-07-08 20:16:01] 抓到 3 场
[2026-07-08 20:16:05] ✓ 11个数据文件已同步VPS(rsync -u, 仅推送更新过的)
[2026-07-08 20:16:05] VPS重算: 200
[2026-07-08 20:24:01] 抓到 3 场
[2026-07-08 20:24:06] ✓ 11个数据文件已同步VPS(rsync -u, 仅推送更新过的)
[2026-07-08 20:24:09] VPS重算: 200
[2026-07-08 20:32:01] 抓到 3 场
[2026-07-08 20:32:04] ✓ 11个数据文件已同步VPS(rsync -u, 仅推送更新过的)
[2026-07-08 20:32:05] VPS重算: 200
[2026-07-08 20:40:01] 抓到 3 场
[2026-07-08 20:40:06] ✓ 11个数据文件已同步VPS(rsync -u, 仅推送更新过的)
[2026-07-08 20:40:06] VPS重算: 200
[2026-07-08 20:48:01] 抓到 3 场
[2026-07-08 20:48:06] ✓ 11个数据文件已同步VPS(rsync -u, 仅推送更新过的)
[2026-07-08 20:48:07] VPS重算: 200
[2026-07-08 20:56:01] 抓到 3 场
[2026-07-08 20:56:06] ✓ 11个数据文件已同步VPS(rsync -u, 仅推送更新过的)
[2026-07-08 20:56:06] VPS重算: 200
[2026-07-08 21:00:01] 抓到 3 场
[2026-07-08 21:00:04] ✓ 11个数据文件已同步VPS(rsync -u, 仅推送更新过的)
[2026-07-08 21:00:05] VPS重算: 200
[2026-07-08 21:08:01] 抓到 3 场
[2026-07-08 21:08:05] ✓ 11个数据文件已同步VPS(rsync -u, 仅推送更新过的)
[2026-07-08 21:08:05] VPS重算: 200
[2026-07-08 21:16:01] 抓到 3 场
[2026-07-08 21:16:06] ✓ 11个数据文件已同步VPS(rsync -u, 仅推送更新过的)
[2026-07-08 21:16:06] VPS重算: 200
[2026-07-08 21:24:01] 抓到 3 场
[2026-07-08 21:24:05] ✓ 11个数据文件已同步VPS(rsync -u, 仅推送更新过的)
[2026-07-08 21:24:05] VPS重算: 200
[2026-07-08 21:32:01] 抓到 3 场
[2026-07-08 21:32:05] ✓ 11个数据文件已同步VPS(rsync -u, 仅推送更新过的)
[2026-07-08 21:32:05] VPS重算: 200
[2026-07-08 21:40:01] 抓到 3 场
[2026-07-08 21:40:06] ✓ 11个数据文件已同步VPS(rsync -u, 仅推送更新过的)
[2026-07-08 21:40:06] VPS重算: 200
[2026-07-08 21:48:01] 抓到 3 场
[2026-07-08 21:48:05] ✓ 11个数据文件已同步VPS(rsync -u, 仅推送更新过的)
[2026-07-08 21:48:06] VPS重算: 200
[2026-07-08 21:56:01] 抓到 3 场
[2026-07-08 21:56:05] ✓ 11个数据文件已同步VPS(rsync -u, 仅推送更新过的)
[2026-07-08 21:56:06] VPS重算: 200
[2026-07-08 22:00:01] 抓到 3 场
[2026-07-08 22:00:04] ✓ 11个数据文件已同步VPS(rsync -u, 仅推送更新过的)
[2026-07-08 22:00:05] VPS重算: 200
[2026-07-08 22:08:01] 抓到 3 场
[2026-07-08 22:08:05] ✓ 11个数据文件已同步VPS(rsync -u, 仅推送更新过的)
[2026-07-08 22:08:06] VPS重算: 200
[2026-07-08 22:16:01] 抓到 3 场
[2026-07-08 22:16:05] ✓ 11个数据文件已同步VPS(rsync -u, 仅推送更新过的)
[2026-07-08 22:16:06] VPS重算: 200
[2026-07-08 22:24:01] 抓到 3 场
[2026-07-08 22:24:05] ✓ 11个数据文件已同步VPS(rsync -u, 仅推送更新过的)
[2026-07-08 22:24:05] VPS重算: 200
[2026-07-08 22:32:01] 抓到 3 场
[2026-07-08 22:32:05] ✓ 11个数据文件已同步VPS(rsync -u, 仅推送更新过的)
[2026-07-08 22:32:06] VPS重算: 200
[2026-07-08 22:40:01] 抓到 3 场
[2026-07-08 22:40:06] ✓ 11个数据文件已同步VPS(rsync -u, 仅推送更新过的)
[2026-07-08 22:40:06] VPS重算: 200
[2026-07-08 22:48:01] 抓到 3 场
[2026-07-08 22:48:05] ✓ 11个数据文件已同步VPS(rsync -u, 仅推送更新过的)
[2026-07-08 22:48:05] VPS重算: 200
[2026-07-08 22:56:01] 抓到 3 场
[2026-07-08 22:56:05] ✓ 11个数据文件已同步VPS(rsync -u, 仅推送更新过的)
[2026-07-08 22:56:06] VPS重算: 200
[2026-07-08 23:00:01] 抓到 3 场
[2026-07-08 23:00:04] ✓ 11个数据文件已同步VPS(rsync -u, 仅推送更新过的)
[2026-07-08 23:00:05] VPS重算: 200
[2026-07-08 23:08:01] 抓到 2 场
[2026-07-08 23:08:05] ✓ 11个数据文件已同步VPS(rsync -u, 仅推送更新过的)
[2026-07-08 23:08:06] VPS重算: 200
[2026-07-08 23:16:01] 抓到 2 场
[2026-07-08 23:16:05] ✓ 11个数据文件已同步VPS(rsync -u, 仅推送更新过的)
[2026-07-08 23:16:05] VPS重算: 200
[2026-07-08 23:24:01] 抓到 2 场
[2026-07-08 23:24:05] ✓ 11个数据文件已同步VPS(rsync -u, 仅推送更新过的)
[2026-07-08 23:24:06] VPS重算: 200
[2026-07-08 23:32:01] 抓到 2 场
[2026-07-08 23:32:05] ✓ 11个数据文件已同步VPS(rsync -u, 仅推送更新过的)
[2026-07-08 23:32:06] VPS重算: 200
[2026-07-08 23:40:01] 抓到 2 场
[2026-07-08 23:40:04] ✓ 11个数据文件已同步VPS(rsync -u, 仅推送更新过的)
[2026-07-08 23:40:05] VPS重算: 200
[2026-07-08 23:48:01] 抓到 2 场
[2026-07-08 23:48:04] ✓ 11个数据文件已同步VPS(rsync -u, 仅推送更新过的)
[2026-07-08 23:48:05] VPS重算: 200
[2026-07-08 23:56:01] 抓到 2 场
[2026-07-08 23:56:06] ✓ 11个数据文件已同步VPS(rsync -u, 仅推送更新过的)
[2026-07-08 23:56:07] VPS重算: 200
[2026-07-09 00:00:01] 抓到 2 场
[2026-07-09 00:00:04] ✓ 11个数据文件已同步VPS(rsync -u, 仅推送更新过的)
[2026-07-09 00:00:05] VPS重算: 200
[2026-07-09 00:08:01] 抓到 2 场
[2026-07-09 00:08:04] ✓ 11个数据文件已同步VPS(rsync -u, 仅推送更新过的)
[2026-07-09 00:08:05] VPS重算: 200
[2026-07-09 00:16:01] 抓到 2 场
[2026-07-09 00:16:05] ✓ 11个数据文件已同步VPS(rsync -u, 仅推送更新过的)
[2026-07-09 00:16:06] VPS重算: 200
[2026-07-09 00:24:01] 抓到 2 场
[2026-07-09 00:24:05] ✓ 11个数据文件已同步VPS(rsync -u, 仅推送更新过的)
[2026-07-09 00:24:05] VPS重算: 200
[2026-07-09 00:32:01] 抓到 2 场
[2026-07-09 00:32:05] ✓ 11个数据文件已同步VPS(rsync -u, 仅推送更新过的)
[2026-07-09 00:32:06] VPS重算: 200
[2026-07-09 00:40:01] 抓到 2 场
[2026-07-09 00:40:05] ✓ 11个数据文件已同步VPS(rsync -u, 仅推送更新过的)
[2026-07-09 00:40:06] VPS重算: 200
[2026-07-09 00:48:01] 抓到 2 场
[2026-07-09 00:48:05] ✓ 11个数据文件已同步VPS(rsync -u, 仅推送更新过的)
[2026-07-09 00:48:06] VPS重算: 200
[2026-07-09 00:56:01] 抓到 2 场
[2026-07-09 00:56:05] ✓ 11个数据文件已同步VPS(rsync -u, 仅推送更新过的)
[2026-07-09 00:56:06] VPS重算: 200
[2026-07-09 01:00:01] 抓到 2 场
[2026-07-09 01:00:05] ✓ 11个数据文件已同步VPS(rsync -u, 仅推送更新过的)
[2026-07-09 01:00:05] VPS重算: 200
[2026-07-09 01:08:01] 抓到 2 场
[2026-07-09 01:08:05] ✓ 11个数据文件已同步VPS(rsync -u, 仅推送更新过的)
[2026-07-09 01:08:05] VPS重算: 200
[2026-07-09 01:16:01] 抓到 2 场
[2026-07-09 01:16:05] ✓ 11个数据文件已同步VPS(rsync -u, 仅推送更新过的)
[2026-07-09 01:16:06] VPS重算: 200
[2026-07-09 01:24:01] 抓到 2 场
[2026-07-09 01:24:05] ✓ 11个数据文件已同步VPS(rsync -u, 仅推送更新过的)
[2026-07-09 01:24:06] VPS重算: 200
[2026-07-09 01:32:01] 抓到 2 场
[2026-07-09 01:32:04] ✓ 11个数据文件已同步VPS(rsync -u, 仅推送更新过的)
[2026-07-09 01:32:05] VPS重算: 200
[2026-07-09 01:40:01] 抓到 2 场
[2026-07-09 01:40:05] ✓ 11个数据文件已同步VPS(rsync -u, 仅推送更新过的)
[2026-07-09 01:40:05] VPS重算: 200
[2026-07-09 01:48:01] 抓到 2 场
[2026-07-09 01:48:05] ✓ 11个数据文件已同步VPS(rsync -u, 仅推送更新过的)
[2026-07-09 01:48:06] VPS重算: 200
[2026-07-09 01:56:01] 抓到 2 场
[2026-07-09 01:56:04] ✓ 11个数据文件已同步VPS(rsync -u, 仅推送更新过的)
[2026-07-09 01:56:05] VPS重算: 200
[2026-07-09 02:00:01] 抓到 2 场
[2026-07-09 02:00:05] ✓ 11个数据文件已同步VPS(rsync -u, 仅推送更新过的)
[2026-07-09 02:00:06] VPS重算: 200
[2026-07-09 02:08:01] 抓到 2 场
[2026-07-09 02:08:05] ✓ 11个数据文件已同步VPS(rsync -u, 仅推送更新过的)
[2026-07-09 02:08:06] VPS重算: 200
[2026-07-09 02:16:01] 抓到 2 场
[2026-07-09 02:16:05] ✓ 11个数据文件已同步VPS(rsync -u, 仅推送更新过的)
[2026-07-09 02:16:06] VPS重算: 200
[2026-07-09 02:24:01] 抓到 2 场
[2026-07-09 02:24:05] ✓ 11个数据文件已同步VPS(rsync -u, 仅推送更新过的)
[2026-07-09 02:24:05] VPS重算: 200
[2026-07-09 02:32:01] 抓到 2 场
[2026-07-09 02:32:06] ✓ 11个数据文件已同步VPS(rsync -u, 仅推送更新过的)
[2026-07-09 02:32:06] VPS重算: 200
[2026-07-09 02:40:01] 抓到 2 场
[2026-07-09 02:40:05] ✓ 11个数据文件已同步VPS(rsync -u, 仅推送更新过的)
[2026-07-09 02:40:05] VPS重算: 200
[2026-07-09 02:48:01] 抓到 2 场
[2026-07-09 02:48:04] ✓ 11个数据文件已同步VPS(rsync -u, 仅推送更新过的)
[2026-07-09 02:48:05] VPS重算: 200
[2026-07-09 02:56:01] 抓到 2 场
[2026-07-09 02:56:05] ✓ 11个数据文件已同步VPS(rsync -u, 仅推送更新过的)
[2026-07-09 02:56:05] VPS重算: 200
[2026-07-09 03:00:01] 抓到 2 场
[2026-07-09 03:00:04] ✓ 11个数据文件已同步VPS(rsync -u, 仅推送更新过的)
[2026-07-09 03:00:04] VPS重算: 200
[2026-07-09 03:08:01] 抓到 2 场
[2026-07-09 03:08:05] ✓ 11个数据文件已同步VPS(rsync -u, 仅推送更新过的)
[2026-07-09 03:08:06] VPS重算: 200
[2026-07-09 03:16:01] 抓到 2 场
[2026-07-09 03:16:05] ✓ 11个数据文件已同步VPS(rsync -u, 仅推送更新过的)
[2026-07-09 03:16:06] VPS重算: 200
[2026-07-09 03:24:01] 抓到 2 场
[2026-07-09 03:24:05] ✓ 11个数据文件已同步VPS(rsync -u, 仅推送更新过的)
[2026-07-09 03:24:05] VPS重算: 200
[2026-07-09 03:32:01] 抓到 2 场
[2026-07-09 03:32:04] ✓ 11个数据文件已同步VPS(rsync -u, 仅推送更新过的)
[2026-07-09 03:32:05] VPS重算: 200
[2026-07-09 03:40:01] 抓到 2 场
[2026-07-09 03:40:05] ✓ 11个数据文件已同步VPS(rsync -u, 仅推送更新过的)
[2026-07-09 03:40:05] VPS重算: 200
[2026-07-09 03:48:01] 抓到 2 场
[2026-07-09 03:48:06] ✓ 11个数据文件已同步VPS(rsync -u, 仅推送更新过的)
[2026-07-09 03:48:06] VPS重算: 200
[2026-07-09 03:56:01] 抓到 2 场
[2026-07-09 03:56:04] ✓ 11个数据文件已同步VPS(rsync -u, 仅推送更新过的)
[2026-07-09 03:56:06] VPS重算: 200
[2026-07-09 04:00:01] 抓到 2 场
[2026-07-09 04:00:04] ✓ 11个数据文件已同步VPS(rsync -u, 仅推送更新过的)
[2026-07-09 04:00:04] VPS重算: 200
[2026-07-09 04:08:01] 抓到 2 场
[2026-07-09 04:08:05] ✓ 11个数据文件已同步VPS(rsync -u, 仅推送更新过的)
[2026-07-09 04:08:05] VPS重算: 200
[2026-07-09 04:16:01] 抓到 2 场
[2026-07-09 04:16:05] ✓ 11个数据文件已同步VPS(rsync -u, 仅推送更新过的)
[2026-07-09 04:16:06] VPS重算: 200
[2026-07-09 04:24:01] 抓到 2 场
[2026-07-09 04:24:04] ✓ 11个数据文件已同步VPS(rsync -u, 仅推送更新过的)
[2026-07-09 04:24:05] VPS重算: 200
[2026-07-09 04:32:01] 抓到 2 场
[2026-07-09 04:32:04] ✓ 11个数据文件已同步VPS(rsync -u, 仅推送更新过的)
[2026-07-09 04:32:05] VPS重算: 200
[2026-07-09 04:40:01] 抓到 2 场
[2026-07-09 04:40:05] ✓ 11个数据文件已同步VPS(rsync -u, 仅推送更新过的)
[2026-07-09 04:40:06] VPS重算: 200
[2026-07-09 04:48:01] 抓到 2 场
[2026-07-09 04:48:04] ✓ 11个数据文件已同步VPS(rsync -u, 仅推送更新过的)
[2026-07-09 04:48:05] VPS重算: 200
[2026-07-09 04:56:01] 抓到 2 场
[2026-07-09 04:56:05] ✓ 11个数据文件已同步VPS(rsync -u, 仅推送更新过的)
[2026-07-09 04:56:06] VPS重算: 200
[2026-07-09 05:00:01] 抓到 2 场
[2026-07-09 05:00:04] ✓ 11个数据文件已同步VPS(rsync -u, 仅推送更新过的)
[2026-07-09 05:00:05] VPS重算: 200
[2026-07-09 05:08:01] 抓到 2 场
[2026-07-09 05:08:05] ✓ 11个数据文件已同步VPS(rsync -u, 仅推送更新过的)
[2026-07-09 05:08:06] VPS重算: 200
[2026-07-09 05:16:01] 抓到 2 场
[2026-07-09 05:16:05] ✓ 11个数据文件已同步VPS(rsync -u, 仅推送更新过的)
[2026-07-09 05:16:06] VPS重算: 200
[2026-07-09 05:24:01] 抓到 2 场
[2026-07-09 05:24:05] ✓ 11个数据文件已同步VPS(rsync -u, 仅推送更新过的)
[2026-07-09 05:24:06] VPS重算: 200
[2026-07-09 05:32:01] 抓到 2 场
[2026-07-09 05:32:06] ✓ 11个数据文件已同步VPS(rsync -u, 仅推送更新过的)
[2026-07-09 05:32:07] VPS重算: 200
[2026-07-09 05:40:01] 抓到 2 场
[2026-07-09 05:40:05] ✓ 11个数据文件已同步VPS(rsync -u, 仅推送更新过的)
[2026-07-09 05:40:06] VPS重算: 200
[2026-07-09 05:48:01] 抓到 2 场
[2026-07-09 05:48:05] ✓ 11个数据文件已同步VPS(rsync -u, 仅推送更新过的)
[2026-07-09 05:48:05] VPS重算: 200
[2026-07-09 05:56:01] 抓到 2 场
[2026-07-09 05:56:04] ✓ 11个数据文件已同步VPS(rsync -u, 仅推送更新过的)
[2026-07-09 05:56:05] VPS重算: 200
[2026-07-09 06:00:01] 抓到 2 场
[2026-07-09 06:00:04] ✓ 11个数据文件已同步VPS(rsync -u, 仅推送更新过的)
[2026-07-09 06:00:04] VPS重算: 200
[2026-07-09 06:08:01] 抓到 2 场
[2026-07-09 06:08:05] ✓ 11个数据文件已同步VPS(rsync -u, 仅推送更新过的)
[2026-07-09 06:08:05] VPS重算: 200
[2026-07-09 06:16:01] 抓到 2 场
[2026-07-09 06:16:05] ✓ 11个数据文件已同步VPS(rsync -u, 仅推送更新过的)
[2026-07-09 06:16:05] VPS重算: 200
[2026-07-09 06:24:01] 抓到 2 场
[2026-07-09 06:24:04] ✓ 11个数据文件已同步VPS(rsync -u, 仅推送更新过的)
[2026-07-09 06:24:05] VPS重算: 200
[2026-07-09 06:32:01] 抓到 2 场
[2026-07-09 06:32:05] ✓ 11个数据文件已同步VPS(rsync -u, 仅推送更新过的)
[2026-07-09 06:32:06] VPS重算: 200
[2026-07-09 06:40:01] 抓到 2 场
[2026-07-09 06:40:05] ✓ 11个数据文件已同步VPS(rsync -u, 仅推送更新过的)
[2026-07-09 06:40:05] VPS重算: 200
[2026-07-09 06:48:01] 抓到 2 场
[2026-07-09 06:48:05] ✓ 11个数据文件已同步VPS(rsync -u, 仅推送更新过的)
[2026-07-09 06:48:05] VPS重算: 200
[2026-07-09 06:56:01] 抓到 2 场
[2026-07-09 06:56:05] ✓ 11个数据文件已同步VPS(rsync -u, 仅推送更新过的)
[2026-07-09 06:56:05] VPS重算: 200
[2026-07-09 07:00:01] 抓到 2 场
[2026-07-09 07:00:04] ✓ 11个数据文件已同步VPS(rsync -u, 仅推送更新过的)
[2026-07-09 07:00:05] VPS重算: 200
[2026-07-09 07:08:01] 抓到 2 场
[2026-07-09 07:08:05] ✓ 11个数据文件已同步VPS(rsync -u, 仅推送更新过的)
[2026-07-09 07:08:06] VPS重算: 200
[2026-07-09 07:16:01] 抓到 2 场
[2026-07-09 07:16:05] ✓ 11个数据文件已同步VPS(rsync -u, 仅推送更新过的)
[2026-07-09 07:16:05] VPS重算: 200
[2026-07-09 07:24:01] 抓到 2 场
[2026-07-09 07:24:05] ✓ 11个数据文件已同步VPS(rsync -u, 仅推送更新过的)
[2026-07-09 07:24:05] VPS重算: 200
[2026-07-09 07:32:01] 抓到 2 场
[2026-07-09 07:32:05] ✓ 11个数据文件已同步VPS(rsync -u, 仅推送更新过的)
[2026-07-09 07:32:05] VPS重算: 200
[2026-07-09 07:40:01] 抓到 2 场
[2026-07-09 07:40:05] ✓ 11个数据文件已同步VPS(rsync -u, 仅推送更新过的)
[2026-07-09 07:40:06] VPS重算: 200
[2026-07-09 07:48:01] 抓到 2 场
[2026-07-09 07:48:05] ✓ 11个数据文件已同步VPS(rsync -u, 仅推送更新过的)
[2026-07-09 07:48:06] VPS重算: 200
[2026-07-09 07:56:01] 抓到 2 场
[2026-07-09 07:56:04] ✓ 11个数据文件已同步VPS(rsync -u, 仅推送更新过的)
[2026-07-09 07:56:05] VPS重算: 200
[2026-07-09 08:00:01] 抓到 2 场
[2026-07-09 08:00:05] ✓ 11个数据文件已同步VPS(rsync -u, 仅推送更新过的)
[2026-07-09 08:00:05] VPS重算: 200
[2026-07-09 08:08:01] 抓到 2 场
[2026-07-09 08:08:05] ✓ 11个数据文件已同步VPS(rsync -u, 仅推送更新过的)
[2026-07-09 08:08:06] VPS重算: 200
[2026-07-09 08:16:01] 抓到 2 场
[2026-07-09 08:16:05] ✓ 11个数据文件已同步VPS(rsync -u, 仅推送更新过的)
[2026-07-09 08:16:05] VPS重算: 200
[2026-07-09 08:24:01] 抓到 2 场
[2026-07-09 08:24:05] ✓ 11个数据文件已同步VPS(rsync -u, 仅推送更新过的)
[2026-07-09 08:24:06] VPS重算: 200
[2026-07-09 08:32:01] 抓到 2 场
[2026-07-09 08:32:04] ✓ 11个数据文件已同步VPS(rsync -u, 仅推送更新过的)
[2026-07-09 08:32:05] VPS重算: 200
[2026-07-09 08:40:01] 抓到 2 场
[2026-07-09 08:40:05] ✓ 11个数据文件已同步VPS(rsync -u, 仅推送更新过的)
[2026-07-09 08:40:06] VPS重算: 200
[2026-07-09 08:48:01] 抓到 2 场
[2026-07-09 08:48:05] ✓ 11个数据文件已同步VPS(rsync -u, 仅推送更新过的)
[2026-07-09 08:48:06] VPS重算: 200
[2026-07-09 08:56:01] 抓到 2 场
[2026-07-09 08:56:05] ✓ 11个数据文件已同步VPS(rsync -u, 仅推送更新过的)
[2026-07-09 08:56:06] VPS重算: 200
[2026-07-09 09:00:01] 抓到 2 场
[2026-07-09 09:00:04] ✓ 11个数据文件已同步VPS(rsync -u, 仅推送更新过的)
[2026-07-09 09:00:04] VPS重算: 200
[2026-07-09 09:08:01] 抓到 2 场
[2026-07-09 09:08:05] ✓ 11个数据文件已同步VPS(rsync -u, 仅推送更新过的)
[2026-07-09 09:08:06] VPS重算: 200
[2026-07-09 09:16:01] 抓到 2 场
[2026-07-09 09:16:05] ✓ 11个数据文件已同步VPS(rsync -u, 仅推送更新过的)
[2026-07-09 09:16:06] VPS重算: 200
[2026-07-09 09:24:01] 抓到 2 场
[2026-07-09 09:24:06] ✓ 11个数据文件已同步VPS(rsync -u, 仅推送更新过的)
[2026-07-09 09:24:06] VPS重算: 200
[2026-07-09 09:32:01] 抓到 2 场
[2026-07-09 09:32:05] ✓ 11个数据文件已同步VPS(rsync -u, 仅推送更新过的)
[2026-07-09 09:32:05] VPS重算: 200
[2026-07-09 09:40:01] 抓到 2 场
[2026-07-09 09:40:04] ✓ 11个数据文件已同步VPS(rsync -u, 仅推送更新过的)
[2026-07-09 09:40:05] VPS重算: 200
[2026-07-09 09:48:01] 抓到 2 场
[2026-07-09 09:48:05] ✓ 11个数据文件已同步VPS(rsync -u, 仅推送更新过的)
[2026-07-09 09:48:06] VPS重算: 200
[2026-07-09 09:56:01] 抓到 2 场
[2026-07-09 09:56:04] ✓ 11个数据文件已同步VPS(rsync -u, 仅推送更新过的)
[2026-07-09 09:56:05] VPS重算: 200
[2026-07-09 10:00:01] 抓到 2 场
[2026-07-09 10:00:04] ✓ 11个数据文件已同步VPS(rsync -u, 仅推送更新过的)
[2026-07-09 10:00:04] VPS重算: 200
[2026-07-09 10:08:01] 抓到 2 场
[2026-07-09 10:08:05] ✓ 11个数据文件已同步VPS(rsync -u, 仅推送更新过的)
[2026-07-09 10:08:06] VPS重算: 200
[2026-07-09 10:16:01] 抓到 2 场
[2026-07-09 10:16:06] ✓ 11个数据文件已同步VPS(rsync -u, 仅推送更新过的)
[2026-07-09 10:16:06] VPS重算: 200
[2026-07-09 10:24:01] 抓到 2 场
[2026-07-09 10:24:04] ✓ 11个数据文件已同步VPS(rsync -u, 仅推送更新过的)
[2026-07-09 10:24:05] VPS重算: 200
[2026-07-09 10:32:01] 抓到 2 场
[2026-07-09 10:32:05] ✓ 11个数据文件已同步VPS(rsync -u, 仅推送更新过的)
[2026-07-09 10:32:05] VPS重算: 200
[2026-07-09 10:40:01] 抓到 2 场
[2026-07-09 10:40:05] ✓ 11个数据文件已同步VPS(rsync -u, 仅推送更新过的)
[2026-07-09 10:40:05] VPS重算: 200
[2026-07-09 10:48:01] 抓到 2 场
[2026-07-09 10:48:07] ✓ 11个数据文件已同步VPS(rsync -u, 仅推送更新过的)
[2026-07-09 10:48:08] VPS重算: 200
[2026-07-09 10:56:01] 抓到 2 场
[2026-07-09 10:56:06] ✓ 11个数据文件已同步VPS(rsync -u, 仅推送更新过的)
[2026-07-09 10:56:07] VPS重算: 200
[2026-07-09 11:00:01] 抓到 2 场
[2026-07-09 11:00:06] ✓ 11个数据文件已同步VPS(rsync -u, 仅推送更新过的)
[2026-07-09 11:00:07] VPS重算: 200
[2026-07-09 11:08:01] 抓到 7 场
[2026-07-09 11:08:06] ✓ 11个数据文件已同步VPS(rsync -u, 仅推送更新过的)
[2026-07-09 11:08:06] VPS重算: 200
[2026-07-09 11:16:01] 抓到 7 场
[2026-07-09 11:16:05] ✓ 11个数据文件已同步VPS(rsync -u, 仅推送更新过的)
[2026-07-09 11:16:06] VPS重算: 200
[2026-07-09 11:24:01] 抓到 7 场
[2026-07-09 11:24:06] ✓ 11个数据文件已同步VPS(rsync -u, 仅推送更新过的)
[2026-07-09 11:24:07] VPS重算: 200
[2026-07-09 11:32:01] 抓到 7 场
[2026-07-09 11:32:05] ✓ 11个数据文件已同步VPS(rsync -u, 仅推送更新过的)
[2026-07-09 11:32:05] VPS重算: 200
[2026-07-09 11:40:01] 抓到 7 场
[2026-07-09 11:40:04] ✓ 11个数据文件已同步VPS(rsync -u, 仅推送更新过的)
[2026-07-09 11:40:05] VPS重算: 200
[2026-07-09 11:48:01] 抓到 7 场
[2026-07-09 11:48:04] ✓ 11个数据文件已同步VPS(rsync -u, 仅推送更新过的)
[2026-07-09 11:48:05] VPS重算: 200
[2026-07-09 11:56:01] 抓到 7 场
[2026-07-09 11:56:04] ✓ 11个数据文件已同步VPS(rsync -u, 仅推送更新过的)
[2026-07-09 11:56:05] VPS重算: 200
[2026-07-09 12:00:01] 抓到 7 场
[2026-07-09 12:00:04] ✓ 11个数据文件已同步VPS(rsync -u, 仅推送更新过的)
[2026-07-09 12:00:04] VPS重算: 200
[2026-07-09 12:08:01] 抓到 7 场
[2026-07-09 12:08:04] ✓ 11个数据文件已同步VPS(rsync -u, 仅推送更新过的)
[2026-07-09 12:08:05] VPS重算: 200
[2026-07-09 12:16:01] 抓到 7 场
[2026-07-09 12:16:06] ✓ 11个数据文件已同步VPS(rsync -u, 仅推送更新过的)
[2026-07-09 12:16:07] VPS重算: 200
[2026-07-09 12:24:01] 抓到 7 场
[2026-07-09 12:24:05] ✓ 11个数据文件已同步VPS(rsync -u, 仅推送更新过的)
[2026-07-09 12:24:05] VPS重算: 200
[2026-07-09 12:32:01] 抓到 7 场
[2026-07-09 12:32:06] ✓ 11个数据文件已同步VPS(rsync -u, 仅推送更新过的)
[2026-07-09 12:32:06] VPS重算: 200
[2026-07-09 12:40:01] 抓到 7 场
[2026-07-09 12:40:06] ✓ 11个数据文件已同步VPS(rsync -u, 仅推送更新过的)
[2026-07-09 12:40:06] VPS重算: 200
[2026-07-09 12:48:01] 抓到 7 场
[2026-07-09 12:48:07] ✓ 11个数据文件已同步VPS(rsync -u, 仅推送更新过的)
[2026-07-09 12:48:09] VPS重算: 200
[2026-07-09 12:56:01] 抓到 7 场
[2026-07-09 12:56:06] ✓ 11个数据文件已同步VPS(rsync -u, 仅推送更新过的)
[2026-07-09 12:56:07] VPS重算: 200
[2026-07-09 13:00:01] 抓到 7 场
[2026-07-09 13:00:06] ✓ 11个数据文件已同步VPS(rsync -u, 仅推送更新过的)
[2026-07-09 13:00:06] VPS重算: 200
[2026-07-09 13:08:01] 抓到 7 场
[2026-07-09 13:08:05] ✓ 11个数据文件已同步VPS(rsync -u, 仅推送更新过的)
[2026-07-09 13:08:06] VPS重算: 200
[2026-07-09 13:16:01] 抓到 8 场
[2026-07-09 13:16:06] ✓ 11个数据文件已同步VPS(rsync -u, 仅推送更新过的)
[2026-07-09 13:16:07] VPS重算: 200
[2026-07-09 13:24:02] 抓到 8 场
[2026-07-09 13:24:06] ✓ 11个数据文件已同步VPS(rsync -u, 仅推送更新过的)
[2026-07-09 13:24:07] VPS重算: 200
[2026-07-09 13:32:01] Traceback (most recent call last):
[2026-07-09 13:32:01]   File "<string>", line 4, in <module>
[2026-07-09 13:32:01]   File "/home/hetaisheng/soccerdata/wc_analysis/predict.py", line 216, in fetch_sporttery
[2026-07-09 13:32:01]     parsed_cache.write_text(
[2026-07-09 13:32:01]   File "/usr/lib/python3.12/pathlib.py", line 1049, in write_text
[2026-07-09 13:32:01]     with self.open(mode='w', encoding=encoding, errors=errors, newline=newline) as f:
[2026-07-09 13:32:01] OSError: [Errno 28] No space left on device
[2026-07-09 13:32:06] ✓ 11个数据文件已同步VPS(rsync -u, 仅推送更新过的)
[2026-07-09 13:32:06] VPS重算: 200
[2026-07-09 13:40:01] Traceback (most recent call last):
[2026-07-09 13:40:01]   File "<string>", line 4, in <module>
[2026-07-09 13:40:01]   File "/home/hetaisheng/soccerdata/wc_analysis/predict.py", line 216, in fetch_sporttery
[2026-07-09 13:40:01]     parsed_cache.write_text(
[2026-07-09 13:40:01]   File "/usr/lib/python3.12/pathlib.py", line 1049, in write_text
[2026-07-09 13:40:01]     with self.open(mode='w', encoding=encoding, errors=errors, newline=newline) as f:
[2026-07-09 13:40:01] OSError: [Errno 28] No space left on device
[2026-07-09 13:40:06] ✓ 11个数据文件已同步VPS(rsync -u, 仅推送更新过的)
[2026-07-09 13:40:07] VPS重算: 200
[2026-07-09 13:48:01] Traceback (most recent call last):
[2026-07-09 13:48:01]   File "<string>", line 4, in <module>
[2026-07-09 13:48:01]   File "/home/hetaisheng/soccerdata/wc_analysis/predict.py", line 216, in fetch_sporttery
[2026-07-09 13:48:01]     parsed_cache.write_text(
[2026-07-09 13:48:01]   File "/usr/lib/python3.12/pathlib.py", line 1049, in write_text
[2026-07-09[2026-07-09 14:16:01] 抓到 8 场
[2026-07-09 14:16:06] ✓ 11个数据文件已同步VPS(rsync -u, 仅推送更新过的)
[2026-07-09 14:16:07] VPS重算: 200
[2026-07-09 14:24:01] 抓到 8 场
[2026-07-09 14:24:06] ✓ 11个数据文件已同步VPS(rsync -u, 仅推送更新过的)
[2026-07-09 14:24:07] VPS重算: 200
[2026-07-09 14:32:01] 抓到 8 场
[2026-07-09 14:32:06] ✓ 11个数据文件已同步VPS(rsync -u, 仅推送更新过的)
[2026-07-09 14:32:07] VPS重算: 200
[2026-07-09 14:40:01] 抓到 8 场
[2026-07-09 14:40:06] ✓ 11个数据文件已同步VPS(rsync -u, 仅推送更新过的)
[2026-07-09 14:40:07] VPS重算: 200
[2026-07-09 14:48:01] 抓到 8 场
[2026-07-09 14:48:06] ✓ 11个数据文件已同步VPS(rsync -u, 仅推送更新过的)
[2026-07-09 14:48:07] VPS重算: 200
[2026-07-09 14:56:01] 抓到 8 场
[2026-07-09 14:56:06] ✓ 11个数据文件已同步VPS(rsync -u, 仅推送更新过的)
[2026-07-09 14:56:07] VPS重算: 200
[2026-07-09 15:00:01] 抓到 8 场
[2026-07-09 15:00:05] ✓ 11个数据文件已同步VPS(rsync -u, 仅推送更新过的)
[2026-07-09 15:00:05] VPS重算: 200
[2026-07-09 15:08:02] 抓到 8 场
[2026-07-09 15:08:07] ✓ 11个数据文件已同步VPS(rsync -u, 仅推送更新过的)
[2026-07-09 15:08:08] VPS重算: 200
[2026-07-09 15:16:01] 抓到 8 场
[2026-07-09 15:16:06] ✓ 11个数据文件已同步VPS(rsync -u, 仅推送更新过的)
[2026-07-09 15:16:07] VPS重算: 200
[2026-07-09 15:24:01] 抓到 8 场
[2026-07-09 15:24:06] ✓ 11个数据文件已同步VPS(rsync -u, 仅推送更新过的)
[2026-07-09 15:24:09] VPS重算: 200
[2026-07-09 15:32:01] 抓到 8 场
[2026-07-09 15:32:06] ✓ 11个数据文件已同步VPS(rsync -u, 仅推送更新过的)
[2026-07-09 15:32:07] VPS重算: 200
[2026-07-09 15:40:01] 抓到 8 场
[2026-07-09 15:40:05] ✓ 11个数据文件已同步VPS(rsync -u, 仅推送更新过的)
[2026-07-09 15:40:06] VPS重算: 200
[2026-07-09 15:48:01] 抓到 8 场
[2026-07-09 15:48:06] ✓ 11个数据文件已同步VPS(rsync -u, 仅推送更新过的)
[2026-07-09 15:48:06] VPS重算: 200
[2026-07-09 15:56:01] 抓到 8 场
[2026-07-09 15:56:04] ✓ 11个数据文件已同步VPS(rsync -u, 仅推送更新过的)
[2026-07-09 15:56:05] VPS重算: 200
[2026-07-09 16:00:01] 抓到 8 场
[2026-07-09 16:00:06] ✓ 11个数据文件已同步VPS(rsync -u, 仅推送更新过的)
[2026-07-09 16:00:06] VPS重算: 200
[2026-07-09 16:08:01] 抓到 8 场
[2026-07-09 16:08:06] ✓ 11个数据文件已同步VPS(rsync -u, 仅推送更新过的)
[2026-07-09 16:08:06] VPS重算: 200
[2026-07-09 16:16:01] 抓到 8 场
[2026-07-09 16:16:06] ✓ 11个数据文件已同步VPS(rsync -u, 仅推送更新过的)
[2026-07-09 16:16:06] VPS重算: 200
[2026-07-09 16:24:01] 抓到 8 场
[2026-07-09 16:24:06] ✓ 11个数据文件已同步VPS(rsync -u, 仅推送更新过的)
[2026-07-09 16:24:07] VPS重算: 200
[2026-07-09 16:32:01] 抓到 8 场
[2026-07-09 16:32:05] ✓ 11个数据文件已同步VPS(rsync -u, 仅推送更新过的)
[2026-07-09 16:32:06] VPS重算: 200
[2026-07-09 16:40:02] 抓到 8 场
[2026-07-09 16:40:06] ✓ 11个数据文件已同步VPS(rsync -u, 仅推送更新过的)
[2026-07-09 16:40:07] VPS重算: 200
[2026-07-09 16:48:01] 抓到 8 场
[2026-07-09 16:48:04] ✓ 11个数据文件已同步VPS(rsync -u, 仅推送更新过的)
[2026-07-09 16:48:05] VPS重算: 200
[2026-07-09 16:56:01] 抓到 8 场
[2026-07-09 16:56:07] ✓ 11个数据文件已同步VPS(rsync -u, 仅推送更新过的)
[2026-07-09 16:56:08] VPS重算: 200
[2026-07-09 17:00:01] 抓到 8 场
[2026-07-09 17:00:04] ✓ 11个数据文件已同步VPS(rsync -u, 仅推送更新过的)
[2026-07-09 17:00:05] VPS重算: 200
[2026-07-09 17:08:01] 抓到 8 场
[2026-07-09 17:08:04] ✓ 11个数据文件已同步VPS(rsync -u, 仅推送更新过的)
[2026-07-09 17:08:05] VPS重算: 200
[2026-07-09 17:16:01] 抓到 8 场
[2026-07-09 17:16:05] ✓ 11个数据文件已同步VPS(rsync -u, 仅推送更新过的)
[2026-07-09 17:16:06] VPS重算: 200
[2026-07-09 17:24:01] 抓到 8 场
[2026-07-09 17:24:05] ✓ 11个数据文件已同步VPS(rsync -u, 仅推送更新过的)
[2026-07-09 17:24:06] VPS重算: 200
[2026-07-09 17:32:01] 抓到 8 场
[2026-07-09 17:32:06] ✓ 11个数据文件已同步VPS(rsync -u, 仅推送更新过的)
[2026-07-09 17:32:07] VPS重算: 200
[2026-07-09 17:40:01] 抓到 8 场
[2026-07-09 17:40:06] ✓ 11个数据文件已同步VPS(rsync -u, 仅推送更新过的)
[2026-07-09 17:40:07] VPS重算: 200
[2026-07-09 17:48:01] 抓到 8 场
[2026-07-09 17:48:05] ✓ 11个数据文件已同步VPS(rsync -u, 仅推送更新过的)
[2026-07-09 17:48:05] VPS重算: 200
[2026-07-09 17:56:01] 抓到 8 场
[2026-07-09 17:56:06] ✓ 11个数据文件已同步VPS(rsync -u, 仅推送更新过的)
[2026-07-09 17:56:06] VPS重算: 200
[2026-07-09 18:00:01] 抓到 8 场
[2026-07-09 18:00:04] ✓ 11个数据文件已同步VPS(rsync -u, 仅推送更新过的)
[2026-07-09 18:00:05] VPS重算: 200
[2026-07-09 18:08:01] 抓到 8 场
[2026-07-09 18:08:06] ✓ 11个数据文件已同步VPS(rsync -u, 仅推送更新过的)
[2026-07-09 18:08:07] VPS重算: 200
[2026-07-09 18:16:01] 抓到 8 场
[2026-07-09 18:16:06] ✓ 11个数据文件已同步VPS(rsync -u, 仅推送更新过的)
[2026-07-09 18:16:07] VPS重算: 200
[2026-07-09 18:24:01] 抓到 8 场
[2026-07-09 18:24:06] ✓ 11个数据文件已同步VPS(rsync -u, 仅推送更新过的)
[2026-07-09 18:24:06] VPS重算: 200
[2026-07-09 18:32:01] 抓到 8 场
[2026-07-09 18:32:05] ✓ 11个数据文件已同步VPS(rsync -u, 仅推送更新过的)
[2026-07-09 18:32:05] VPS重算: 200
[2026-07-09 18:40:01] 抓到 8 场
[2026-07-09 18:40:06] ✓ 11个数据文件已同步VPS(rsync -u, 仅推送更新过的)
[2026-07-09 18:40:08] VPS重算: 200
[2026-07-09 18:48:01] 抓到 8 场
[2026-07-09 18:48:06] ✓ 11个数据文件已同步VPS(rsync -u, 仅推送更新过的)
[2026-07-09 18:48:07] VPS重算: 200
[2026-07-09 18:56:01] 抓到 8 场
[2026-07-09 18:56:05] ✓ 11个数据文件已同步VPS(rsync -u, 仅推送更新过的)
[2026-07-09 18:56:05] VPS重算: 200
[2026-07-09 19:00:01] 抓到 8 场
[2026-07-09 19:00:04] ✓ 11个数据文件已同步VPS(rsync -u, 仅推送更新过的)
[2026-07-09 19:00:04] VPS重算: 200
[2026-07-09 19:08:01] 抓到 8 场
[2026-07-09 19:08:04] ✓ 11个数据文件已同步VPS(rsync -u, 仅推送更新过的)
[2026-07-09 19:08:05] VPS重算: 200
[2026-07-09 19:16:01] 抓到 8 场
[2026-07-09 19:16:05] ✓ 11个数据文件已同步VPS(rsync -u, 仅推送更新过的)
[2026-07-09 19:16:06] VPS重算: 200
[2026-07-09 19:24:02] 抓到 8 场
[2026-07-09 19:24:06] ✓ 11个数据文件已同步VPS(rsync -u, 仅推送更新过的)
[2026-07-09 19:24:07] VPS重算: 200
[2026-07-09 19:32:01] 抓到 8 场
[2026-07-09 19:32:06] ✓ 11个数据文件已同步VPS(rsync -u, 仅推送更新过的)
[2026-07-09 19:32:07] VPS重算: 200
[2026-07-09 19:40:01] 抓到 8 场
[2026-07-09 19:40:04] ✓ 11个数据文件已同步VPS(rsync -u, 仅推送更新过的)
[2026-07-09 19:40:05] VPS重算: 200
[2026-07-09 19:48:01] 抓到 8 场
[2026-07-09 19:48:06] ✓ 11个数据文件已同步VPS(rsync -u, 仅推送更新过的)
[2026-07-09 19:48:06] VPS重算: 200
[2026-07-09 19:56:01] 抓到 8 场
[2026-07-09 19:56:05] ✓ 11个数据文件已同步VPS(rsync -u, 仅推送更新过的)
[2026-07-09 19:56:06] VPS重算: 200
[2026-07-09 20:00:01] 抓到 8 场
[2026-07-09 20:00:04] ✓ 11个数据文件已同步VPS(rsync -u, 仅推送更新过的)
[2026-07-09 20:00:05] VPS重算: 200
[2026-07-09 20:08:01] 抓到 8 场
[2026-07-09 20:08:05] ✓ 11个数据文件已同步VPS(rsync -u, 仅推送更新过的)
[2026-07-09 20:08:06] VPS重算: 200
[2026-07-09 20:16:01] 抓到 8 场
[2026-07-09 20:16:05] ✓ 11个数据文件已同步VPS(rsync -u, 仅推送更新过的)
[2026-07-09 20:16:05] VPS重算: 200
[2026-07-09 20:24:01] 抓到 8 场
[2026-07-09 20:24:05] ✓ 11个数据文件已同步VPS(rsync -u, 仅推送更新过的)
[2026-07-09 20:24:05] VPS重算: 200
[2026-07-09 20:32:01] 抓到 8 场
[2026-07-09 20:32:06] ✓ 11个数据文件已同步VPS(rsync -u, 仅推送更新过的)
[2026-07-09 20:32:07] VPS重算: 200
[2026-07-09 20:40:01] 抓到 8 场
[2026-07-09 20:40:05] ✓ 11个数据文件已同步VPS(rsync -u, 仅推送更新过的)
[2026-07-09 20:40:06] VPS重算: 200
[2026-07-09 20:48:01] 抓到 8 场
[2026-07-09 20:48:05] ✓ 11个数据文件已同步VPS(rsync -u, 仅推送更新过的)
[2026-07-09 20:48:05] VPS重算: 200
[2026-07-09 20:56:01] 抓到 8 场
[2026-07-09 20:56:04] ✓ 11个数据文件已同步VPS(rsync -u, 仅推送更新过的)
[2026-07-09 20:56:05] VPS重算: 200
[2026-07-09 21:00:01] 抓到 8 场
[2026-07-09 21:00:05] ✓ 11个数据文件已同步VPS(rsync -u, 仅推送更新过的)
[2026-07-09 21:00:05] VPS重算: 200
[2026-07-09 21:08:01] 抓到 8 场
[2026-07-09 21:08:05] ✓ 11个数据文件已同步VPS(rsync -u, 仅推送更新过的)
[2026-07-09 21:08:05] VPS重算: 200
[2026-07-09 21:16:01] 抓到 8 场
[2026-07-09 21:16:06] ✓ 11个数据文件已同步VPS(rsync -u, 仅推送更新过的)
[2026-07-09 21:16:07] VPS重算: 200
[2026-07-09 21:24:01] 抓到 8 场
[2026-07-09 21:24:06] ✓ 11个数据文件已同步VPS(rsync -u, 仅推送更新过的)
[2026-07-09 21:24:07] VPS重算: 200
[2026-07-09 21:32:01] 抓到 8 场
[2026-07-09 21:32:04] ✓ 11个数据文件已同步VPS(rsync -u, 仅推送更新过的)
[2026-07-09 21:32:05] VPS重算: 200
[2026-07-09 21:40:01] 抓到 8 场
[2026-07-09 21:40:05] ✓ 11个数据文件已同步VPS(rsync -u, 仅推送更新过的)
[2026-07-09 21:40:06] VPS重算: 200
[2026-07-09 21:48:59] 抓到 8 场
[2026-07-09 21:49:03] ✓ 11个数据文件已同步VPS(rsync -u, 仅推送更新过的)
[2026-07-09 21:49:04] VPS重算: 200
[2026-07-09 21:56:01] 抓到 8 场
[2026-07-09 21:56:06] ✓ 11个数据文件已同步VPS(rsync -u, 仅推送更新过的)
[2026-07-09 21:56:06] VPS重算: 200
[2026-07-09 22:00:01] 抓到 8 场
[2026-07-09 22:00:06] ✓ 11个数据文件已同步VPS(rsync -u, 仅推送更新过的)
[2026-07-09 22:00:06] VPS重算: 200
[2026-07-09 22:08:01] 抓到 8 场
[2026-07-09 22:08:07] ✓ 11个数据文件已同步VPS(rsync -u, 仅推送更新过的)
[2026-07-09 22:08:08] VPS重算: 200
[2026-07-09 22:16:01] 抓到 8 场
[2026-07-09 22:16:07] ✓ 11个数据文件已同步VPS(rsync -u, 仅推送更新过的)
[2026-07-09 22:16:08] VPS重算: 200
[2026-07-09 22:24:01] 抓到 8 场
[2026-07-09 22:24:05] ✓ 11个数据文件已同步VPS(rsync -u, 仅推送更新过的)
[2026-07-09 22:24:05] VPS重算: 200
[2026-07-09 22:32:01] 抓到 8 场
[2026-07-09 22:32:06] ✓ 11个数据文件已同步VPS(rsync -u, 仅推送更新过的)
[2026-07-09 22:32:08] VPS重算: 200
[2026-07-09 22:40:01] 抓到 8 场
[2026-07-09 22:40:07] ✓ 11个数据文件已同步VPS(rsync -u, 仅推送更新过的)
[2026-07-09 22:40:07] VPS重算: 200
[2026-07-09 22:48:01] 抓到 8 场
[2026-07-09 22:48:05] ✓ 11个数据文件已同步VPS(rsync -u, 仅推送更新过的)
[2026-07-09 22:48:06] VPS重算: 200
[2026-07-09 23:08:01] 抓到 8 场
[2026-07-09 23:08:05] ✓ 11个数据文件已同步VPS(rsync -u, 仅推送更新过的)
[2026-07-09 23:08:06] VPS重算: 200
[2026-07-09 23:16:01] 抓到 8 场
[2026-07-09 23:16:06] ✓ 11个数据文件已同步VPS(rsync -u, 仅推送更新过的)
[2026-07-09 23:16:07] VPS重算: 200
[2026-07-09 23:24:01] 抓到 8 场
[2026-07-09 23:24:04] ✓ 11个数据文件已同步VPS(rsync -u, 仅推送更新过的)
[2026-07-09 23:24:05] VPS重算: 200
[2026-07-09 23:32:01] 抓到 8 场
[2026-07-09 23:32:06] ✓ 11个数据文件已同步VPS(rsync -u, 仅推送更新过的)
[2026-07-09 23:32:07] VPS重算: 200
[2026-07-09 23:40:01] 抓到 8 场
[2026-07-09 23:40:05] ✓ 11个数据文件已同步VPS(rsync -u, 仅推送更新过的)
[2026-07-09 23:40:06] VPS重算: 200
[2026-07-09 23:48:01] 抓到 8 场
[2026-07-09 23:48:10] ✓ 11个数据文件已同步VPS(rsync -u, 仅推送更新过的)
[2026-07-09 23:48:11] VPS重算: 200
[2026-07-09 23:56:01] 抓到 8 场
[2026-07-09 23:56:05] ✓ 11个数据文件已同步VPS(rsync -u, 仅推送更新过的)
[2026-07-09 23:56:06] VPS重算: 200
[2026-07-10 00:00:01] 抓到 8 场
[2026-07-10 00:00:07] ✓ 11个数据文件已同步VPS(rsync -u, 仅推送更新过的)
[2026-07-10 00:00:08] VPS重算: 200
[2026-07-10 00:08:01] 抓到 8 场
[2026-07-10 00:08:05] ✓ 11个数据文件已同步VPS(rsync -u, 仅推送更新过的)
[2026-07-10 00:08:06] VPS重算: 200
[2026-07-10 00:16:01] 抓到 8 场
[2026-07-10 00:16:05] ✓ 11个数据文件已同步VPS(rsync -u, 仅推送更新过的)
[2026-07-10 00:16:07] VPS重算: 200
[2026-07-10 00:24:01] 抓到 8 场
[2026-07-10 00:24:06] ✓ 11个数据文件已同步VPS(rsync -u, 仅推送更新过的)
[2026-07-10 00:24:07] VPS重算: 200
[2026-07-10 00:32:01] 抓到 8 场
[2026-07-10 00:32:06] ✓ 11个数据文件已同步VPS(rsync -u, 仅推送更新过的)
[2026-07-10 00:32:07] VPS重算: 200
[2026-07-10 00:40:01] 抓到 8 场
[2026-07-10 00:40:04] ✓ 11个数据文件已同步VPS(rsync -u, 仅推送更新过的)
[2026-07-10 00:40:05] VPS重算: 200
[2026-07-10 00:48:01] 抓到 8 场
[2026-07-10 00:48:05] ✓ 11个数据文件已同步VPS(rsync -u, 仅推送更新过的)
[2026-07-10 00:48:06] VPS重算: 200
[2026-07-10 00:56:01] 抓到 8 场
[2026-07-10 00:56:06] ✓ 11个数据文件已同步VPS(rsync -u, 仅推送更新过的)
[2026-07-10 00:56:07] VPS重算: 200
[2026-07-10 01:00:01] 抓到 8 场
[2026-07-10 01:00:04] ✓ 11个数据文件已同步VPS(rsync -u, 仅推送更新过的)
[2026-07-10 01:00:05] VPS重算: 200
[2026-07-10 01:08:01] 抓到 8 场
[2026-07-10 01:08:05] ✓ 11个数据文件已同步VPS(rsync -u, 仅推送更新过的)
[2026-07-10 01:08:06] VPS重算: 200
[2026-07-10 01:16:01] 抓到 8 场
[2026-07-10 01:16:05] ✓ 11个数据文件已同步VPS(rsync -u, 仅推送更新过的)
[2026-07-10 01:16:06] VPS重算: 200
[2026-07-10 01:24:01] 抓到 8 场
[2026-07-10 01:24:05] ✓ 11个数据文件已同步VPS(rsync -u, 仅推送更新过的)
[2026-07-10 01:24:05] VPS重算: 200
[2026-07-10 01:32:01] 抓到 8 场
[2026-07-10 01:32:04] ✓ 11个数据文件已同步VPS(rsync -u, 仅推送更新过的)
[2026-07-10 01:32:05] VPS重算: 200
[2026-07-10 01:40:01] 抓到 8 场
[2026-07-10 01:40:05] ✓ 11个数据文件已同步VPS(rsync -u, 仅推送更新过的)
[2026-07-10 01:40:06] VPS重算: 200
[2026-07-10 01:48:01] 抓到 8 场
[2026-07-10 01:48:05] ✓ 11个数据文件已同步VPS(rsync -u, 仅推送更新过的)
[2026-07-10 01:48:06] VPS重算: 200
[2026-07-10 01:56:01] 抓到 8 场
[2026-07-10 01:56:05] ✓ 11个数据文件已同步VPS(rsync -u, 仅推送更新过的)
[2026-07-10 01:56:06] VPS重算: 200
[2026-07-10 02:00:01] 抓到 8 场
[2026-07-10 02:00:04] ✓ 11个数据文件已同步VPS(rsync -u, 仅推送更新过的)
[2026-07-10 02:00:05] VPS重算: 200
[2026-07-10 02:08:01] 抓到 5 场
[2026-07-10 02:08:04] ✓ 11个数据文件已同步VPS(rsync -u, 仅推送更新过的)
[2026-07-10 02:08:05] VPS重算: 200
[2026-07-10 02:16:01] 抓到 5 场
[2026-07-10 02:16:05] ✓ 11个数据文件已同步VPS(rsync -u, 仅推送更新过的)
[2026-07-10 02:16:06] VPS重算: 200
[2026-07-10 02:24:01] 抓到 5 场
[2026-07-10 02:24:05] ✓ 11个数据文件已同步VPS(rsync -u, 仅推送更新过的)
[2026-07-10 02:24:06] VPS重算: 200
[2026-07-10 02:32:01] 抓到 5 场
[2026-07-10 02:32:04] ✓ 11个数据文件已同步VPS(rsync -u, 仅推送更新过的)
[2026-07-10 02:32:05] VPS重算: 200
[2026-07-10 02:40:01] 抓到 5 场
[2026-07-10 02:40:06] ✓ 11个数据文件已同步VPS(rsync -u, 仅推送更新过的)
[2026-07-10 02:40:06] VPS重算: 200
[2026-07-10 02:48:01] 抓到 5 场
[2026-07-10 02:48:05] ✓ 11个数据文件已同步VPS(rsync -u, 仅推送更新过的)
[2026-07-10 02:48:06] VPS重算: 200
[2026-07-10 02:56:01] 抓到 5 场
[2026-07-10 02:56:05] ✓ 11个数据文件已同步VPS(rsync -u, 仅推送更新过的)
[2026-07-10 02:56:06] VPS重算: 200
[2026-07-10 03:00:01] 抓到 5 场
[2026-07-10 03:00:04] ✓ 11个数据文件已同步VPS(rsync -u, 仅推送更新过的)
[2026-07-10 03:00:05] VPS重算: 200
[2026-07-10 03:08:01] 抓到 5 场
[2026-07-10 03:08:05] ✓ 11个数据文件已同步VPS(rsync -u, 仅推送更新过的)
[2026-07-10 03:08:06] VPS重算: 200
[2026-07-10 03:16:01] 抓到 5 场
[2026-07-10 03:16:04] ✓ 11个数据文件已同步VPS(rsync -u, 仅推送更新过的)
[2026-07-10 03:16:05] VPS重算: 200
[2026-07-10 03:24:01] 抓到 5 场
[2026-07-10 03:24:04] ✓ 11个数据文件已同步VPS(rsync -u, 仅推送更新过的)
[2026-07-10 03:24:05] VPS重算: 200
[2026-07-10 03:32:01] 抓到 5 场
[2026-07-10 03:32:05] ✓ 11个数据文件已同步VPS(rsync -u, 仅推送更新过的)
[2026-07-10 03:32:06] VPS重算: 200
[2026-07-10 03:40:01] 抓到 5 场
[2026-07-10 03:40:05] ✓ 11个数据文件已同步VPS(rsync -u, 仅推送更新过的)
[2026-07-10 03:40:05] VPS重算: 200
[2026-07-10 03:48:01] 抓到 5 场
[2026-07-10 03:48:05] ✓ 11个数据文件已同步VPS(rsync -u, 仅推送更新过的)
[2026-07-10 03:48:05] VPS重算: 200
[2026-07-10 03:56:01] 抓到 5 场
[2026-07-10 03:56:05] ✓ 11个数据文件已同步VPS(rsync -u, 仅推送更新过的)
[2026-07-10 03:56:06] VPS重算: 200
[2026-07-10 04:00:01] 抓到 5 场
[2026-07-10 04:00:05] ✓ 11个数据文件已同步VPS(rsync -u, 仅推送更新过的)
[2026-07-10 04:00:05] VPS重算: 200
[2026-07-10 04:08:01] 抓到 4 场
[2026-07-10 04:08:05] ✓ 11个数据文件已同步VPS(rsync -u, 仅推送更新过的)
[2026-07-10 04:08:05] VPS重算: 200
[2026-07-10 04:16:01] 抓到 4 场
[2026-07-10 04:16:05] ✓ 11个数据文件已同步VPS(rsync -u, 仅推送更新过的)
[2026-07-10 04:16:05] VPS重算: 200
[2026-07-10 04:24:01] 抓到 4 场
[2026-07-10 04:24:04] ✓ 11个数据文件已同步VPS(rsync -u, 仅推送更新过的)
[2026-07-10 04:24:05] VPS重算: 200
[2026-07-10 04:32:01] 抓到 4 场
[2026-07-10 04:32:05] ✓ 11个数据文件已同步VPS(rsync -u, 仅推送更新过的)
[2026-07-10 04:32:06] VPS重算: 200
[2026-07-10 04:40:01] 抓到 4 场
[2026-07-10 04:40:04] ✓ 11个数据文件已同步VPS(rsync -u, 仅推送更新过的)
[2026-07-10 04:40:05] VPS重算: 200
[2026-07-10 04:48:01] 抓到 4 场
[2026-07-10 04:48:05] ✓ 11个数据文件已同步VPS(rsync -u, 仅推送更新过的)
[2026-07-10 04:48:06] VPS重算: 200
[2026-07-10 04:56:01] 抓到 4 场
[2026-07-10 04:56:05] ✓ 11个数据文件已同步VPS(rsync -u, 仅推送更新过的)
[2026-07-10 04:56:06] VPS重算: 200
[2026-07-10 05:00:01] 抓到 4 场
[2026-07-10 05:00:04] ✓ 11个数据文件已同步VPS(rsync -u, 仅推送更新过的)
[2026-07-10 05:00:05] VPS重算: 200
[2026-07-10 05:08:01] OSError: [Errno 28] No space left on device
[2026-07-10 05:08:01] 
[2026-07-10 05:08:01] During handling of the above exception, another exception occurred:
[2026-07-10 05:08:01] 
[2026-07-10 05:08:01] Traceback (most recent call last):
[2026-07-10 05:08:01]   File "<string>", line 4, in <module>
[2026-07-10 05:08:01]   File "/home/hetaisheng/soccerdata/wc_analysis/predict.py", line 216, in fetch_sporttery
[2026-07-10 05:08:01]     parsed_cache.write_text(
[2026-07-10 05:08:01]   File "/usr/lib/python3.12/pathlib.py", line 1049, in write_text
[2026-07-10 05:08:01]     with self.open(mode='w', encoding=encoding, errors=errors, newline=newline) as f:
[2026-07-10 05:08:01] OSError: [Errno 28] No space left on device
[2026-07-10 05:08:04] ✓ 11个数据文件已同步VPS(rsync -u, 仅推送更新过的)
[2026-07-10 05:08:05] VPS重算: 200
[2026-07-10 05:16:01] OSError: [Errno 28] No space left on device
[2026-07-10 05:16:01] 
[2026-07-10 05:16:01] During handling of the above exception, another exception occurred:
[2026-07-10 05:16:01] 
[2026-07-10 05:16:01] Traceback (most recent call last):
[2026-07-10 05:16:01]   File "<string>", line 4, in <module>
[2026-07-10 05:16:01]   File "/home/hetaisheng/soccerdata/wc_analysis/predict.py", line 216, in fetch_sporttery
[2026-07-10 05:16:01]     parsed_cache.write_text(
[2026-07-10 05:16:01]   File "/usr/lib/python3.12/pathlib.py", line 1049, in write_text
[2026-07-10 05:16:01]     with self.open(mode='w', encoding=encoding, errors=errors, newline=newline) as f:
[2026-07-10 05:16:01] OSError: [Errno 28] No space left on device
[2026-07-10 05:16:05] ✓ 1[2026-07-10 05:24:01] 抓到 4 场
[2026-07-10 05:24:05] ✓ 11个数据文件已同步VPS(rsync -u, 仅推送更新过的)
[2026-07-10 05:24:06] VPS重算: 200
[2026-07-10 05:32:01] 抓到 4 场
[2026-07-10 05:32:04] ✓ 11个数据文件已同步VPS(rsync -u, 仅推送更新过的)
[2026-07-10 05:32:05] VPS重算: 200
[2026-07-10 05:40:01] 抓到 4 场
[2026-07-10 05:40:05] ✓ 11个数据文件已同步VPS(rsync -u, 仅推送更新过的)
[2026-07-10 05:40:05] VPS重算: 200
[2026-07-10 05:48:01] 抓到 4 场
[2026-07-10 05:48:05] ✓ 11个数据文件已同步VPS(rsync -u, 仅推送更新过的)
[2026-07-10 05:48:06] VPS重算: 200
[2026-07-10 05:56:01] 抓到 4 场
[2026-07-10 05:56:05] ✓ 11个数据文件已同步VPS(rsync -u, 仅推送更新过的)
[2026-07-10 05:56:06] VPS重算: 200
[2026-07-10 06:00:02] 抓到 4 场
[2026-07-10 06:00:05] ✓ 11个数据文件已同步VPS(rsync -u, 仅推送更新过的)
[2026-07-10 06:00:06] VPS重算: 200
[2026-07-10 06:08:01] 抓到 4 场
[2026-07-10 06:08:04] ✓ 11个数据文件已同步VPS(rsync -u, 仅推送更新过的)
[2026-07-10 06:08:05] VPS重算: 200
[2026-07-10 06:16:01] 抓到 4 场
[2026-07-10 06:16:05] ✓ 11个数据文件已同步VPS(rsync -u, 仅推送更新过的)
[2026-07-10 06:16:05] VPS重算: 200
[2026-07-10 06:24:01] 抓到 4 场
[2026-07-10 06:24:04] ✓ 11个数据文件已同步VPS(rsync -u, 仅推送更新过的)
[2026-07-10 06:24:05] VPS重算: 200
[2026-07-10 06:32:01] 抓到 4 场
[2026-07-10 06:32:04] ✓ 11个数据文件已同步VPS(rsync -u, 仅推送更新过的)
[2026-07-10 06:32:05] VPS重算: 200
[2026-07-10 06:40:01] 抓到 4 场
[2026-07-10 06:40:05] ✓ 11个数据文件已同步VPS(rsync -u, 仅推送更新过的)
[2026-07-10 06:40:05] VPS重算: 200
[2026-07-10 06:48:01] 抓到 4 场
[2026-07-10 06:48:04] ✓ 11个数据文件已同步VPS(rsync -u, 仅推送更新过的)
[2026-07-10 06:48:05] VPS重算: 200
[2026-07-10 06:56:01] 抓到 4 场
[2026-07-10 06:56:05] ✓ 11个数据文件已同步VPS(rsync -u, 仅推送更新过的)
[2026-07-10 06:56:05] VPS重算: 200
[2026-07-10 07:00:01] 抓到 4 场
[2026-07-10 07:00:05] ✓ 11个数据文件已同步VPS(rsync -u, 仅推送更新过的)
[2026-07-10 07:00:06] VPS重算: 200
[2026-07-10 07:08:01] 抓到 4 场
[2026-07-10 07:08:04] ✓ 11个数据文件已同步VPS(rsync -u, 仅推送更新过的)
[2026-07-10 07:08:05] VPS重算: 200
[2026-07-10 07:16:01] 抓到 4 场
[2026-07-10 07:16:06] ✓ 11个数据文件已同步VPS(rsync -u, 仅推送更新过的)
[2026-07-10 07:16:07] VPS重算: 200
[2026-07-10 07:24:01] 抓到 4 场
[2026-07-10 07:24:05] ✓ 11个数据文件已同步VPS(rsync -u, 仅推送更新过的)
[2026-07-10 07:24:06] VPS重算: 200
[2026-07-10 07:32:01] 抓到 4 场
[2026-07-10 07:32:09] ✓ 11个数据文件已同步VPS(rsync -u, 仅推送更新过的)
[2026-07-10 07:32:10] VPS重算: 200
[2026-07-10 07:40:01] 抓到 4 场
[2026-07-10 07:40:05] ✓ 11个数据文件已同步VPS(rsync -u, 仅推送更新过的)
[2026-07-10 07:40:06] VPS重算: 200
[2026-07-10 07:48:01] 抓到 4 场
[2026-07-10 07:48:04] ✓ 11个数据文件已同步VPS(rsync -u, 仅推送更新过的)
[2026-07-10 07:48:05] VPS重算: 200
[2026-07-10 15:16:01] Traceback (most recent call last):
[2026-07-10 15:16:01]   File "<string>", line 4, in <module>
[2026-07-10 15:16:01]   File "/home/hetaisheng/soccerdata/wc_analysis/predict.py", line 216, in fetch_sporttery
[2026-07-10 15:16:01]     parsed_cache.write_text(
[2026-07-10 15:16:01]   File "/usr/lib/python3.12/pathlib.py", line 1049, in write_text
[2026-07-10 15:16:01]     with self.open(mode='w', encoding=encoding, errors=errors, newline=newline) as f:
[2026-07-10 15:16:01] OSError: [Errno 28] No space left on device
[2026-07-10 15:16:08] ✓ 11个数据文件已同步VPS(rsync -u, 仅推送更新过的)
[2026-07-10 15:16:11] VPS重算: 500
[2026-07-10 15:24:01] 抓到 10 场
[2026-07-10 15:24:05] ✓ 11个数据文件已同步VPS(rsync -u, 仅推送更新过的)
[2026-07-10 15:24:06] VPS重算: 200
[2026-07-10 15:32:01] 抓到 10 场
[2026-07-10 15:32:08] ✓ 11个数据文件已同步VPS(rsync -u, 仅推送更新过的)
[2026-07-10 15:32:08] VPS重算: 200
[2026-07-10 15:40:01] 抓到 10 场
[2026-07-10 15:40:05] ✓ 11个数据文件已同步VPS(rsync -u, 仅推送更新过的)
[2026-07-10 15:40:06] VPS重算: 200
[2026-07-10 15:48:01] 抓到 10 场
[2026-07-10 15:48:05] ✓ 11个数据文件已同步VPS(rsync -u, 仅推送更新过的)
[2026-07-10 15:48:07] VPS重算: 200
[2026-07-10 15:56:01] 抓到 10 场
[2026-07-10 15:56:07] ✓ 11个数据文件已同步VPS(rsync -u, 仅推送更新过的)
[2026-07-10 15:56:09] VPS重算: 200
[2026-07-10 16:00:01] Traceback (most recent call last):
[2026-07-10 16:00:01]   File "<string>", line 4, in <module>
[2026-07-10 16:00:01]   File "/home/hetaisheng/soccerdata/wc_analysis/predict.py", line 216, in fetch_sporttery
[2026-07-10 16:00:01]     parsed_cache.write_text(
[2026-07-10 16:00:01]   File "/usr/lib/python3.12/pathlib.py", line 1049, in write_text
[2026-07-10 16:00:01]     with self.open(mode='w', encoding=encoding, errors=errors, newline=newline) as f:
[2026-07-10 16:00:01] OSError: [Errno 28] No space left on device
[2026-07-10 16:00:05] ✓ 11个数据文件已同步VPS(rsync -u, 仅推送更新过的)
[2026-07-10 16:00:05] VPS重算: 200
[2026-07-10 16:08:01] 抓到 10 场
[2026-07-10 16:08:06] ✓ 11个数据文件已同步VPS(rsync -u, 仅推送更新过的)
[2026-07-10 16:08:06] VPS重算: 200
[2026-07-10 16:16:01] 抓到 10 场
[2026-07-10 16:16:07] ✓ 11个数据文件已同步VPS(rsync -u, 仅推送更新过的)
[2026-07-10 16:16:08] VPS重算: 200
[2026-07-10 16:24:01] 抓到 10 场
[2026-07-10 16:24:06] ✓ 11个数据文件已同步VPS(rsync -u, 仅推送更新过的)
[2026-07-10 16:24:08] VPS重算: 200
[2026-07-10 16:32:01] 抓到 10 场
[2026-07-10 16:32:07] ✓ 11个数据文件已同步VPS(rsync -u, 仅推送更新过的)
[2026-07-10 16:32:09] VPS重算: 200
[2026-07-10 16:40:01] 抓到 10 场
[2026-07-10 16:40:07] ✓ 11个数据文件已同步VPS(rsync -u, 仅推送更新过的)
[2026-07-10 16:40:08] VPS重算: 200
[2026-07-10 16:48:01] 抓到 10 场
[2026-07-10 16:48:07] ✓ 11个数据文件已同步VPS(rsync -u, 仅推送更新过的)
[2026-07-10 16:48:08] VPS重算: 200
[2026-07-10 16:56:01] Traceback (most recent call last):
[2026-07-10 16:56:01]   File "<string>", line 4, in <module>
[2026-07-10 16:56:01]   File "/home/hetaisheng/soccerdata/wc_analysis/predict.py", line 216, in fetch_sporttery
[2026-07-10 16:56:01]     parsed_cache.write_text(
[2026-07-10 16:56:01]   File "/usr/lib/python3.12/pathlib.py", line 1049, in write_text
[2026-07-10 16:56:01]     with self.open(mode='w', encoding=encoding, errors=errors, newline=newline) as f:
[2026-07-10 16:56:01] OSError: [Errno 28] No space left on device
[2026-07-10 16:56:07] ✓ 11个数据文件已同步VPS(rsync -u, 仅推送更新过的)
[2026-07-10 16:56:08] VPS重算: 200
[2026-07-10 17:00:01] 抓到 10 场
[2026-07-10 17:00:06] ✓ 11个数据文件已同步VPS(rsync -u, 仅推送更新过的)
[2026-07-10 17:00:08] VPS重算: 200
[2026-07-10 17:08:01] 抓到 10 场
[2026-07-10 17:08:06] ✓ 11个数据文件已同步VPS(rsync -u, 仅推送更新过的)
[2026-07-10 17:08:08] VPS重算: 200
[2026-07-10 17:16:01] 抓到 10 场
[2026-07-10 17:16:06] ✓ 11个数据文件已同步VPS(rsync -u, 仅推送更新过的)
[2026-07-10 17:16:12] VPS重算: 200
[2026-07-10 17:24:01] 抓到 10 场
[2026-07-10 17:24:08] ✓ 11个数据文件已同步VPS(rsync -u, 仅推送更新过的)
[2026-07-10 17:24:09] VPS重算: 200
[2026-07-10 17:32:01] 抓到 10 场
[2026-07-10 17:32:07] ✓ 11个数据文件已同步VPS(rsync -u, 仅推送更新过的)
[2026-07-10 17:32:08] VPS重算: 200
[2026-07-10 17:40:01] 抓到 10 场
[2026-07-10 17:40:07] ✓ 11个数据文件已同步VPS(rsync -u, 仅推送更新过的)
[2026-07-10 17:40:09] VPS重算: 200
[2026-07-10 17:48:01] 抓到 10 场
[2026-07-10 17:48:06] ✓ 11个数据文件已同步VPS(rsync -u, 仅推送更新过的)
[2026-07-10 17:48:08] VPS重算: 200
[2026-07-10 17:56:01] 抓到 10 场
[2026-07-10 17:56:06] ✓ 11个数据文件已同步VPS(rsync -u, 仅推送更新过的)
[2026-07-10 17:56:07] VPS重算: 200
[2026-07-10 18:00:01] 抓到 10 场
[2026-07-10 18:00:06] ✓ 11个数据文件已同步VPS(rsync -u, 仅推送更新过的)
[2026-07-10 18:00:07] VPS重算: 200
[2026-07-10 18:08:01] 抓到 10 场
[2026-07-10 18:08:23] ✓ 11个数据文件已同步VPS(rsync -u, 仅推送更新过的)
[2026-07-10 18:08:30] VPS重算: 200
[2026-07-10 18:16:01] 抓到 10 场
[2026-07-10 18:16:06] ✓ 11个数据文件已同步VPS(rsync -u, 仅推送更新过的)
[2026-07-10 18:16:07] VPS重算: 200
[2026-07-10 18:24:01] 抓到 10 场
[2026-07-10 18:24:06] ✓ 11个数据文件已同步VPS(rsync -u, 仅推送更新过的)
[2026-07-10 18:24:07] VPS重算: 200
[2026-07-10 18:32:01] 抓到 10 场
[2026-07-10 18:32:06] ✓ 11个数据文件已同步VPS(rsync -u, 仅推送更新过的)
[2026-07-10 18:32:08] VPS重算: 200
[2026-07-10 18:40:01] 抓到 10 场
[2026-07-10 18:40:07] ✓ 11个数据文件已同步VPS(rsync -u, 仅推送更新过的)
[2026-07-10 18:40:16] VPS重算: 200
[2026-07-10 18:48:01] 抓到 10 场
[2026-07-10 18:48:05] ✓ 11个数据文件已同步VPS(rsync -u, 仅推送更新过的)
[2026-07-10 18:48:07] VPS重算: 200
[2026-07-10 18:56:01] 抓到 10 场
[2026-07-10 18:56:07] ✓ 11个数据文件已同步VPS(rsync -u, 仅推送更新过的)
[2026-07-10 18:56:09] VPS重算: 200
[2026-07-10 19:00:01] 抓到 10 场
[2026-07-10 19:00:05] ✓ 11个数据文件已同步VPS(rsync -u, 仅推送更新过的)
[2026-07-10 19:00:06] VPS重算: 200
[2026-07-10 19:08:01] 抓到 10 场
[2026-07-10 19:08:07] ✓ 11个数据文件已同步VPS(rsync -u, 仅推送更新过的)
[2026-07-10 19:08:08] VPS重算: 200
[2026-07-10 19:16:01] 抓到 10 场
[2026-07-10 19:16:06] ✓ 11个数据文件已同步VPS(rsync -u, 仅推送更新过的)
[2026-07-10 19:16:07] VPS重算: 200
[2026-07-10 19:24:01] 抓到 10 场
[2026-07-10 19:24:07] ✓ 11个数据文件已同步VPS(rsync -u, 仅推送更新过的)
[2026-07-10 19:24:08] VPS重算: 200
[2026-07-10 19:32:01] 抓到 10 场
[2026-07-10 19:32:08] ✓ 11个数据文件已同步VPS(rsync -u, 仅推送更新过的)
[2026-07-10 19:32:10] VPS重算: 200
[2026-07-10 19:40:01] 抓到 10 场
[2026-07-10 19:40:06] ✓ 11个数据文件已同步VPS(rsync -u, 仅推送更新过的)
[2026-07-10 19:40:08] VPS重算: 200
[2026-07-10 19:48:01] 抓到 10 场
[2026-07-10 19:48:16] ✓ 11个数据文件已同步VPS(rsync -u, 仅推送更新过的)
[2026-07-10 19:48:18] VPS重算: 200
[2026-07-10 19:56:01] 抓到 10 场
[2026-07-10 19:56:06] ✓ 11个数据文件已同步VPS(rsync -u, 仅推送更新过的)
[2026-07-10 19:56:07] VPS重算: 200
[2026-07-10 20:00:01] 抓到 10 场
[2026-07-10 20:00:06] ✓ 11个数据文件已同步VPS(rsync -u, 仅推送更新过的)
[2026-07-10 20:00:07] VPS重算: 200
[2026-07-10 20:08:01] 抓到 10 场
[2026-07-10 20:08:07] ✓ 11个数据文件已同步VPS(rsync -u, 仅推送更新过的)
[2026-07-10 20:08:08] VPS重算: 200
[2026-07-10 20:16:01] 抓到 10 场
[2026-07-10 20:16:06] ✓ 11个数据文件已同步VPS(rsync -u, 仅推送更新过的)
[2026-07-10 20:16:07] VPS重算: 200
[2026-07-10 20:24:01] 抓到 10 场
[2026-07-10 20:24:06] ✓ 11个数据文件已同步VPS(rsync -u, 仅推送更新过的)
[2026-07-10 20:24:07] VPS重算: 200
[2026-07-10 20:32:01] 抓到 10 场
[2026-07-10 20:32:07] ✓ 11个数据文件已同步VPS(rsync -u, 仅推送更新过的)
[2026-07-10 20:32:08] VPS重算: 200
[2026-07-10 20:40:01] 抓到 10 场
[2026-07-10 20:40:06] ✓ 11个数据文件已同步VPS(rsync -u, 仅推送更新过的)
[2026-07-10 20:40:08] VPS重算: 200
[2026-07-10 20:48:01] 抓到 10 场
[2026-07-10 20:48:05] ✓ 11个数据文件已同步VPS(rsync -u, 仅推送更新过的)
[2026-07-10 20:48:07] VPS重算: 200
[2026-07-10 21:08:01] 抓到 10 场
[2026-07-10 21:08:06] ✓ 11个数据文件已同步VPS(rsync -u, 仅推送更新过的)
[2026-07-10 21:08:08] VPS重算: 200
[2026-07-10 21:16:01] 抓到 10 场
[2026-07-10 21:16:06] ✓ 11个数据文件已同步VPS(rsync -u, 仅推送更新过的)
[2026-07-10 21:16:07] VPS重算: 200
[2026-07-10 21:24:01] 抓到 10 场
[2026-07-10 21:24:06] ✓ 11个数据文件已同步VPS(rsync -u, 仅推送更新过的)
[2026-07-10 21:24:07] VPS重算: 200
[2026-07-10 21:32:01] 抓到 10 场
[2026-07-10 21:32:06] ✓ 11个数据文件已同步VPS(rsync -u, 仅推送更新过的)
[2026-07-10 21:32:07] VPS重算: 200
[2026-07-10 21:40:01] Traceback (most recent call last):
[2026-07-10 21:40:01]   File "<string>", line 4, in <module>
[2026-07-10 21:40:01]   File "/home/hetaisheng/soccerdata/wc_analysis/predict.py", line 216, in fetch_sporttery
[2026-07-10 21:40:01]     parsed_cache.write_text(
[2026-07-10 21:40:01]   File "/usr/lib/python3.12/pathlib.py", line 1049, in write_text
[2026-07-10 21:40:01]     with self.open(mode='w', encoding=encoding, errors=errors, newline=newline) as f:
[2026-07-10 21:40:01] OSError: [Errno 28] No space left on device
[2026-07-10 21:40:06] ✓ 11个数据文件已同步VPS(rsync -u, 仅推送更新过的)
[2026-07-10 21:40:08] VPS重算: 200
[2026-07-10 21:48:01] 抓到 10 场
[2026-07-10 21:48:06] ✓ 11个数据文件已同步VPS(rsync -u, 仅推送更新过的)
[2026-07-10 21:48:07] VPS重算: 200
[2026-07-10 21:56:01] 抓到 10 场
[2026-07-10 21:56:07] ✓ 11个数据文件已同步VPS(rsync -u, 仅推送更新过的)
[2026-07-10 21:56:08] VPS重算: 200
[2026-07-10 22:00:01] 抓到 10 场
[2026-07-10 22:00:05] ✓ 11个数据文件已同步VPS(rsync -u, 仅推送更新过的)
[2026-07-10 22:00:06] VPS重算: 200
[2026-07-10 22:08:01] 抓到 10 场
[2026-07-10 22:08:08] ✓ 11个数据文件已同步VPS(rsync -u, 仅推送更新过的)
[2026-07-10 22:08:10] VPS重算: 200
[2026-07-10 22:16:01] 抓到 10 场
[2026-07-10 22:16:07] ✓ 11个数据文件已同步VPS(rsync -u, 仅推送更新过的)
[2026-07-10 22:16:08] VPS重算: 200
[2026-07-10 22:24:01] 抓到 10 场
[2026-07-10 22:24:07] ✓ 11个数据文件已同步VPS(rsync -u, 仅推送更新过的)
[2026-07-10 22:24:09] VPS重算: 200
[2026-07-10 22:32:01] 抓到 10 场
[2026-07-10 22:32:05] ✓ 11个数据文件已同步VPS(rsync -u, 仅推送更新过的)
[2026-07-10 22:32:07] VPS重算: 200
[2026-07-10 22:40:01] 抓到 10 场
[2026-07-10 22:40:06] ✓ 11个数据文件已同步VPS(rsync -u, 仅推送更新过的)
[2026-07-10 22:40:07] VPS重算: 200
[2026-07-10 22:48:01] 抓到 10 场
[2026-07-10 22:48:06] ✓ 11个数据文件已同步VPS(rsync -u, 仅推送更新过的)
[2026-07-10 22:48:08] VPS重算: 200
[2026-07-10 22:56:01] 抓到 10 场
[2026-07-10 22:56:06] ✓ 11个数据文件已同步VPS(rsync -u, 仅推送更新过的)
[2026-07-10 22:56:08] VPS重算: 200
[2026-07-10 23:00:01] 抓到 10 场
[2026-07-10 23:00:05] ✓ 11个数据文件已同步VPS(rsync -u, 仅推送更新过的)
[2026-07-10 23:00:06] VPS重算: 200
[2026-07-10 23:08:01] 抓到 10 场
[2026-07-10 23:08:07] ✓ 11个数据文件已同步VPS(rsync -u, 仅推送更新过的)
[2026-07-10 23:08:08] VPS重算: 200
[2026-07-10 23:16:01] 抓到 10 场
[2026-07-10 23:16:06] ✓ 11个数据文件已同步VPS(rsync -u, 仅推送更新过的)
[2026-07-10 23:16:08] VPS重算: 200
[2026-07-10 23:24:01] 抓到 10 场
[2026-07-10 23:24:09] ✓ 11个数据文件已同步VPS(rsync -u, 仅推送更新过的)
[2026-07-10 23:24:10] VPS重算: 200
[2026-07-10 23:32:01] 抓到 10 场
[2026-07-10 23:32:07] ✓ 11个数据文件已同步VPS(rsync -u, 仅推送更新过的)
[2026-07-10 23:32:08] VPS重算: 200
[2026-07-10 23:40:01] 抓到 10 场
[2026-07-10 23:40:07] ✓ 11个数据文件已同步VPS(rsync -u, 仅推送更新过的)
[2026-07-10 23:40:08] VPS重算: 200
[2026-07-10 23:48:01] 抓到 10 场
[2026-07-10 23:48:06] ✓ 11个数据文件已同步VPS(rsync -u, 仅推送更新过的)
[2026-07-10 23:48:08] VPS重算: 200
[2026-07-10 23:56:01] 抓到 10 场
[2026-07-10 23:56:07] ✓ 11个数据文件已同步VPS(rsync -u, 仅推送更新过的)
[2026-07-10 23:56:08] VPS重算: 200
[2026-07-11 00:00:01] 抓到 10 场
[2026-07-11 00:00:05] ✓ 11个数据文件已同步VPS(rsync -u, 仅推送更新过的)
[2026-07-11 00:00:06] VPS重算: 200
[2026-07-11 00:08:01] 抓到 9 场
[2026-07-11 00:08:07] ✓ 11个数据文件已同步VPS(rsync -u, 仅推送更新过的)
[2026-07-11 00:08:08] VPS重算: 200
[2026-07-11 00:16:01] 抓到 9 场
[2026-07-11 00:16:06] ✓ 11个数据文件已同步VPS(rsync -u, 仅推送更新过的)
[2026-07-11 00:16:07] VPS重算: 200
[2026-07-11 00:24:01] 抓到 9 场
[2026-07-11 00:24:07] ✓ 11个数据文件已同步VPS(rsync -u, 仅推送更新过的)
[2026-07-11 00:24:09] VPS重算: 200
[2026-07-11 00:32:01] 抓到 9 场
[2026-07-11 00:32:06] ✓ 11个数据文件已同步VPS(rsync -u, 仅推送更新过的)
[2026-07-11 00:32:08] VPS重算: 200
[2026-07-11 00:40:01] 抓到 9 场
[2026-07-11 00:40:06] ✓ 11个数据文件已同步VPS(rsync -u, 仅推送更新过的)
[2026-07-11 00:40:08] VPS重算: 200
[2026-07-11 00:48:01] 抓到 9 场
[2026-07-11 00:48:05] ✓ 11个数据文件已同步VPS(rsync -u, 仅推送更新过的)
[2026-07-11 00:48:06] VPS重算: 200
[2026-07-11 00:56:01] 抓到 9 场
[2026-07-11 00:56:05] ✓ 11个数据文件已同步VPS(rsync -u, 仅推送更新过的)
[2026-07-11 00:56:07] VPS重算: 200
[2026-07-11 01:00:01] 抓到 9 场
[2026-07-11 01:00:05] ✓ 11个数据文件已同步VPS(rsync -u, 仅推送更新过的)
[2026-07-11 01:00:06] VPS重算: 200
[2026-07-11 01:08:01] 抓到 9 场
[2026-07-11 01:08:05] ✓ 11个数据文件已同步VPS(rsync -u, 仅推送更新过的)
[2026-07-11 01:08:07] VPS重算: 200
[2026-07-11 01:16:01] 抓到 9 场
[2026-07-11 01:16:06] ✓ 11个数据文件已同步VPS(rsync -u, 仅推送更新过的)
[2026-07-11 01:16:08] VPS重算: 200
[2026-07-11 01:24:01] 抓到 9 场
[2026-07-11 01:24:06] ✓ 11个数据文件已同步VPS(rsync -u, 仅推送更新过的)
[2026-07-11 01:24:07] VPS重算: 200
[2026-07-11 01:32:01] 抓到 9 场
[2026-07-11 01:32:06] ✓ 11个数据文件已同步VPS(rsync -u, 仅推送更新过的)
[2026-07-11 01:32:07] VPS重算: 200
[2026-07-11 01:40:01] 抓到 9 场
[2026-07-11 01:40:05] ✓ 11个数据文件已同步VPS(rsync -u, 仅推送更新过的)
[2026-07-11 01:40:07] VPS重算: 200
[2026-07-11 01:48:01] 抓到 9 场
[2026-07-11 01:48:06] ✓ 11个数据文件已同步VPS(rsync -u, 仅推送更新过的)
[2026-07-11 01:48:07] VPS重算: 200
[2026-07-11 01:56:01] 抓到 9 场
[2026-07-11 01:56:06] ✓ 11个数据文件已同步VPS(rsync -u, 仅推送更新过的)
[2026-07-11 01:56:07] VPS重算: 200
[2026-07-11 02:00:01] 抓到 9 场
[2026-07-11 02:00:05] ✓ 11个数据文件已同步VPS(rsync -u, 仅推送更新过的)
[2026-07-11 02:00:06] VPS重算: 200
[2026-07-11 02:08:01] 抓到 9 场
[2026-07-11 02:08:06] ✓ 11个数据文件已同步VPS(rsync -u, 仅推送更新过的)
[2026-07-11 02:08:07] VPS重算: 200
[2026-07-11 02:16:01] 抓到 9 场
[2026-07-11 02:16:06] ✓ 11个数据文件已同步VPS(rsync -u, 仅推送更新过的)
[2026-07-11 02:16:08] VPS重算: 200
[2026-07-11 02:24:01] 抓到 9 场
[2026-07-11 02:24:06] ✓ 11个数据文件已同步VPS(rsync -u, 仅推送更新过的)
[2026-07-11 02:24:08] VPS重算: 200
[2026-07-11 02:32:01] 抓到 9 场
[2026-07-11 02:32:05] ✓ 11个数据文件已同步VPS(rsync -u, 仅推送更新过的)
[2026-07-11 02:32:07] VPS重算: 200
[2026-07-11 02:40:01] 抓到 9 场
[2026-07-11 02:40:06] ✓ 11个数据文件已同步VPS(rsync -u, 仅推送更新过的)
[2026-07-11 02:40:08] VPS重算: 200
[2026-07-11 02:48:01] 抓到 9 场
[2026-07-11 02:48:05] ✓ 11个数据文件已同步VPS(rsync -u, 仅推送更新过的)
[2026-07-11 02:48:07] VPS重算: 200
[2026-07-11 02:56:01] 抓到 9 场
[2026-07-11 02:56:07] ✓ 11个数据文件已同步VPS(rsync -u, 仅推送更新过的)
[2026-07-11 02:56:09] VPS重算: 200
[2026-07-11 03:00:01] 抓到 9 场
[2026-07-11 03:00:06] ✓ 11个数据文件已同步VPS(rsync -u, 仅推送更新过的)
[2026-07-11 03:00:07] VPS重算: 200
[2026-07-11 03:08:01] 抓到 8 场
[2026-07-11 03:08:06] ✓ 11个数据文件已同步VPS(rsync -u, 仅推送更新过的)
[2026-07-11 03:08:09] VPS重算: 200
[2026-07-11 03:16:02] 抓到 8 场
[2026-07-11 03:16:07] ✓ 11个数据文件已同步VPS(rsync -u, 仅推送更新过的)
[2026-07-11 03:16:09] VPS重算: 200
[2026-07-11 03:24:01] 抓到 8 场
[2026-07-11 03:24:07] ✓ 11个数据文件已同步VPS(rsync -u, 仅推送更新过的)
[2026-07-11 03:25:09] VPS重算: 200
[2026-07-11 03:32:01] 抓到 8 场
[2026-07-11 03:32:08] ✓ 11个数据文件已同步VPS(rsync -u, 仅推送更新过的)
[2026-07-11 03:33:10] VPS重算: 200
[2026-07-11 03:40:01] 抓到 8 场
[2026-07-11 03:40:08] ✓ 11个数据文件已同步VPS(rsync -u, 仅推送更新过的)
[2026-07-11 03:40:10] VPS重算: 200
[2026-07-11 03:48:01] 抓到 8 场
[2026-07-11 03:48:06] ✓ 11个数据文件已同步VPS(rsync -u, 仅推送更新过的)
[2026-07-11 03:48:08] VPS重算: 200
[2026-07-11 03:56:01] 抓到 8 场
[2026-07-11 03:56:06] ✓ 11个数据文件已同步VPS(rsync -u, 仅推送更新过的)
[2026-07-11 03:57:08] VPS重算: 200
[2026-07-11 04:00:02] 抓到 8 场
[2026-07-11 04:00:06] ✓ 11个数据文件已同步VPS(rsync -u, 仅推送更新过的)
[2026-07-11 04:01:08] VPS重算: 200
[2026-07-11 04:08:01] 抓到 8 场
[2026-07-11 04:08:06] ✓ 11个数据文件已同步VPS(rsync -u, 仅推送更新过的)
[2026-07-11 04:08:38] VPS重算: 200
[2026-07-11 04:16:01] 抓到 8 场
[2026-07-11 04:16:05] ✓ 11个数据文件已同步VPS(rsync -u, 仅推送更新过的)
[2026-07-11 04:17:35] VPS重算: 000
[2026-07-11 04:24:01] 抓到 8 场
[2026-07-11 04:24:05] ✓ 11个数据文件已同步VPS(rsync -u, 仅推送更新过的)
[2026-07-11 04:24:38] VPS重算: 200
[2026-07-11 04:32:01] 抓到 8 场
[2026-07-11 04:32:06] ✓ 11个数据文件已同步VPS(rsync -u, 仅推送更新过的)
[2026-07-11 04:32:39] VPS重算: 200
[2026-07-11 04:40:01] 抓到 8 场
[2026-07-11 04:40:08] ✓ 11个数据文件已同步VPS(rsync -u, 仅推送更新过的)
[2026-07-11 04:40:10] VPS重算: 200
[2026-07-11 04:48:01] 抓到 8 场
[2026-07-11 04:48:07] ✓ 11个数据文件已同步VPS(rsync -u, 仅推送更新过的)
[2026-07-11 04:48:40] VPS重算: 200
[2026-07-11 04:56:01] 抓到 8 场
[2026-07-11 04:56:06] ✓ 11个数据文件已同步VPS(rsync -u, 仅推送更新过的)
[2026-07-11 04:56:08] VPS重算: 429
[2026-07-11 05:00:01] 抓到 8 场
[2026-07-11 05:00:05] ✓ 11个数据文件已同步VPS(rsync -u, 仅推送更新过的)
[2026-07-11 05:00:07] VPS重算: 200
[2026-07-11 05:08:01] 抓到 8 场
[2026-07-11 05:08:06] ✓ 11个数据文件已同步VPS(rsync -u, 仅推送更新过的)
[2026-07-11 05:08:08] VPS重算: 200
[2026-07-11 05:16:02] 抓到 8 场
[2026-07-11 05:16:07] ✓ 11个数据文件已同步VPS(rsync -u, 仅推送更新过的)
[2026-07-11 05:16:39] VPS重算: 200
[2026-07-11 05:24:01] 抓到 8 场
[2026-07-11 05:24:06] ✓ 11个数据文件已同步VPS(rsync -u, 仅推送更新过的)
[2026-07-11 05:25:08] VPS重算: 200
[2026-07-11 05:32:01] 抓到 8 场
[2026-07-11 05:32:06] ✓ 11个数据文件已同步VPS(rsync -u, 仅推送更新过的)
[2026-07-11 05:32:08] VPS重算: 200
[2026-07-11 05:40:01] 抓到 8 场
[2026-07-11 05:40:06] ✓ 11个数据文件已同步VPS(rsync -u, 仅推送更新过的)
[2026-07-11 05:41:36] VPS重算: 000
[2026-07-11 05:48:01] 抓到 8 场
[2026-07-11 05:48:06] ✓ 11个数据文件已同步VPS(rsync -u, 仅推送更新过的)
[2026-07-11 05:48:39] VPS重算: 200
[2026-07-11 05:56:01] 抓到 8 场
[2026-07-11 05:56:05] ✓ 11个数据文件已同步VPS(rsync -u, 仅推送更新过的)
[2026-07-11 05:56:08] VPS重算: 200
[2026-07-11 06:00:01] 抓到 8 场
[2026-07-11 06:00:07] ✓ 11个数据文件已同步VPS(rsync -u, 仅推送更新过的)
[2026-07-11 06:01:37] VPS重算: 000
[2026-07-11 06:08:01] 抓到 8 场
[2026-07-11 06:08:06] ✓ 11个数据文件已同步VPS(rsync -u, 仅推送更新过的)
[2026-07-11 06:09:36] VPS重算: 000
[2026-07-11 06:16:01] 抓到 8 场
[2026-07-11 06:16:05] ✓ 11个数据文件已同步VPS(rsync -u, 仅推送更新过的)
[2026-07-11 06:16:08] VPS重算: 200
[2026-07-11 06:24:01] 抓到 8 场
[2026-07-11 06:24:06] ✓ 11个数据文件已同步VPS(rsync -u, 仅推送更新过的)
[2026-07-11 06:24:38] VPS重算: 200
[2026-07-11 06:32:01] 抓到 8 场
[2026-07-11 06:32:07] ✓ 11个数据文件已同步VPS(rsync -u, 仅推送更新过的)
[2026-07-11 06:32:10] VPS重算: 200
[2026-07-11 06:40:01] 抓到 8 场
[2026-07-11 06:40:06] ✓ 11个数据文件已同步VPS(rsync -u, 仅推送更新过的)
[2026-07-11 06:40:38] VPS重算: 200
[2026-07-11 06:48:01] 抓到 8 场
[2026-07-11 06:48:06] ✓ 11个数据文件已同步VPS(rsync -u, 仅推送更新过的)
[2026-07-11 06:48:07] VPS重算: 429
[2026-07-11 06:56:01] 抓到 8 场
[2026-07-11 06:56:06] ✓ 11个数据文件已同步VPS(rsync -u, 仅推送更新过的)
[2026-07-11 06:56:08] VPS重算: 200
[2026-07-11 07:00:01] 抓到 8 场
[2026-07-11 07:00:05] ✓ 11个数据文件已同步VPS(rsync -u, 仅推送更新过的)
[2026-07-11 07:00:07] VPS重算: 200
[2026-07-11 07:08:01] 抓到 8 场
[2026-07-11 07:08:06] ✓ 11个数据文件已同步VPS(rsync -u, 仅推送更新过的)
[2026-07-11 07:08:43] VPS重算: 200
[2026-07-11 07:16:01] 抓到 8 场
[2026-07-11 07:16:06] ✓ 11个数据文件已同步VPS(rsync -u, 仅推送更新过的)
[2026-07-11 07:16:10] VPS重算: 200
[2026-07-11 07:24:01] 抓到 8 场
[2026-07-11 07:24:05] ✓ 11个数据文件已同步VPS(rsync -u, 仅推送更新过的)
[2026-07-11 07:24:07] VPS重算: 200
[2026-07-11 07:32:01] 抓到 8 场
[2026-07-11 07:32:07] ✓ 11个数据文件已同步VPS(rsync -u, 仅推送更新过的)
[2026-07-11 07:32:39] VPS重算: 200
[2026-07-11 07:40:01] 抓到 8 场
[2026-07-11 07:40:06] ✓ 11个数据文件已同步VPS(rsync -u, 仅推送更新过的)
[2026-07-11 07:40:38] VPS重算: 200
[2026-07-11 07:48:01] 抓到 8 场
[2026-07-11 07:48:08] ✓ 11个数据文件已同步VPS(rsync -u, 仅推送更新过的)
[2026-07-11 07:48:11] VPS重算: 200
[2026-07-11 07:56:01] 抓到 8 场
[2026-07-11 07:56:06] ✓ 11个数据文件已同步VPS(rsync -u, 仅推送更新过的)
[2026-07-11 07:56:08] VPS重算: 200
[2026-07-11 08:00:01] 抓到 8 场
[2026-07-11 08:00:06] ✓ 11个数据文件已同步VPS(rsync -u, 仅推送更新过的)
[2026-07-11 08:00:38] VPS重算: 200
[2026-07-11 08:08:01] 抓到 8 场
[2026-07-11 08:08:06] ✓ 11个数据文件已同步VPS(rsync -u, 仅推送更新过的)
[2026-07-11 08:08:08] VPS重算: 200
[2026-07-11 08:16:01] 抓到 8 场
[2026-07-11 08:16:06] ✓ 11个数据文件已同步VPS(rsync -u, 仅推送更新过的)
[2026-07-11 08:16:08] VPS重算: 200
[2026-07-11 08:24:01] 抓到 8 场
[2026-07-11 08:24:06] ✓ 11个数据文件已同步VPS(rsync -u, 仅推送更新过的)
[2026-07-11 08:25:08] VPS重算: 200
[2026-07-11 08:32:01] 抓到 8 场
[2026-07-11 08:32:06] ✓ 11个数据文件已同步VPS(rsync -u, 仅推送更新过的)
[2026-07-11 08:33:20] VPS重算: 200
[2026-07-11 08:40:01] 抓到 8 场
[2026-07-11 08:40:06] ✓ 11个数据文件已同步VPS(rsync -u, 仅推送更新过的)
[2026-07-11 08:40:09] VPS重算: 200
[2026-07-11 08:48:01] 抓到 8 场
[2026-07-11 08:48:06] ✓ 11个数据文件已同步VPS(rsync -u, 仅推送更新过的)
[2026-07-11 08:49:09] VPS重算: 200
[2026-07-11 08:56:01] 抓到 8 场
[2026-07-11 08:56:05] ✓ 11个数据文件已同步VPS(rsync -u, 仅推送更新过的)
[2026-07-11 08:56:07] VPS重算: 429
[2026-07-11 09:00:01] 抓到 8 场
[2026-07-11 09:00:06] ✓ 11个数据文件已同步VPS(rsync -u, 仅推送更新过的)
[2026-07-11 09:01:36] VPS重算: 000
[2026-07-11 09:08:01] 抓到 8 场
[2026-07-11 09:08:06] ✓ 11个数据文件已同步VPS(rsync -u, 仅推送更新过的)
[2026-07-11 09:08:38] VPS重算: 200
[2026-07-11 09:16:01] 抓到 8 场
[2026-07-11 09:16:08] ✓ 11个数据文件已同步VPS(rsync -u, 仅推送更新过的)
[2026-07-11 09:16:40] VPS重算: 200
[2026-07-11 09:24:01] 抓到 8 场
[2026-07-11 09:24:07] ✓ 11个数据文件已同步VPS(rsync -u, 仅推送更新过的)
[2026-07-11 09:24:10] VPS重算: 200
[2026-07-11 09:32:01] 抓到 8 场
[2026-07-11 09:32:06] ✓ 11个数据文件已同步VPS(rsync -u, 仅推送更新过的)
[2026-07-11 09:32:09] VPS重算: 200
[2026-07-11 09:40:02] 抓到 8 场
[2026-07-11 09:40:09] ✓ 11个数据文件已同步VPS(rsync -u, 仅推送更新过的)
[2026-07-11 09:41:39] VPS重算: 000
[2026-07-11 09:48:01] 抓到 8 场
[2026-07-11 09:48:08] ✓ 11个数据文件已同步VPS(rsync -u, 仅推送更新过的)
[2026-07-11 09:48:40] VPS重算: 200
[2026-07-11 09:56:01] 抓到 8 场
[2026-07-11 09:56:06] ✓ 11个数据文件已同步VPS(rsync -u, 仅推送更新过的)
[2026-07-11 09:57:08] VPS重算: 200
[2026-07-11 10:00:01] 抓到 8 场
[2026-07-11 10:00:05] ✓ 11个数据文件已同步VPS(rsync -u, 仅推送更新过的)
[2026-07-11 10:01:07] VPS重算: 200
[2026-07-11 10:08:01] 抓到 8 场
[2026-07-11 10:08:06] ✓ 11个数据文件已同步VPS(rsync -u, 仅推送更新过的)
[2026-07-11 10:08:08] VPS重算: 200
[2026-07-11 10:16:01] 抓到 8 场
[2026-07-11 10:16:07] ✓ 11个数据文件已同步VPS(rsync -u, 仅推送更新过的)
[2026-07-11 10:16:10] VPS重算: 200
[2026-07-11 10:24:01] 抓到 8 场
[2026-07-11 10:24:07] ✓ 11个数据文件已同步VPS(rsync -u, 仅推送更新过的)
[2026-07-11 10:24:39] VPS重算: 200
[2026-07-11 10:32:01] 抓到 8 场
[2026-07-11 10:32:06] ✓ 11个数据文件已同步VPS(rsync -u, 仅推送更新过的)
[2026-07-11 10:32:10] VPS重算: 200
[2026-07-11 10:40:01] 抓到 8 场
[2026-07-11 10:40:06] ✓ 11个数据文件已同步VPS(rsync -u, 仅推送更新过的)
[2026-07-11 10:40:39] VPS重算: 200
[2026-07-11 10:48:01] 抓到 8 场
[2026-07-11 10:48:06] ✓ 11个数据文件已同步VPS(rsync -u, 仅推送更新过的)
[2026-07-11 10:48:38] VPS重算: 200
[2026-07-11 10:56:01] 抓到 8 场
[2026-07-11 10:56:06] ✓ 11个数据文件已同步VPS(rsync -u, 仅推送更新过的)
[2026-07-11 10:57:36] VPS重算: 000
[2026-07-11 11:00:01] 抓到 8 场
[2026-07-11 11:00:05] ✓ 11个数据文件已同步VPS(rsync -u, 仅推送更新过的)
[2026-07-11 11:00:07] VPS重算: 200
[2026-07-11 11:08:01] 抓到 27 场
[2026-07-11 11:08:06] ✓ 11个数据文件已同步VPS(rsync -u, 仅推送更新过的)
[2026-07-11 11:09:36] VPS重算: 000
[2026-07-11 11:16:01] 抓到 27 场
[2026-07-11 11:16:06] ✓ 11个数据文件已同步VPS(rsync -u, 仅推送更新过的)
[2026-07-11 11:16:39] VPS重算: 200
[2026-07-11 11:24:01] 抓到 27 场
[2026-07-11 11:24:06] ✓ 11个数据文件已同步VPS(rsync -u, 仅推送更新过的)
[2026-07-11 11:24:09] VPS重算: 200
[2026-07-11 11:32:01] 抓到 27 场
[2026-07-11 11:32:06] ✓ 11个数据文件已同步VPS(rsync -u, 仅推送更新过的)
[2026-07-11 11:32:08] VPS重算: 200
[2026-07-11 11:40:01] 抓到 27 场
[2026-07-11 11:40:06] ✓ 11个数据文件已同步VPS(rsync -u, 仅推送更新过的)
[2026-07-11 11:41:36] VPS重算: 000
[2026-07-11 11:48:01] 抓到 27 场
[2026-07-11 11:48:07] ✓ 11个数据文件已同步VPS(rsync -u, 仅推送更新过的)
[2026-07-11 11:48:40] VPS重算: 200
[2026-07-11 11:56:01] 抓到 27 场
[2026-07-11 11:56:06] ✓ 11个数据文件已同步VPS(rsync -u, 仅推送更新过的)
[2026-07-11 11:56:07] VPS重算: 429
[2026-07-11 12:00:01] 抓到 27 场
[2026-07-11 12:00:05] ✓ 11个数据文件已同步VPS(rsync -u, 仅推送更新过的)
[2026-07-11 12:00:07] VPS重算: 200
[2026-07-11 12:08:01] 抓到 27 场
[2026-07-11 12:08:07] ✓ 11个数据文件已同步VPS(rsync -u, 仅推送更新过的)
[2026-07-11 12:08:10] VPS重算: 200
[2026-07-11 12:16:01] 抓到 27 场
[2026-07-11 12:16:06] ✓ 11个数据文件已同步VPS(rsync -u, 仅推送更新过的)
[2026-07-11 12:17:36] VPS重算: 000
[2026-07-11 12:24:01] 抓到 27 场
[2026-07-11 12:24:08] ✓ 11个数据文件已同步VPS(rsync -u, 仅推送更新过的)
[2026-07-11 12:24:40] VPS重算: 200
[2026-07-11 12:32:01] 抓到 27 场
[2026-07-11 12:32:07] ✓ 11个数据文件已同步VPS(rsync -u, 仅推送更新过的)
[2026-07-11 12:33:37] VPS重算: 000
[2026-07-11 12:40:01] 抓到 27 场
[2026-07-11 12:40:07] ✓ 11个数据文件已同步VPS(rsync -u, 仅推送更新过的)
[2026-07-11 12:40:39] VPS重算: 200
[2026-07-11 12:48:01] 抓到 27 场
[2026-07-11 12:48:06] ✓ 11个数据文件已同步VPS(rsync -u, 仅推送更新过的)
[2026-07-11 12:49:09] VPS重算: 200
[2026-07-11 12:56:01] 抓到 27 场
[2026-07-11 12:56:06] ✓ 11个数据文件已同步VPS(rsync -u, 仅推送更新过的)
[2026-07-11 12:56:39] VPS重算: 200
[2026-07-11 13:00:01] 抓到 27 场
[2026-07-11 13:00:06] ✓ 11个数据文件已同步VPS(rsync -u, 仅推送更新过的)
[2026-07-11 13:00:08] VPS重算: 200
[2026-07-11 13:08:01] 抓到 27 场
[2026-07-11 13:08:06] ✓ 11个数据文件已同步VPS(rsync -u, 仅推送更新过的)
[2026-07-11 13:08:09] VPS重算: 200
[2026-07-11 13:16:01] 抓到 27 场
[2026-07-11 13:16:07] ✓ 11个数据文件已同步VPS(rsync -u, 仅推送更新过的)
[2026-07-11 13:17:37] VPS重算: 000
[2026-07-11 13:24:01] 抓到 27 场
[2026-07-11 13:24:09] ✓ 11个数据文件已同步VPS(rsync -u, 仅推送更新过的)
[2026-07-11 13:24:10] VPS重算: 429
[2026-07-11 13:32:01] 抓到 27 场
[2026-07-11 13:32:06] ✓ 11个数据文件已同步VPS(rsync -u, 仅推送更新过的)
[2026-07-11 13:32:38] VPS重算: 200
[2026-07-11 13:40:01] 抓到 27 场
[2026-07-11 13:40:06] ✓ 11个数据文件已同步VPS(rsync -u, 仅推送更新过的)
[2026-07-11 13:40:40] VPS重算: 200
[2026-07-11 13:48:01] 抓到 27 场
[2026-07-11 13:48:07] ✓ 11个数据文件已同步VPS(rsync -u, 仅推送更新过的)
[2026-07-11 13:49:37] VPS重算: 000
[2026-07-11 13:56:01] 抓到 27 场
[2026-07-11 13:56:07] ✓ 11个数据文件已同步VPS(rsync -u, 仅推送更新过的)
[2026-07-11 13:56:40] VPS重算: 200
[2026-07-11 14:00:01] 抓到 27 场
[2026-07-11 14:00:06] ✓ 11个数据文件已同步VPS(rsync -u, 仅推送更新过的)
[2026-07-11 14:00:08] VPS重算: 200
[2026-07-11 14:08:01] 抓到 27 场
[2026-07-11 14:08:07] ✓ 11个数据文件已同步VPS(rsync -u, 仅推送更新过的)
[2026-07-11 14:08:10] VPS重算: 200
[2026-07-11 14:16:01] 抓到 27 场
[2026-07-11 14:16:07] ✓ 11个数据文件已同步VPS(rsync -u, 仅推送更新过的)
[2026-07-11 14:16:10] VPS重算: 200
[2026-07-11 14:24:01] 抓到 27 场
[2026-07-11 14:24:06] ✓ 11个数据文件已同步VPS(rsync -u, 仅推送更新过的)
[2026-07-11 14:25:36] VPS重算: 000
[2026-07-11 14:32:01] 抓到 27 场
[2026-07-11 14:32:06] ✓ 11个数据文件已同步VPS(rsync -u, 仅推送更新过的)
[2026-07-11 14:32:08] VPS重算: 200
[2026-07-11 14:40:01] 抓到 27 场
[2026-07-11 14:40:08] ✓ 11个数据文件已同步VPS(rsync -u, 仅推送更新过的)
[2026-07-11 14:41:38] VPS重算: 000
[2026-07-11 14:48:01] 抓到 27 场
[2026-07-11 14:48:07] ✓ 11个数据文件已同步VPS(rsync -u, 仅推送更新过的)
[2026-07-11 14:48:10] VPS重算: 200
[2026-07-11 14:56:01] 抓到 27 场
[2026-07-11 14:56:06] ✓ 11个数据文件已同步VPS(rsync -u, 仅推送更新过的)
[2026-07-11 14:56:39] VPS重算: 200
[2026-07-11 15:00:02] 抓到 27 场
[2026-07-11 15:00:06] ✓ 11个数据文件已同步VPS(rsync -u, 仅推送更新过的)
[2026-07-11 15:00:38] VPS重算: 200
[2026-07-11 15:08:01] 抓到 27 场
[2026-07-11 15:08:06] ✓ 11个数据文件已同步VPS(rsync -u, 仅推送更新过的)
[2026-07-11 15:08:09] VPS重算: 200
[2026-07-11 15:16:01] 抓到 27 场
[2026-07-11 15:16:06] ✓ 11个数据文件已同步VPS(rsync -u, 仅推送更新过的)
[2026-07-11 15:16:39] VPS重算: 200
[2026-07-11 18:56:01] 抓到 24 场
[2026-07-11 18:56:08] ✓ 11个数据文件已同步VPS(rsync -u, 仅推送更新过的)
[2026-07-11 18:56:10] VPS重算: 200
[2026-07-11 19:00:01] 抓到 24 场
[2026-07-11 19:00:06] ✓ 11个数据文件已同步VPS(rsync -u, 仅推送更新过的)
[2026-07-11 19:00:08] VPS重算: 200
[2026-07-11 19:08:01] 抓到 24 场
[2026-07-11 19:08:08] ✓ 11个数据文件已同步VPS(rsync -u, 仅推送更新过的)
[2026-07-11 19:08:39] VPS重算: 200
[2026-07-11 19:16:01] 抓到 24 场
[2026-07-11 19:16:07] ✓ 11个数据文件已同步VPS(rsync -u, 仅推送更新过的)
[2026-07-11 19:16:08] VPS重算: 429
[2026-07-11 19:24:01] 抓到 24 场
[2026-07-11 19:24:07] ✓ 11个数据文件已同步VPS(rsync -u, 仅推送更新过的)
[2026-07-11 19:24:09] VPS重算: 200
[2026-07-11 19:32:01] 抓到 24 场
[2026-07-11 19:32:08] ✓ 11个数据文件已同步VPS(rsync -u, 仅推送更新过的)
[2026-07-11 19:32:10] VPS重算: 200
[2026-07-11 19:40:01] 抓到 24 场
[2026-07-11 19:40:07] ✓ 11个数据文件已同步VPS(rsync -u, 仅推送更新过的)
[2026-07-11 19:40:08] VPS重算: 200
[2026-07-11 19:48:01] 抓到 24 场
[2026-07-11 19:48:04] ✗ 推送失败(VPS不可达或免密未配)
[2026-07-11 20:00:01] 抓到 22 场
[2026-07-11 20:00:04] ✗ 推送失败(VPS不可达或免密未配)
[2026-07-11 20:08:01]   ⚠ 体彩抓取失败(<urlopen error [SSL: UNEXPECTED_EOF_WHILE_READING] EOF occurred in violation of protocol (_ssl.c:1000)>), 回退缓存 odds_parsed.json (8分钟前)
[2026-07-11 20:08:01] 抓到 22 场
[2026-07-11 20:08:25] ✗ 推送失败(VPS不可达或免密未配)
[2026-07-11 20:16:01] 抓到 22 场
[2026-07-11 20:16:08] ✓ 11个数据文件已同步VPS(rsync -u, 仅推送更新过的)
[2026-07-11 20:17:38] VPS重算: 000
[2026-07-11 20:24:01] 抓到 22 场
[2026-07-11 20:24:07] ✓ 11个数据文件已同步VPS(rsync -u, 仅推送更新过的)
[2026-07-11 20:24:41] VPS重算: 200
[2026-07-11 20:32:01] 抓到 22 场
[2026-07-11 20:32:07] ✓ 11个数据文件已同步VPS(rsync -u, 仅推送更新过的)
[2026-07-11 20:33:10] VPS重算: 200
[2026-07-11 20:40:01] 抓到 22 场
[2026-07-11 20:40:08] ✓ 11个数据文件已同步VPS(rsync -u, 仅推送更新过的)
[2026-07-11 20:41:38] VPS重算: 000
[2026-07-11 20:48:01] 抓到 22 场
[2026-07-11 20:48:09] ✓ 11个数据文件已同步VPS(rsync -u, 仅推送更新过的)
[2026-07-11 20:49:39] VPS重算: 000
[2026-07-11 20:56:01] 抓到 22 场
[2026-07-11 20:56:08] ✓ 11个数据文件已同步VPS(rsync -u, 仅推送更新过的)
[2026-07-11 20:56:40] VPS重算: 200
[2026-07-11 21:00:01] 抓到 22 场
[2026-07-11 21:00:11] ✓ 11个数据文件已同步VPS(rsync -u, 仅推送更新过的)
[2026-07-11 21:01:14] VPS重算: 200
[2026-07-11 21:08:01] 抓到 21 场
[2026-07-11 21:08:09] ✓ 11个数据文件已同步VPS(rsync -u, 仅推送更新过的)
[2026-07-11 21:08:11] VPS重算: 200
[2026-07-11 21:16:01] 抓到 21 场
[2026-07-11 21:16:07] ✓ 11个数据文件已同步VPS(rsync -u, 仅推送更新过的)
[2026-07-11 21:16:09] VPS重算: 200
[2026-07-11 21:24:01] 抓到 21 场
[2026-07-11 21:24:07] ✓ 11个数据文件已同步VPS(rsync -u, 仅推送更新过的)
[2026-07-11 21:24:09] VPS重算: 200
[2026-07-11 21:32:01] 抓到 21 场
[2026-07-11 21:32:07] ✓ 11个数据文件已同步VPS(rsync -u, 仅推送更新过的)
[2026-07-11 21:32:09] VPS重算: 200
[2026-07-11 21:40:01] 抓到 21 场
[2026-07-11 21:40:09] ✓ 11个数据文件已同步VPS(rsync -u, 仅推送更新过的)
[2026-07-11 21:41:11] VPS重算: 200
[2026-07-11 21:48:01] 抓到 21 场
[2026-07-11 21:48:09] ✓ 11个数据文件已同步VPS(rsync -u, 仅推送更新过的)
[2026-07-11 21:49:12] VPS重算: 200
[2026-07-11 21:56:01] 抓到 21 场
[2026-07-11 21:56:08] ✓ 11个数据文件已同步VPS(rsync -u, 仅推送更新过的)
[2026-07-11 21:57:10] VPS重算: 200
[2026-07-11 22:00:01] 抓到 18 场
[2026-07-11 22:00:09] ✓ 11个数据文件已同步VPS(rsync -u, 仅推送更新过的)
[2026-07-11 22:00:12] VPS重算: 200
[2026-07-11 22:08:01] 抓到 18 场
[2026-07-11 22:08:08] ✓ 11个数据文件已同步VPS(rsync -u, 仅推送更新过的)
[2026-07-11 22:08:10] VPS重算: 200
[2026-07-11 22:16:01]   ⚠ 体彩抓取失败(<urlopen error [Errno -3] Temporary failure in name resolution>), 回退缓存 odds_parsed.json (7分钟前)
[2026-07-11 22:16:01] 抓到 18 场
[2026-07-11 22:16:02] ✗ 推送失败(VPS不可达或免密未配)
[2026-07-11 22:24:01] 抓到 18 场
[2026-07-11 22:24:07] ✓ 11个数据文件已同步VPS(rsync -u, 仅推送更新过的)
[2026-07-11 22:24:10] VPS重算: 200
[2026-07-11 22:32:01] 抓到 18 场
[2026-07-11 22:32:07] ✓ 11个数据文件已同步VPS(rsync -u, 仅推送更新过的)
[2026-07-11 22:32:12] VPS重算: 200
[2026-07-11 22:40:01] 抓到 18 场
[2026-07-11 22:40:08] ✓ 11个数据文件已同步VPS(rsync -u, 仅推送更新过的)
[2026-07-11 22:40:11] VPS重算: 200
[2026-07-11 22:48:01] 抓到 18 场
[2026-07-11 22:48:08] ✓ 11个数据文件已同步VPS(rsync -u, 仅推送更新过的)
[2026-07-11 22:49:11] VPS重算: 200
[2026-07-11 22:56:01] 抓到 18 场
[2026-07-11 22:56:07] ✓ 11个数据文件已同步VPS(rsync -u, 仅推送更新过的)
[2026-07-11 22:57:09] VPS重算: 200
[2026-07-11 23:00:01] 抓到 18 场
[2026-07-11 23:00:06] ✓ 11个数据文件已同步VPS(rsync -u, 仅推送更新过的)
[2026-07-11 23:01:09] VPS重算: 200
[2026-07-11 23:08:01] 抓到 18 场
[2026-07-11 23:08:07] ✓ 11个数据文件已同步VPS(rsync -u, 仅推送更新过的)
[2026-07-11 23:09:37] VPS重算: 000
[2026-07-11 23:16:01] 抓到 18 场
[2026-07-11 23:18:03] ✗ 推送失败(VPS不可达或免密未配)
[2026-07-11 23:24:01] 抓到 18 场
[2026-07-11 23:24:07] ✓ 11个数据文件已同步VPS(rsync -u, 仅推送更新过的)
[2026-07-11 23:24:40] VPS重算: 200
[2026-07-11 23:32:01] 抓到 17 场
[2026-07-11 23:34:02] ✗ 推送失败(VPS不可达或免密未配)
[2026-07-11 23:40:01] 抓到 17 场
[2026-07-11 23:40:07] ✓ 11个数据文件已同步VPS(rsync -u, 仅推送更新过的)
[2026-07-11 23:40:08] VPS重算: 429
[2026-07-11 23:48:01] 抓到 17 场
[2026-07-11 23:48:07] ✓ 11个数据文件已同步VPS(rsync -u, 仅推送更新过的)
[2026-07-11 23:49:09] VPS重算: 200
[2026-07-11 23:56:01] 抓到 17 场
[2026-07-11 23:56:07] ✓ 11个数据文件已同步VPS(rsync -u, 仅推送更新过的)
[2026-07-11 23:56:39] VPS重算: 200
[2026-07-12 00:00:01] 抓到 17 场
[2026-07-12 00:00:06] ✓ 11个数据文件已同步VPS(rsync -u, 仅推送更新过的)
[2026-07-12 00:01:07] VPS重算: 200
[2026-07-12 00:08:01] 抓到 16 场
[2026-07-12 00:08:07] ✓ 11个数据文件已同步VPS(rsync -u, 仅推送更新过的)
[2026-07-12 00:09:37] VPS重算: 000
[2026-07-12 00:16:01] 抓到 16 场
[2026-07-12 00:16:07] ✓ 11个数据文件已同步VPS(rsync -u, 仅推送更新过的)
[2026-07-12 00:16:14] VPS重算: 200
[2026-07-12 00:24:01] 抓到 16 场
[2026-07-12 00:24:08] ✓ 11个数据文件已同步VPS(rsync -u, 仅推送更新过的)
[2026-07-12 00:24:10] VPS重算: 429
[2026-07-12 00:32:01] 抓到 16 场
[2026-07-12 00:32:07] ✓ 11个数据文件已同步VPS(rsync -u, 仅推送更新过的)
[2026-07-12 00:33:37] VPS重算: 000
[2026-07-12 00:40:01] 抓到 16 场
[2026-07-12 00:40:07] ✓ 11个数据文件已同步VPS(rsync -u, 仅推送更新过的)
[2026-07-12 00:40:12] VPS重算: 200
[2026-07-12 00:48:01] 抓到 16 场
[2026-07-12 00:48:08] ✓ 11个数据文件已同步VPS(rsync -u, 仅推送更新过的)
[2026-07-12 00:49:38] VPS重算: 000
[2026-07-12 00:56:01] 抓到 16 场
[2026-07-12 00:56:08] ✓ 11个数据文件已同步VPS(rsync -u, 仅推送更新过的)
[2026-07-12 00:56:40] VPS重算: 200
[2026-07-12 01:00:01] 抓到 16 场
[2026-07-12 01:00:06] ✓ 11个数据文件已同步VPS(rsync -u, 仅推送更新过的)
[2026-07-12 01:01:08] VPS重算: 200
[2026-07-12 01:08:01] 抓到 16 场
[2026-07-12 01:08:07] ✓ 11个数据文件已同步VPS(rsync -u, 仅推送更新过的)
[2026-07-12 01:08:08] VPS重算: 429
[2026-07-12 01:16:01] 抓到 16 场
[2026-07-12 01:16:07] ✓ 11个数据文件已同步VPS(rsync -u, 仅推送更新过的)
[2026-07-12 01:16:09] VPS重算: 200
[2026-07-12 01:24:01] 抓到 16 场
[2026-07-12 01:24:07] ✓ 11个数据文件已同步VPS(rsync -u, 仅推送更新过的)
[2026-07-12 01:24:10] VPS重算: 200
[2026-07-12 01:32:01] 抓到 16 场
[2026-07-12 01:32:06] ✓ 11个数据文件已同步VPS(rsync -u, 仅推送更新过的)
[2026-07-12 01:32:39] VPS重算: 200
[2026-07-12 01:40:01] 抓到 16 场
[2026-07-12 01:40:07] ✓ 11个数据文件已同步VPS(rsync -u, 仅推送更新过的)
[2026-07-12 01:40:09] VPS重算: 200
[2026-07-12 01:48:01] 抓到 16 场
[2026-07-12 01:48:07] ✓ 11个数据文件已同步VPS(rsync -u, 仅推送更新过的)
[2026-07-12 01:49:09] VPS重算: 200
[2026-07-12 01:56:01] 抓到 16 场
[2026-07-12 01:56:07] ✓ 11个数据文件已同步VPS(rsync -u, 仅推送更新过的)
[2026-07-12 01:57:37] VPS重算: 000
[2026-07-12 02:00:01] 抓到 16 场
[2026-07-12 02:00:09] ✓ 11个数据文件已同步VPS(rsync -u, 仅推送更新过的)
[2026-07-12 02:00:41] VPS重算: 200
[2026-07-12 02:08:01] 抓到 16 场
[2026-07-12 02:08:07] ✓ 11个数据文件已同步VPS(rsync -u, 仅推送更新过的)
[2026-07-12 02:09:09] VPS重算: 200
[2026-07-12 02:16:01] 抓到 16 场
[2026-07-12 02:16:07] ✓ 11个数据文件已同步VPS(rsync -u, 仅推送更新过的)
[2026-07-12 02:17:09] VPS重算: 200
[2026-07-12 02:24:01] 抓到 16 场
[2026-07-12 02:24:08] ✓ 11个数据文件已同步VPS(rsync -u, 仅推送更新过的)
[2026-07-12 02:25:38] VPS重算: 000
[2026-07-12 02:32:01] 抓到 16 场
[2026-07-12 02:32:09] ✓ 11个数据文件已同步VPS(rsync -u, 仅推送更新过的)
[2026-07-12 02:32:40] VPS重算: 200
[2026-07-12 02:40:01] 抓到 16 场
[2026-07-12 02:40:07] ✓ 11个数据文件已同步VPS(rsync -u, 仅推送更新过的)
[2026-07-12 02:41:37] VPS重算: 000
[2026-07-12 02:48:01] 抓到 16 场
[2026-07-12 02:48:07] ✓ 11个数据文件已同步VPS(rsync -u, 仅推送更新过的)
[2026-07-12 02:49:08] VPS重算: 200
[2026-07-12 02:56:01] 抓到 16 场
[2026-07-12 02:56:07] ✓ 11个数据文件已同步VPS(rsync -u, 仅推送更新过的)
[2026-07-12 02:56:39] VPS重算: 200
[2026-07-12 03:00:01] 抓到 16 场
[2026-07-12 03:00:07] ✓ 11个数据文件已同步VPS(rsync -u, 仅推送更新过的)
[2026-07-12 03:00:39] VPS重算: 200
[2026-07-12 03:08:01] 抓到 16 场
[2026-07-12 03:08:06] ✓ 11个数据文件已同步VPS(rsync -u, 仅推送更新过的)
[2026-07-12 03:09:08] VPS重算: 200
[2026-07-12 03:16:01] 抓到 16 场
[2026-07-12 03:16:06] ✓ 11个数据文件已同步VPS(rsync -u, 仅推送更新过的)
[2026-07-12 03:17:07] VPS重算: 200
[2026-07-12 03:24:01] 抓到 16 场
[2026-07-12 03:24:07] ✓ 11个数据文件已同步VPS(rsync -u, 仅推送更新过的)
[2026-07-12 03:24:39] VPS重算: 200
[2026-07-12 03:32:01] 抓到 16 场
[2026-07-12 03:32:07] ✓ 11个数据文件已同步VPS(rsync -u, 仅推送更新过的)
[2026-07-12 03:32:08] VPS重算: 200
[2026-07-12 03:40:01] 抓到 16 场
[2026-07-12 03:40:09] ✓ 11个数据文件已同步VPS(rsync -u, 仅推送更新过的)
[2026-07-12 03:40:11] VPS重算: 200
[2026-07-12 03:48:01] 抓到 16 场
[2026-07-12 03:48:06] ✓ 11个数据文件已同步VPS(rsync -u, 仅推送更新过的)
[2026-07-12 03:48:08] VPS重算: 200
[2026-07-12 03:56:01] 抓到 16 场
[2026-07-12 03:56:07] ✓ 11个数据文件已同步VPS(rsync -u, 仅推送更新过的)
[2026-07-12 03:57:10] VPS重算: 200
[2026-07-12 04:00:01] 抓到 16 场
[2026-07-12 04:00:06] ✓ 11个数据文件已同步VPS(rsync -u, 仅推送更新过的)
[2026-07-12 04:01:08] VPS重算: 200
[2026-07-12 04:08:01] 抓到 16 场
[2026-07-12 04:08:07] ✓ 11个数据文件已同步VPS(rsync -u, 仅推送更新过的)
[2026-07-12 04:08:09] VPS重算: 200
[2026-07-12 04:16:01] 抓到 16 场
[2026-07-12 04:16:07] ✓ 11个数据文件已同步VPS(rsync -u, 仅推送更新过的)
[2026-07-12 04:17:37] VPS重算: 000
[2026-07-12 04:24:01] 抓到 16 场
[2026-07-12 04:24:07] ✓ 11个数据文件已同步VPS(rsync -u, 仅推送更新过的)
[2026-07-12 04:24:39] VPS重算: 200
[2026-07-12 04:32:01] 抓到 16 场
[2026-07-12 04:32:08] ✓ 11个数据文件已同步VPS(rsync -u, 仅推送更新过的)
[2026-07-12 04:32:10] VPS重算: 200
[2026-07-12 04:40:01] 抓到 16 场
[2026-07-12 04:40:06] ✓ 11个数据文件已同步VPS(rsync -u, 仅推送更新过的)
[2026-07-12 04:40:08] VPS重算: 200
[2026-07-12 04:48:01] 抓到 16 场
[2026-07-12 04:48:07] ✓ 11个数据文件已同步VPS(rsync -u, 仅推送更新过的)
[2026-07-12 04:49:09] VPS重算: 200
[2026-07-12 04:56:01] 抓到 16 场
[2026-07-12 04:56:07] ✓ 11个数据文件已同步VPS(rsync -u, 仅推送更新过的)
[2026-07-12 04:57:37] VPS重算: 000
[2026-07-12 05:00:01] 抓到 16 场
[2026-07-12 05:00:07] ✓ 11个数据文件已同步VPS(rsync -u, 仅推送更新过的)
[2026-07-12 05:00:08] VPS重算: 429
[2026-07-12 05:08:01] 抓到 15 场
[2026-07-12 05:08:07] ✓ 11个数据文件已同步VPS(rsync -u, 仅推送更新过的)
[2026-07-12 05:09:09] VPS重算: 200
[2026-07-12 05:16:01] 抓到 15 场
[2026-07-12 05:16:08] ✓ 11个数据文件已同步VPS(rsync -u, 仅推送更新过的)
[2026-07-12 05:17:09] VPS重算: 200
[2026-07-12 05:24:01] 抓到 15 场
[2026-07-12 05:24:07] ✓ 11个数据文件已同步VPS(rsync -u, 仅推送更新过的)
[2026-07-12 05:25:37] VPS重算: 000
[2026-07-12 05:32:01] 抓到 15 场
[2026-07-12 05:32:07] ✓ 11个数据文件已同步VPS(rsync -u, 仅推送更新过的)
[2026-07-12 05:32:39] VPS重算: 200
[2026-07-12 05:40:01] 抓到 15 场
[2026-07-12 05:40:06] ✓ 11个数据文件已同步VPS(rsync -u, 仅推送更新过的)
[2026-07-12 05:40:08] VPS重算: 200
[2026-07-12 05:48:01] 抓到 15 场
[2026-07-12 05:48:06] ✓ 11个数据文件已同步VPS(rsync -u, 仅推送更新过的)
[2026-07-12 05:49:36] VPS重算: 000
[2026-07-12 05:56:01] 抓到 15 场
[2026-07-12 05:56:06] ✓ 11个数据文件已同步VPS(rsync -u, 仅推送更新过的)
[2026-07-12 05:56:08] VPS重算: 200
[2026-07-12 06:00:01] 抓到 15 场
[2026-07-12 06:00:06] ✓ 11个数据文件已同步VPS(rsync -u, 仅推送更新过的)
[2026-07-12 06:00:08] VPS重算: 200
[2026-07-12 06:08:01] 抓到 15 场
[2026-07-12 06:08:07] ✓ 11个数据文件已同步VPS(rsync -u, 仅推送更新过的)
[2026-07-12 06:09:37] VPS重算: 000
[2026-07-12 06:16:01] 抓到 15 场
[2026-07-12 06:16:07] ✓ 11个数据文件已同步VPS(rsync -u, 仅推送更新过的)
[2026-07-12 06:16:39] VPS重算: 200
[2026-07-12 06:24:01] 抓到 15 场
[2026-07-12 06:24:07] ✓ 11个数据文件已同步VPS(rsync -u, 仅推送更新过的)
[2026-07-12 06:24:09] VPS重算: 200
[2026-07-12 06:32:01] 抓到 15 场
[2026-07-12 06:32:07] ✓ 11个数据文件已同步VPS(rsync -u, 仅推送更新过的)
[2026-07-12 06:33:37] VPS重算: 000
[2026-07-12 06:40:01] 抓到 15 场
[2026-07-12 06:40:07] ✓ 11个数据文件已同步VPS(rsync -u, 仅推送更新过的)
[2026-07-12 06:41:08] VPS重算: 200
[2026-07-12 06:48:01] 抓到 15 场
[2026-07-12 06:48:06] ✓ 11个数据文件已同步VPS(rsync -u, 仅推送更新过的)
[2026-07-12 06:48:08] VPS重算: 200
[2026-07-12 06:56:01] 抓到 15 场
[2026-07-12 06:56:06] ✓ 11个数据文件已同步VPS(rsync -u, 仅推送更新过的)
[2026-07-12 06:56:07] VPS重算: 200
[2026-07-12 07:00:01] 抓到 15 场
[2026-07-12 07:00:05] ✓ 11个数据文件已同步VPS(rsync -u, 仅推送更新过的)
[2026-07-12 07:01:35] VPS重算: 000
[2026-07-12 07:08:01] 抓到 15 场
[2026-07-12 07:08:06] ✓ 11个数据文件已同步VPS(rsync -u, 仅推送更新过的)
[2026-07-12 07:08:07] VPS重算: 429
[2026-07-12 07:16:01] 抓到 15 场
[2026-07-12 07:16:05] ✓ 11个数据文件已同步VPS(rsync -u, 仅推送更新过的)
[2026-07-12 07:16:07] VPS重算: 200
[2026-07-12 07:24:01] 抓到 15 场
[2026-07-12 07:24:06] ✓ 11个数据文件已同步VPS(rsync -u, 仅推送更新过的)
[2026-07-12 07:24:08] VPS重算: 200
[2026-07-12 07:32:01] 抓到 15 场
[2026-07-12 07:32:07] ✓ 11个数据文件已同步VPS(rsync -u, 仅推送更新过的)
[2026-07-12 07:32:09] VPS重算: 200
[2026-07-12 07:40:01] 抓到 15 场
[2026-07-12 07:40:06] ✓ 11个数据文件已同步VPS(rsync -u, 仅推送更新过的)
[2026-07-12 07:40:08] VPS重算: 200
[2026-07-12 07:48:01] 抓到 15 场
[2026-07-12 07:48:06] ✓ 11个数据文件已同步VPS(rsync -u, 仅推送更新过的)
[2026-07-12 07:49:07] VPS重算: 200
[2026-07-12 07:56:01] 抓到 15 场
[2026-07-12 07:56:06] ✓ 11个数据文件已同步VPS(rsync -u, 仅推送更新过的)
[2026-07-12 07:56:07] VPS重算: 200
[2026-07-12 08:00:01] 抓到 15 场
[2026-07-12 08:00:06] ✓ 11个数据文件已同步VPS(rsync -u, 仅推送更新过的)
[2026-07-12 08:00:07] VPS重算: 200
[2026-07-12 08:08:01] 抓到 15 场
[2026-07-12 08:08:07] ✓ 11个数据文件已同步VPS(rsync -u, 仅推送更新过的)
[2026-07-12 08:08:39] VPS重算: 200
[2026-07-12 08:16:01] 抓到 15 场
[2026-07-12 08:16:07] ✓ 11个数据文件已同步VPS(rsync -u, 仅推送更新过的)
[2026-07-12 08:16:38] VPS重算: 200
[2026-07-12 08:24:01] 抓到 15 场
[2026-07-12 08:24:06] ✓ 11个数据文件已同步VPS(rsync -u, 仅推送更新过的)
[2026-07-12 08:25:36] VPS重算: 000
[2026-07-12 08:32:01] 抓到 15 场
[2026-07-12 08:32:07] ✓ 11个数据文件已同步VPS(rsync -u, 仅推送更新过的)
[2026-07-12 08:33:37] VPS重算: 000
[2026-07-12 08:40:01] 抓到 15 场
[2026-07-12 08:40:06] ✓ 11个数据文件已同步VPS(rsync -u, 仅推送更新过的)
[2026-07-12 08:41:36] VPS重算: 000
[2026-07-12 08:48:01] 抓到 15 场
[2026-07-12 08:48:07] ✓ 11个数据文件已同步VPS(rsync -u, 仅推送更新过的)
[2026-07-12 08:49:37] VPS重算: 000
[2026-07-12 08:56:01] 抓到 15 场
[2026-07-12 08:56:07] ✓ 11个数据文件已同步VPS(rsync -u, 仅推送更新过的)
[2026-07-12 08:56:07] VPS重算: 429
[2026-07-12 09:00:02] 抓到 15 场
[2026-07-12 09:00:06] ✓ 11个数据文件已同步VPS(rsync -u, 仅推送更新过的)
[2026-07-12 09:00:38] VPS重算: 200
[2026-07-12 09:08:01] 抓到 14 场
[2026-07-12 09:08:06] ✓ 11个数据文件已同步VPS(rsync -u, 仅推送更新过的)
[2026-07-12 09:08:08] VPS重算: 200
[2026-07-12 09:16:01] 抓到 14 场
[2026-07-12 09:16:06] ✓ 11个数据文件已同步VPS(rsync -u, 仅推送更新过的)
[2026-07-12 09:16:08] VPS重算: 200
[2026-07-12 09:24:01] 抓到 14 场
[2026-07-12 09:24:06] ✓ 11个数据文件已同步VPS(rsync -u, 仅推送更新过的)
[2026-07-12 09:25:09] VPS重算: 200
[2026-07-12 09:32:01] 抓到 14 场
[2026-07-12 09:32:07] ✓ 11个数据文件已同步VPS(rsync -u, 仅推送更新过的)
[2026-07-12 09:32:09] VPS重算: 200
[2026-07-12 09:40:01] 抓到 14 场
[2026-07-12 09:40:06] ✓ 11个数据文件已同步VPS(rsync -u, 仅推送更新过的)
[2026-07-12 09:40:07] VPS重算: 429
[2026-07-12 09:48:01] 抓到 14 场
[2026-07-12 09:48:05] ✓ 11个数据文件已同步VPS(rsync -u, 仅推送更新过的)
[2026-07-12 09:48:08] VPS重算: 200
[2026-07-12 09:56:01] 抓到 14 场
[2026-07-12 09:56:06] ✓ 11个数据文件已同步VPS(rsync -u, 仅推送更新过的)
[2026-07-12 09:56:08] VPS重算: 200
[2026-07-12 10:00:01] 抓到 14 场
[2026-07-12 10:00:06] ✓ 11个数据文件已同步VPS(rsync -u, 仅推送更新过的)
[2026-07-12 10:00:08] VPS重算: 200
[2026-07-12 10:08:01] 抓到 14 场
[2026-07-12 10:08:08] ✓ 11个数据文件已同步VPS(rsync -u, 仅推送更新过的)
[2026-07-12 10:08:09] VPS重算: 200
[2026-07-12 10:16:01] 抓到 14 场
[2026-07-12 10:16:06] ✓ 11个数据文件已同步VPS(rsync -u, 仅推送更新过的)
[2026-07-12 10:17:07] VPS重算: 200
[2026-07-12 10:24:01] 抓到 14 场
[2026-07-12 10:24:06] ✓ 11个数据文件已同步VPS(rsync -u, 仅推送更新过的)
[2026-07-12 10:24:07] VPS重算: 200
[2026-07-12 10:32:01] 抓到 14 场
[2026-07-12 10:32:07] ✓ 11个数据文件已同步VPS(rsync -u, 仅推送更新过的)
[2026-07-12 10:32:07] VPS重算: 429
[2026-07-12 10:40:01] 抓到 14 场
[2026-07-12 10:40:05] ✓ 11个数据文件已同步VPS(rsync -u, 仅推送更新过的)
[2026-07-12 10:40:38] VPS重算: 200
[2026-07-12 10:48:01] 抓到 14 场
[2026-07-12 10:48:07] ✓ 11个数据文件已同步VPS(rsync -u, 仅推送更新过的)
[2026-07-12 10:48:39] VPS重算: 200
[2026-07-12 10:56:01] 抓到 14 场
[2026-07-12 10:56:07] ✓ 11个数据文件已同步VPS(rsync -u, 仅推送更新过的)
[2026-07-12 10:57:08] VPS重算: 200
[2026-07-12 11:00:01] 抓到 14 场
[2026-07-12 11:00:06] ✓ 11个数据文件已同步VPS(rsync -u, 仅推送更新过的)
[2026-07-12 11:00:07] VPS重算: 200
[2026-07-12 11:08:01] 抓到 15 场
[2026-07-12 11:08:07] ✓ 11个数据文件已同步VPS(rsync -u, 仅推送更新过的)
[2026-07-12 11:08:09] VPS重算: 200
[2026-07-12 11:16:01] 抓到 15 场
[2026-07-12 11:16:07] ✓ 11个数据文件已同步VPS(rsync -u, 仅推送更新过的)
[2026-07-12 11:16:08] VPS重算: 429
[2026-07-12 11:24:01] 抓到 15 场
[2026-07-12 11:24:06] ✓ 11个数据文件已同步VPS(rsync -u, 仅推送更新过的)
[2026-07-12 11:24:08] VPS重算: 200
[2026-07-12 11:32:01] 抓到 15 场
[2026-07-12 11:32:06] ✓ 11个数据文件已同步VPS(rsync -u, 仅推送更新过的)
[2026-07-12 11:32:08] VPS重算: 200
[2026-07-12 11:40:01] 抓到 15 场
[2026-07-12 11:40:09] ✓ 11个数据文件已同步VPS(rsync -u, 仅推送更新过的)
[2026-07-12 11:41:39] VPS重算: 000
[2026-07-12 11:48:01] 抓到 15 场
[2026-07-12 11:48:08] ✓ 11个数据文件已同步VPS(rsync -u, 仅推送更新过的)
[2026-07-12 11:48:09] VPS重算: 429
[2026-07-12 11:56:01] 抓到 15 场
[2026-07-12 11:56:06] ✓ 11个数据文件已同步VPS(rsync -u, 仅推送更新过的)
[2026-07-12 11:56:38] VPS重算: 200
[2026-07-12 12:00:01] 抓到 15 场
[2026-07-12 12:00:07] ✓ 11个数据文件已同步VPS(rsync -u, 仅推送更新过的)
[2026-07-12 12:01:10] VPS重算: 200
[2026-07-12 12:08:01] 抓到 15 场
[2026-07-12 12:08:06] ✓ 11个数据文件已同步VPS(rsync -u, 仅推送更新过的)
[2026-07-12 12:09:08] VPS重算: 200
[2026-07-12 12:16:01] 抓到 15 场
[2026-07-12 12:16:07] ✓ 11个数据文件已同步VPS(rsync -u, 仅推送更新过的)
[2026-07-12 12:16:09] VPS重算: 200
[2026-07-12 12:24:01] 抓到 15 场
[2026-07-12 12:24:06] ✓ 11个数据文件已同步VPS(rsync -u, 仅推送更新过的)
[2026-07-12 12:24:38] VPS重算: 200
[2026-07-12 12:32:01] 抓到 15 场
[2026-07-12 12:32:07] ✓ 11个数据文件已同步VPS(rsync -u, 仅推送更新过的)
[2026-07-12 12:32:08] VPS重算: 200
[2026-07-12 12:40:01] 抓到 15 场
[2026-07-12 12:40:07] ✓ 11个数据文件已同步VPS(rsync -u, 仅推送更新过的)
[2026-07-12 12:40:07] VPS重算: 429
[2026-07-12 12:48:01] 抓到 15 场
[2026-07-12 12:48:05] ✓ 11个数据文件已同步VPS(rsync -u, 仅推送更新过的)
[2026-07-12 12:49:35] VPS重算: 000
[2026-07-12 12:56:01] 抓到 15 场
[2026-07-12 12:56:07] ✓ 11个数据文件已同步VPS(rsync -u, 仅推送更新过的)
[2026-07-12 12:57:37] VPS重算: 000
[2026-07-12 13:00:01] 抓到 15 场
[2026-07-12 13:00:06] ✓ 11个数据文件已同步VPS(rsync -u, 仅推送更新过的)
[2026-07-12 13:00:08] VPS重算: 200
[2026-07-12 13:08:01] 抓到 15 场
[2026-07-12 13:08:06] ✓ 11个数据文件已同步VPS(rsync -u, 仅推送更新过的)
[2026-07-12 13:08:38] VPS重算: 200
[2026-07-12 13:16:01] 抓到 15 场
[2026-07-12 13:16:07] ✓ 11个数据文件已同步VPS(rsync -u, 仅推送更新过的)
[2026-07-12 13:16:09] VPS重算: 200
[2026-07-12 13:24:01] 抓到 15 场
[2026-07-12 13:24:06] ✓ 11个数据文件已同步VPS(rsync -u, 仅推送更新过的)
[2026-07-12 13:24:38] VPS重算: 200
[2026-07-12 13:32:01] 抓到 15 场
[2026-07-12 13:32:06] ✓ 11个数据文件已同步VPS(rsync -u, 仅推送更新过的)
[2026-07-12 13:32:08] VPS重算: 200
[2026-07-12 13:40:01] 抓到 15 场
[2026-07-12 13:40:08] ✓ 11个数据文件已同步VPS(rsync -u, 仅推送更新过的)
[2026-07-12 13:40:39] VPS重算: 200
[2026-07-12 13:48:01] 抓到 15 场
[2026-07-12 13:48:06] ✓ 11个数据文件已同步VPS(rsync -u, 仅推送更新过的)
[2026-07-12 13:49:36] VPS重算: 000
[2026-07-12 13:56:01] 抓到 15 场
[2026-07-12 13:56:07] ✓ 11个数据文件已同步VPS(rsync -u, 仅推送更新过的)
[2026-07-12 13:56:39] VPS重算: 200
[2026-07-12 14:00:01] 抓到 15 场
[2026-07-12 14:00:05] ✓ 11个数据文件已同步VPS(rsync -u, 仅推送更新过的)
[2026-07-12 14:00:41] VPS重算: 200
[2026-07-12 14:08:01] 抓到 15 场
[2026-07-12 14:08:07] ✓ 11个数据文件已同步VPS(rsync -u, 仅推送更新过的)
[2026-07-12 14:08:09] VPS重算: 200
[2026-07-12 14:16:01] 抓到 15 场
[2026-07-12 14:16:07] ✓ 11个数据文件已同步VPS(rsync -u, 仅推送更新过的)
[2026-07-12 14:16:08] VPS重算: 429
[2026-07-12 14:24:01] 抓到 15 场
[2026-07-12 14:24:08] ✓ 11个数据文件已同步VPS(rsync -u, 仅推送更新过的)
[2026-07-12 14:24:09] VPS重算: 200
[2026-07-12 14:32:01] 抓到 15 场
[2026-07-12 14:32:06] ✓ 11个数据文件已同步VPS(rsync -u, 仅推送更新过的)
[2026-07-12 14:33:36] VPS重算: 000
[2026-07-12 14:40:01] 抓到 15 场
[2026-07-12 14:40:06] ✓ 11个数据文件已同步VPS(rsync -u, 仅推送更新过的)
[2026-07-12 14:40:08] VPS重算: 200
[2026-07-12 14:48:01] 抓到 15 场
[2026-07-12 14:48:07] ✓ 11个数据文件已同步VPS(rsync -u, 仅推送更新过的)
[2026-07-12 14:48:09] VPS重算: 200
[2026-07-12 14:56:01] 抓到 15 场
[2026-07-12 14:56:06] ✓ 11个数据文件已同步VPS(rsync -u, 仅推送更新过的)
[2026-07-12 14:56:37] VPS重算: 200
[2026-07-12 15:00:01] 抓到 15 场
[2026-07-12 15:00:05] ✓ 11个数据文件已同步VPS(rsync -u, 仅推送更新过的)
[2026-07-12 15:00:37] VPS重算: 200
[2026-07-12 15:08:01] 抓到 15 场
[2026-07-12 15:08:08] ✓ 11个数据文件已同步VPS(rsync -u, 仅推送更新过的)
[2026-07-12 15:09:10] VPS重算: 200
[2026-07-12 15:16:01] 抓到 15 场
[2026-07-12 15:16:07] ✓ 11个数据文件已同步VPS(rsync -u, 仅推送更新过的)
[2026-07-12 15:16:38] VPS重算: 200
[2026-07-12 15:24:01] 抓到 15 场
[2026-07-12 15:24:07] ✓ 11个数据文件已同步VPS(rsync -u, 仅推送更新过的)
[2026-07-12 15:24:39] VPS重算: 200
[2026-07-12 15:32:01] 抓到 15 场
[2026-07-12 15:32:08] ✓ 11个数据文件已同步VPS(rsync -u, 仅推送更新过的)
[2026-07-12 15:33:38] VPS重算: 000
[2026-07-12 15:40:01] 抓到 15 场
[2026-07-12 15:40:06] ✓ 11个数据文件已同步VPS(rsync -u, 仅推送更新过的)
[2026-07-12 15:40:38] VPS重算: 200
[2026-07-12 15:48:01] 抓到 15 场
[2026-07-12 15:48:07] ✓ 11个数据文件已同步VPS(rsync -u, 仅推送更新过的)
[2026-07-12 15:48:10] VPS重算: 200
[2026-07-12 15:56:01] 抓到 15 场
[2026-07-12 15:56:07] ✓ 11个数据文件已同步VPS(rsync -u, 仅推送更新过的)
[2026-07-12 15:57:09] VPS重算: 200
[2026-07-12 16:00:01] 抓到 15 场
[2026-07-12 16:00:05] ✓ 11个数据文件已同步VPS(rsync -u, 仅推送更新过的)
[2026-07-12 16:01:08] VPS重算: 200
[2026-07-12 16:08:01] 抓到 15 场
[2026-07-12 16:08:16] ✓ 11个数据文件已同步VPS(rsync -u, 仅推送更新过的)
[2026-07-12 16:08:19] VPS重算: 200
[2026-07-12 16:16:01] 抓到 15 场
[2026-07-12 16:16:07] ✓ 11个数据文件已同步VPS(rsync -u, 仅推送更新过的)
[2026-07-12 16:16:09] VPS重算: 200
[2026-07-12 16:24:01] 抓到 15 场
[2026-07-12 16:24:07] ✓ 11个数据文件已同步VPS(rsync -u, 仅推送更新过的)
[2026-07-12 16:24:38] VPS重算: 200
[2026-07-12 16:32:01] 抓到 15 场
[2026-07-12 16:32:06] ✓ 11个数据文件已同步VPS(rsync -u, 仅推送更新过的)
[2026-07-12 16:32:07] VPS重算: 200
[2026-07-12 16:40:01] 抓到 15 场
[2026-07-12 16:40:06] ✓ 11个数据文件已同步VPS(rsync -u, 仅推送更新过的)
[2026-07-12 16:40:38] VPS重算: 200
[2026-07-12 16:48:01] 抓到 15 场
[2026-07-12 16:48:07] ✓ 11个数据文件已同步VPS(rsync -u, 仅推送更新过的)
[2026-07-12 16:49:37] VPS重算: 000
[2026-07-12 16:56:01] 抓到 15 场
[2026-07-12 16:56:07] ✓ 11个数据文件已同步VPS(rsync -u, 仅推送更新过的)
[2026-07-12 16:57:10] VPS重算: 200
[2026-07-12 17:00:01] 抓到 15 场
[2026-07-12 17:00:05] ✓ 11个数据文件已同步VPS(rsync -u, 仅推送更新过的)
[2026-07-12 17:01:35] VPS重算: 000
[2026-07-12 17:08:01] 抓到 15 场
[2026-07-12 17:08:07] ✓ 11个数据文件已同步VPS(rsync -u, 仅推送更新过的)
[2026-07-12 17:09:08] VPS重算: 200
[2026-07-12 17:16:01] 抓到 15 场
[2026-07-12 17:16:06] ✓ 11个数据文件已同步VPS(rsync -u, 仅推送更新过的)
[2026-07-12 17:16:38] VPS重算: 200
[2026-07-12 17:24:01] 抓到 15 场
[2026-07-12 17:24:07] ✓ 11个数据文件已同步VPS(rsync -u, 仅推送更新过的)
[2026-07-12 17:24:09] VPS重算: 200
[2026-07-12 17:32:01] 抓到 15 场
[2026-07-12 17:32:07] ✓ 11个数据文件已同步VPS(rsync -u, 仅推送更新过的)
[2026-07-12 17:33:10] VPS重算: 200
[2026-07-12 17:40:01] 抓到 15 场
[2026-07-12 17:40:06] ✓ 11个数据文件已同步VPS(rsync -u, 仅推送更新过的)
[2026-07-12 17:40:08] VPS重算: 200
[2026-07-12 17:48:01] 抓到 15 场
[2026-07-12 17:48:06] ✓ 11个数据文件已同步VPS(rsync -u, 仅推送更新过的)
[2026-07-12 17:49:07] VPS重算: 200
[2026-07-12 17:56:01] 抓到 15 场
[2026-07-12 17:56:06] ✓ 11个数据文件已同步VPS(rsync -u, 仅推送更新过的)
[2026-07-12 17:57:36] VPS重算: 000
[2026-07-12 18:00:01] 抓到 15 场
[2026-07-12 18:00:05] ✓ 11个数据文件已同步VPS(rsync -u, 仅推送更新过的)
[2026-07-12 18:00:07] VPS重算: 200
[2026-07-12 18:08:01] 抓到 15 场
[2026-07-12 18:08:06] ✓ 11个数据文件已同步VPS(rsync -u, 仅推送更新过的)
[2026-07-12 18:08:08] VPS重算: 200
[2026-07-12 18:16:01] 抓到 15 场
[2026-07-12 18:16:06] ✓ 11个数据文件已同步VPS(rsync -u, 仅推送更新过的)
[2026-07-12 18:16:38] VPS重算: 200
[2026-07-12 18:24:01] 抓到 15 场
[2026-07-12 18:24:08] ✓ 11个数据文件已同步VPS(rsync -u, 仅推送更新过的)
[2026-07-12 18:24:09] VPS重算: 200
[2026-07-12 18:32:01] 抓到 12 场
[2026-07-12 18:32:06] ✓ 11个数据文件已同步VPS(rsync -u, 仅推送更新过的)
[2026-07-12 18:32:38] VPS重算: 200
[2026-07-12 18:40:01] 抓到 12 场
[2026-07-12 18:40:07] ✓ 11个数据文件已同步VPS(rsync -u, 仅推送更新过的)
[2026-07-12 18:40:09] VPS重算: 200
[2026-07-12 18:48:01] 抓到 12 场
[2026-07-12 18:48:06] ✓ 11个数据文件已同步VPS(rsync -u, 仅推送更新过的)
[2026-07-12 18:49:36] VPS重算: 000
[2026-07-12 18:56:01] 抓到 12 场
[2026-07-12 18:56:07] ✓ 11个数据文件已同步VPS(rsync -u, 仅推送更新过的)
[2026-07-12 18:56:09] VPS重算: 200
[2026-07-12 19:00:01] 抓到 12 场
[2026-07-12 19:00:06] ✓ 11个数据文件已同步VPS(rsync -u, 仅推送更新过的)
[2026-07-12 19:00:38] VPS重算: 200
[2026-07-12 19:08:01] 抓到 12 场
[2026-07-12 19:08:08] ✓ 11个数据文件已同步VPS(rsync -u, 仅推送更新过的)
[2026-07-12 19:09:09] VPS重算: 200
[2026-07-12 19:16:01] 抓到 12 场
[2026-07-12 19:16:05] ✓ 11个数据文件已同步VPS(rsync -u, 仅推送更新过的)
[2026-07-12 19:17:35] VPS重算: 000
[2026-07-12 19:24:01] 抓到 12 场
[2026-07-12 19:24:07] ✓ 11个数据文件已同步VPS(rsync -u, 仅推送更新过的)
[2026-07-12 19:24:40] VPS重算: 200
[2026-07-12 19:32:01] 抓到 12 场
[2026-07-12 19:32:07] ✓ 11个数据文件已同步VPS(rsync -u, 仅推送更新过的)
[2026-07-12 19:32:08] VPS重算: 200
[2026-07-12 19:40:01] 抓到 12 场
[2026-07-12 19:40:07] ✓ 11个数据文件已同步VPS(rsync -u, 仅推送更新过的)
[2026-07-12 19:40:38] VPS重算: 200
[2026-07-12 19:48:01] 抓到 12 场
[2026-07-12 19:48:05] ✓ 11个数据文件已同步VPS(rsync -u, 仅推送更新过的)
[2026-07-12 19:48:37] VPS重算: 200
[2026-07-12 19:56:01] 抓到 12 场
[2026-07-12 19:56:06] ✓ 11个数据文件已同步VPS(rsync -u, 仅推送更新过的)
[2026-07-12 19:56:07] VPS重算: 200
[2026-07-12 20:00:01] 抓到 9 场
[2026-07-12 20:00:08] ✓ 11个数据文件已同步VPS(rsync -u, 仅推送更新过的)
[2026-07-12 20:00:10] VPS重算: 200
[2026-07-12 20:08:01] 抓到 9 场
[2026-07-12 20:10:02] ✗ 推送失败(VPS不可达或免密未配)
[2026-07-12 20:16:01] 抓到 9 场
[2026-07-12 20:16:07] ✓ 11个数据文件已同步VPS(rsync -u, 仅推送更新过的)
[2026-07-12 20:16:10] VPS重算: 200
[2026-07-12 20:24:01] 抓到 9 场
[2026-07-12 20:24:07] ✓ 11个数据文件已同步VPS(rsync -u, 仅推送更新过的)
[2026-07-12 20:24:39] VPS重算: 200
[2026-07-12 20:32:01] 抓到 8 场
[2026-07-12 20:32:07] ✓ 11个数据文件已同步VPS(rsync -u, 仅推送更新过的)
[2026-07-12 20:32:39] VPS重算: 200
[2026-07-12 20:40:01] 抓到 8 场
[2026-07-12 20:40:07] ✓ 11个数据文件已同步VPS(rsync -u, 仅推送更新过的)
[2026-07-12 20:41:09] VPS重算: 200
[2026-07-12 20:48:01] 抓到 8 场
[2026-07-12 20:48:07] ✓ 11个数据文件已同步VPS(rsync -u, 仅推送更新过的)
[2026-07-12 20:48:09] VPS重算: 200
[2026-07-12 20:56:01] 抓到 8 场
[2026-07-12 20:56:08] ✓ 11个数据文件已同步VPS(rsync -u, 仅推送更新过的)
[2026-07-12 20:56:40] VPS重算: 200
[2026-07-12 21:00:01] 抓到 8 场
[2026-07-12 21:00:06] ✓ 11个数据文件已同步VPS(rsync -u, 仅推送更新过的)
[2026-07-12 21:00:38] VPS重算: 200
[2026-07-12 21:08:01] 抓到 8 场
[2026-07-12 21:08:08] ✓ 11个数据文件已同步VPS(rsync -u, 仅推送更新过的)
[2026-07-12 21:08:11] VPS重算: 200
[2026-07-12 21:16:01] 抓到 8 场
[2026-07-12 21:16:08] ✓ 11个数据文件已同步VPS(rsync -u, 仅推送更新过的)
[2026-07-12 21:16:10] VPS重算: 200
[2026-07-12 21:24:01] 抓到 8 场
[2026-07-12 21:24:08] ✓ 11个数据文件已同步VPS(rsync -u, 仅推送更新过的)
[2026-07-12 21:24:09] VPS重算: 200
[2026-07-12 21:32:01] 抓到 8 场
[2026-07-12 21:32:07] ✓ 11个数据文件已同步VPS(rsync -u, 仅推送更新过的)
[2026-07-12 21:32:39] VPS重算: 200
[2026-07-12 22:08:01] 抓到 8 场
[2026-07-12 22:08:08] ✓ 11个数据文件已同步VPS(rsync -u, 仅推送更新过的)
[2026-07-12 22:08:09] VPS重算: 200
[2026-07-12 22:16:01] 抓到 8 场
[2026-07-12 22:16:06] ✓ 11个数据文件已同步VPS(rsync -u, 仅推送更新过的)
[2026-07-12 22:17:09] VPS重算: 200
[2026-07-12 22:24:01] 抓到 8 场
[2026-07-12 22:24:07] ✓ 11个数据文件已同步VPS(rsync -u, 仅推送更新过的)
[2026-07-12 22:25:37] VPS重算: 000
[2026-07-12 22:32:01] 抓到 6 场
[2026-07-12 22:32:06] ✓ 11个数据文件已同步VPS(rsync -u, 仅推送更新过的)
[2026-07-12 22:32:38] VPS重算: 200
[2026-07-12 22:40:01] 抓到 6 场
[2026-07-12 22:40:06] ✓ 11个数据文件已同步VPS(rsync -u, 仅推送更新过的)
[2026-07-12 22:40:08] VPS重算: 200
[2026-07-12 22:48:01] 抓到 6 场
[2026-07-12 22:48:06] ✓ 11个数据文件已同步VPS(rsync -u, 仅推送更新过的)
[2026-07-12 22:48:08] VPS重算: 200
[2026-07-12 22:56:01] 抓到 6 场
[2026-07-12 22:56:08] ✓ 11个数据文件已同步VPS(rsync -u, 仅推送更新过的)
[2026-07-12 22:56:10] VPS重算: 200
[2026-07-12 23:00:01] 抓到 6 场
[2026-07-12 23:00:07] ✓ 11个数据文件已同步VPS(rsync -u, 仅推送更新过的)
[2026-07-12 23:00:38] VPS重算: 200
[2026-07-12 23:08:01] 抓到 3 场
[2026-07-12 23:08:06] ✓ 11个数据文件已同步VPS(rsync -u, 仅推送更新过的)
[2026-07-12 23:09:36] VPS重算: 000
[2026-07-12 23:16:01] 抓到 3 场
[2026-07-12 23:16:10] ✓ 11个数据文件已同步VPS(rsync -u, 仅推送更新过的)
[2026-07-12 23:16:11] VPS重算: 200
[2026-07-12 23:24:01] 抓到 3 场
[2026-07-12 23:24:07] ✓ 11个数据文件已同步VPS(rsync -u, 仅推送更新过的)
[2026-07-12 23:24:08] VPS重算: 200
[2026-07-12 23:32:01] 抓到 3 场
[2026-07-12 23:32:06] ✓ 11个数据文件已同步VPS(rsync -u, 仅推送更新过的)
[2026-07-12 23:32:08] VPS重算: 200
[2026-07-12 23:40:01] 抓到 3 场
[2026-07-12 23:40:07] ✓ 11个数据文件已同步VPS(rsync -u, 仅推送更新过的)
[2026-07-12 23:40:40] VPS重算: 200
[2026-07-12 23:48:01] 抓到 3 场
[2026-07-12 23:48:06] ✓ 11个数据文件已同步VPS(rsync -u, 仅推送更新过的)
[2026-07-12 23:48:37] VPS重算: 200
[2026-07-12 23:56:01] 抓到 3 场
[2026-07-12 23:56:07] ✓ 11个数据文件已同步VPS(rsync -u, 仅推送更新过的)
[2026-07-12 23:57:37] VPS重算: 000
[2026-07-13 00:00:01] 抓到 3 场
[2026-07-13 00:00:05] ✓ 11个数据文件已同步VPS(rsync -u, 仅推送更新过的)
[2026-07-13 00:00:37] VPS重算: 200
[2026-07-13 00:08:01] 抓到 3 场
[2026-07-13 00:08:06] ✓ 11个数据文件已同步VPS(rsync -u, 仅推送更新过的)
[2026-07-13 00:09:36] VPS重算: 000
[2026-07-13 00:16:01] 抓到 3 场
[2026-07-13 00:16:07] ✓ 11个数据文件已同步VPS(rsync -u, 仅推送更新过的)
[2026-07-13 00:17:09] VPS重算: 200
[2026-07-13 00:24:01] 抓到 3 场
[2026-07-13 00:24:06] ✓ 11个数据文件已同步VPS(rsync -u, 仅推送更新过的)
[2026-07-13 00:24:08] VPS重算: 200
[2026-07-13 00:32:02] 抓到 3 场
[2026-07-13 00:32:08] ✓ 11个数据文件已同步VPS(rsync -u, 仅推送更新过的)
[2026-07-13 00:32:09] VPS重算: 200
[2026-07-13 00:40:01] 抓到 3 场
[2026-07-13 00:40:06] ✓ 11个数据文件已同步VPS(rsync -u, 仅推送更新过的)
[2026-07-13 00:41:36] VPS重算: 000
[2026-07-13 00:48:01] 抓到 3 场
[2026-07-13 00:48:07] ✓ 11个数据文件已同步VPS(rsync -u, 仅推送更新过的)
[2026-07-13 00:48:09] VPS重算: 200
[2026-07-13 00:56:01] 抓到 3 场
[2026-07-13 00:56:05] ✓ 11个数据文件已同步VPS(rsync -u, 仅推送更新过的)
[2026-07-13 00:56:06] VPS重算: 429
[2026-07-13 01:00:01] 抓到 3 场
[2026-07-13 01:00:07] ✓ 11个数据文件已同步VPS(rsync -u, 仅推送更新过的)
[2026-07-13 01:01:08] VPS重算: 200
[2026-07-13 01:08:01] 抓到 3 场
[2026-07-13 01:09:41] ✓ 11个数据文件已同步VPS(rsync -u, 仅推送更新过的)
[2026-07-13 01:11:11] VPS重算: 000
[2026-07-13 01:16:01] 抓到 2 场
[2026-07-13 01:16:06] ✓ 11个数据文件已同步VPS(rsync -u, 仅推送更新过的)
[2026-07-13 01:17:09] VPS重算: 200
[2026-07-13 01:24:01] 抓到 2 场
[2026-07-13 01:24:06] ✓ 11个数据文件已同步VPS(rsync -u, 仅推送更新过的)
[2026-07-13 01:24:08] VPS重算: 200
[2026-07-13 01:32:01] 抓到 2 场
[2026-07-13 01:32:06] ✓ 11个数据文件已同步VPS(rsync -u, 仅推送更新过的)
[2026-07-13 01:32:38] VPS重算: 200
[2026-07-13 01:40:01] 抓到 2 场
[2026-07-13 01:40:06] ✓ 11个数据文件已同步VPS(rsync -u, 仅推送更新过的)
[2026-07-13 01:41:08] VPS重算: 200
[2026-07-13 01:48:01] 抓到 2 场
[2026-07-13 01:48:07] ✓ 11个数据文件已同步VPS(rsync -u, 仅推送更新过的)
[2026-07-13 01:48:09] VPS重算: 200
[2026-07-13 01:56:01] 抓到 2 场
[2026-07-13 01:56:06] ✓ 11个数据文件已同步VPS(rsync -u, 仅推送更新过的)
[2026-07-13 01:57:07] VPS重算: 200
[2026-07-13 02:00:01] 抓到 2 场
[2026-07-13 02:00:05] ✓ 11个数据文件已同步VPS(rsync -u, 仅推送更新过的)
[2026-07-13 02:00:07] VPS重算: 200
[2026-07-13 02:08:01] 抓到 2 场
[2026-07-13 02:08:05] ✓ 11个数据文件已同步VPS(rsync -u, 仅推送更新过的)
[2026-07-13 02:08:07] VPS重算: 200
[2026-07-13 02:16:01] 抓到 2 场
[2026-07-13 02:16:06] ✓ 11个数据文件已同步VPS(rsync -u, 仅推送更新过的)
[2026-07-13 02:16:37] VPS重算: 200
[2026-07-13 02:24:01] 抓到 2 场
[2026-07-13 02:24:06] ✓ 11个数据文件已同步VPS(rsync -u, 仅推送更新过的)
[2026-07-13 02:25:08] VPS重算: 200
[2026-07-13 02:32:01] 抓到 2 场
[2026-07-13 02:32:06] ✓ 11个数据文件已同步VPS(rsync -u, 仅推送更新过的)
[2026-07-13 02:32:37] VPS重算: 200
[2026-07-13 02:40:01] 抓到 2 场
[2026-07-13 02:40:06] ✓ 11个数据文件已同步VPS(rsync -u, 仅推送更新过的)
[2026-07-13 02:40:07] VPS重算: 200
[2026-07-13 02:48:01] 抓到 2 场
[2026-07-13 02:48:06] ✓ 11个数据文件已同步VPS(rsync -u, 仅推送更新过的)
[2026-07-13 02:48:40] VPS重算: 200
[2026-07-13 02:56:01] 抓到 2 场
[2026-07-13 02:56:06] ✓ 11个数据文件已同步VPS(rsync -u, 仅推送更新过的)
[2026-07-13 02:56:07] VPS重算: 200
[2026-07-13 03:00:01] 抓到 2 场
[2026-07-13 03:00:05] ✓ 11个数据文件已同步VPS(rsync -u, 仅推送更新过的)
[2026-07-13 03:01:35] VPS重算: 000
[2026-07-13 03:08:01] 抓到 2 场
[2026-07-13 03:08:06] ✓ 11个数据文件已同步VPS(rsync -u, 仅推送更新过的)
[2026-07-13 03:08:07] VPS重算: 200
[2026-07-13 03:16:01] 抓到 2 场
[2026-07-13 03:16:05] ✓ 11个数据文件已同步VPS(rsync -u, 仅推送更新过的)
[2026-07-13 03:17:07] VPS重算: 200
[2026-07-13 03:24:01] 抓到 2 场
[2026-07-13 03:24:06] ✓ 11个数据文件已同步VPS(rsync -u, 仅推送更新过的)
[2026-07-13 03:24:38] VPS重算: 200
[2026-07-13 03:32:01] 抓到 2 场
[2026-07-13 03:32:05] ✓ 11个数据文件已同步VPS(rsync -u, 仅推送更新过的)
[2026-07-13 03:33:35] VPS重算: 000
[2026-07-13 03:40:01] 抓到 2 场
[2026-07-13 03:40:06] ✓ 11个数据文件已同步VPS(rsync -u, 仅推送更新过的)
[2026-07-13 03:40:08] VPS重算: 200
[2026-07-13 03:48:01] 抓到 2 场
[2026-07-13 03:48:06] ✓ 11个数据文件已同步VPS(rsync -u, 仅推送更新过的)
[2026-07-13 03:49:07] VPS重算: 200
[2026-07-13 03:56:02] 抓到 2 场
[2026-07-13 03:56:08] ✓ 11个数据文件已同步VPS(rsync -u, 仅推送更新过的)
[2026-07-13 03:56:40] VPS重算: 200
[2026-07-13 04:00:01] 抓到 2 场
[2026-07-13 04:00:07] ✓ 11个数据文件已同步VPS(rsync -u, 仅推送更新过的)
[2026-07-13 04:00:08] VPS重算: 200
[2026-07-13 04:08:01] 抓到 2 场
[2026-07-13 04:08:06] ✓ 11个数据文件已同步VPS(rsync -u, 仅推送更新过的)
[2026-07-13 04:09:07] VPS重算: 200
[2026-07-13 04:16:01] 抓到 2 场
[2026-07-13 04:16:05] ✓ 11个数据文件已同步VPS(rsync -u, 仅推送更新过的)
[2026-07-13 04:16:07] VPS重算: 200
[2026-07-13 04:24:01] 抓到 2 场
[2026-07-13 04:24:06] ✓ 11个数据文件已同步VPS(rsync -u, 仅推送更新过的)
[2026-07-13 04:24:38] VPS重算: 200
[2026-07-13 04:32:01] 抓到 2 场
[2026-07-13 04:32:05] ✓ 11个数据文件已同步VPS(rsync -u, 仅推送更新过的)
[2026-07-13 04:32:37] VPS重算: 200
[2026-07-13 04:40:01] 抓到 2 场
[2026-07-13 04:40:06] ✓ 11个数据文件已同步VPS(rsync -u, 仅推送更新过的)
[2026-07-13 04:41:36] VPS重算: 000
[2026-07-13 04:48:01] 抓到 2 场
[2026-07-13 04:48:05] ✓ 11个数据文件已同步VPS(rsync -u, 仅推送更新过的)
[2026-07-13 04:49:35] VPS重算: 000
[2026-07-13 04:56:01] 抓到 2 场
[2026-07-13 04:56:05] ✓ 11个数据文件已同步VPS(rsync -u, 仅推送更新过的)
[2026-07-13 04:57:07] VPS重算: 200
[2026-07-13 05:00:01] 抓到 2 场
[2026-07-13 05:00:07] ✓ 11个数据文件已同步VPS(rsync -u, 仅推送更新过的)
[2026-07-13 05:00:39] VPS重算: 200
[2026-07-13 05:08:01] 抓到 2 场
[2026-07-13 05:08:06] ✓ 11个数据文件已同步VPS(rsync -u, 仅推送更新过的)
[2026-07-13 05:09:36] VPS重算: 000
[2026-07-13 05:16:01] 抓到 2 场
[2026-07-13 05:16:07] ✓ 11个数据文件已同步VPS(rsync -u, 仅推送更新过的)
[2026-07-13 05:16:39] VPS重算: 200
[2026-07-13 05:24:02] 抓到 2 场
[2026-07-13 05:24:06] ✓ 11个数据文件已同步VPS(rsync -u, 仅推送更新过的)
[2026-07-13 05:24:08] VPS重算: 200
[2026-07-13 05:32:03] 抓到 2 场
[2026-07-13 05:32:24] ✓ 11个数据文件已同步VPS(rsync -u, 仅推送更新过的)
[2026-07-13 05:33:31] VPS重算: 200
[2026-07-13 05:40:01] 抓到 2 场
[2026-07-13 05:40:05] ✓ 11个数据文件已同步VPS(rsync -u, 仅推送更新过的)
[2026-07-13 05:40:07] VPS重算: 200
[2026-07-13 05:48:01] 抓到 2 场
[2026-07-13 05:48:07] ✓ 11个数据文件已同步VPS(rsync -u, 仅推送更新过的)
[2026-07-13 05:48:39] VPS重算: 200
[2026-07-13 05:56:02] 抓到 2 场
[2026-07-13 05:56:07] ✓ 11个数据文件已同步VPS(rsync -u, 仅推送更新过的)
[2026-07-13 05:56:38] VPS重算: 200
[2026-07-13 06:00:02] 抓到 2 场
[2026-07-13 06:00:06] ✓ 11个数据文件已同步VPS(rsync -u, 仅推送更新过的)
[2026-07-13 06:00:08] VPS重算: 200
[2026-07-13 06:08:01] 抓到 2 场
[2026-07-13 06:08:07] ✓ 11个数据文件已同步VPS(rsync -u, 仅推送更新过的)
[2026-07-13 06:08:39] VPS重算: 200
[2026-07-13 06:16:02] 抓到 2 场
[2026-07-13 06:16:07] ✓ 11个数据文件已同步VPS(rsync -u, 仅推送更新过的)
[2026-07-13 06:16:08] VPS重算: 200
[2026-07-13 06:24:05] 抓到 2 场
[2026-07-13 06:25:41] ✓ 11个数据文件已同步VPS(rsync -u, 仅推送更新过的)
[2026-07-13 06:27:14] VPS重算: 000
[2026-07-13 06:32:17] 抓到 2 场
[2026-07-13 06:34:11] ✓ 11个数据文件已同步VPS(rsync -u, 仅推送更新过的)
[2026-07-13 06:35:43] VPS重算: 000
[2026-07-13 06:40:02] 抓到 2 场
[2026-07-13 06:40:21] ✓ 11个数据文件已同步VPS(rsync -u, 仅推送更新过的)
[2026-07-13 06:41:55] VPS重算: 000
[2026-07-13 06:48:04] 抓到 2 场
[2026-07-13 06:49:30] ✓ 11个数据文件已同步VPS(rsync -u, 仅推送更新过的)
[2026-07-13 06:51:05] VPS重算: 000
[2026-07-13 06:56:01] 抓到 2 场
[2026-07-13 06:56:07] ✓ 11个数据文件已同步VPS(rsync -u, 仅推送更新过的)
[2026-07-13 06:57:09] VPS重算: 200
[2026-07-13 07:00:25] 抓到 2 场
[2026-07-13 07:04:15] ✓ 11个数据文件已同步VPS(rsync -u, 仅推送更新过的)
[2026-07-13 07:04:47] VPS重算: 200
[2026-07-13 07:08:01] 抓到 2 场
[2026-07-13 07:08:06] ✓ 11个数据文件已同步VPS(rsync -u, 仅推送更新过的)
[2026-07-13 07:08:07] VPS重算: 200
[2026-07-13 07:16:02] 抓到 2 场
[2026-07-13 07:17:02] ✓ 11个数据文件已同步VPS(rsync -u, 仅推送更新过的)
[2026-07-13 07:17:38] VPS重算: 200
[2026-07-13 07:24:35] 抓到 2 场
[2026-07-13 07:25:45] ✓ 11个数据文件已同步VPS(rsync -u, 仅推送更新过的)
[2026-07-13 07:25:47] VPS重算: 200
[2026-07-13 07:32:01] 抓到 2 场
[2026-07-13 07:32:06] ✓ 11个数据文件已同步VPS(rsync -u, 仅推送更新过的)
[2026-07-13 07:33:07] VPS重算: 200
[2026-07-13 07:40:01] 抓到 2 场
[2026-07-13 07:40:06] ✓ 11个数据文件已同步VPS(rsync -u, 仅推送更新过的)
[2026-07-13 07:40:37] VPS重算: 200
[2026-07-13 07:48:01] 抓到 2 场
[2026-07-13 07:48:06] ✓ 11个数据文件已同步VPS(rsync -u, 仅推送更新过的)
[2026-07-13 07:49:36] VPS重算: 000
[2026-07-13 07:56:01] 抓到 2 场
[2026-07-13 07:56:06] ✓ 11个数据文件已同步VPS(rsync -u, 仅推送更新过的)
[2026-07-13 07:56:37] VPS重算: 200
[2026-07-13 08:00:01] 抓到 2 场
[2026-07-13 08:00:05] ✓ 11个数据文件已同步VPS(rsync -u, 仅推送更新过的)
[2026-07-13 08:00:07] VPS重算: 200
[2026-07-13 08:08:01] 抓到 2 场
[2026-07-13 08:08:06] ✓ 11个数据文件已同步VPS(rsync -u, 仅推送更新过的)
[2026-07-13 08:08:08] VPS重算: 200
[2026-07-13 08:16:01] 抓到 2 场
[2026-07-13 08:16:06] ✓ 11个数据文件已同步VPS(rsync -u, 仅推送更新过的)
[2026-07-13 08:16:07] VPS重算: 200
[2026-07-13 08:24:01] 抓到 2 场
[2026-07-13 08:24:06] ✓ 11个数据文件已同步VPS(rsync -u, 仅推送更新过的)
[2026-07-13 08:24:07] VPS重算: 200
[2026-07-13 08:32:01] 抓到 2 场
[2026-07-13 08:32:05] ✓ 11个数据文件已同步VPS(rsync -u, 仅推送更新过的)
[2026-07-13 08:32:06] VPS重算: 200
[2026-07-13 08:40:01] 抓到 2 场
[2026-07-13 08:40:06] ✓ 11个数据文件已同步VPS(rsync -u, 仅推送更新过的)
[2026-07-13 08:40:09] VPS重算: 200
[2026-07-13 08:48:01] 抓到 2 场
[2026-07-13 08:48:05] ✓ 11个数据文件已同步VPS(rsync -u, 仅推送更新过的)
[2026-07-13 08:48:07] VPS重算: 200
[2026-07-13 08:56:01] 抓到 2 场
[2026-07-13 08:56:07] ✓ 11个数据文件已同步VPS(rsync -u, 仅推送更新过的)
[2026-07-13 08:56:08] VPS重算: 200
[2026-07-13 09:00:01] 抓到 2 场
[2026-07-13 09:00:05] ✓ 11个数据文件已同步VPS(rsync -u, 仅推送更新过的)
[2026-07-13 09:00:09] VPS重算: 200
[2026-07-13 09:08:01] 抓到 2 场
[2026-07-13 09:08:06] ✓ 11个数据文件已同步VPS(rsync -u, 仅推送更新过的)
[2026-07-13 09:08:08] VPS重算: 200
[2026-07-13 09:16:01] 抓到 2 场
[2026-07-13 09:16:05] ✓ 11个数据文件已同步VPS(rsync -u, 仅推送更新过的)
[2026-07-13 09:16:37] VPS重算: 200
[2026-07-13 09:24:01] 抓到 2 场
[2026-07-13 09:24:08] ✓ 11个数据文件已同步VPS(rsync -u, 仅推送更新过的)
[2026-07-13 09:24:41] VPS重算: 200
[2026-07-13 09:32:01] 抓到 2 场
[2026-07-13 09:32:06] ✓ 11个数据文件已同步VPS(rsync -u, 仅推送更新过的)
[2026-07-13 09:33:08] VPS重算: 200
[2026-07-13 09:40:01] 抓到 2 场
[2026-07-13 09:40:05] ✓ 11个数据文件已同步VPS(rsync -u, 仅推送更新过的)
[2026-07-13 09:40:36] VPS重算: 200
[2026-07-13 09:48:01] 抓到 2 场
[2026-07-13 09:48:05] ✓ 11个数据文件已同步VPS(rsync -u, 仅推送更新过的)
[2026-07-13 09:48:07] VPS重算: 200
[2026-07-13 09:56:01] 抓到 2 场
[2026-07-13 09:56:06] ✓ 11个数据文件已同步VPS(rsync -u, 仅推送更新过的)
[2026-07-13 09:56:37] VPS重算: 200
[2026-07-13 10:00:02] 抓到 2 场
[2026-07-13 10:00:06] ✓ 11个数据文件已同步VPS(rsync -u, 仅推送更新过的)
[2026-07-13 10:01:36] VPS重算: 000
[2026-07-13 10:08:01] 抓到 2 场
[2026-07-13 10:08:06] ✓ 11个数据文件已同步VPS(rsync -u, 仅推送更新过的)
[2026-07-13 10:09:08] VPS重算: 200
[2026-07-13 10:16:01] 抓到 2 场
[2026-07-13 10:16:07] ✓ 11个数据文件已同步VPS(rsync -u, 仅推送更新过的)
[2026-07-13 10:17:09] VPS重算: 200
[2026-07-13 10:24:01] 抓到 2 场
[2026-07-13 10:24:06] ✓ 11个数据文件已同步VPS(rsync -u, 仅推送更新过的)
[2026-07-13 10:24:08] VPS重算: 200
[2026-07-13 10:32:01] 抓到 2 场
[2026-07-13 10:32:06] ✓ 11个数据文件已同步VPS(rsync -u, 仅推送更新过的)
[2026-07-13 10:32:06] VPS重算: 429
[2026-07-13 10:40:01] 抓到 2 场
[2026-07-13 10:40:06] ✓ 11个数据文件已同步VPS(rsync -u, 仅推送更新过的)
[2026-07-13 10:40:08] VPS重算: 200
[2026-07-13 10:48:01] 抓到 2 场
[2026-07-13 10:48:07] ✓ 11个数据文件已同步VPS(rsync -u, 仅推送更新过的)
[2026-07-13 10:48:39] VPS重算: 200
[2026-07-13 10:56:01] 抓到 2 场
[2026-07-13 10:56:06] ✓ 11个数据文件已同步VPS(rsync -u, 仅推送更新过的)
[2026-07-13 10:56:08] VPS重算: 200
[2026-07-13 11:00:01] 抓到 2 场
[2026-07-13 11:00:05] ✓ 11个数据文件已同步VPS(rsync -u, 仅推送更新过的)
[2026-07-13 11:00:07] VPS重算: 200
[2026-07-13 11:08:01] 抓到 3 场
[2026-07-13 11:08:06] ✓ 11个数据文件已同步VPS(rsync -u, 仅推送更新过的)
[2026-07-13 11:08:08] VPS重算: 200
[2026-07-13 11:16:01] 抓到 3 场
[2026-07-13 11:16:05] ✓ 11个数据文件已同步VPS(rsync -u, 仅推送更新过的)
[2026-07-13 11:16:08] VPS重算: 200
[2026-07-13 11:24:01] 抓到 3 场
[2026-07-13 11:24:07] ✓ 11个数据文件已同步VPS(rsync -u, 仅推送更新过的)
[2026-07-13 11:24:39] VPS重算: 200
[2026-07-13 11:32:01] 抓到 3 场
[2026-07-13 11:32:07] ✓ 11个数据文件已同步VPS(rsync -u, 仅推送更新过的)
[2026-07-13 11:32:39] VPS重算: 200
[2026-07-13 11:40:01] 抓到 3 场
[2026-07-13 11:40:07] ✓ 11个数据文件已同步VPS(rsync -u, 仅推送更新过的)
[2026-07-13 11:40:08] VPS重算: 200
[2026-07-13 11:48:01] 抓到 3 场
[2026-07-13 11:48:05] ✓ 11个数据文件已同步VPS(rsync -u, 仅推送更新过的)
[2026-07-13 11:48:07] VPS重算: 200
[2026-07-13 11:56:01] 抓到 3 场
[2026-07-13 11:56:06] ✓ 11个数据文件已同步VPS(rsync -u, 仅推送更新过的)
[2026-07-13 11:56:37] VPS重算: 200
[2026-07-13 12:00:01] 抓到 3 场
[2026-07-13 12:00:06] ✓ 11个数据文件已同步VPS(rsync -u, 仅推送更新过的)
[2026-07-13 12:00:08] VPS重算: 200
[2026-07-13 12:08:01] 抓到 3 场
[2026-07-13 12:08:07] ✓ 11个数据文件已同步VPS(rsync -u, 仅推送更新过的)
[2026-07-13 12:08:09] VPS重算: 200
[2026-07-13 12:16:01] 抓到 3 场
[2026-07-13 12:16:06] ✓ 11个数据文件已同步VPS(rsync -u, 仅推送更新过的)
[2026-07-13 12:16:07] VPS重算: 429
[2026-07-13 12:24:01] 抓到 3 场
[2026-07-13 12:24:06] ✓ 11个数据文件已同步VPS(rsync -u, 仅推送更新过的)
[2026-07-13 12:25:08] VPS重算: 200
[2026-07-13 12:32:01] 抓到 3 场
[2026-07-13 12:32:05] ✓ 11个数据文件已同步VPS(rsync -u, 仅推送更新过的)
[2026-07-13 12:33:35] VPS重算: 000
[2026-07-13 12:40:01] 抓到 3 场
[2026-07-13 12:40:06] ✓ 11个数据文件已同步VPS(rsync -u, 仅推送更新过的)
[2026-07-13 12:40:08] VPS重算: 200
[2026-07-13 12:48:01] 抓到 3 场
[2026-07-13 12:48:07] ✓ 11个数据文件已同步VPS(rsync -u, 仅推送更新过的)
[2026-07-13 12:48:08] VPS重算: 429
[2026-07-13 12:56:01] 抓到 3 场
[2026-07-13 12:56:06] ✓ 11个数据文件已同步VPS(rsync -u, 仅推送更新过的)
[2026-07-13 12:56:07] VPS重算: 200
[2026-07-13 13:00:01] 抓到 3 场
[2026-07-13 13:00:06] ✓ 11个数据文件已同步VPS(rsync -u, 仅推送更新过的)
[2026-07-13 13:00:07] VPS重算: 200
[2026-07-13 13:08:01] 抓到 3 场
[2026-07-13 13:08:06] ✓ 11个数据文件已同步VPS(rsync -u, 仅推送更新过的)
[2026-07-13 13:08:08] VPS重算: 200
[2026-07-13 13:16:01] 抓到 3 场
[2026-07-13 13:16:08] ✓ 11个数据文件已同步VPS(rsync -u, 仅推送更新过的)
[2026-07-13 13:17:09] VPS重算: 200
[2026-07-13 13:24:01] 抓到 3 场
[2026-07-13 13:24:06] ✓ 11个数据文件已同步VPS(rsync -u, 仅推送更新过的)
[2026-07-13 13:24:07] VPS重算: 200
[2026-07-13 13:32:01] 抓到 3 场
[2026-07-13 13:32:07] ✓ 11个数据文件已同步VPS(rsync -u, 仅推送更新过的)
[2026-07-13 13:32:08] VPS重算: 429
[2026-07-13 13:40:01] 抓到 3 场
[2026-07-13 13:40:07] ✓ 11个数据文件已同步VPS(rsync -u, 仅推送更新过的)
[2026-07-13 13:40:09] VPS重算: 200
[2026-07-13 13:48:01] 抓到 3 场
[2026-07-13 13:48:23] ✓ 11个数据文件已同步VPS(rsync -u, 仅推送更新过的)
[2026-07-13 13:48:54] VPS重算: 200
[2026-07-13 13:56:01] 抓到 3 场
[2026-07-13 13:56:07] ✓ 11个数据文件已同步VPS(rsync -u, 仅推送更新过的)
[2026-07-13 13:56:08] VPS重算: 200
[2026-07-13 14:00:01] 抓到 3 场
[2026-07-13 14:00:06] ✓ 11个数据文件已同步VPS(rsync -u, 仅推送更新过的)
[2026-07-13 14:00:38] VPS重算: 200
[2026-07-13 14:08:01] 抓到 3 场
[2026-07-13 14:08:07] ✓ 11个数据文件已同步VPS(rsync -u, 仅推送更新过的)
[2026-07-13 14:08:09] VPS重算: 200
[2026-07-13 14:16:01] 抓到 3 场
[2026-07-13 14:16:06] ✓ 11个数据文件已同步VPS(rsync -u, 仅推送更新过的)
[2026-07-13 14:16:38] VPS重算: 200
[2026-07-13 14:24:01] 抓到 3 场
[2026-07-13 14:24:43] ✓ 11个数据文件已同步VPS(rsync -u, 仅推送更新过的)
[2026-07-13 14:25:15] VPS重算: 200
[2026-07-13 14:32:01] 抓到 3 场
[2026-07-13 14:32:07] ✓ 11个数据文件已同步VPS(rsync -u, 仅推送更新过的)
[2026-07-13 14:32:38] VPS重算: 200
[2026-07-13 14:40:01] 抓到 3 场
[2026-07-13 14:40:07] ✓ 11个数据文件已同步VPS(rsync -u, 仅推送更新过的)
[2026-07-13 14:40:38] VPS重算: 200
[2026-07-13 14:48:01] 抓到 3 场
[2026-07-13 14:48:07] ✓ 11个数据文件已同步VPS(rsync -u, 仅推送更新过的)
[2026-07-13 14:48:41] VPS重算: 200
[2026-07-13 14:56:01] 抓到 3 场
[2026-07-13 14:56:07] ✓ 11个数据文件已同步VPS(rsync -u, 仅推送更新过的)
[2026-07-13 14:57:10] VPS重算: 200
[2026-07-13 15:00:01] 抓到 3 场
[2026-07-13 15:00:05] ✓ 11个数据文件已同步VPS(rsync -u, 仅推送更新过的)
[2026-07-13 15:01:07] VPS重算: 200
[2026-07-13 15:08:01] 抓到 3 场
[2026-07-13 15:08:07] ✓ 11个数据文件已同步VPS(rsync -u, 仅推送更新过的)
[2026-07-13 15:08:09] VPS重算: 200
[2026-07-13 15:16:01] 抓到 3 场
[2026-07-13 15:16:07] ✓ 11个数据文件已同步VPS(rsync -u, 仅推送更新过的)
[2026-07-13 15:17:09] VPS重算: 200
[2026-07-13 15:24:01] 抓到 3 场
[2026-07-13 15:24:07] ✓ 11个数据文件已同步VPS(rsync -u, 仅推送更新过的)
[2026-07-13 15:24:39] VPS重算: 200
[2026-07-13 15:32:01] 抓到 3 场
[2026-07-13 15:32:05] ✓ 11个数据文件已同步VPS(rsync -u, 仅推送更新过的)
[2026-07-13 15:32:07] VPS重算: 200
[2026-07-13 15:40:01] 抓到 3 场
[2026-07-13 15:40:07] ✓ 11个数据文件已同步VPS(rsync -u, 仅推送更新过的)
[2026-07-13 15:41:10] VPS重算: 200
[2026-07-13 15:48:01] 抓到 3 场
[2026-07-13 15:48:08] ✓ 11个数据文件已同步VPS(rsync -u, 仅推送更新过的)
[2026-07-13 15:48:40] VPS重算: 200
[2026-07-13 15:56:01] 抓到 3 场
[2026-07-13 15:56:06] ✓ 11个数据文件已同步VPS(rsync -u, 仅推送更新过的)
[2026-07-13 15:56:08] VPS重算: 200
[2026-07-13 16:00:01] 抓到 3 场
[2026-07-13 16:00:06] ✓ 11个数据文件已同步VPS(rsync -u, 仅推送更新过的)
[2026-07-13 16:00:07] VPS重算: 200
[2026-07-13 16:08:01] 抓到 3 场
[2026-07-13 16:08:08] ✓ 11个数据文件已同步VPS(rsync -u, 仅推送更新过的)
[2026-07-13 16:08:10] VPS重算: 200
[2026-07-13 16:16:01] 抓到 3 场
[2026-07-13 16:16:07] ✓ 11个数据文件已同步VPS(rsync -u, 仅推送更新过的)
[2026-07-13 16:16:08] VPS重算: 200
[2026-07-13 16:24:01] 抓到 3 场
[2026-07-13 16:24:06] ✓ 11个数据文件已同步VPS(rsync -u, 仅推送更新过的)
[2026-07-13 16:24:07] VPS重算: 200
[2026-07-13 16:32:01] 抓到 3 场
[2026-07-13 16:32:07] ✓ 11个数据文件已同步VPS(rsync -u, 仅推送更新过的)
[2026-07-13 16:32:09] VPS重算: 200
[2026-07-13 16:40:01] 抓到 3 场
[2026-07-13 16:40:06] ✓ 11个数据文件已同步VPS(rsync -u, 仅推送更新过的)
[2026-07-13 16:41:36] VPS重算: 000
[2026-07-13 16:48:01] 抓到 3 场
[2026-07-13 16:48:05] ✓ 11个数据文件已同步VPS(rsync -u, 仅推送更新过的)
[2026-07-13 16:48:37] VPS重算: 200
[2026-07-13 16:56:01] 抓到 3 场
[2026-07-13 16:56:05] ✓ 11个数据文件已同步VPS(rsync -u, 仅推送更新过的)
[2026-07-13 16:56:07] VPS重算: 200
[2026-07-13 17:00:01] 抓到 3 场
[2026-07-13 17:00:05] ✓ 11个数据文件已同步VPS(rsync -u, 仅推送更新过的)
[2026-07-13 17:01:07] VPS重算: 200
[2026-07-13 17:08:01] 抓到 3 场
[2026-07-13 17:08:07] ✓ 11个数据文件已同步VPS(rsync -u, 仅推送更新过的)
[2026-07-13 17:08:38] VPS重算: 200
[2026-07-13 17:16:01] 抓到 3 场
[2026-07-13 17:16:05] ✓ 11个数据文件已同步VPS(rsync -u, 仅推送更新过的)
[2026-07-13 17:16:06] VPS重算: 200
[2026-07-13 17:24:01] 抓到 3 场
[2026-07-13 17:24:06] ✓ 11个数据文件已同步VPS(rsync -u, 仅推送更新过的)
[2026-07-13 17:25:36] VPS重算: 000
[2026-07-13 17:32:01] 抓到 3 场
[2026-07-13 17:32:08] ✓ 11个数据文件已同步VPS(rsync -u, 仅推送更新过的)
[2026-07-13 17:32:09] VPS重算: 429
[2026-07-13 17:40:01] 抓到 3 场
[2026-07-13 17:40:07] ✓ 11个数据文件已同步VPS(rsync -u, 仅推送更新过的)
[2026-07-13 17:40:09] VPS重算: 200
[2026-07-13 17:48:01] 抓到 3 场
[2026-07-13 17:48:06] ✓ 11个数据文件已同步VPS(rsync -u, 仅推送更新过的)
[2026-07-13 17:48:08] VPS重算: 200
[2026-07-13 17:56:02] 抓到 3 场
[2026-07-13 17:56:07] ✓ 11个数据文件已同步VPS(rsync -u, 仅推送更新过的)
[2026-07-13 17:56:08] VPS重算: 200
[2026-07-13 18:00:01] 抓到 3 场
[2026-07-13 18:00:05] ✓ 11个数据文件已同步VPS(rsync -u, 仅推送更新过的)
[2026-07-13 18:00:07] VPS重算: 200
[2026-07-13 18:08:01] 抓到 3 场
[2026-07-13 18:08:06] ✓ 11个数据文件已同步VPS(rsync -u, 仅推送更新过的)
[2026-07-13 18:08:38] VPS重算: 200
[2026-07-13 18:16:01] 抓到 3 场
[2026-07-13 18:16:05] ✓ 11个数据文件已同步VPS(rsync -u, 仅推送更新过的)
[2026-07-13 18:16:07] VPS重算: 200
[2026-07-13 18:24:01] 抓到 3 场
[2026-07-13 18:24:07] ✓ 11个数据文件已同步VPS(rsync -u, 仅推送更新过的)
[2026-07-13 18:24:38] VPS重算: 200
[2026-07-13 18:32:01] 抓到 3 场
[2026-07-13 18:32:06] ✓ 11个数据文件已同步VPS(rsync -u, 仅推送更新过的)
[2026-07-13 18:32:08] VPS重算: 200
[2026-07-13 18:40:01] 抓到 3 场
[2026-07-13 18:40:08] ✓ 11个数据文件已同步VPS(rsync -u, 仅推送更新过的)
[2026-07-13 18:40:09] VPS重算: 200
[2026-07-13 18:48:01] 抓到 3 场
[2026-07-13 18:48:07] ✓ 11个数据文件已同步VPS(rsync -u, 仅推送更新过的)
[2026-07-13 18:48:09] VPS重算: 200
[2026-07-13 18:56:01] 抓到 3 场
[2026-07-13 18:56:06] ✓ 11个数据文件已同步VPS(rsync -u, 仅推送更新过的)
[2026-07-13 18:56:08] VPS重算: 200
[2026-07-13 19:00:01] 抓到 3 场
[2026-07-13 19:00:06] ✓ 11个数据文件已同步VPS(rsync -u, 仅推送更新过的)
[2026-07-13 19:00:08] VPS重算: 200
[2026-07-13 19:08:01] 抓到 3 场
[2026-07-13 19:08:06] ✓ 11个数据文件已同步VPS(rsync -u, 仅推送更新过的)
[2026-07-13 19:09:08] VPS重算: 200
[2026-07-13 19:16:01] 抓到 3 场
[2026-07-13 19:16:06] ✓ 11个数据文件已同步VPS(rsync -u, 仅推送更新过的)
[2026-07-13 19:16:09] VPS重算: 200
[2026-07-13 19:24:01] 抓到 3 场
[2026-07-13 19:24:07] ✓ 11个数据文件已同步VPS(rsync -u, 仅推送更新过的)
[2026-07-13 19:25:09] VPS重算: 200
[2026-07-13 19:32:01] 抓到 3 场
[2026-07-13 19:32:06] ✓ 11个数据文件已同步VPS(rsync -u, 仅推送更新过的)
[2026-07-13 19:32:38] VPS重算: 200
[2026-07-13 19:40:01] 抓到 3 场
[2026-07-13 19:40:06] ✓ 11个数据文件已同步VPS(rsync -u, 仅推送更新过的)
[2026-07-13 19:40:08] VPS重算: 200
[2026-07-13 19:48:01] 抓到 3 场
[2026-07-13 19:48:07] ✓ 11个数据文件已同步VPS(rsync -u, 仅推送更新过的)
[2026-07-13 19:48:09] VPS重算: 200
[2026-07-13 19:56:01] 抓到 3 场
[2026-07-13 19:56:08] ✓ 11个数据文件已同步VPS(rsync -u, 仅推送更新过的)
[2026-07-13 19:57:09] VPS重算: 200
[2026-07-13 20:00:01] 抓到 3 场
[2026-07-13 20:00:05] ✓ 11个数据文件已同步VPS(rsync -u, 仅推送更新过的)
[2026-07-13 20:00:07] VPS重算: 200
[2026-07-13 20:08:01] 抓到 3 场
[2026-07-13 20:08:07] ✓ 11个数据文件已同步VPS(rsync -u, 仅推送更新过的)
[2026-07-13 20:08:08] VPS重算: 200
[2026-07-13 20:16:01] 抓到 3 场
[2026-07-13 20:16:08] ✓ 11个数据文件已同步VPS(rsync -u, 仅推送更新过的)
[2026-07-13 20:16:39] VPS重算: 200
[2026-07-13 20:24:01] 抓到 3 场
[2026-07-13 20:24:06] ✓ 11个数据文件已同步VPS(rsync -u, 仅推送更新过的)
[2026-07-13 20:24:37] VPS重算: 200
[2026-07-13 20:32:01] 抓到 3 场
[2026-07-13 20:32:07] ✓ 11个数据文件已同步VPS(rsync -u, 仅推送更新过的)
[2026-07-13 20:32:38] VPS重算: 200
[2026-07-13 20:40:02] 抓到 3 场
[2026-07-13 20:40:07] ✓ 11个数据文件已同步VPS(rsync -u, 仅推送更新过的)
[2026-07-13 20:40:08] VPS重算: 200
[2026-07-13 20:48:01] 抓到 3 场
[2026-07-13 20:48:07] ✓ 11个数据文件已同步VPS(rsync -u, 仅推送更新过的)
[2026-07-13 20:49:37] VPS重算: 000
[2026-07-13 20:56:01] 抓到 3 场
[2026-07-13 20:56:07] ✓ 11个数据文件已同步VPS(rsync -u, 仅推送更新过的)
[2026-07-13 20:56:09] VPS重算: 200
[2026-07-13 21:00:01] 抓到 3 场
[2026-07-13 21:00:06] ✓ 11个数据文件已同步VPS(rsync -u, 仅推送更新过的)
[2026-07-13 21:00:07] VPS重算: 200
[2026-07-13 21:08:01] 抓到 3 场
[2026-07-13 21:08:06] ✓ 11个数据文件已同步VPS(rsync -u, 仅推送更新过的)
[2026-07-13 21:08:39] VPS重算: 200
[2026-07-13 21:16:01] 抓到 3 场
[2026-07-13 21:16:07] ✓ 11个数据文件已同步VPS(rsync -u, 仅推送更新过的)
[2026-07-13 21:16:09] VPS重算: 200
[2026-07-13 21:24:01] 抓到 3 场
[2026-07-13 21:24:08] ✓ 11个数据文件已同步VPS(rsync -u, 仅推送更新过的)
[2026-07-13 21:24:11] VPS重算: 200
[2026-07-13 21:32:01] 抓到 3 场
[2026-07-13 21:32:07] ✓ 11个数据文件已同步VPS(rsync -u, 仅推送更新过的)
[2026-07-13 21:32:09] VPS重算: 200
[2026-07-13 21:40:01] 抓到 3 场
[2026-07-13 21:40:07] ✓ 11个数据文件已同步VPS(rsync -u, 仅推送更新过的)
[2026-07-13 21:40:08] VPS重算: 200
[2026-07-13 21:48:01] 抓到 3 场
[2026-07-13 21:48:06] ✓ 11个数据文件已同步VPS(rsync -u, 仅推送更新过的)
[2026-07-13 21:48:09] VPS重算: 200
[2026-07-13 21:56:01] 抓到 3 场
[2026-07-13 21:56:08] ✓ 11个数据文件已同步VPS(rsync -u, 仅推送更新过的)
[2026-07-13 21:57:38] VPS重算: 000
[2026-07-13 22:00:01] 抓到 3 场
[2026-07-13 22:00:07] ✓ 11个数据文件已同步VPS(rsync -u, 仅推送更新过的)
[2026-07-13 22:00:38] VPS重算: 200
[2026-07-13 22:08:01] 抓到 3 场
[2026-07-13 22:10:02] ✗ 推送失败(VPS不可达或免密未配)
[2026-07-13 22:16:01] 抓到 3 场
[2026-07-13 22:16:06] ✓ 11个数据文件已同步VPS(rsync -u, 仅推送更新过的)
[2026-07-13 22:16:38] VPS重算: 200
[2026-07-13 22:24:01] 抓到 3 场
[2026-07-13 22:24:07] ✓ 11个数据文件已同步VPS(rsync -u, 仅推送更新过的)
[2026-07-13 22:24:39] VPS重算: 200
[2026-07-13 22:32:02] 抓到 3 场
[2026-07-13 22:32:08] ✓ 11个数据文件已同步VPS(rsync -u, 仅推送更新过的)
[2026-07-13 22:33:12] VPS重算: 200
[2026-07-13 22:40:01] 抓到 3 场
[2026-07-13 22:42:02] ✗ 推送失败(VPS不可达或免密未配)
[2026-07-13 22:48:01] 抓到 3 场
[2026-07-13 22:48:08] ✓ 11个数据文件已同步VPS(rsync -u, 仅推送更新过的)
[2026-07-13 22:48:40] VPS重算: 200
[2026-07-13 22:56:01] 抓到 3 场
[2026-07-13 22:56:07] ✓ 11个数据文件已同步VPS(rsync -u, 仅推送更新过的)
[2026-07-13 22:57:09] VPS重算: 200
[2026-07-13 23:00:01] 抓到 3 场
[2026-07-13 23:00:05] ✓ 11个数据文件已同步VPS(rsync -u, 仅推送更新过的)
[2026-07-13 23:01:07] VPS重算: 200
[2026-07-13 23:08:01] 抓到 3 场
[2026-07-13 23:08:06] ✓ 11个数据文件已同步VPS(rsync -u, 仅推送更新过的)
[2026-07-13 23:08:06] VPS重算: 429
[2026-07-13 23:16:01] 抓到 3 场
[2026-07-13 23:16:06] ✓ 11个数据文件已同步VPS(rsync -u, 仅推送更新过的)
[2026-07-13 23:16:08] VPS重算: 200
[2026-07-13 23:24:01] 抓到 3 场
[2026-07-13 23:26:02] ✗ 推送失败(VPS不可达或免密未配)
[2026-07-13 23:32:01] 抓到 3 场
[2026-07-13 23:32:07] ✓ 11个数据文件已同步VPS(rsync -u, 仅推送更新过的)
[2026-07-13 23:32:08] VPS重算: 200
[2026-07-13 23:40:01] 抓到 3 场
[2026-07-13 23:40:06] ✓ 11个数据文件已同步VPS(rsync -u, 仅推送更新过的)
[2026-07-13 23:40:38] VPS重算: 200
[2026-07-13 23:48:01] 抓到 3 场
[2026-07-13 23:48:07] ✓ 11个数据文件已同步VPS(rsync -u, 仅推送更新过的)
[2026-07-13 23:48:09] VPS重算: 200
[2026-07-13 23:56:01] 抓到 3 场
[2026-07-13 23:56:07] ✓ 11个数据文件已同步VPS(rsync -u, 仅推送更新过的)
[2026-07-13 23:56:09] VPS重算: 200
[2026-07-14 00:00:01] 抓到 3 场
[2026-07-14 00:00:06] ✓ 11个数据文件已同步VPS(rsync -u, 仅推送更新过的)
[2026-07-14 00:00:08] VPS重算: 200
[2026-07-14 00:08:01] 抓到 3 场
[2026-07-14 00:08:07] ✓ 11个数据文件已同步VPS(rsync -u, 仅推送更新过的)
[2026-07-14 00:08:39] VPS重算: 200
[2026-07-14 00:16:01] 抓到 3 场
[2026-07-14 00:16:06] ✓ 11个数据文件已同步VPS(rsync -u, 仅推送更新过的)
[2026-07-14 00:16:08] VPS重算: 200
[2026-07-14 00:24:01] 抓到 3 场
[2026-07-14 00:24:07] ✓ 11个数据文件已同步VPS(rsync -u, 仅推送更新过的)
[2026-07-14 00:25:37] VPS重算: 000
[2026-07-14 00:32:01] 抓到 3 场
[2026-07-14 00:32:06] ✓ 11个数据文件已同步VPS(rsync -u, 仅推送更新过的)
[2026-07-14 00:33:07] VPS重算: 200
[2026-07-14 00:40:01] 抓到 3 场
[2026-07-14 00:40:05] ✓ 11个数据文件已同步VPS(rsync -u, 仅推送更新过的)
[2026-07-14 00:40:07] VPS重算: 200
[2026-07-14 00:48:01] 抓到 3 场
[2026-07-14 00:48:06] ✓ 11个数据文件已同步VPS(rsync -u, 仅推送更新过的)
[2026-07-14 00:48:37] VPS重算: 200
[2026-07-14 00:56:01] 抓到 3 场
[2026-07-14 00:56:06] ✓ 11个数据文件已同步VPS(rsync -u, 仅推送更新过的)
[2026-07-14 00:56:08] VPS重算: 200
[2026-07-14 01:00:01] 抓到 3 场
[2026-07-14 01:00:05] ✓ 11个数据文件已同步VPS(rsync -u, 仅推送更新过的)
[2026-07-14 01:00:07] VPS重算: 200
[2026-07-14 01:08:01] 抓到 2 场
[2026-07-14 01:08:06] ✓ 11个数据文件已同步VPS(rsync -u, 仅推送更新过的)
[2026-07-14 01:08:07] VPS重算: 200
[2026-07-14 01:16:01] 抓到 2 场
[2026-07-14 01:16:05] ✓ 11个数据文件已同步VPS(rsync -u, 仅推送更新过的)
[2026-07-14 01:17:07] VPS重算: 200
[2026-07-14 01:24:01] 抓到 2 场
[2026-07-14 01:24:07] ✓ 11个数据文件已同步VPS(rsync -u, 仅推送更新过的)
[2026-07-14 01:24:08] VPS重算: 200
[2026-07-14 01:32:01] 抓到 2 场
[2026-07-14 01:32:06] ✓ 11个数据文件已同步VPS(rsync -u, 仅推送更新过的)
[2026-07-14 01:32:38] VPS重算: 200
[2026-07-14 01:40:01] 抓到 2 场
[2026-07-14 01:40:07] ✓ 11个数据文件已同步VPS(rsync -u, 仅推送更新过的)
[2026-07-14 01:40:38] VPS重算: 200
[2026-07-14 01:48:01] 抓到 2 场
[2026-07-14 01:48:06] ✓ 11个数据文件已同步VPS(rsync -u, 仅推送更新过的)
[2026-07-14 01:48:07] VPS重算: 200
[2026-07-14 01:56:01] 抓到 2 场
[2026-07-14 01:56:06] ✓ 11个数据文件已同步VPS(rsync -u, 仅推送更新过的)
[2026-07-14 01:56:38] VPS重算: 200
[2026-07-14 02:00:02] 抓到 2 场
[2026-07-14 02:00:25] ✓ 11个数据文件已同步VPS(rsync -u, 仅推送更新过的)
[2026-07-14 02:01:57] VPS重算: 000
[2026-07-14 02:08:01] 抓到 2 场
[2026-07-14 02:08:06] ✓ 11个数据文件已同步VPS(rsync -u, 仅推送更新过的)
[2026-07-14 02:09:08] VPS重算: 200
[2026-07-14 02:16:01] 抓到 2 场
[2026-07-14 02:16:06] ✓ 11个数据文件已同步VPS(rsync -u, 仅推送更新过的)
[2026-07-14 02:17:07] VPS重算: 200
[2026-07-14 02:24:01] 抓到 2 场
[2026-07-14 02:24:06] ✓ 11个数据文件已同步VPS(rsync -u, 仅推送更新过的)
[2026-07-14 02:24:07] VPS重算: 200
[2026-07-14 02:32:01] 抓到 2 场
[2026-07-14 02:32:07] ✓ 11个数据文件已同步VPS(rsync -u, 仅推送更新过的)
[2026-07-14 02:33:08] VPS重算: 200
[2026-07-14 02:40:01] 抓到 2 场
[2026-07-14 02:40:06] ✓ 11个数据文件已同步VPS(rsync -u, 仅推送更新过的)
[2026-07-14 02:40:07] VPS重算: 200
[2026-07-14 02:48:01] 抓到 2 场
[2026-07-14 02:48:06] ✓ 11个数据文件已同步VPS(rsync -u, 仅推送更新过的)
[2026-07-14 02:48:07] VPS重算: 200
[2026-07-14 02:56:01] 抓到 2 场
[2026-07-14 02:56:07] ✓ 11个数据文件已同步VPS(rsync -u, 仅推送更新过的)
[2026-07-14 02:56:08] VPS重算: 200
[2026-07-14 03:00:01] 抓到 2 场
[2026-07-14 03:00:06] ✓ 11个数据文件已同步VPS(rsync -u, 仅推送更新过的)
[2026-07-14 03:00:08] VPS重算: 200
[2026-07-14 03:08:01] 抓到 2 场
[2026-07-14 03:08:06] ✓ 11个数据文件已同步VPS(rsync -u, 仅推送更新过的)
[2026-07-14 03:08:38] VPS重算: 200
[2026-07-14 03:16:01] 抓到 2 场
[2026-07-14 03:16:05] ✓ 11个数据文件已同步VPS(rsync -u, 仅推送更新过的)
[2026-07-14 03:16:07] VPS重算: 200
[2026-07-14 03:24:04] 抓到 2 场
[2026-07-14 03:26:31] ✓ 11个数据文件已同步VPS(rsync -u, 仅推送更新过的)
[2026-07-14 03:26:35] VPS重算: 200
[2026-07-14 03:32:03] 抓到 2 场
[2026-07-14 03:33:07] ✓ 11个数据文件已同步VPS(rsync -u, 仅推送更新过的)
[2026-07-14 03:33:13] VPS重算: 200
[2026-07-14 03:40:03] 抓到 2 场
[2026-07-14 03:41:20] ✓ 11个数据文件已同步VPS(rsync -u, 仅推送更新过的)
[2026-07-14 03:41:25] VPS重算: 200
[2026-07-14 03:48:03] 抓到 2 场
[2026-07-14 03:48:44] ✓ 11个数据文件已同步VPS(rsync -u, 仅推送更新过的)
[2026-07-14 03:48:56] VPS重算: 200
[2026-07-14 03:56:01] 抓到 2 场
[2026-07-14 03:56:06] ✓ 11个数据文件已同步VPS(rsync -u, 仅推送更新过的)
[2026-07-14 03:56:08] VPS重算: 200
[2026-07-14 04:00:01] 抓到 2 场
[2026-07-14 04:00:05] ✓ 11个数据文件已同步VPS(rsync -u, 仅推送更新过的)
[2026-07-14 04:00:07] VPS重算: 200
[2026-07-14 04:08:01] 抓到 2 场
[2026-07-14 04:08:06] ✓ 11个数据文件已同步VPS(rsync -u, 仅推送更新过的)
[2026-07-14 04:08:14] VPS重算: 200
[2026-07-14 04:24:01] 抓到 2 场
[2026-07-14 04:24:07] ✓ 11个数据文件已同步VPS(rsync -u, 仅推送更新过的)
[2026-07-14 04:25:08] VPS重算: 200
[2026-07-14 04:32:01] 抓到 2 场
[2026-07-14 04:32:06] ✓ 11个数据文件已同步VPS(rsync -u, 仅推送更新过的)
[2026-07-14 04:32:08] VPS重算: 200
[2026-07-14 04:40:01] 抓到 2 场
[2026-07-14 04:40:06] ✓ 11个数据文件已同步VPS(rsync -u, 仅推送更新过的)
[2026-07-14 04:40:07] VPS重算: 429
[2026-07-14 04:48:01] 抓到 2 场
[2026-07-14 04:48:06] ✓ 11个数据文件已同步VPS(rsync -u, 仅推送更新过的)
[2026-07-14 04:48:08] VPS重算: 200
[2026-07-14 04:56:01] 抓到 2 场
[2026-07-14 04:56:06] ✓ 11个数据文件已同步VPS(rsync -u, 仅推送更新过的)
[2026-07-14 04:56:08] VPS重算: 200
[2026-07-14 05:00:01] 抓到 2 场
[2026-07-14 05:00:06] ✓ 11个数据文件已同步VPS(rsync -u, 仅推送更新过的)
[2026-07-14 05:00:37] VPS重算: 200
[2026-07-14 05:08:01] 抓到 2 场
[2026-07-14 05:08:07] ✓ 11个数据文件已同步VPS(rsync -u, 仅推送更新过的)
[2026-07-14 05:09:37] VPS重算: 000
[2026-07-14 05:16:01] 抓到 2 场
[2026-07-14 05:16:06] ✓ 11个数据文件已同步VPS(rsync -u, 仅推送更新过的)
[2026-07-14 05:16:07] VPS重算: 200
[2026-07-14 05:24:01] 抓到 2 场
[2026-07-14 05:24:06] ✓ 11个数据文件已同步VPS(rsync -u, 仅推送更新过的)
[2026-07-14 05:24:07] VPS重算: 200
[2026-07-14 05:32:01] 抓到 2 场
[2026-07-14 05:32:06] ✓ 11个数据文件已同步VPS(rsync -u, 仅推送更新过的)
[2026-07-14 05:33:08] VPS重算: 200
[2026-07-14 05:40:01] 抓到 2 场
[2026-07-14 05:40:06] ✓ 11个数据文件已同步VPS(rsync -u, 仅推送更新过的)
[2026-07-14 05:41:07] VPS重算: 200
[2026-07-14 05:48:02] 抓到 2 场
[2026-07-14 05:48:07] ✓ 11个数据文件已同步VPS(rsync -u, 仅推送更新过的)
[2026-07-14 05:48:08] VPS重算: 200
[2026-07-14 05:56:01] 抓到 2 场
[2026-07-14 05:56:05] ✓ 11个数据文件已同步VPS(rsync -u, 仅推送更新过的)
[2026-07-14 05:56:36] VPS重算: 200
[2026-07-14 06:00:01] 抓到 2 场
[2026-07-14 06:00:05] ✓ 11个数据文件已同步VPS(rsync -u, 仅推送更新过的)
[2026-07-14 06:00:06] VPS重算: 200
[2026-07-14 06:08:01] 抓到 2 场
[2026-07-14 06:08:07] ✓ 11个数据文件已同步VPS(rsync -u, 仅推送更新过的)
[2026-07-14 06:09:09] VPS重算: 200
[2026-07-14 06:16:01] 抓到 2 场
[2026-07-14 06:16:06] ✓ 11个数据文件已同步VPS(rsync -u, 仅推送更新过的)
[2026-07-14 06:17:36] VPS重算: 000
[2026-07-14 06:24:01] 抓到 2 场
[2026-07-14 06:24:05] ✓ 11个数据文件已同步VPS(rsync -u, 仅推送更新过的)
[2026-07-14 06:24:07] VPS重算: 200
[2026-07-14 06:32:01] 抓到 2 场
[2026-07-14 06:32:06] ✓ 11个数据文件已同步VPS(rsync -u, 仅推送更新过的)
[2026-07-14 06:32:37] VPS重算: 200
[2026-07-14 06:40:01] 抓到 2 场
[2026-07-14 06:40:06] ✓ 11个数据文件已同步VPS(rsync -u, 仅推送更新过的)
[2026-07-14 06:40:08] VPS重算: 200
[2026-07-14 06:48:01] 抓到 2 场
[2026-07-14 06:48:06] ✓ 11个数据文件已同步VPS(rsync -u, 仅推送更新过的)
[2026-07-14 06:48:08] VPS重算: 200
[2026-07-14 06:56:01] 抓到 2 场
[2026-07-14 06:56:06] ✓ 11个数据文件已同步VPS(rsync -u, 仅推送更新过的)
[2026-07-14 06:56:07] VPS重算: 429
[2026-07-14 07:00:01] 抓到 2 场
[2026-07-14 07:00:06] ✓ 11个数据文件已同步VPS(rsync -u, 仅推送更新过的)
[2026-07-14 07:00:37] VPS重算: 200
[2026-07-14 07:08:01] 抓到 2 场
[2026-07-14 07:08:06] ✓ 11个数据文件已同步VPS(rsync -u, 仅推送更新过的)
[2026-07-14 07:09:36] VPS重算: 000
[2026-07-14 07:16:01] 抓到 2 场
[2026-07-14 07:16:07] ✓ 11个数据文件已同步VPS(rsync -u, 仅推送更新过的)
[2026-07-14 07:16:39] VPS重算: 200
[2026-07-14 07:24:01] 抓到 2 场
[2026-07-14 07:24:06] ✓ 11个数据文件已同步VPS(rsync -u, 仅推送更新过的)
[2026-07-14 07:24:38] VPS重算: 200
[2026-07-14 07:32:01] 抓到 2 场
[2026-07-14 07:32:07] ✓ 11个数据文件已同步VPS(rsync -u, 仅推送更新过的)
[2026-07-14 07:33:37] VPS重算: 000
[2026-07-14 07:40:01] 抓到 2 场
[2026-07-14 07:40:07] ✓ 11个数据文件已同步VPS(rsync -u, 仅推送更新过的)
[2026-07-14 07:40:39] VPS重算: 200
[2026-07-14 07:48:01] 抓到 2 场
[2026-07-14 07:48:05] ✓ 11个数据文件已同步VPS(rsync -u, 仅推送更新过的)
[2026-07-14 07:48:07] VPS重算: 200
[2026-07-14 07:56:01] 抓到 2 场
[2026-07-14 07:56:06] ✓ 11个数据文件已同步VPS(rsync -u, 仅推送更新过的)
[2026-07-14 07:56:38] VPS重算: 200
[2026-07-14 08:00:01] 抓到 2 场
[2026-07-14 08:00:06] ✓ 11个数据文件已同步VPS(rsync -u, 仅推送更新过的)
[2026-07-14 08:00:07] VPS重算: 200
[2026-07-14 08:08:01] 抓到 2 场
[2026-07-14 08:08:07] ✓ 11个数据文件已同步VPS(rsync -u, 仅推送更新过的)
[2026-07-14 08:08:38] VPS重算: 200
[2026-07-14 08:16:01] 抓到 2 场
[2026-07-14 08:16:06] ✓ 11个数据文件已同步VPS(rsync -u, 仅推送更新过的)
[2026-07-14 08:17:07] VPS重算: 200
[2026-07-14 08:24:01] 抓到 2 场
[2026-07-14 08:24:06] ✓ 11个数据文件已同步VPS(rsync -u, 仅推送更新过的)
[2026-07-14 08:24:08] VPS重算: 200
[2026-07-14 08:32:01] 抓到 2 场
[2026-07-14 08:32:06] ✓ 11个数据文件已同步VPS(rsync -u, 仅推送更新过的)
[2026-07-14 08:33:07] VPS重算: 200
[2026-07-14 08:40:02] 抓到 2 场
[2026-07-14 08:40:08] ✓ 11个数据文件已同步VPS(rsync -u, 仅推送更新过的)
[2026-07-14 08:40:39] VPS重算: 200
[2026-07-14 08:48:01] 抓到 2 场
[2026-07-14 08:48:07] ✓ 11个数据文件已同步VPS(rsync -u, 仅推送更新过的)
[2026-07-14 08:48:40] VPS重算: 200
[2026-07-14 08:56:01] 抓到 2 场
[2026-07-14 08:56:06] ✓ 11个数据文件已同步VPS(rsync -u, 仅推送更新过的)
[2026-07-14 08:56:08] VPS重算: 200
[2026-07-14 09:00:01] 抓到 2 场
[2026-07-14 09:00:06] ✓ 11个数据文件已同步VPS(rsync -u, 仅推送更新过的)
[2026-07-14 09:01:36] VPS重算: 000
[2026-07-14 09:08:02] 抓到 2 场
[2026-07-14 09:08:07] ✓ 11个数据文件已同步VPS(rsync -u, 仅推送更新过的)
[2026-07-14 09:09:37] VPS重算: 000
[2026-07-14 09:16:01] 抓到 2 场
[2026-07-14 09:16:06] ✓ 11个数据文件已同步VPS(rsync -u, 仅推送更新过的)
[2026-07-14 09:17:08] VPS重算: 200
[2026-07-14 09:24:01] 抓到 2 场
[2026-07-14 09:24:08] ✓ 11个数据文件已同步VPS(rsync -u, 仅推送更新过的)
[2026-07-14 09:24:09] VPS重算: 200
[2026-07-14 09:32:01] 抓到 2 场
[2026-07-14 09:32:06] ✓ 11个数据文件已同步VPS(rsync -u, 仅推送更新过的)
[2026-07-14 09:32:06] VPS重算: 429
[2026-07-14 09:40:01] 抓到 2 场
[2026-07-14 09:40:05] ✓ 11个数据文件已同步VPS(rsync -u, 仅推送更新过的)
[2026-07-14 09:40:07] VPS重算: 200
[2026-07-14 09:48:01] 抓到 2 场
[2026-07-14 09:48:05] ✓ 11个数据文件已同步VPS(rsync -u, 仅推送更新过的)
[2026-07-14 09:48:37] VPS重算: 200
[2026-07-14 09:56:01] 抓到 2 场
[2026-07-14 09:56:05] ✓ 11个数据文件已同步VPS(rsync -u, 仅推送更新过的)
[2026-07-14 09:56:07] VPS重算: 200
[2026-07-14 10:00:01] 抓到 2 场
[2026-07-14 10:00:06] ✓ 11个数据文件已同步VPS(rsync -u, 仅推送更新过的)
[2026-07-14 10:00:09] VPS重算: 200
[2026-07-14 10:08:01] 抓到 2 场
[2026-07-14 10:08:05] ✓ 11个数据文件已同步VPS(rsync -u, 仅推送更新过的)
[2026-07-14 10:08:07] VPS重算: 200
[2026-07-14 10:16:01] 抓到 2 场
[2026-07-14 10:16:06] ✓ 11个数据文件已同步VPS(rsync -u, 仅推送更新过的)
[2026-07-14 10:16:08] VPS重算: 200
[2026-07-14 10:24:01] 抓到 2 场
[2026-07-14 10:24:06] ✓ 11个数据文件已同步VPS(rsync -u, 仅推送更新过的)
[2026-07-14 10:25:07] VPS重算: 200
[2026-07-14 10:32:01] 抓到 2 场
[2026-07-14 10:32:05] ✓ 11个数据文件已同步VPS(rsync -u, 仅推送更新过的)
[2026-07-14 10:32:37] VPS重算: 200
[2026-07-14 10:40:01] 抓到 2 场
[2026-07-14 10:40:08] ✓ 11个数据文件已同步VPS(rsync -u, 仅推送更新过的)
[2026-07-14 10:40:40] VPS重算: 200
[2026-07-14 10:48:01] 抓到 2 场
[2026-07-14 10:48:07] ✓ 11个数据文件已同步VPS(rsync -u, 仅推送更新过的)
[2026-07-14 10:49:09] VPS重算: 200
[2026-07-14 10:56:01] 抓到 2 场
[2026-07-14 10:56:07] ✓ 11个数据文件已同步VPS(rsync -u, 仅推送更新过的)
[2026-07-14 10:57:09] VPS重算: 200
[2026-07-14 11:00:01] 抓到 2 场
[2026-07-14 11:00:07] ✓ 11个数据文件已同步VPS(rsync -u, 仅推送更新过的)
[2026-07-14 11:00:39] VPS重算: 200
[2026-07-14 11:08:01] 抓到 4 场
[2026-07-14 11:08:05] ✓ 11个数据文件已同步VPS(rsync -u, 仅推送更新过的)
[2026-07-14 11:09:08] VPS重算: 200
[2026-07-14 11:16:01] 抓到 4 场
[2026-07-14 11:16:08] ✓ 11个数据文件已同步VPS(rsync -u, 仅推送更新过的)
[2026-07-14 11:16:08] VPS重算: 429
[2026-07-14 11:24:01] 抓到 4 场
[2026-07-14 11:24:07] ✓ 11个数据文件已同步VPS(rsync -u, 仅推送更新过的)
[2026-07-14 11:24:09] VPS重算: 200
[2026-07-14 11:32:01] 抓到 4 场
[2026-07-14 11:32:06] ✓ 11个数据文件已同步VPS(rsync -u, 仅推送更新过的)
[2026-07-14 11:33:36] VPS重算: 000
[2026-07-14 11:40:01] 抓到 4 场
[2026-07-14 11:40:06] ✓ 11个数据文件已同步VPS(rsync -u, 仅推送更新过的)
[2026-07-14 11:40:37] VPS重算: 200
[2026-07-14 11:48:01] 抓到 4 场
[2026-07-14 11:48:07] ✓ 11个数据文件已同步VPS(rsync -u, 仅推送更新过的)
[2026-07-14 11:48:09] VPS重算: 200
[2026-07-14 11:56:01] 抓到 4 场
[2026-07-14 11:56:08] ✓ 11个数据文件已同步VPS(rsync -u, 仅推送更新过的)
[2026-07-14 11:56:09] VPS重算: 200
[2026-07-14 12:00:01] 抓到 4 场
[2026-07-14 12:00:06] ✓ 11个数据文件已同步VPS(rsync -u, 仅推送更新过的)
[2026-07-14 12:00:39] VPS重算: 200
[2026-07-14 12:08:01] 抓到 4 场
[2026-07-14 12:08:05] ✓ 11个数据文件已同步VPS(rsync -u, 仅推送更新过的)
[2026-07-14 12:09:35] VPS重算: 000
[2026-07-14 12:16:01] 抓到 4 场
[2026-07-14 12:16:06] ✓ 11个数据文件已同步VPS(rsync -u, 仅推送更新过的)
[2026-07-14 12:17:36] VPS重算: 000
[2026-07-14 12:24:01] 抓到 4 场
[2026-07-14 12:24:07] ✓ 11个数据文件已同步VPS(rsync -u, 仅推送更新过的)
[2026-07-14 12:24:09] VPS重算: 200
[2026-07-14 12:32:01] 抓到 4 场
[2026-07-14 12:32:07] ✓ 11个数据文件已同步VPS(rsync -u, 仅推送更新过的)
[2026-07-14 12:32:39] VPS重算: 200
[2026-07-14 12:40:01] 抓到 4 场
[2026-07-14 12:40:06] ✓ 11个数据文件已同步VPS(rsync -u, 仅推送更新过的)
[2026-07-14 12:40:08] VPS重算: 200
[2026-07-14 12:48:01] 抓到 4 场
[2026-07-14 12:48:07] ✓ 11个数据文件已同步VPS(rsync -u, 仅推送更新过的)
[2026-07-14 12:49:10] VPS重算: 200
[2026-07-14 12:56:01] 抓到 4 场
[2026-07-14 12:56:07] ✓ 11个数据文件已同步VPS(rsync -u, 仅推送更新过的)
[2026-07-14 12:57:37] VPS重算: 000
[2026-07-14 13:00:01] 抓到 4 场
[2026-07-14 13:00:06] ✓ 11个数据文件已同步VPS(rsync -u, 仅推送更新过的)
[2026-07-14 13:00:38] VPS重算: 200
[2026-07-14 13:08:01] 抓到 4 场
[2026-07-14 13:08:07] ✓ 11个数据文件已同步VPS(rsync -u, 仅推送更新过的)
[2026-07-14 13:08:09] VPS重算: 200
[2026-07-14 13:16:01] 抓到 4 场
[2026-07-14 13:16:06] ✓ 11个数据文件已同步VPS(rsync -u, 仅推送更新过的)
[2026-07-14 13:16:38] VPS重算: 200
[2026-07-14 13:24:01] 抓到 4 场
[2026-07-14 13:24:06] ✓ 11个数据文件已同步VPS(rsync -u, 仅推送更新过的)
[2026-07-14 13:24:07] VPS重算: 200
[2026-07-14 13:32:01] 抓到 4 场
[2026-07-14 13:32:07] ✓ 11个数据文件已同步VPS(rsync -u, 仅推送更新过的)
[2026-07-14 13:32:39] VPS重算: 200
[2026-07-14 13:40:01] 抓到 4 场
[2026-07-14 13:40:08] ✓ 11个数据文件已同步VPS(rsync -u, 仅推送更新过的)
[2026-07-14 13:40:10] VPS重算: 200
[2026-07-14 13:48:01] 抓到 4 场
[2026-07-14 13:48:08] ✓ 11个数据文件已同步VPS(rsync -u, 仅推送更新过的)
[2026-07-14 13:48:09] VPS重算: 200
[2026-07-14 13:56:01] 抓到 4 场
[2026-07-14 13:56:07] ✓ 11个数据文件已同步VPS(rsync -u, 仅推送更新过的)
[2026-07-14 13:56:38] VPS重算: 200
[2026-07-14 14:00:01] 抓到 4 场
[2026-07-14 14:00:06] ✓ 11个数据文件已同步VPS(rsync -u, 仅推送更新过的)
[2026-07-14 14:01:08] VPS重算: 200
[2026-07-14 14:08:01] 抓到 4 场
[2026-07-14 14:08:07] ✓ 11个数据文件已同步VPS(rsync -u, 仅推送更新过的)
[2026-07-14 14:08:10] VPS重算: 200
[2026-07-14 14:16:01] 抓到 4 场
[2026-07-14 14:16:07] ✓ 11个数据文件已同步VPS(rsync -u, 仅推送更新过的)
[2026-07-14 14:16:09] VPS重算: 200
[2026-07-14 14:24:01] 抓到 4 场
[2026-07-14 14:24:08] ✓ 11个数据文件已同步VPS(rsync -u, 仅推送更新过的)
[2026-07-14 14:25:10] VPS重算: 200
[2026-07-14 14:32:02] 抓到 4 场
[2026-07-14 14:32:08] ✓ 11个数据文件已同步VPS(rsync -u, 仅推送更新过的)
[2026-07-14 14:32:40] VPS重算: 200
[2026-07-14 14:40:01] 抓到 4 场
[2026-07-14 14:40:07] ✓ 11个数据文件已同步VPS(rsync -u, 仅推送更新过的)
[2026-07-14 14:40:08] VPS重算: 200
[2026-07-14 14:48:01] 抓到 4 场
[2026-07-14 14:48:07] ✓ 11个数据文件已同步VPS(rsync -u, 仅推送更新过的)
[2026-07-14 14:48:08] VPS重算: 429
[2026-07-14 14:56:01] 抓到 4 场
[2026-07-14 14:56:07] ✓ 11个数据文件已同步VPS(rsync -u, 仅推送更新过的)
[2026-07-14 14:56:09] VPS重算: 200
[2026-07-14 15:00:01] 抓到 4 场
[2026-07-14 15:00:06] ✓ 11个数据文件已同步VPS(rsync -u, 仅推送更新过的)
[2026-07-14 15:00:08] VPS重算: 200
[2026-07-14 15:08:01] 抓到 4 场
[2026-07-14 15:08:05] ✓ 11个数据文件已同步VPS(rsync -u, 仅推送更新过的)
[2026-07-14 15:08:06] VPS重算: 200
[2026-07-14 15:16:01] 抓到 4 场
[2026-07-14 15:16:18] ✓ 11个数据文件已同步VPS(rsync -u, 仅推送更新过的)
[2026-07-14 15:16:21] VPS重算: 200
[2026-07-14 15:24:01] 抓到 4 场
[2026-07-14 15:24:08] ✓ 11个数据文件已同步VPS(rsync -u, 仅推送更新过的)
[2026-07-14 15:24:39] VPS重算: 200
[2026-07-14 15:32:01] 抓到 4 场
[2026-07-14 15:32:07] ✓ 11个数据文件已同步VPS(rsync -u, 仅推送更新过的)
[2026-07-14 15:32:08] VPS重算: 200
[2026-07-14 15:40:01] 抓到 4 场
[2026-07-14 15:40:06] ✓ 11个数据文件已同步VPS(rsync -u, 仅推送更新过的)
[2026-07-14 15:40:08] VPS重算: 200
[2026-07-14 15:48:01] 抓到 4 场
[2026-07-14 15:48:05] ✓ 11个数据文件已同步VPS(rsync -u, 仅推送更新过的)
[2026-07-14 15:48:07] VPS重算: 200
[2026-07-14 15:56:01] 抓到 4 场
[2026-07-14 15:56:06] ✓ 11个数据文件已同步VPS(rsync -u, 仅推送更新过的)
[2026-07-14 15:56:38] VPS重算: 200
[2026-07-14 16:00:01] 抓到 4 场
[2026-07-14 16:00:07] ✓ 11个数据文件已同步VPS(rsync -u, 仅推送更新过的)
[2026-07-14 16:00:39] VPS重算: 200
[2026-07-14 16:08:01] 抓到 4 场
[2026-07-14 16:08:07] ✓ 11个数据文件已同步VPS(rsync -u, 仅推送更新过的)
[2026-07-14 16:09:37] VPS重算: 000
[2026-07-14 16:16:01] 抓到 4 场
[2026-07-14 16:16:07] ✓ 11个数据文件已同步VPS(rsync -u, 仅推送更新过的)
[2026-07-14 16:16:38] VPS重算: 200
[2026-07-14 16:24:01] 抓到 4 场
[2026-07-14 16:24:06] ✓ 11个数据文件已同步VPS(rsync -u, 仅推送更新过的)
[2026-07-14 16:24:39] VPS重算: 200
[2026-07-14 16:32:01] 抓到 4 场
[2026-07-14 16:32:07] ✓ 11个数据文件已同步VPS(rsync -u, 仅推送更新过的)
[2026-07-14 16:33:09] VPS重算: 200
[2026-07-14 16:40:01] 抓到 4 场
[2026-07-14 16:40:07] ✓ 11个数据文件已同步VPS(rsync -u, 仅推送更新过的)
[2026-07-14 16:40:09] VPS重算: 200
[2026-07-14 16:48:01] 抓到 4 场
[2026-07-14 16:48:06] ✓ 11个数据文件已同步VPS(rsync -u, 仅推送更新过的)
[2026-07-14 16:48:08] VPS重算: 200
[2026-07-14 16:56:01] 抓到 4 场
[2026-07-14 16:56:07] ✓ 11个数据文件已同步VPS(rsync -u, 仅推送更新过的)
[2026-07-14 16:57:37] VPS重算: 000
[2026-07-14 17:00:01] 抓到 4 场
[2026-07-14 17:00:06] ✓ 11个数据文件已同步VPS(rsync -u, 仅推送更新过的)
[2026-07-14 17:00:08] VPS重算: 200
[2026-07-14 17:08:01] 抓到 4 场
[2026-07-14 17:08:06] ✓ 11个数据文件已同步VPS(rsync -u, 仅推送更新过的)
[2026-07-14 17:08:07] VPS重算: 200
[2026-07-14 17:16:01] 抓到 4 场
[2026-07-14 17:16:06] ✓ 11个数据文件已同步VPS(rsync -u, 仅推送更新过的)
[2026-07-14 17:17:08] VPS重算: 200
[2026-07-14 17:24:01] 抓到 4 场
[2026-07-14 17:24:06] ✓ 11个数据文件已同步VPS(rsync -u, 仅推送更新过的)
[2026-07-14 17:25:36] VPS重算: 000
[2026-07-14 17:32:01] 抓到 4 场
[2026-07-14 17:32:06] ✓ 11个数据文件已同步VPS(rsync -u, 仅推送更新过的)
[2026-07-14 17:32:08] VPS重算: 200
[2026-07-14 17:40:01] 抓到 4 场
[2026-07-14 17:40:06] ✓ 11个数据文件已同步VPS(rsync -u, 仅推送更新过的)
[2026-07-14 17:40:37] VPS重算: 200
[2026-07-14 17:48:01] 抓到 4 场
[2026-07-14 17:48:07] ✓ 11个数据文件已同步VPS(rsync -u, 仅推送更新过的)
[2026-07-14 17:48:40] VPS重算: 200
[2026-07-14 17:56:01] 抓到 4 场
[2026-07-14 17:56:07] ✓ 11个数据文件已同步VPS(rsync -u, 仅推送更新过的)
[2026-07-14 17:56:07] VPS重算: 429
[2026-07-14 18:00:01] 抓到 4 场
[2026-07-14 18:00:05] ✓ 11个数据文件已同步VPS(rsync -u, 仅推送更新过的)
[2026-07-14 18:00:37] VPS重算: 200
[2026-07-14 18:08:01] 抓到 4 场
[2026-07-14 18:08:07] ✓ 11个数据文件已同步VPS(rsync -u, 仅推送更新过的)
[2026-07-14 18:08:08] VPS重算: 200
[2026-07-14 18:16:01] 抓到 4 场
[2026-07-14 18:16:06] ✓ 11个数据文件已同步VPS(rsync -u, 仅推送更新过的)
[2026-07-14 18:16:08] VPS重算: 200
[2026-07-14 18:24:01] 抓到 4 场
[2026-07-14 18:24:06] ✓ 11个数据文件已同步VPS(rsync -u, 仅推送更新过的)
[2026-07-14 18:24:38] VPS重算: 200
[2026-07-14 18:32:01] 抓到 4 场
[2026-07-14 18:32:05] ✓ 11个数据文件已同步VPS(rsync -u, 仅推送更新过的)
[2026-07-14 18:32:07] VPS重算: 200
[2026-07-14 18:40:01] 抓到 4 场
[2026-07-14 18:40:07] ✓ 11个数据文件已同步VPS(rsync -u, 仅推送更新过的)
[2026-07-14 18:40:10] VPS重算: 200
[2026-07-14 18:48:01] 抓到 4 场
[2026-07-14 18:48:06] ✓ 11个数据文件已同步VPS(rsync -u, 仅推送更新过的)
[2026-07-14 18:48:07] VPS重算: 200
[2026-07-14 18:56:01] 抓到 4 场
[2026-07-14 18:56:05] ✓ 11个数据文件已同步VPS(rsync -u, 仅推送更新过的)
[2026-07-14 18:56:08] VPS重算: 200
[2026-07-14 19:00:01] 抓到 4 场
[2026-07-14 19:00:06] ✓ 11个数据文件已同步VPS(rsync -u, 仅推送更新过的)
[2026-07-14 19:01:36] VPS重算: 000
[2026-07-14 19:08:01] 抓到 4 场
[2026-07-14 19:08:06] ✓ 11个数据文件已同步VPS(rsync -u, 仅推送更新过的)
[2026-07-14 19:08:38] VPS重算: 200
[2026-07-14 19:16:01] 抓到 4 场
[2026-07-14 19:16:06] ✓ 11个数据文件已同步VPS(rsync -u, 仅推送更新过的)
[2026-07-14 19:16:10] VPS重算: 200
[2026-07-14 19:24:01] 抓到 4 场
[2026-07-14 19:24:06] ✓ 11个数据文件已同步VPS(rsync -u, 仅推送更新过的)
[2026-07-14 19:25:08] VPS重算: 200
[2026-07-14 19:32:01] 抓到 4 场
[2026-07-14 19:32:07] ✓ 11个数据文件已同步VPS(rsync -u, 仅推送更新过的)
[2026-07-14 19:32:08] VPS重算: 200
[2026-07-14 19:40:50] 抓到 4 场
[2026-07-14 19:40:57] ✓ 11个数据文件已同步VPS(rsync -u, 仅推送更新过的)
[2026-07-14 19:42:27] VPS重算: 000
[2026-07-14 19:48:01] 抓到 4 场
[2026-07-14 19:48:07] ✓ 11个数据文件已同步VPS(rsync -u, 仅推送更新过的)
[2026-07-14 19:49:09] VPS重算: 200
[2026-07-14 19:56:01] 抓到 4 场
[2026-07-14 19:56:12] ✓ 11个数据文件已同步VPS(rsync -u, 仅推送更新过的)
[2026-07-14 19:56:14] VPS重算: 200
[2026-07-14 20:00:01] 抓到 4 场
[2026-07-14 20:00:06] ✓ 11个数据文件已同步VPS(rsync -u, 仅推送更新过的)
[2026-07-14 20:00:07] VPS重算: 200
[2026-07-14 20:08:01] 抓到 4 场
[2026-07-14 20:08:07] ✓ 11个数据文件已同步VPS(rsync -u, 仅推送更新过的)
[2026-07-14 20:08:40] VPS重算: 200
[2026-07-14 20:16:01] 抓到 4 场
[2026-07-14 20:16:06] ✓ 11个数据文件已同步VPS(rsync -u, 仅推送更新过的)
[2026-07-14 20:17:07] VPS重算: 200
[2026-07-14 20:24:01] 抓到 4 场
[2026-07-14 20:24:06] ✓ 11个数据文件已同步VPS(rsync -u, 仅推送更新过的)
[2026-07-14 20:24:37] VPS重算: 200
[2026-07-14 20:32:01] 抓到 4 场
[2026-07-14 20:32:06] ✓ 11个数据文件已同步VPS(rsync -u, 仅推送更新过的)
[2026-07-14 20:32:06] VPS重算: 429
[2026-07-14 20:40:01] 抓到 4 场
[2026-07-14 20:40:06] ✓ 11个数据文件已同步VPS(rsync -u, 仅推送更新过的)
[2026-07-14 20:40:07] VPS重算: 200
[2026-07-14 20:48:01] 抓到 4 场
[2026-07-14 20:48:07] ✓ 11个数据文件已同步VPS(rsync -u, 仅推送更新过的)
[2026-07-14 20:48:08] VPS重算: 200
[2026-07-14 20:56:01] 抓到 4 场
[2026-07-14 20:56:07] ✓ 11个数据文件已同步VPS(rsync -u, 仅推送更新过的)
[2026-07-14 20:57:09] VPS重算: 200
[2026-07-14 21:00:01] 抓到 4 场
[2026-07-14 21:00:06] ✓ 11个数据文件已同步VPS(rsync -u, 仅推送更新过的)
[2026-07-14 21:01:36] VPS重算: 000
[2026-07-14 21:08:01] 抓到 4 场
[2026-07-14 21:08:07] ✓ 11个数据文件已同步VPS(rsync -u, 仅推送更新过的)
[2026-07-14 21:08:38] VPS重算: 200
[2026-07-14 21:16:01] 抓到 4 场
[2026-07-14 21:16:05] ✓ 11个数据文件已同步VPS(rsync -u, 仅推送更新过的)
[2026-07-14 21:16:07] VPS重算: 200
[2026-07-14 21:24:01] 抓到 4 场
[2026-07-14 21:24:08] ✓ 11个数据文件已同步VPS(rsync -u, 仅推送更新过的)
[2026-07-14 21:24:09] VPS重算: 200
[2026-07-14 21:32:01] 抓到 4 场
[2026-07-14 21:32:07] ✓ 11个数据文件已同步VPS(rsync -u, 仅推送更新过的)
[2026-07-14 21:32:09] VPS重算: 200
[2026-07-14 21:40:01] 抓到 4 场
[2026-07-14 21:40:07] ✓ 11个数据文件已同步VPS(rsync -u, 仅推送更新过的)
[2026-07-14 21:41:37] VPS重算: 000
[2026-07-14 21:48:02] 抓到 4 场
[2026-07-14 21:48:09] ✓ 11个数据文件已同步VPS(rsync -u, 仅推送更新过的)
[2026-07-14 21:49:39] VPS重算: 000
[2026-07-14 21:56:01] 抓到 4 场
[2026-07-14 21:56:06] ✓ 11个数据文件已同步VPS(rsync -u, 仅推送更新过的)
[2026-07-14 21:57:08] VPS重算: 200
[2026-07-14 22:00:01] 抓到 4 场
[2026-07-14 22:00:09] ✓ 11个数据文件已同步VPS(rsync -u, 仅推送更新过的)
[2026-07-14 22:00:11] VPS重算: 200
[2026-07-14 22:08:01] 抓到 4 场
[2026-07-14 22:08:06] ✓ 11个数据文件已同步VPS(rsync -u, 仅推送更新过的)
[2026-07-14 22:08:07] VPS重算: 429
[2026-07-14 22:16:01] 抓到 4 场
[2026-07-14 22:16:07] ✓ 11个数据文件已同步VPS(rsync -u, 仅推送更新过的)
[2026-07-14 22:16:09] VPS重算: 200
[2026-07-14 22:24:01] 抓到 4 场
[2026-07-14 22:24:07] ✓ 11个数据文件已同步VPS(rsync -u, 仅推送更新过的)
[2026-07-14 22:25:09] VPS重算: 200
[2026-07-14 22:32:01] 抓到 4 场
[2026-07-14 22:32:07] ✓ 11个数据文件已同步VPS(rsync -u, 仅推送更新过的)
[2026-07-14 22:32:09] VPS重算: 200
[2026-07-14 22:40:01] 抓到 4 场
[2026-07-14 22:40:06] ✓ 11个数据文件已同步VPS(rsync -u, 仅推送更新过的)
[2026-07-14 22:40:08] VPS重算: 200
[2026-07-14 22:48:01] 抓到 4 场
[2026-07-14 22:48:08] ✓ 11个数据文件已同步VPS(rsync -u, 仅推送更新过的)
[2026-07-14 22:49:09] VPS重算: 200
[2026-07-14 22:56:01] 抓到 4 场
[2026-07-14 22:56:06] ✓ 11个数据文件已同步VPS(rsync -u, 仅推送更新过的)
[2026-07-14 22:56:07] VPS重算: 200
[2026-07-14 23:00:01] 抓到 4 场
[2026-07-14 23:00:05] ✓ 11个数据文件已同步VPS(rsync -u, 仅推送更新过的)
[2026-07-14 23:01:06] VPS重算: 200
[2026-07-14 23:08:02] 抓到 4 场
[2026-07-14 23:08:08] ✓ 11个数据文件已同步VPS(rsync -u, 仅推送更新过的)
[2026-07-14 23:09:10] VPS重算: 200
[2026-07-14 23:16:01] 抓到 4 场
[2026-07-14 23:16:08] ✓ 11个数据文件已同步VPS(rsync -u, 仅推送更新过的)
[2026-07-14 23:17:09] VPS重算: 200
[2026-07-14 23:24:01] 抓到 4 场
[2026-07-14 23:24:07] ✓ 11个数据文件已同步VPS(rsync -u, 仅推送更新过的)
[2026-07-14 23:25:09] VPS重算: 200
[2026-07-14 23:32:01] 抓到 4 场
[2026-07-14 23:34:02] ✗ 推送失败(VPS不可达或免密未配)
[2026-07-14 23:40:01] 抓到 4 场
[2026-07-14 23:40:06] ✓ 11个数据文件已同步VPS(rsync -u, 仅推送更新过的)
[2026-07-14 23:40:07] VPS重算: 200
[2026-07-14 23:48:01] 抓到 4 场
[2026-07-14 23:48:05] ✓ 11个数据文件已同步VPS(rsync -u, 仅推送更新过的)
[2026-07-14 23:48:37] VPS重算: 200
[2026-07-14 23:56:01] 抓到 4 场
[2026-07-14 23:56:06] ✓ 11个数据文件已同步VPS(rsync -u, 仅推送更新过的)
[2026-07-14 23:56:38] VPS重算: 200
[2026-07-15 00:00:01] 抓到 4 场
[2026-07-15 00:00:06] ✓ 11个数据文件已同步VPS(rsync -u, 仅推送更新过的)
[2026-07-15 00:00:37] VPS重算: 200
[2026-07-15 00:08:01] 抓到 4 场
[2026-07-15 00:08:05] ✓ 11个数据文件已同步VPS(rsync -u, 仅推送更新过的)
[2026-07-15 00:08:07] VPS重算: 200
[2026-07-15 00:16:01] 抓到 4 场
[2026-07-15 00:16:16] ✓ 11个数据文件已同步VPS(rsync -u, 仅推送更新过的)
[2026-07-15 00:16:17] VPS重算: 429
[2026-07-15 00:24:01] 抓到 4 场
[2026-07-15 00:26:03] ✓ 11个数据文件已同步VPS(rsync -u, 仅推送更新过的)
[2026-07-15 00:26:34] VPS重算: 200
[2026-07-15 00:32:01] 抓到 4 场
[2026-07-15 00:34:02] ✗ 推送失败(VPS不可达或免密未配)
[2026-07-15 00:40:01] 抓到 4 场
[2026-07-15 00:40:07] ✓ 11个数据文件已同步VPS(rsync -u, 仅推送更新过的)
[2026-07-15 00:40:38] VPS重算: 200
[2026-07-15 00:48:01] 抓到 4 场
[2026-07-15 00:48:30] ✓ 11个数据文件已同步VPS(rsync -u, 仅推送更新过的)
[2026-07-15 00:49:01] VPS重算: 200
[2026-07-15 00:56:02] 抓到 4 场
[2026-07-15 00:56:07] ✓ 11个数据文件已同步VPS(rsync -u, 仅推送更新过的)
[2026-07-15 00:57:37] VPS重算: 000
[2026-07-15 01:00:01] 抓到 4 场
[2026-07-15 01:00:06] ✓ 11个数据文件已同步VPS(rsync -u, 仅推送更新过的)
[2026-07-15 01:00:08] VPS重算: 200
[2026-07-15 01:08:01] 抓到 3 场
[2026-07-15 01:08:05] ✓ 11个数据文件已同步VPS(rsync -u, 仅推送更新过的)
[2026-07-15 01:08:07] VPS重算: 200
[2026-07-15 01:16:01] 抓到 3 场
[2026-07-15 01:16:06] ✓ 11个数据文件已同步VPS(rsync -u, 仅推送更新过的)
[2026-07-15 01:16:38] VPS重算: 200
[2026-07-15 01:24:01] 抓到 3 场
[2026-07-15 01:24:06] ✓ 11个数据文件已同步VPS(rsync -u, 仅推送更新过的)
[2026-07-15 01:24:38] VPS重算: 200
[2026-07-15 01:32:01] 抓到 2 场
[2026-07-15 01:32:06] ✓ 11个数据文件已同步VPS(rsync -u, 仅推送更新过的)
[2026-07-15 01:32:07] VPS重算: 429
[2026-07-15 01:40:02] 抓到 2 场
[2026-07-15 01:40:32] ✓ 11个数据文件已同步VPS(rsync -u, 仅推送更新过的)
[2026-07-15 01:40:37] VPS重算: 200
[2026-07-15 01:48:01] 抓到 2 场
[2026-07-15 01:48:09] ✓ 11个数据文件已同步VPS(rsync -u, 仅推送更新过的)
[2026-07-15 01:48:11] VPS重算: 200
[2026-07-15 01:56:01] 抓到 2 场
[2026-07-15 01:56:06] ✓ 11个数据文件已同步VPS(rsync -u, 仅推送更新过的)
[2026-07-15 01:56:07] VPS重算: 200
[2026-07-15 02:00:03] 抓到 2 场
[2026-07-15 02:01:22] ✓ 11个数据文件已同步VPS(rsync -u, 仅推送更新过的)
[2026-07-15 02:02:01] VPS重算: 200
[2026-07-15 02:08:01] 抓到 2 场
[2026-07-15 02:08:06] ✓ 11个数据文件已同步VPS(rsync -u, 仅推送更新过的)
[2026-07-15 02:09:08] VPS重算: 200
[2026-07-15 02:16:02] 抓到 2 场
[2026-07-15 02:16:12] ✓ 11个数据文件已同步VPS(rsync -u, 仅推送更新过的)
[2026-07-15 02:16:14] VPS重算: 200
[2026-07-15 02:24:01] 抓到 2 场
[2026-07-15 02:24:27] ✓ 11个数据文件已同步VPS(rsync -u, 仅推送更新过的)
[2026-07-15 02:24:35] VPS重算: 429
[2026-07-15 02:32:01] 抓到 2 场
[2026-07-15 02:32:06] ✓ 11个数据文件已同步VPS(rsync -u, 仅推送更新过的)
[2026-07-15 02:32:38] VPS重算: 200
[2026-07-15 02:40:01] 抓到 2 场
[2026-07-15 02:40:05] ✓ 11个数据文件已同步VPS(rsync -u, 仅推送更新过的)
[2026-07-15 02:41:06] VPS重算: 200
[2026-07-15 02:48:01] 抓到 2 场
[2026-07-15 02:48:06] ✓ 11个数据文件已同步VPS(rsync -u, 仅推送更新过的)
[2026-07-15 02:48:37] VPS重算: 200
[2026-07-15 02:56:01] 抓到 2 场
[2026-07-15 02:56:06] ✓ 11个数据文件已同步VPS(rsync -u, 仅推送更新过的)
[2026-07-15 02:56:06] VPS重算: 429
[2026-07-15 03:00:01] 抓到 2 场
[2026-07-15 03:00:06] ✓ 11个数据文件已同步VPS(rsync -u, 仅推送更新过的)
[2026-07-15 03:00:07] VPS重算: 200
[2026-07-15 03:08:01] 抓到 1 场
[2026-07-15 03:08:06] ✓ 11个数据文件已同步VPS(rsync -u, 仅推送更新过的)
[2026-07-15 03:08:08] VPS重算: 200
[2026-07-15 03:16:01] 抓到 1 场
[2026-07-15 03:16:05] ✓ 11个数据文件已同步VPS(rsync -u, 仅推送更新过的)
[2026-07-15 03:16:37] VPS重算: 200
[2026-07-15 03:24:01] 抓到 1 场
[2026-07-15 03:24:05] ✓ 11个数据文件已同步VPS(rsync -u, 仅推送更新过的)
[2026-07-15 03:24:07] VPS重算: 200
[2026-07-15 03:32:01] 抓到 1 场
[2026-07-15 03:32:06] ✓ 11个数据文件已同步VPS(rsync -u, 仅推送更新过的)
[2026-07-15 03:32:53] VPS重算: 200
[2026-07-15 03:40:01] 抓到 1 场
[2026-07-15 03:40:05] ✓ 11个数据文件已同步VPS(rsync -u, 仅推送更新过的)
[2026-07-15 03:41:06] VPS重算: 200
[2026-07-15 03:48:01] 抓到 1 场
[2026-07-15 03:48:06] ✓ 11个数据文件已同步VPS(rsync -u, 仅推送更新过的)
[2026-07-15 03:48:37] VPS重算: 200
[2026-07-15 03:56:01] 抓到 1 场
[2026-07-15 03:56:06] ✓ 11个数据文件已同步VPS(rsync -u, 仅推送更新过的)
[2026-07-15 03:57:36] VPS重算: 000
[2026-07-15 04:00:02] 抓到 1 场
[2026-07-15 04:00:06] ✓ 11个数据文件已同步VPS(rsync -u, 仅推送更新过的)
[2026-07-15 04:00:07] VPS重算: 200
[2026-07-15 04:08:01] 抓到 1 场
[2026-07-15 04:08:06] ✓ 11个数据文件已同步VPS(rsync -u, 仅推送更新过的)
[2026-07-15 04:09:36] VPS重算: 000
[2026-07-15 04:16:02] 抓到 1 场
[2026-07-15 04:16:06] ✓ 11个数据文件已同步VPS(rsync -u, 仅推送更新过的)
[2026-07-15 04:16:08] VPS重算: 200
[2026-07-15 04:24:01] 抓到 1 场
[2026-07-15 04:24:07] ✓ 11个数据文件已同步VPS(rsync -u, 仅推送更新过的)
[2026-07-15 04:24:08] VPS重算: 200
[2026-07-15 04:32:01] 抓到 1 场
[2026-07-15 04:32:06] ✓ 11个数据文件已同步VPS(rsync -u, 仅推送更新过的)
[2026-07-15 04:32:07] VPS重算: 200
[2026-07-15 04:40:01] 抓到 1 场
[2026-07-15 04:40:06] ✓ 11个数据文件已同步VPS(rsync -u, 仅推送更新过的)
[2026-07-15 04:40:37] VPS重算: 200
[2026-07-15 04:48:01] 抓到 1 场
[2026-07-15 04:48:06] ✓ 11个数据文件已同步VPS(rsync -u, 仅推送更新过的)
[2026-07-15 04:48:07] VPS重算: 200
[2026-07-15 04:56:01] 抓到 1 场
[2026-07-15 04:56:07] ✓ 11个数据文件已同步VPS(rsync -u, 仅推送更新过的)
[2026-07-15 04:56:38] VPS重算: 200
[2026-07-15 05:00:01] 抓到 1 场
[2026-07-15 05:00:06] ✓ 11个数据文件已同步VPS(rsync -u, 仅推送更新过的)
[2026-07-15 05:00:08] VPS重算: 200
[2026-07-15 05:08:01] 抓到 1 场
[2026-07-15 05:08:06] ✓ 11个数据文件已同步VPS(rsync -u, 仅推送更新过的)
[2026-07-15 05:09:08] VPS重算: 200
[2026-07-15 05:16:01] 抓到 1 场
[2026-07-15 05:16:06] ✓ 11个数据文件已同步VPS(rsync -u, 仅推送更新过的)
[2026-07-15 05:16:08] VPS重算: 200
[2026-07-15 05:24:01] 抓到 1 场
[2026-07-15 05:24:06] ✓ 11个数据文件已同步VPS(rsync -u, 仅推送更新过的)
[2026-07-15 05:24:06] VPS重算: 429
[2026-07-15 05:32:01] 抓到 1 场
[2026-07-15 05:32:05] ✓ 11个数据文件已同步VPS(rsync -u, 仅推送更新过的)
[2026-07-15 05:32:06] VPS重算: 200
[2026-07-15 05:40:01] 抓到 1 场
[2026-07-15 05:40:06] ✓ 11个数据文件已同步VPS(rsync -u, 仅推送更新过的)
[2026-07-15 05:41:08] VPS重算: 200
[2026-07-15 05:48:01] 抓到 1 场
[2026-07-15 05:48:06] ✓ 11个数据文件已同步VPS(rsync -u, 仅推送更新过的)
[2026-07-15 05:48:37] VPS重算: 200
[2026-07-15 05:56:01] 抓到 1 场
[2026-07-15 05:56:06] ✓ 11个数据文件已同步VPS(rsync -u, 仅推送更新过的)
[2026-07-15 05:56:06] VPS重算: 429
[2026-07-15 06:00:01] 抓到 1 场
[2026-07-15 06:00:07] ✓ 11个数据文件已同步VPS(rsync -u, 仅推送更新过的)
[2026-07-15 06:00:08] VPS重算: 200
[2026-07-15 06:08:01] 抓到 1 场
[2026-07-15 06:08:06] ✓ 11个数据文件已同步VPS(rsync -u, 仅推送更新过的)
[2026-07-15 06:08:06] VPS重算: 429
[2026-07-15 06:16:01] 抓到 1 场
[2026-07-15 06:16:06] ✓ 11个数据文件已同步VPS(rsync -u, 仅推送更新过的)
[2026-07-15 06:16:37] VPS重算: 200
[2026-07-15 06:24:01] 抓到 1 场
[2026-07-15 06:24:06] ✓ 11个数据文件已同步VPS(rsync -u, 仅推送更新过的)
[2026-07-15 06:25:07] VPS重算: 200
[2026-07-15 06:32:01] 抓到 1 场
[2026-07-15 06:32:05] ✓ 11个数据文件已同步VPS(rsync -u, 仅推送更新过的)
[2026-07-15 06:32:07] VPS重算: 200
[2026-07-15 06:40:01] 抓到 1 场
[2026-07-15 06:40:06] ✓ 11个数据文件已同步VPS(rsync -u, 仅推送更新过的)
[2026-07-15 06:40:37] VPS重算: 200
[2026-07-15 06:48:01] 抓到 1 场
[2026-07-15 06:48:06] ✓ 11个数据文件已同步VPS(rsync -u, 仅推送更新过的)
[2026-07-15 06:49:07] VPS重算: 200
[2026-07-15 06:56:01] 抓到 1 场
[2026-07-15 06:56:06] ✓ 11个数据文件已同步VPS(rsync -u, 仅推送更新过的)
[2026-07-15 06:56:07] VPS重算: 200
[2026-07-15 07:00:01] 抓到 1 场
[2026-07-15 07:00:05] ✓ 11个数据文件已同步VPS(rsync -u, 仅推送更新过的)
[2026-07-15 07:01:35] VPS重算: 000
[2026-07-15 07:08:01] 抓到 1 场
[2026-07-15 07:08:07] ✓ 11个数据文件已同步VPS(rsync -u, 仅推送更新过的)
[2026-07-15 07:08:38] VPS重算: 200
[2026-07-15 07:16:01] 抓到 1 场
[2026-07-15 07:16:06] ✓ 11个数据文件已同步VPS(rsync -u, 仅推送更新过的)
[2026-07-15 07:16:07] VPS重算: 200
[2026-07-15 07:24:01] 抓到 1 场
[2026-07-15 07:24:05] ✓ 11个数据文件已同步VPS(rsync -u, 仅推送更新过的)
[2026-07-15 07:24:07] VPS重算: 200
[2026-07-15 07:32:01] 抓到 1 场
[2026-07-15 07:32:06] ✓ 11个数据文件已同步VPS(rsync -u, 仅推送更新过的)
[2026-07-15 07:33:36] VPS重算: 000
[2026-07-15 07:40:01] 抓到 1 场
[2026-07-15 07:40:07] ✓ 11个数据文件已同步VPS(rsync -u, 仅推送更新过的)
[2026-07-15 07:41:08] VPS重算: 200
[2026-07-15 07:48:01] 抓到 1 场
[2026-07-15 07:48:06] ✓ 11个数据文件已同步VPS(rsync -u, 仅推送更新过的)
[2026-07-15 07:48:07] VPS重算: 200
[2026-07-15 07:56:01] 抓到 1 场
[2026-07-15 07:56:06] ✓ 11个数据文件已同步VPS(rsync -u, 仅推送更新过的)
[2026-07-15 07:56:08] VPS重算: 200
[2026-07-15 08:00:01] 抓到 1 场
[2026-07-15 08:00:06] ✓ 11个数据文件已同步VPS(rsync -u, 仅推送更新过的)
[2026-07-15 08:00:07] VPS重算: 200
[2026-07-15 08:08:01] 抓到 1 场
[2026-07-15 08:08:07] ✓ 11个数据文件已同步VPS(rsync -u, 仅推送更新过的)
[2026-07-15 08:08:09] VPS重算: 200
[2026-07-15 08:16:01] 抓到 1 场
[2026-07-15 08:16:26] ✓ 11个数据文件已同步VPS(rsync -u, 仅推送更新过的)
[2026-07-15 08:16:57] VPS重算: 200
[2026-07-15 08:24:01] 抓到 1 场
[2026-07-15 08:24:05] ✓ 11个数据文件已同步VPS(rsync -u, 仅推送更新过的)
[2026-07-15 08:24:07] VPS重算: 200
[2026-07-15 08:32:01] 抓到 1 场
[2026-07-15 08:32:07] ✓ 11个数据文件已同步VPS(rsync -u, 仅推送更新过的)
[2026-07-15 08:33:09] VPS重算: 200
[2026-07-15 08:40:01] 抓到 1 场
[2026-07-15 08:40:07] ✓ 11个数据文件已同步VPS(rsync -u, 仅推送更新过的)
[2026-07-15 08:40:38] VPS重算: 200
[2026-07-15 08:48:01] 抓到 1 场
[2026-07-15 08:48:07] ✓ 11个数据文件已同步VPS(rsync -u, 仅推送更新过的)
[2026-07-15 08:48:07] VPS重算: 429
[2026-07-15 08:56:01] 抓到 1 场
[2026-07-15 08:56:06] ✓ 11个数据文件已同步VPS(rsync -u, 仅推送更新过的)
[2026-07-15 08:56:08] VPS重算: 200
[2026-07-15 09:00:01] 抓到 1 场
[2026-07-15 09:00:05] ✓ 11个数据文件已同步VPS(rsync -u, 仅推送更新过的)
[2026-07-15 09:00:07] VPS重算: 200
[2026-07-15 09:08:01] 抓到 1 场
[2026-07-15 09:08:06] ✓ 11个数据文件已同步VPS(rsync -u, 仅推送更新过的)
[2026-07-15 09:08:07] VPS重算: 200
[2026-07-15 09:16:01] 抓到 1 场
[2026-07-15 09:16:06] ✓ 11个数据文件已同步VPS(rsync -u, 仅推送更新过的)
[2026-07-15 09:17:06] VPS重算: 200
[2026-07-15 09:24:01] 抓到 1 场
[2026-07-15 09:24:05] ✓ 11个数据文件已同步VPS(rsync -u, 仅推送更新过的)
[2026-07-15 09:24:08] VPS重算: 200
[2026-07-15 09:32:01] 抓到 1 场
[2026-07-15 09:32:06] ✓ 11个数据文件已同步VPS(rsync -u, 仅推送更新过的)
[2026-07-15 09:33:10] VPS重算: 200
[2026-07-15 09:40:01] 抓到 1 场
[2026-07-15 09:40:05] ✓ 11个数据文件已同步VPS(rsync -u, 仅推送更新过的)
[2026-07-15 09:41:07] VPS重算: 200
[2026-07-15 09:48:01] 抓到 1 场
[2026-07-15 09:48:06] ✓ 11个数据文件已同步VPS(rsync -u, 仅推送更新过的)
[2026-07-15 09:48:08] VPS重算: 200
[2026-07-15 09:56:02] 抓到 1 场
[2026-07-15 09:56:07] ✓ 11个数据文件已同步VPS(rsync -u, 仅推送更新过的)
[2026-07-15 09:57:37] VPS重算: 000
[2026-07-15 10:00:01] 抓到 1 场
[2026-07-15 10:00:05] ✓ 11个数据文件已同步VPS(rsync -u, 仅推送更新过的)
[2026-07-15 10:00:07] VPS重算: 200
[2026-07-15 10:08:01] 抓到 1 场
[2026-07-15 10:08:08] ✓ 11个数据文件已同步VPS(rsync -u, 仅推送更新过的)
[2026-07-15 10:08:09] VPS重算: 200
[2026-07-15 10:16:01] 抓到 1 场
[2026-07-15 10:16:06] ✓ 11个数据文件已同步VPS(rsync -u, 仅推送更新过的)
[2026-07-15 10:16:38] VPS重算: 200
[2026-07-15 10:24:01] 抓到 1 场
[2026-07-15 10:24:06] ✓ 11个数据文件已同步VPS(rsync -u, 仅推送更新过的)
[2026-07-15 10:24:07] VPS重算: 200
[2026-07-15 10:32:01] 抓到 1 场
[2026-07-15 10:32:06] ✓ 11个数据文件已同步VPS(rsync -u, 仅推送更新过的)
[2026-07-15 10:32:38] VPS重算: 200
[2026-07-15 10:40:02] 抓到 1 场
[2026-07-15 10:40:08] ✓ 11个数据文件已同步VPS(rsync -u, 仅推送更新过的)
[2026-07-15 10:41:38] VPS重算: 000
[2026-07-15 10:48:01] 抓到 1 场
[2026-07-15 10:48:06] ✓ 11个数据文件已同步VPS(rsync -u, 仅推送更新过的)
[2026-07-15 10:48:08] VPS重算: 200
[2026-07-15 10:56:01] 抓到 1 场
[2026-07-15 10:56:07] ✓ 11个数据文件已同步VPS(rsync -u, 仅推送更新过的)
[2026-07-15 10:56:09] VPS重算: 200
[2026-07-15 11:00:01] 抓到 1 场
[2026-07-15 11:00:07] ✓ 11个数据文件已同步VPS(rsync -u, 仅推送更新过的)
[2026-07-15 11:00:39] VPS重算: 200
[2026-07-15 11:08:01] 抓到 10 场
[2026-07-15 11:08:07] ✓ 11个数据文件已同步VPS(rsync -u, 仅推送更新过的)
[2026-07-15 11:08:39] VPS重算: 200
[2026-07-15 11:16:01] 抓到 10 场
[2026-07-15 11:16:06] ✓ 11个数据文件已同步VPS(rsync -u, 仅推送更新过的)
[2026-07-15 11:16:09] VPS重算: 200
[2026-07-15 11:24:01] 抓到 10 场
[2026-07-15 11:24:07] ✓ 11个数据文件已同步VPS(rsync -u, 仅推送更新过的)
[2026-07-15 11:24:39] VPS重算: 200
[2026-07-15 11:32:01] 抓到 10 场
[2026-07-15 11:32:06] ✓ 11个数据文件已同步VPS(rsync -u, 仅推送更新过的)
[2026-07-15 11:33:36] VPS重算: 000
[2026-07-15 11:40:01] 抓到 10 场
[2026-07-15 11:40:06] ✓ 11个数据文件已同步VPS(rsync -u, 仅推送更新过的)
[2026-07-15 11:40:37] VPS重算: 200
[2026-07-15 11:48:01] 抓到 10 场
[2026-07-15 11:48:06] ✓ 11个数据文件已同步VPS(rsync -u, 仅推送更新过的)
[2026-07-15 11:48:37] VPS重算: 200
[2026-07-15 11:56:01] 抓到 10 场
[2026-07-15 11:56:05] ✓ 11个数据文件已同步VPS(rsync -u, 仅推送更新过的)
[2026-07-15 11:56:06] VPS重算: 429
[2026-07-15 12:00:01] 抓到 10 场
[2026-07-15 12:00:05] ✓ 11个数据文件已同步VPS(rsync -u, 仅推送更新过的)
[2026-07-15 12:01:07] VPS重算: 200
[2026-07-15 12:08:01] 抓到 10 场
[2026-07-15 12:08:07] ✓ 11个数据文件已同步VPS(rsync -u, 仅推送更新过的)
[2026-07-15 12:08:09] VPS重算: 200
[2026-07-15 12:16:01] 抓到 10 场
[2026-07-15 12:16:07] ✓ 11个数据文件已同步VPS(rsync -u, 仅推送更新过的)
[2026-07-15 12:16:08] VPS重算: 200
[2026-07-15 12:24:01] 抓到 10 场
[2026-07-15 12:24:06] ✓ 11个数据文件已同步VPS(rsync -u, 仅推送更新过的)
[2026-07-15 12:24:09] VPS重算: 200
[2026-07-15 12:32:01] 抓到 10 场
[2026-07-15 12:32:06] ✓ 11个数据文件已同步VPS(rsync -u, 仅推送更新过的)
[2026-07-15 12:33:36] VPS重算: 000
[2026-07-15 12:40:01] 抓到 10 场
[2026-07-15 12:40:06] ✓ 11个数据文件已同步VPS(rsync -u, 仅推送更新过的)
[2026-07-15 12:40:08] VPS重算: 200
[2026-07-15 12:48:01] 抓到 10 场
[2026-07-15 12:48:06] ✓ 11个数据文件已同步VPS(rsync -u, 仅推送更新过的)
[2026-07-15 12:48:38] VPS重算: 200
[2026-07-15 12:56:01] 抓到 10 场
[2026-07-15 12:56:06] ✓ 11个数据文件已同步VPS(rsync -u, 仅推送更新过的)
[2026-07-15 12:56:07] VPS重算: 200
[2026-07-15 13:00:01] 抓到 10 场
[2026-07-15 13:00:07] ✓ 11个数据文件已同步VPS(rsync -u, 仅推送更新过的)
[2026-07-15 13:01:37] VPS重算: 000
[2026-07-15 13:08:01] 抓到 10 场
[2026-07-15 13:08:07] ✓ 11个数据文件已同步VPS(rsync -u, 仅推送更新过的)
[2026-07-15 13:09:08] VPS重算: 200
[2026-07-15 13:16:01] 抓到 10 场
[2026-07-15 13:16:07] ✓ 11个数据文件已同步VPS(rsync -u, 仅推送更新过的)
[2026-07-15 13:16:08] VPS重算: 200
[2026-07-15 13:24:01] 抓到 10 场
[2026-07-15 13:24:07] ✓ 11个数据文件已同步VPS(rsync -u, 仅推送更新过的)
[2026-07-15 13:24:11] VPS重算: 200
[2026-07-15 13:32:01] 抓到 10 场
[2026-07-15 13:32:07] ✓ 11个数据文件已同步VPS(rsync -u, 仅推送更新过的)
[2026-07-15 13:32:09] VPS重算: 200
[2026-07-15 13:40:01] 抓到 10 场
[2026-07-15 13:40:07] ✓ 11个数据文件已同步VPS(rsync -u, 仅推送更新过的)
[2026-07-15 13:41:08] VPS重算: 200
[2026-07-15 13:48:01] 抓到 10 场
[2026-07-15 13:48:08] ✓ 11个数据文件已同步VPS(rsync -u, 仅推送更新过的)
[2026-07-15 13:48:40] VPS重算: 200
[2026-07-15 13:56:01] 抓到 10 场
[2026-07-15 13:56:09] ✓ 11个数据文件已同步VPS(rsync -u, 仅推送更新过的)
[2026-07-15 13:56:10] VPS重算: 200
[2026-07-15 14:00:01] 抓到 10 场
[2026-07-15 14:00:08] ✓ 11个数据文件已同步VPS(rsync -u, 仅推送更新过的)
[2026-07-15 14:00:10] VPS重算: 200
[2026-07-15 14:08:01] 抓到 10 场
[2026-07-15 14:08:08] ✓ 11个数据文件已同步VPS(rsync -u, 仅推送更新过的)
[2026-07-15 14:08:18] VPS重算: 200
[2026-07-15 14:16:01] 抓到 10 场
[2026-07-15 14:16:08] ✓ 11个数据文件已同步VPS(rsync -u, 仅推送更新过的)
[2026-07-15 14:17:10] VPS重算: 200
[2026-07-15 14:24:01] 抓到 10 场
[2026-07-15 14:24:06] ✓ 11个数据文件已同步VPS(rsync -u, 仅推送更新过的)
[2026-07-15 14:24:06] VPS重算: 429
[2026-07-15 14:32:01] 抓到 10 场
[2026-07-15 14:32:06] ✓ 11个数据文件已同步VPS(rsync -u, 仅推送更新过的)
[2026-07-15 14:32:38] VPS重算: 200
[2026-07-15 14:40:01] 抓到 10 场
[2026-07-15 14:40:08] ✓ 11个数据文件已同步VPS(rsync -u, 仅推送更新过的)
[2026-07-15 14:40:41] VPS重算: 200
[2026-07-15 14:48:01] 抓到 10 场
[2026-07-15 14:48:07] ✓ 11个数据文件已同步VPS(rsync -u, 仅推送更新过的)
[2026-07-15 14:48:09] VPS重算: 200
[2026-07-15 14:56:01] 抓到 10 场
[2026-07-15 14:56:08] ✓ 11个数据文件已同步VPS(rsync -u, 仅推送更新过的)
[2026-07-15 14:56:08] VPS重算: 429
[2026-07-15 15:00:01] 抓到 10 场
[2026-07-15 15:00:05] ✓ 11个数据文件已同步VPS(rsync -u, 仅推送更新过的)
[2026-07-15 15:01:08] VPS重算: 200
[2026-07-15 15:08:01] 抓到 10 场
[2026-07-15 15:08:07] ✓ 11个数据文件已同步VPS(rsync -u, 仅推送更新过的)
[2026-07-15 15:08:39] VPS重算: 200
[2026-07-15 15:16:01] 抓到 10 场
[2026-07-15 15:16:07] ✓ 11个数据文件已同步VPS(rsync -u, 仅推送更新过的)
[2026-07-15 15:16:09] VPS重算: 200
[2026-07-15 15:24:01] 抓到 10 场
[2026-07-15 15:24:07] ✓ 11个数据文件已同步VPS(rsync -u, 仅推送更新过的)
[2026-07-15 15:24:38] VPS重算: 200
[2026-07-15 15:32:01] 抓到 10 场
[2026-07-15 15:32:07] ✓ 11个数据文件已同步VPS(rsync -u, 仅推送更新过的)
[2026-07-15 15:33:13] VPS重算: 200
[2026-07-15 15:40:01] 抓到 10 场
[2026-07-15 15:40:06] ✓ 11个数据文件已同步VPS(rsync -u, 仅推送更新过的)
[2026-07-15 15:40:07] VPS重算: 200
[2026-07-15 15:48:02] 抓到 10 场
[2026-07-15 15:48:07] ✓ 11个数据文件已同步VPS(rsync -u, 仅推送更新过的)
[2026-07-15 15:48:38] VPS重算: 200
[2026-07-15 15:56:01] 抓到 10 场
[2026-07-15 15:56:07] ✓ 11个数据文件已同步VPS(rsync -u, 仅推送更新过的)
[2026-07-15 15:56:10] VPS重算: 200
[2026-07-15 16:00:01] 抓到 10 场
[2026-07-15 16:00:06] ✓ 11个数据文件已同步VPS(rsync -u, 仅推送更新过的)
[2026-07-15 16:00:07] VPS重算: 200
[2026-07-15 16:08:01] 抓到 10 场
[2026-07-15 16:08:08] ✓ 11个数据文件已同步VPS(rsync -u, 仅推送更新过的)
[2026-07-15 16:08:39] VPS重算: 200
[2026-07-15 16:16:01] 抓到 10 场
[2026-07-15 16:16:06] ✓ 11个数据文件已同步VPS(rsync -u, 仅推送更新过的)
[2026-07-15 16:16:07] VPS重算: 200
[2026-07-15 16:24:01] 抓到 10 场
[2026-07-15 16:24:06] ✓ 11个数据文件已同步VPS(rsync -u, 仅推送更新过的)
[2026-07-15 16:24:38] VPS重算: 200
[2026-07-15 16:32:01] 抓到 10 场
[2026-07-15 16:32:07] ✓ 11个数据文件已同步VPS(rsync -u, 仅推送更新过的)
[2026-07-15 16:32:09] VPS重算: 200
[2026-07-15 16:40:01] 抓到 10 场
[2026-07-15 16:40:07] ✓ 11个数据文件已同步VPS(rsync -u, 仅推送更新过的)
[2026-07-15 16:41:37] VPS重算: 000
[2026-07-15 16:48:01] 抓到 10 场
[2026-07-15 16:48:07] ✓ 11个数据文件已同步VPS(rsync -u, 仅推送更新过的)
[2026-07-15 16:49:09] VPS重算: 200
[2026-07-15 16:56:01] 抓到 10 场
[2026-07-15 16:56:06] ✓ 11个数据文件已同步VPS(rsync -u, 仅推送更新过的)
[2026-07-15 16:57:36] VPS重算: 000
[2026-07-15 17:00:01] 抓到 10 场
[2026-07-15 17:00:06] ✓ 11个数据文件已同步VPS(rsync -u, 仅推送更新过的)
[2026-07-15 17:00:06] VPS重算: 429
[2026-07-15 17:08:01] 抓到 10 场
[2026-07-15 17:08:07] ✓ 11个数据文件已同步VPS(rsync -u, 仅推送更新过的)
[2026-07-15 17:08:09] VPS重算: 200
[2026-07-15 17:16:01] 抓到 10 场
[2026-07-15 17:16:06] ✓ 11个数据文件已同步VPS(rsync -u, 仅推送更新过的)
[2026-07-15 17:16:40] VPS重算: 200
[2026-07-15 17:24:01] 抓到 10 场
[2026-07-15 17:24:06] ✓ 11个数据文件已同步VPS(rsync -u, 仅推送更新过的)
[2026-07-15 17:24:08] VPS重算: 200
[2026-07-15 17:32:01] 抓到 10 场
[2026-07-15 17:32:07] ✓ 11个数据文件已同步VPS(rsync -u, 仅推送更新过的)
[2026-07-15 17:32:09] VPS重算: 200
[2026-07-15 17:40:01] 抓到 10 场
[2026-07-15 17:40:07] ✓ 11个数据文件已同步VPS(rsync -u, 仅推送更新过的)
[2026-07-15 17:41:37] VPS重算: 000
[2026-07-15 17:48:01] 抓到 10 场
[2026-07-15 17:48:06] ✓ 11个数据文件已同步VPS(rsync -u, 仅推送更新过的)
[2026-07-15 17:48:37] VPS重算: 200
[2026-07-15 17:56:01] 抓到 10 场
[2026-07-15 17:56:07] ✓ 11个数据文件已同步VPS(rsync -u, 仅推送更新过的)
[2026-07-15 17:56:09] VPS重算: 200
[2026-07-15 18:00:01] 抓到 10 场
[2026-07-15 18:00:06] ✓ 11个数据文件已同步VPS(rsync -u, 仅推送更新过的)
[2026-07-15 18:00:07] VPS重算: 200
[2026-07-15 18:08:01] 抓到 10 场
[2026-07-15 18:08:06] ✓ 11个数据文件已同步VPS(rsync -u, 仅推送更新过的)
[2026-07-15 18:08:08] VPS重算: 200
[2026-07-15 18:16:01] 抓到 10 场
[2026-07-15 18:16:06] ✓ 11个数据文件已同步VPS(rsync -u, 仅推送更新过的)
[2026-07-15 18:16:08] VPS重算: 200
[2026-07-15 18:24:01] 抓到 10 场
[2026-07-15 18:24:07] ✓ 11个数据文件已同步VPS(rsync -u, 仅推送更新过的)
[2026-07-15 18:24:38] VPS重算: 200
[2026-07-15 18:32:01] 抓到 10 场
[2026-07-15 18:32:06] ✓ 11个数据文件已同步VPS(rsync -u, 仅推送更新过的)
[2026-07-15 18:32:07] VPS重算: 200
[2026-07-15 18:40:01] 抓到 10 场
[2026-07-15 18:40:06] ✓ 11个数据文件已同步VPS(rsync -u, 仅推送更新过的)
[2026-07-15 18:40:08] VPS重算: 200
[2026-07-15 18:48:01] 抓到 10 场
[2026-07-15 18:48:07] ✓ 11个数据文件已同步VPS(rsync -u, 仅推送更新过的)
[2026-07-15 18:48:39] VPS重算: 200
[2026-07-15 18:56:01] 抓到 10 场
[2026-07-15 18:56:07] ✓ 11个数据文件已同步VPS(rsync -u, 仅推送更新过的)
[2026-07-15 18:56:39] VPS重算: 200
[2026-07-15 19:00:01] 抓到 10 场
[2026-07-15 19:00:06] ✓ 11个数据文件已同步VPS(rsync -u, 仅推送更新过的)
[2026-07-15 19:00:07] VPS重算: 200
[2026-07-15 19:08:01] 抓到 10 场
[2026-07-15 19:08:07] ✓ 11个数据文件已同步VPS(rsync -u, 仅推送更新过的)
[2026-07-15 19:09:37] VPS重算: 000
[2026-07-15 19:16:01] 抓到 10 场
[2026-07-15 19:16:07] ✓ 11个数据文件已同步VPS(rsync -u, 仅推送更新过的)
[2026-07-15 19:17:09] VPS重算: 200
[2026-07-15 19:24:01] 抓到 10 场
[2026-07-15 19:24:07] ✓ 11个数据文件已同步VPS(rsync -u, 仅推送更新过的)
[2026-07-15 19:24:08] VPS重算: 200
[2026-07-15 19:32:01] 抓到 10 场
[2026-07-15 19:32:06] ✓ 11个数据文件已同步VPS(rsync -u, 仅推送更新过的)
[2026-07-15 19:33:08] VPS重算: 200
[2026-07-15 19:40:01] 抓到 10 场
[2026-07-15 19:40:06] ✓ 11个数据文件已同步VPS(rsync -u, 仅推送更新过的)
[2026-07-15 19:40:08] VPS重算: 200
[2026-07-15 19:48:01] 抓到 10 场
[2026-07-15 19:48:07] ✓ 11个数据文件已同步VPS(rsync -u, 仅推送更新过的)
[2026-07-15 19:48:09] VPS重算: 200
[2026-07-15 19:56:01] 抓到 10 场
[2026-07-15 19:56:06] ✓ 11个数据文件已同步VPS(rsync -u, 仅推送更新过的)
[2026-07-15 19:56:07] VPS重算: 200
[2026-07-15 20:00:01] 抓到 10 场
[2026-07-15 20:00:07] ✓ 11个数据文件已同步VPS(rsync -u, 仅推送更新过的)
[2026-07-15 20:00:07] VPS重算: 200
[2026-07-15 20:08:01] 抓到 10 场
[2026-07-15 20:08:07] ✓ 11个数据文件已同步VPS(rsync -u, 仅推送更新过的)
[2026-07-15 20:08:07] VPS重算: 200
[2026-07-15 20:16:01] 抓到 10 场
[2026-07-15 20:16:07] ✓ 11个数据文件已同步VPS(rsync -u, 仅推送更新过的)
[2026-07-15 20:16:08] VPS重算: 200
[2026-07-15 20:24:01] 抓到 10 场
[2026-07-15 20:24:08] ✓ 11个数据文件已同步VPS(rsync -u, 仅推送更新过的)
[2026-07-15 20:24:08] VPS重算: 200
[2026-07-15 20:32:01] 抓到 10 场
[2026-07-15 20:32:07] ✓ 11个数据文件已同步VPS(rsync -u, 仅推送更新过的)
[2026-07-15 20:32:08] VPS重算: 200
[2026-07-15 20:40:01] 抓到 10 场
[2026-07-15 20:40:07] ✓ 11个数据文件已同步VPS(rsync -u, 仅推送更新过的)
[2026-07-15 20:40:07] VPS重算: 200
[2026-07-15 20:48:01] 抓到 10 场
[2026-07-15 20:48:06] ✓ 11个数据文件已同步VPS(rsync -u, 仅推送更新过的)
[2026-07-15 20:48:06] VPS重算: 200
[2026-07-15 20:56:01] 抓到 10 场
[2026-07-15 20:56:05] ✓ 11个数据文件已同步VPS(rsync -u, 仅推送更新过的)
[2026-07-15 20:56:06] VPS重算: 200
[2026-07-15 21:00:01] 抓到 10 场
[2026-07-15 21:00:07] ✓ 11个数据文件已同步VPS(rsync -u, 仅推送更新过的)
[2026-07-15 21:00:07] VPS重算: 200
[2026-07-15 21:08:01] 抓到 10 场
[2026-07-15 21:08:07] ✓ 11个数据文件已同步VPS(rsync -u, 仅推送更新过的)
[2026-07-15 21:08:07] VPS重算: 200
[2026-07-15 21:16:01] 抓到 10 场
[2026-07-15 21:16:07] ✓ 11个数据文件已同步VPS(rsync -u, 仅推送更新过的)
[2026-07-15 21:16:07] VPS重算: 200
[2026-07-15 21:24:01] 抓到 10 场
[2026-07-15 21:24:06] ✓ 11个数据文件已同步VPS(rsync -u, 仅推送更新过的)
[2026-07-15 21:24:07] VPS重算: 200
[2026-07-15 21:32:01] 抓到 10 场
[2026-07-15 21:32:08] ✓ 11个数据文件已同步VPS(rsync -u, 仅推送更新过的)
[2026-07-15 21:32:09] VPS重算: 200
[2026-07-15 21:40:01] 抓到 10 场
[2026-07-15 21:40:09] ✓ 11个数据文件已同步VPS(rsync -u, 仅推送更新过的)
[2026-07-15 21:40:10] VPS重算: 200
[2026-07-15 21:48:01] 抓到 10 场
[2026-07-15 21:48:07] ✓ 11个数据文件已同步VPS(rsync -u, 仅推送更新过的)
[2026-07-15 21:48:08] VPS重算: 200
[2026-07-15 21:56:01] 抓到 10 场
[2026-07-15 21:56:07] ✓ 11个数据文件已同步VPS(rsync -u, 仅推送更新过的)
[2026-07-15 21:56:08] VPS重算: 200
[2026-07-15 22:00:01] 抓到 10 场
[2026-07-15 22:00:07] ✓ 11个数据文件已同步VPS(rsync -u, 仅推送更新过的)
[2026-07-15 22:00:08] VPS重算: 200
[2026-07-15 22:08:01] 抓到 10 场
[2026-07-15 22:08:08] ✓ 11个数据文件已同步VPS(rsync -u, 仅推送更新过的)
[2026-07-15 22:08:08] VPS重算: 200
[2026-07-15 22:16:01] 抓到 10 场
[2026-07-15 22:16:09] ✓ 11个数据文件已同步VPS(rsync -u, 仅推送更新过的)
[2026-07-15 22:16:09] VPS重算: 200
[2026-07-15 22:24:01] 抓到 10 场
[2026-07-15 22:24:07] ✓ 11个数据文件已同步VPS(rsync -u, 仅推送更新过的)
[2026-07-15 22:24:08] VPS重算: 200
[2026-07-15 22:32:01] 抓到 10 场
[2026-07-15 22:32:07] ✓ 11个数据文件已同步VPS(rsync -u, 仅推送更新过的)
[2026-07-15 22:32:08] VPS重算: 200
[2026-07-15 22:40:01] 抓到 10 场
[2026-07-15 22:40:08] ✓ 11个数据文件已同步VPS(rsync -u, 仅推送更新过的)
[2026-07-15 22:40:09] VPS重算: 200
[2026-07-15 22:48:01] 抓到 10 场
[2026-07-15 22:48:07] ✓ 11个数据文件已同步VPS(rsync -u, 仅推送更新过的)
[2026-07-15 22:48:07] VPS重算: 200
[2026-07-15 22:56:01] 抓到 10 场
[2026-07-15 22:56:06] ✓ 11个数据文件已同步VPS(rsync -u, 仅推送更新过的)
[2026-07-15 22:56:07] VPS重算: 200
[2026-07-15 23:00:01] 抓到 10 场
[2026-07-15 23:00:07] ✓ 11个数据文件已同步VPS(rsync -u, 仅推送更新过的)
[2026-07-15 23:00:08] VPS重算: 200
[2026-07-15 23:08:01] 抓到 10 场
[2026-07-15 23:08:09] ✓ 11个数据文件已同步VPS(rsync -u, 仅推送更新过的)
[2026-07-15 23:08:09] VPS重算: 200
[2026-07-15 23:24:00] 抓到 10 场
[2026-07-15 23:24:07] ✓ 11个数据文件已同步VPS(rsync -u, 仅推送更新过的)
[2026-07-15 23:24:07] VPS重算: 200
[2026-07-15 23:32:01] 抓到 10 场
[2026-07-15 23:32:08] ✓ 11个数据文件已同步VPS(rsync -u, 仅推送更新过的)
[2026-07-15 23:32:08] VPS重算: 200
[2026-07-15 23:40:01] 抓到 10 场
[2026-07-15 23:40:07] ✓ 11个数据文件已同步VPS(rsync -u, 仅推送更新过的)
[2026-07-15 23:40:07] VPS重算: 200
[2026-07-15 23:48:01] 抓到 10 场
[2026-07-15 23:48:07] ✓ 11个数据文件已同步VPS(rsync -u, 仅推送更新过的)
[2026-07-15 23:48:08] VPS重算: 200
[2026-07-15 23:56:01] 抓到 10 场
[2026-07-15 23:56:06] ✓ 11个数据文件已同步VPS(rsync -u, 仅推送更新过的)
[2026-07-15 23:56:07] VPS重算: 200
[2026-07-16 00:00:01] 抓到 10 场
[2026-07-16 00:00:06] ✓ 11个数据文件已同步VPS(rsync -u, 仅推送更新过的)
[2026-07-16 00:00:07] VPS重算: 200
[2026-07-16 00:08:01] 抓到 10 场
[2026-07-16 00:08:06] ✓ 11个数据文件已同步VPS(rsync -u, 仅推送更新过的)
[2026-07-16 00:08:07] VPS重算: 200
[2026-07-16 00:16:01] 抓到 10 场
[2026-07-16 00:16:06] ✓ 11个数据文件已同步VPS(rsync -u, 仅推送更新过的)
[2026-07-16 00:16:07] VPS重算: 200
[2026-07-16 00:24:01] 抓到 10 场
[2026-07-16 00:24:06] ✓ 11个数据文件已同步VPS(rsync -u, 仅推送更新过的)
[2026-07-16 00:24:07] VPS重算: 200
[2026-07-16 00:32:01] 抓到 10 场
[2026-07-16 00:32:07] ✓ 11个数据文件已同步VPS(rsync -u, 仅推送更新过的)
[2026-07-16 00:32:07] VPS重算: 200
[2026-07-16 00:40:01] 抓到 10 场
[2026-07-16 00:40:07] ✓ 11个数据文件已同步VPS(rsync -u, 仅推送更新过的)
[2026-07-16 00:40:07] VPS重算: 200
[2026-07-16 00:48:01] 抓到 10 场
[2026-07-16 00:48:07] ✓ 11个数据文件已同步VPS(rsync -u, 仅推送更新过的)
[2026-07-16 00:48:08] VPS重算: 200
[2026-07-16 00:56:01] 抓到 10 场
[2026-07-16 00:56:06] ✓ 11个数据文件已同步VPS(rsync -u, 仅推送更新过的)
[2026-07-16 00:56:07] VPS重算: 200
[2026-07-16 01:00:01] 抓到 10 场
[2026-07-16 01:00:05] ✓ 11个数据文件已同步VPS(rsync -u, 仅推送更新过的)
[2026-07-16 01:00:06] VPS重算: 200
[2026-07-16 01:08:01] 抓到 10 场
[2026-07-16 01:08:07] ✓ 11个数据文件已同步VPS(rsync -u, 仅推送更新过的)
[2026-07-16 01:08:08] VPS重算: 200
[2026-07-16 01:16:01] 抓到 10 场
[2026-07-16 01:16:06] ✓ 11个数据文件已同步VPS(rsync -u, 仅推送更新过的)
[2026-07-16 01:16:07] VPS重算: 200
[2026-07-16 01:24:01] 抓到 10 场
[2026-07-16 01:24:06] ✓ 11个数据文件已同步VPS(rsync -u, 仅推送更新过的)
[2026-07-16 01:24:07] VPS重算: 200
[2026-07-16 01:32:01] 抓到 10 场
[2026-07-16 01:32:06] ✓ 11个数据文件已同步VPS(rsync -u, 仅推送更新过的)
[2026-07-16 01:32:06] VPS重算: 200
[2026-07-16 01:40:01] 抓到 10 场
[2026-07-16 01:40:06] ✓ 11个数据文件已同步VPS(rsync -u, 仅推送更新过的)
[2026-07-16 01:40:07] VPS重算: 200
[2026-07-16 01:48:01] 抓到 10 场
[2026-07-16 01:48:05] ✓ 11个数据文件已同步VPS(rsync -u, 仅推送更新过的)
[2026-07-16 01:48:06] VPS重算: 200
[2026-07-16 01:56:01] 抓到 10 场
[2026-07-16 01:56:07] ✓ 11个数据文件已同步VPS(rsync -u, 仅推送更新过的)
[2026-07-16 01:56:08] VPS重算: 200
[2026-07-16 02:00:01] 抓到 10 场
[2026-07-16 02:00:06] ✓ 11个数据文件已同步VPS(rsync -u, 仅推送更新过的)
[2026-07-16 02:00:06] VPS重算: 200
[2026-07-16 02:08:01] 抓到 10 场
[2026-07-16 02:08:06] ✓ 11个数据文件已同步VPS(rsync -u, 仅推送更新过的)
[2026-07-16 02:08:07] VPS重算: 200
[2026-07-16 02:16:01] 抓到 9 场
[2026-07-16 02:16:06] ✓ 11个数据文件已同步VPS(rsync -u, 仅推送更新过的)
[2026-07-16 02:16:06] VPS重算: 200
[2026-07-16 02:24:01] 抓到 9 场
[2026-07-16 02:24:06] ✓ 11个数据文件已同步VPS(rsync -u, 仅推送更新过的)
[2026-07-16 02:24:06] VPS重算: 200
[2026-07-16 02:32:01] 抓到 9 场
[2026-07-16 02:32:05] ✓ 11个数据文件已同步VPS(rsync -u, 仅推送更新过的)
[2026-07-16 02:32:06] VPS重算: 200
[2026-07-16 02:40:01] 抓到 9 场
[2026-07-16 02:40:06] ✓ 11个数据文件已同步VPS(rsync -u, 仅推送更新过的)
[2026-07-16 02:40:06] VPS重算: 200
[2026-07-16 02:48:01] 抓到 9 场
[2026-07-16 02:48:06] ✓ 11个数据文件已同步VPS(rsync -u, 仅推送更新过的)
[2026-07-16 02:48:06] VPS重算: 200
[2026-07-16 02:56:01] 抓到 9 场
[2026-07-16 02:56:05] ✓ 11个数据文件已同步VPS(rsync -u, 仅推送更新过的)
[2026-07-16 02:56:06] VPS重算: 200
[2026-07-16 03:00:01] 抓到 9 场
[2026-07-16 03:00:06] ✓ 11个数据文件已同步VPS(rsync -u, 仅推送更新过的)
[2026-07-16 03:00:07] VPS重算: 200
[2026-07-16 03:08:01] 抓到 7 场
[2026-07-16 03:08:06] ✓ 11个数据文件已同步VPS(rsync -u, 仅推送更新过的)
[2026-07-16 03:08:07] VPS重算: 200
[2026-07-16 03:16:01] 抓到 7 场
[2026-07-16 03:16:07] ✓ 11个数据文件已同步VPS(rsync -u, 仅推送更新过的)
[2026-07-16 03:16:07] VPS重算: 200
[2026-07-16 03:24:01] 抓到 7 场
[2026-07-16 03:24:06] ✓ 11个数据文件已同步VPS(rsync -u, 仅推送更新过的)
[2026-07-16 03:24:07] VPS重算: 200
[2026-07-16 03:32:01] 抓到 7 场
[2026-07-16 03:32:06] ✓ 11个数据文件已同步VPS(rsync -u, 仅推送更新过的)
[2026-07-16 03:32:06] VPS重算: 200
[2026-07-16 03:40:01] 抓到 7 场
[2026-07-16 03:40:06] ✓ 11个数据文件已同步VPS(rsync -u, 仅推送更新过的)
[2026-07-16 03:40:07] VPS重算: 200
[2026-07-16 03:48:01] 抓到 7 场
[2026-07-16 03:48:05] ✓ 11个数据文件已同步VPS(rsync -u, 仅推送更新过的)
[2026-07-16 03:48:06] VPS重算: 200
[2026-07-16 03:56:01] 抓到 7 场
[2026-07-16 03:56:06] ✓ 11个数据文件已同步VPS(rsync -u, 仅推送更新过的)
[2026-07-16 03:56:06] VPS重算: 200
[2026-07-16 04:00:01] 抓到 7 场
[2026-07-16 04:00:05] ✓ 11个数据文件已同步VPS(rsync -u, 仅推送更新过的)
[2026-07-16 04:00:06] VPS重算: 200
[2026-07-16 04:08:01] 抓到 7 场
[2026-07-16 04:08:05] ✓ 11个数据文件已同步VPS(rsync -u, 仅推送更新过的)
[2026-07-16 04:08:06] VPS重算: 200
[2026-07-16 04:16:01] 抓到 7 场
[2026-07-16 04:16:06] ✓ 11个数据文件已同步VPS(rsync -u, 仅推送更新过的)
[2026-07-16 04:16:06] VPS重算: 200
[2026-07-16 04:24:01] 抓到 7 场
[2026-07-16 04:24:06] ✓ 11个数据文件已同步VPS(rsync -u, 仅推送更新过的)
[2026-07-16 04:24:06] VPS重算: 200
[2026-07-16 04:32:01] 抓到 7 场
[2026-07-16 04:32:05] ✓ 11个数据文件已同步VPS(rsync -u, 仅推送更新过的)
[2026-07-16 04:32:06] VPS重算: 200
[2026-07-16 04:40:01] 抓到 7 场
[2026-07-16 04:40:06] ✓ 11个数据文件已同步VPS(rsync -u, 仅推送更新过的)
[2026-07-16 04:40:07] VPS重算: 200
[2026-07-16 04:48:01] 抓到 7 场
[2026-07-16 04:48:06] ✓ 11个数据文件已同步VPS(rsync -u, 仅推送更新过的)
[2026-07-16 04:48:06] VPS重算: 200
[2026-07-16 04:56:01] 抓到 7 场
[2026-07-16 04:56:05] ✓ 11个数据文件已同步VPS(rsync -u, 仅推送更新过的)
[2026-07-16 04:56:06] VPS重算: 200
[2026-07-16 05:00:01] 抓到 7 场
[2026-07-16 05:00:06] ✓ 11个数据文件已同步VPS(rsync -u, 仅推送更新过的)
[2026-07-16 05:00:06] VPS重算: 200
[2026-07-16 05:08:01] 抓到 7 场
[2026-07-16 05:08:05] ✓ 11个数据文件已同步VPS(rsync -u, 仅推送更新过的)
[2026-07-16 05:08:06] VPS重算: 200
[2026-07-16 05:16:01] 抓到 7 场
[2026-07-16 05:16:07] ✓ 11个数据文件已同步VPS(rsync -u, 仅推送更新过的)
[2026-07-16 05:16:07] VPS重算: 200
[2026-07-16 05:24:01] 抓到 7 场
[2026-07-16 05:24:06] ✓ 11个数据文件已同步VPS(rsync -u, 仅推送更新过的)
[2026-07-16 05:24:07] VPS重算: 200
[2026-07-16 05:32:01] 抓到 7 场
[2026-07-16 05:32:06] ✓ 11个数据文件已同步VPS(rsync -u, 仅推送更新过的)
[2026-07-16 05:32:06] VPS重算: 200
[2026-07-16 05:40:01] 抓到 7 场
[2026-07-16 05:40:06] ✓ 11个数据文件已同步VPS(rsync -u, 仅推送更新过的)
[2026-07-16 05:40:06] VPS重算: 200
[2026-07-16 05:48:01] 抓到 7 场
[2026-07-16 05:48:06] ✓ 11个数据文件已同步VPS(rsync -u, 仅推送更新过的)
[2026-07-16 05:48:06] VPS重算: 200
[2026-07-16 05:56:01] 抓到 7 场
[2026-07-16 05:56:06] ✓ 11个数据文件已同步VPS(rsync -u, 仅推送更新过的)
[2026-07-16 05:56:07] VPS重算: 200
[2026-07-16 06:00:01] 抓到 7 场
[2026-07-16 06:00:05] ✓ 11个数据文件已同步VPS(rsync -u, 仅推送更新过的)
[2026-07-16 06:00:05] VPS重算: 200
[2026-07-16 06:08:01] 抓到 7 场
[2026-07-16 06:08:05] ✓ 11个数据文件已同步VPS(rsync -u, 仅推送更新过的)
[2026-07-16 06:08:06] VPS重算: 200
[2026-07-16 06:16:01] 抓到 7 场
[2026-07-16 06:16:06] ✓ 11个数据文件已同步VPS(rsync -u, 仅推送更新过的)
[2026-07-16 06:16:07] VPS重算: 200
[2026-07-16 06:24:01] 抓到 7 场
[2026-07-16 06:24:06] ✓ 11个数据文件已同步VPS(rsync -u, 仅推送更新过的)
[2026-07-16 06:24:06] VPS重算: 200
[2026-07-16 06:32:01] 抓到 7 场
[2026-07-16 06:32:06] ✓ 11个数据文件已同步VPS(rsync -u, 仅推送更新过的)
[2026-07-16 06:32:06] VPS重算: 200
[2026-07-16 06:40:01] 抓到 7 场
[2026-07-16 06:40:06] ✓ 11个数据文件已同步VPS(rsync -u, 仅推送更新过的)
[2026-07-16 06:40:07] VPS重算: 200
[2026-07-16 06:48:01] 抓到 7 场
[2026-07-16 06:48:06] ✓ 11个数据文件已同步VPS(rsync -u, 仅推送更新过的)
[2026-07-16 06:48:06] VPS重算: 200
[2026-07-16 06:56:01] 抓到 7 场
[2026-07-16 06:56:05] ✓ 11个数据文件已同步VPS(rsync -u, 仅推送更新过的)
[2026-07-16 06:56:06] VPS重算: 200
[2026-07-16 07:00:01] 抓到 7 场
[2026-07-16 07:00:05] ✓ 11个数据文件已同步VPS(rsync -u, 仅推送更新过的)
[2026-07-16 07:00:05] VPS重算: 200
[2026-07-16 07:08:01] 抓到 7 场
[2026-07-16 07:08:06] ✓ 11个数据文件已同步VPS(rsync -u, 仅推送更新过的)
[2026-07-16 07:08:06] VPS重算: 200
[2026-07-16 07:16:01] 抓到 7 场
[2026-07-16 07:16:05] ✓ 11个数据文件已同步VPS(rsync -u, 仅推送更新过的)
[2026-07-16 07:16:06] VPS重算: 200
[2026-07-16 07:24:01] 抓到 7 场
[2026-07-16 07:24:07] ✓ 11个数据文件已同步VPS(rsync -u, 仅推送更新过的)
[2026-07-16 07:24:08] VPS重算: 200
[2026-07-16 07:32:01] 抓到 7 场
[2026-07-16 07:32:06] ✓ 11个数据文件已同步VPS(rsync -u, 仅推送更新过的)
[2026-07-16 07:32:07] VPS重算: 200
[2026-07-16 07:40:01] 抓到 7 场
[2026-07-16 07:40:05] ✓ 11个数据文件已同步VPS(rsync -u, 仅推送更新过的)
[2026-07-16 07:40:06] VPS重算: 200
[2026-07-16 07:48:01] 抓到 7 场
[2026-07-16 07:48:06] ✓ 11个数据文件已同步VPS(rsync -u, 仅推送更新过的)
[2026-07-16 07:48:07] VPS重算: 200
[2026-07-16 07:56:01] 抓到 7 场
[2026-07-16 07:56:06] ✓ 11个数据文件已同步VPS(rsync -u, 仅推送更新过的)
[2026-07-16 07:56:07] VPS重算: 200
[2026-07-16 08:00:01] 抓到 7 场
[2026-07-16 08:00:05] ✓ 11个数据文件已同步VPS(rsync -u, 仅推送更新过的)
[2026-07-16 08:00:06] VPS重算: 200
[2026-07-16 08:08:01] 抓到 7 场
[2026-07-16 08:08:05] ✓ 11个数据文件已同步VPS(rsync -u, 仅推送更新过的)
[2026-07-16 08:08:05] VPS重算: 200
[2026-07-16 08:16:01] 抓到 7 场
[2026-07-16 08:16:05] ✓ 11个数据文件已同步VPS(rsync -u, 仅推送更新过的)
[2026-07-16 08:16:06] VPS重算: 200
[2026-07-16 08:24:01] 抓到 7 场
[2026-07-16 08:24:07] ✓ 11个数据文件已同步VPS(rsync -u, 仅推送更新过的)
[2026-07-16 08:24:07] VPS重算: 200
[2026-07-16 08:32:01] 抓到 7 场
[2026-07-16 08:32:06] ✓ 11个数据文件已同步VPS(rsync -u, 仅推送更新过的)
[2026-07-16 08:32:06] VPS重算: 200
[2026-07-16 08:40:01] 抓到 7 场
[2026-07-16 08:40:06] ✓ 11个数据文件已同步VPS(rsync -u, 仅推送更新过的)
[2026-07-16 08:40:07] VPS重算: 200
[2026-07-16 08:48:01] 抓到 7 场
[2026-07-16 08:48:06] ✓ 11个数据文件已同步VPS(rsync -u, 仅推送更新过的)
[2026-07-16 08:48:06] VPS重算: 200
[2026-07-16 08:56:01] 抓到 7 场
[2026-07-16 08:56:06] ✓ 11个数据文件已同步VPS(rsync -u, 仅推送更新过的)
[2026-07-16 08:56:07] VPS重算: 200
[2026-07-16 09:00:01] 抓到 7 场
[2026-07-16 09:00:05] ✓ 11个数据文件已同步VPS(rsync -u, 仅推送更新过的)
[2026-07-16 09:00:05] VPS重算: 200
[2026-07-16 09:08:01] 抓到 7 场
[2026-07-16 09:08:06] ✓ 11个数据文件已同步VPS(rsync -u, 仅推送更新过的)
[2026-07-16 09:08:07] VPS重算: 200
[2026-07-16 09:16:01] 抓到 7 场
[2026-07-16 09:16:07] ✓ 11个数据文件已同步VPS(rsync -u, 仅推送更新过的)
[2026-07-16 09:16:08] VPS重算: 200
[2026-07-16 09:24:01] 抓到 7 场
[2026-07-16 09:24:06] ✓ 11个数据文件已同步VPS(rsync -u, 仅推送更新过的)
[2026-07-16 09:24:07] VPS重算: 200
[2026-07-16 09:32:01] 抓到 7 场
[2026-07-16 09:32:06] ✓ 11个数据文件已同步VPS(rsync -u, 仅推送更新过的)
[2026-07-16 09:32:07] VPS重算: 200
[2026-07-16 09:40:01] 抓到 7 场
[2026-07-16 09:40:06] ✓ 11个数据文件已同步VPS(rsync -u, 仅推送更新过的)
[2026-07-16 09:40:06] VPS重算: 200
[2026-07-16 09:48:01] 抓到 7 场
[2026-07-16 09:48:06] ✓ 11个数据文件已同步VPS(rsync -u, 仅推送更新过的)
[2026-07-16 09:48:07] VPS重算: 200
[2026-07-16 09:56:01] 抓到 7 场
[2026-07-16 09:56:08] ✓ 11个数据文件已同步VPS(rsync -u, 仅推送更新过的)
[2026-07-16 09:56:08] VPS重算: 200
[2026-07-16 10:00:01] 抓到 7 场
[2026-07-16 10:00:06] ✓ 11个数据文件已同步VPS(rsync -u, 仅推送更新过的)
[2026-07-16 10:00:07] VPS重算: 200
[2026-07-16 10:08:01] 抓到 7 场
[2026-07-16 10:08:06] ✓ 11个数据文件已同步VPS(rsync -u, 仅推送更新过的)
[2026-07-16 10:08:07] VPS重算: 200
[2026-07-16 10:16:01] 抓到 7 场
[2026-07-16 10:16:08] ✓ 11个数据文件已同步VPS(rsync -u, 仅推送更新过的)
[2026-07-16 10:16:08] VPS重算: 200
[2026-07-16 10:24:01] 抓到 7 场
[2026-07-16 10:24:05] ✓ 11个数据文件已同步VPS(rsync -u, 仅推送更新过的)
[2026-07-16 10:24:06] VPS重算: 200
[2026-07-16 10:32:01] 抓到 7 场
[2026-07-16 10:32:06] ✓ 11个数据文件已同步VPS(rsync -u, 仅推送更新过的)
[2026-07-16 10:32:07] VPS重算: 200
[2026-07-16 10:40:01] 抓到 7 场
[2026-07-16 10:40:05] ✓ 11个数据文件已同步VPS(rsync -u, 仅推送更新过的)
[2026-07-16 10:40:06] VPS重算: 200
[2026-07-16 10:48:01] 抓到 7 场
[2026-07-16 10:48:05] ✓ 11个数据文件已同步VPS(rsync -u, 仅推送更新过的)
[2026-07-16 10:48:06] VPS重算: 200
[2026-07-16 10:56:01] 抓到 7 场
[2026-07-16 10:56:07] ✓ 11个数据文件已同步VPS(rsync -u, 仅推送更新过的)
[2026-07-16 10:56:08] VPS重算: 200
[2026-07-16 11:00:01] 抓到 7 场
[2026-07-16 11:00:07] ✓ 11个数据文件已同步VPS(rsync -u, 仅推送更新过的)
[2026-07-16 11:00:07] VPS重算: 200
[2026-07-16 11:08:01] 抓到 12 场
[2026-07-16 11:08:07] ✓ 11个数据文件已同步VPS(rsync -u, 仅推送更新过的)
[2026-07-16 11:08:07] VPS重算: 200
[2026-07-16 11:16:01] 抓到 12 场
[2026-07-16 11:16:07] ✓ 11个数据文件已同步VPS(rsync -u, 仅推送更新过的)
[2026-07-16 11:16:08] VPS重算: 200
[2026-07-16 11:24:01] 抓到 12 场
[2026-07-16 11:24:06] ✓ 11个数据文件已同步VPS(rsync -u, 仅推送更新过的)
[2026-07-16 11:24:07] VPS重算: 200
[2026-07-16 11:32:01] 抓到 12 场
[2026-07-16 11:32:07] ✓ 11个数据文件已同步VPS(rsync -u, 仅推送更新过的)
[2026-07-16 11:32:08] VPS重算: 200
[2026-07-16 11:40:01] 抓到 12 场
[2026-07-16 11:40:08] ✓ 11个数据文件已同步VPS(rsync -u, 仅推送更新过的)
[2026-07-16 11:40:08] VPS重算: 200
[2026-07-16 11:48:01] 抓到 12 场
[2026-07-16 11:48:07] ✓ 11个数据文件已同步VPS(rsync -u, 仅推送更新过的)
[2026-07-16 11:48:07] VPS重算: 200
[2026-07-16 11:56:01] 抓到 12 场
[2026-07-16 11:56:05] ✓ 11个数据文件已同步VPS(rsync -u, 仅推送更新过的)
[2026-07-16 11:56:06] VPS重算: 200
[2026-07-16 12:00:01] 抓到 12 场
[2026-07-16 12:00:06] ✓ 11个数据文件已同步VPS(rsync -u, 仅推送更新过的)
[2026-07-16 12:00:06] VPS重算: 200
[2026-07-16 12:08:01] 抓到 12 场
[2026-07-16 12:08:07] ✓ 11个数据文件已同步VPS(rsync -u, 仅推送更新过的)
[2026-07-16 12:08:08] VPS重算: 200
[2026-07-16 12:16:01] 抓到 12 场
[2026-07-16 12:16:06] ✓ 11个数据文件已同步VPS(rsync -u, 仅推送更新过的)
[2026-07-16 12:16:06] VPS重算: 200
[2026-07-16 12:24:01] 抓到 12 场
[2026-07-16 12:24:06] ✓ 11个数据文件已同步VPS(rsync -u, 仅推送更新过的)
[2026-07-16 12:24:06] VPS重算: 200
[2026-07-16 12:32:01] 抓到 12 场
[2026-07-16 12:32:06] ✓ 11个数据文件已同步VPS(rsync -u, 仅推送更新过的)
[2026-07-16 12:32:07] VPS重算: 200
[2026-07-16 12:40:01] 抓到 12 场
[2026-07-16 12:40:07] ✓ 11个数据文件已同步VPS(rsync -u, 仅推送更新过的)
[2026-07-16 12:40:07] VPS重算: 200
[2026-07-16 12:48:01] 抓到 12 场
[2026-07-16 12:48:06] ✓ 11个数据文件已同步VPS(rsync -u, 仅推送更新过的)
[2026-07-16 12:48:07] VPS重算: 200
[2026-07-16 12:56:01] 抓到 12 场
[2026-07-16 12:56:06] ✓ 11个数据文件已同步VPS(rsync -u, 仅推送更新过的)
[2026-07-16 12:56:07] VPS重算: 200
[2026-07-16 13:00:01] 抓到 12 场
[2026-07-16 13:00:05] ✓ 11个数据文件已同步VPS(rsync -u, 仅推送更新过的)
[2026-07-16 13:00:05] VPS重算: 200
[2026-07-16 13:08:01] 抓到 12 场
[2026-07-16 13:08:06] ✓ 11个数据文件已同步VPS(rsync -u, 仅推送更新过的)
[2026-07-16 13:08:06] VPS重算: 200
[2026-07-16 13:16:01] 抓到 12 场
[2026-07-16 13:16:06] ✓ 11个数据文件已同步VPS(rsync -u, 仅推送更新过的)
[2026-07-16 13:16:07] VPS重算: 200
[2026-07-16 13:24:01] 抓到 12 场
[2026-07-16 13:24:06] ✓ 11个数据文件已同步VPS(rsync -u, 仅推送更新过的)
[2026-07-16 13:24:07] VPS重算: 200
[2026-07-16 13:32:01] 抓到 12 场
[2026-07-16 13:32:06] ✓ 11个数据文件已同步VPS(rsync -u, 仅推送更新过的)
[2026-07-16 13:32:06] VPS重算: 200
[2026-07-16 13:40:01] 抓到 12 场
[2026-07-16 13:40:06] ✓ 11个数据文件已同步VPS(rsync -u, 仅推送更新过的)
[2026-07-16 13:40:07] VPS重算: 200
[2026-07-16 13:48:01] 抓到 20 场
[2026-07-16 13:48:08] ✓ 11个数据文件已同步VPS(rsync -u, 仅推送更新过的)
[2026-07-16 13:48:09] VPS重算: 200
[2026-07-16 13:56:01] 抓到 20 场
[2026-07-16 13:56:06] ✓ 11个数据文件已同步VPS(rsync -u, 仅推送更新过的)
[2026-07-16 13:56:07] VPS重算: 200
[2026-07-16 14:00:01] 抓到 20 场
[2026-07-16 14:00:06] ✓ 11个数据文件已同步VPS(rsync -u, 仅推送更新过的)
[2026-07-16 14:00:06] VPS重算: 200
[2026-07-16 14:08:01] 抓到 20 场
[2026-07-16 14:08:07] ✓ 11个数据文件已同步VPS(rsync -u, 仅推送更新过的)
[2026-07-16 14:08:07] VPS重算: 200
[2026-07-16 14:16:01] 抓到 20 场
[2026-07-16 14:16:06] ✓ 11个数据文件已同步VPS(rsync -u, 仅推送更新过的)
[2026-07-16 14:16:07] VPS重算: 200
[2026-07-16 14:24:01] 抓到 20 场
[2026-07-16 14:24:07] ✓ 11个数据文件已同步VPS(rsync -u, 仅推送更新过的)
[2026-07-16 14:24:08] VPS重算: 200
[2026-07-16 14:32:01] 抓到 20 场
[2026-07-16 14:32:06] ✓ 11个数据文件已同步VPS(rsync -u, 仅推送更新过的)
[2026-07-16 14:32:07] VPS重算: 200
[2026-07-16 14:40:01] 抓到 20 场
[2026-07-16 14:40:07] ✓ 11个数据文件已同步VPS(rsync -u, 仅推送更新过的)
[2026-07-16 14:40:07] VPS重算: 200
[2026-07-16 14:48:01] 抓到 20 场
[2026-07-16 14:48:07] ✓ 11个数据文件已同步VPS(rsync -u, 仅推送更新过的)
[2026-07-16 14:48:07] VPS重算: 200
[2026-07-16 14:56:01] 抓到 20 场
[2026-07-16 14:56:08] ✓ 11个数据文件已同步VPS(rsync -u, 仅推送更新过的)
[2026-07-16 14:56:09] VPS重算: 200
[2026-07-16 15:00:01] 抓到 20 场
[2026-07-16 15:00:07] ✓ 11个数据文件已同步VPS(rsync -u, 仅推送更新过的)
[2026-07-16 15:00:08] VPS重算: 200
[2026-07-16 15:08:02] 抓到 20 场
[2026-07-16 15:08:07] ✓ 11个数据文件已同步VPS(rsync -u, 仅推送更新过的)
[2026-07-16 15:08:08] VPS重算: 200
[2026-07-16 15:16:01] 抓到 20 场
[2026-07-16 15:16:07] ✓ 11个数据文件已同步VPS(rsync -u, 仅推送更新过的)
[2026-07-16 15:16:08] VPS重算: 200
[2026-07-16 15:24:01] 抓到 20 场
[2026-07-16 15:24:07] ✓ 11个数据文件已同步VPS(rsync -u, 仅推送更新过的)
[2026-07-16 15:24:08] VPS重算: 200
[2026-07-16 15:32:01] 抓到 20 场
[2026-07-16 15:32:07] ✓ 11个数据文件已同步VPS(rsync -u, 仅推送更新过的)
[2026-07-16 15:32:07] VPS重算: 200
[2026-07-16 15:40:01] 抓到 20 场
[2026-07-16 15:40:06] ✓ 11个数据文件已同步VPS(rsync -u, 仅推送更新过的)
[2026-07-16 15:40:07] VPS重算: 200
[2026-07-16 15:48:01] 抓到 20 场
[2026-07-16 15:48:08] ✓ 11个数据文件已同步VPS(rsync -u, 仅推送更新过的)
[2026-07-16 15:48:09] VPS重算: 200
[2026-07-16 15:56:01] 抓到 20 场
[2026-07-16 15:56:07] ✓ 11个数据文件已同步VPS(rsync -u, 仅推送更新过的)
[2026-07-16 15:56:07] VPS重算: 200
[2026-07-16 16:00:01] 抓到 20 场
[2026-07-16 16:00:06] ✓ 11个数据文件已同步VPS(rsync -u, 仅推送更新过的)
[2026-07-16 16:00:07] VPS重算: 200
[2026-07-16 16:08:01] 抓到 20 场
[2026-07-16 16:08:07] ✓ 11个数据文件已同步VPS(rsync -u, 仅推送更新过的)
[2026-07-16 16:08:08] VPS重算: 200
[2026-07-16 16:16:01] 抓到 20 场
[2026-07-16 16:16:06] ✓ 11个数据文件已同步VPS(rsync -u, 仅推送更新过的)
[2026-07-16 16:16:07] VPS重算: 200
[2026-07-16 16:24:01] 抓到 20 场
[2026-07-16 16:24:06] ✓ 11个数据文件已同步VPS(rsync -u, 仅推送更新过的)
[2026-07-16 16:24:07] VPS重算: 200
[2026-07-16 16:32:01] 抓到 20 场
[2026-07-16 16:32:06] ✓ 11个数据文件已同步VPS(rsync -u, 仅推送更新过的)
[2026-07-16 16:32:07] VPS重算: 200
[2026-07-16 16:40:01] 抓到 20 场
[2026-07-16 16:40:06] ✓ 11个数据文件已同步VPS(rsync -u, 仅推送更新过的)
[2026-07-16 16:40:06] VPS重算: 200
[2026-07-16 16:48:01] 抓到 20 场
[2026-07-16 16:48:06] ✓ 11个数据文件已同步VPS(rsync -u, 仅推送更新过的)
[2026-07-16 16:48:07] VPS重算: 200
[2026-07-16 16:56:01] 抓到 20 场
[2026-07-16 16:56:07] ✓ 11个数据文件已同步VPS(rsync -u, 仅推送更新过的)
[2026-07-16 16:56:08] VPS重算: 200
[2026-07-16 17:00:01] 抓到 20 场
[2026-07-16 17:00:05] ✓ 11个数据文件已同步VPS(rsync -u, 仅推送更新过的)
[2026-07-16 17:00:06] VPS重算: 200
[2026-07-16 17:08:01] 抓到 20 场
[2026-07-16 17:08:07] ✓ 11个数据文件已同步VPS(rsync -u, 仅推送更新过的)
[2026-07-16 17:08:08] VPS重算: 200
[2026-07-16 17:16:01] 抓到 20 场
[2026-07-16 17:16:07] ✓ 11个数据文件已同步VPS(rsync -u, 仅推送更新过的)
[2026-07-16 17:16:08] VPS重算: 200
[2026-07-16 17:24:01] 抓到 20 场
[2026-07-16 17:24:05] ✓ 11个数据文件已同步VPS(rsync -u, 仅推送更新过的)
[2026-07-16 17:24:06] VPS重算: 200
[2026-07-16 17:32:01] 抓到 20 场
[2026-07-16 17:32:05] ✓ 11个数据文件已同步VPS(rsync -u, 仅推送更新过的)
[2026-07-16 17:32:06] VPS重算: 200
[2026-07-16 17:40:01] 抓到 20 场
[2026-07-16 17:40:06] ✓ 11个数据文件已同步VPS(rsync -u, 仅推送更新过的)
[2026-07-16 17:40:07] VPS重算: 200
[2026-07-16 17:48:01] 抓到 20 场
[2026-07-16 17:48:06] ✓ 11个数据文件已同步VPS(rsync -u, 仅推送更新过的)
[2026-07-16 17:49:08] VPS重算: 200
[2026-07-16 17:56:01] 抓到 20 场
[2026-07-16 17:56:06] ✓ 11个数据文件已同步VPS(rsync -u, 仅推送更新过的)
[2026-07-16 17:56:37] VPS重算: 200
[2026-07-16 18:00:01] 抓到 20 场
[2026-07-16 18:00:06] ✓ 11个数据文件已同步VPS(rsync -u, 仅推送更新过的)
[2026-07-16 18:00:08] VPS重算: 200
[2026-07-16 18:08:01] 抓到 20 场
[2026-07-16 18:08:06] ✓ 11个数据文件已同步VPS(rsync -u, 仅推送更新过的)
[2026-07-16 18:08:38] VPS重算: 200
[2026-07-16 18:16:01] 抓到 20 场
[2026-07-16 18:16:14] ✓ 11个数据文件已同步VPS(rsync -u, 仅推送更新过的)
[2026-07-16 18:16:18] VPS重算: 200
[2026-07-16 18:24:01] 抓到 20 场
[2026-07-16 18:24:08] ✓ 11个数据文件已同步VPS(rsync -u, 仅推送更新过的)
[2026-07-16 18:24:48] VPS重算: 200
[2026-07-16 18:32:01] 抓到 20 场
[2026-07-16 18:32:06] ✓ 11个数据文件已同步VPS(rsync -u, 仅推送更新过的)
[2026-07-16 18:32:07] VPS重算: 200
[2026-07-16 18:40:01] 抓到 20 场
[2026-07-16 18:40:07] ✓ 11个数据文件已同步VPS(rsync -u, 仅推送更新过的)
[2026-07-16 18:40:39] VPS重算: 200
[2026-07-16 18:48:01] 抓到 20 场
[2026-07-16 18:48:07] ✓ 11个数据文件已同步VPS(rsync -u, 仅推送更新过的)
[2026-07-16 18:48:39] VPS重算: 200
[2026-07-16 18:56:01] 抓到 20 场
[2026-07-16 18:56:06] ✓ 11个数据文件已同步VPS(rsync -u, 仅推送更新过的)
[2026-07-16 18:56:37] VPS重算: 200
[2026-07-16 19:00:01] 抓到 20 场
[2026-07-16 19:00:05] ✓ 11个数据文件已同步VPS(rsync -u, 仅推送更新过的)
[2026-07-16 19:01:06] VPS重算: 200
[2026-07-16 19:08:01] 抓到 20 场
[2026-07-16 19:08:07] ✓ 11个数据文件已同步VPS(rsync -u, 仅推送更新过的)
[2026-07-16 19:08:08] VPS重算: 200
[2026-07-16 19:16:01] 抓到 20 场
[2026-07-16 19:16:08] ✓ 11个数据文件已同步VPS(rsync -u, 仅推送更新过的)
[2026-07-16 19:17:10] VPS重算: 200
[2026-07-16 19:24:01] 抓到 20 场
[2026-07-16 19:24:05] ✓ 11个数据文件已同步VPS(rsync -u, 仅推送更新过的)
[2026-07-16 19:24:07] VPS重算: 200
[2026-07-16 19:32:01] 抓到 20 场
[2026-07-16 19:32:07] ✓ 11个数据文件已同步VPS(rsync -u, 仅推送更新过的)
[2026-07-16 19:32:38] VPS重算: 200
[2026-07-16 19:40:01] 抓到 20 场
[2026-07-16 19:40:06] ✓ 11个数据文件已同步VPS(rsync -u, 仅推送更新过的)
[2026-07-16 19:40:08] VPS重算: 200
[2026-07-16 19:48:01] 抓到 20 场
[2026-07-16 19:48:07] ✓ 11个数据文件已同步VPS(rsync -u, 仅推送更新过的)
[2026-07-16 19:48:08] VPS重算: 200
[2026-07-16 19:56:01] 抓到 20 场
[2026-07-16 19:56:07] ✓ 11个数据文件已同步VPS(rsync -u, 仅推送更新过的)
[2026-07-16 19:56:09] VPS重算: 200
[2026-07-16 20:00:01] 抓到 20 场
[2026-07-16 20:00:06] ✓ 11个数据文件已同步VPS(rsync -u, 仅推送更新过的)
[2026-07-16 20:00:08] VPS重算: 200
[2026-07-16 20:08:01] 抓到 20 场
[2026-07-16 20:08:08] ✓ 11个数据文件已同步VPS(rsync -u, 仅推送更新过的)
[2026-07-16 20:08:09] VPS重算: 200
[2026-07-16 20:16:01] 抓到 20 场
[2026-07-16 20:16:07] ✓ 11个数据文件已同步VPS(rsync -u, 仅推送更新过的)
[2026-07-16 20:16:08] VPS重算: 200
[2026-07-16 20:24:01] 抓到 20 场
[2026-07-16 20:24:07] ✓ 11个数据文件已同步VPS(rsync -u, 仅推送更新过的)
[2026-07-16 20:24:09] VPS重算: 200
[2026-07-16 20:32:01] 抓到 20 场
[2026-07-16 20:32:08] ✓ 11个数据文件已同步VPS(rsync -u, 仅推送更新过的)
[2026-07-16 20:33:38] VPS重算: 000
[2026-07-16 20:40:01] 抓到 20 场
[2026-07-16 20:40:05] ✓ 11个数据文件已同步VPS(rsync -u, 仅推送更新过的)
[2026-07-16 20:40:07] VPS重算: 200
[2026-07-16 20:48:01] 抓到 20 场
[2026-07-16 20:48:08] ✓ 11个数据文件已同步VPS(rsync -u, 仅推送更新过的)
[2026-07-16 20:49:11] VPS重算: 200
[2026-07-16 20:56:01] 抓到 20 场
[2026-07-16 20:56:06] ✓ 11个数据文件已同步VPS(rsync -u, 仅推送更新过的)
[2026-07-16 20:56:08] VPS重算: 200
[2026-07-16 21:00:01] 抓到 20 场
[2026-07-16 21:00:07] ✓ 11个数据文件已同步VPS(rsync -u, 仅推送更新过的)
[2026-07-16 21:00:33] VPS重算: 200
[2026-07-16 21:08:01] 抓到 20 场
[2026-07-16 21:08:07] ✓ 11个数据文件已同步VPS(rsync -u, 仅推送更新过的)
[2026-07-16 21:08:39] VPS重算: 200
[2026-07-16 21:16:01] 抓到 20 场
[2026-07-16 21:16:08] ✓ 11个数据文件已同步VPS(rsync -u, 仅推送更新过的)
[2026-07-16 21:16:40] VPS重算: 200
[2026-07-16 21:24:01] 抓到 20 场
[2026-07-16 21:24:08] ✓ 11个数据文件已同步VPS(rsync -u, 仅推送更新过的)
[2026-07-16 21:24:10] VPS重算: 200
[2026-07-16 21:32:01] 抓到 20 场
[2026-07-16 21:32:07] ✓ 11个数据文件已同步VPS(rsync -u, 仅推送更新过的)
[2026-07-16 21:32:09] VPS重算: 200
[2026-07-16 21:40:01] 抓到 20 场
[2026-07-16 21:40:06] ✓ 11个数据文件已同步VPS(rsync -u, 仅推送更新过的)
[2026-07-16 21:40:07] VPS重算: 200
[2026-07-16 21:48:01] 抓到 20 场
[2026-07-16 21:48:07] ✓ 11个数据文件已同步VPS(rsync -u, 仅推送更新过的)
[2026-07-16 21:48:09] VPS重算: 200
[2026-07-16 21:56:01] 抓到 20 场
[2026-07-16 21:56:08] ✓ 11个数据文件已同步VPS(rsync -u, 仅推送更新过的)
[2026-07-16 21:56:39] VPS重算: 200
[2026-07-16 22:00:01] 抓到 20 场
[2026-07-16 22:00:06] ✓ 11个数据文件已同步VPS(rsync -u, 仅推送更新过的)
[2026-07-16 22:00:08] VPS重算: 200
[2026-07-16 22:08:01] 抓到 20 场
[2026-07-16 22:08:06] ✓ 11个数据文件已同步VPS(rsync -u, 仅推送更新过的)
[2026-07-16 22:08:39] VPS重算: 200
[2026-07-16 22:16:01] 抓到 20 场
[2026-07-16 22:16:08] ✓ 11个数据文件已同步VPS(rsync -u, 仅推送更新过的)
[2026-07-16 22:17:09] VPS重算: 200
[2026-07-16 22:24:01] 抓到 20 场
[2026-07-16 22:24:08] ✓ 11个数据文件已同步VPS(rsync -u, 仅推送更新过的)
[2026-07-16 22:24:11] VPS重算: 200
[2026-07-16 22:32:01] 抓到 20 场
[2026-07-16 22:32:07] ✓ 11个数据文件已同步VPS(rsync -u, 仅推送更新过的)
[2026-07-16 22:33:37] VPS重算: 000
[2026-07-16 22:40:01] 抓到 20 场
[2026-07-16 22:40:08] ✓ 11个数据文件已同步VPS(rsync -u, 仅推送更新过的)
[2026-07-16 22:40:11] VPS重算: 200
[2026-07-16 22:48:01] 抓到 20 场
[2026-07-16 22:48:06] ✓ 11个数据文件已同步VPS(rsync -u, 仅推送更新过的)
[2026-07-16 22:49:08] VPS重算: 200
[2026-07-16 22:56:01] 抓到 20 场
[2026-07-16 22:56:06] ✓ 11个数据文件已同步VPS(rsync -u, 仅推送更新过的)
[2026-07-16 22:56:08] VPS重算: 200
[2026-07-16 23:00:01] 抓到 20 场
[2026-07-16 23:00:05] ✓ 11个数据文件已同步VPS(rsync -u, 仅推送更新过的)
[2026-07-16 23:00:07] VPS重算: 200
[2026-07-16 23:08:01] 抓到 20 场
[2026-07-16 23:08:06] ✓ 11个数据文件已同步VPS(rsync -u, 仅推送更新过的)
[2026-07-16 23:08:08] VPS重算: 200
[2026-07-16 23:16:01] 抓到 20 场
[2026-07-16 23:16:07] ✓ 11个数据文件已同步VPS(rsync -u, 仅推送更新过的)
[2026-07-16 23:17:09] VPS重算: 200
[2026-07-16 23:24:01] 抓到 20 场
[2026-07-16 23:24:09] ✓ 11个数据文件已同步VPS(rsync -u, 仅推送更新过的)
[2026-07-16 23:24:41] VPS重算: 200
[2026-07-16 23:32:01] 抓到 20 场
[2026-07-16 23:32:08] ✓ 11个数据文件已同步VPS(rsync -u, 仅推送更新过的)
[2026-07-16 23:33:10] VPS重算: 200
[2026-07-16 23:40:01] 抓到 20 场
[2026-07-16 23:40:07] ✓ 11个数据文件已同步VPS(rsync -u, 仅推送更新过的)
[2026-07-16 23:40:41] VPS重算: 200
[2026-07-16 23:48:01] 抓到 20 场
[2026-07-16 23:48:08] ✓ 11个数据文件已同步VPS(rsync -u, 仅推送更新过的)
[2026-07-16 23:48:09] VPS重算: 200
[2026-07-16 23:56:01] 抓到 20 场
[2026-07-16 23:56:07] ✓ 11个数据文件已同步VPS(rsync -u, 仅推送更新过的)
[2026-07-16 23:56:09] VPS重算: 200
[2026-07-17 00:00:01] 抓到 20 场
[2026-07-17 00:00:06] ✓ 11个数据文件已同步VPS(rsync -u, 仅推送更新过的)
[2026-07-17 00:00:07] VPS重算: 200
[2026-07-17 00:08:01] 抓到 20 场
[2026-07-17 00:08:06] ✓ 11个数据文件已同步VPS(rsync -u, 仅推送更新过的)
[2026-07-17 00:08:07] VPS重算: 200
[2026-07-17 00:16:01] 抓到 20 场
[2026-07-17 00:16:07] ✓ 11个数据文件已同步VPS(rsync -u, 仅推送更新过的)
[2026-07-17 00:17:09] VPS重算: 200
[2026-07-17 00:24:01] 抓到 20 场
[2026-07-17 00:24:05] ✓ 11个数据文件已同步VPS(rsync -u, 仅推送更新过的)
[2026-07-17 00:25:35] VPS重算: 000
[2026-07-17 00:32:01] 抓到 20 场
[2026-07-17 00:32:06] ✓ 11个数据文件已同步VPS(rsync -u, 仅推送更新过的)
[2026-07-17 00:32:07] VPS重算: 200
[2026-07-17 00:40:01] 抓到 20 场
[2026-07-17 00:40:07] ✓ 11个数据文件已同步VPS(rsync -u, 仅推送更新过的)
[2026-07-17 00:41:37] VPS重算: 000
[2026-07-17 00:48:01] 抓到 20 场
[2026-07-17 00:48:07] ✓ 11个数据文件已同步VPS(rsync -u, 仅推送更新过的)
[2026-07-17 00:48:38] VPS重算: 200
[2026-07-17 00:56:01] 抓到 20 场
[2026-07-17 00:56:06] ✓ 11个数据文件已同步VPS(rsync -u, 仅推送更新过的)
[2026-07-17 00:56:38] VPS重算: 200
[2026-07-17 01:00:01] 抓到 20 场
[2026-07-17 01:00:06] ✓ 11个数据文件已同步VPS(rsync -u, 仅推送更新过的)
[2026-07-17 01:00:08] VPS重算: 200
[2026-07-17 01:08:01] 抓到 19 场
[2026-07-17 01:08:07] ✓ 11个数据文件已同步VPS(rsync -u, 仅推送更新过的)
[2026-07-17 01:09:37] VPS重算: 000
[2026-07-17 01:16:01] 抓到 19 场
[2026-07-17 01:16:06] ✓ 11个数据文件已同步VPS(rsync -u, 仅推送更新过的)
[2026-07-17 01:16:07] VPS重算: 200
[2026-07-17 01:24:01] 抓到 19 场
[2026-07-17 01:24:06] ✓ 11个数据文件已同步VPS(rsync -u, 仅推送更新过的)
[2026-07-17 01:24:08] VPS重算: 200
[2026-07-17 01:32:01] 抓到 18 场
[2026-07-17 01:32:06] ✓ 11个数据文件已同步VPS(rsync -u, 仅推送更新过的)
[2026-07-17 01:33:36] VPS重算: 000
[2026-07-17 01:40:01] 抓到 18 场
[2026-07-17 01:40:06] ✓ 11个数据文件已同步VPS(rsync -u, 仅推送更新过的)
[2026-07-17 01:41:08] VPS重算: 200
[2026-07-17 01:48:01] 抓到 18 场
[2026-07-17 01:48:06] ✓ 11个数据文件已同步VPS(rsync -u, 仅推送更新过的)
[2026-07-17 01:49:36] VPS重算: 000
[2026-07-17 01:56:01] 抓到 18 场
[2026-07-17 01:56:06] ✓ 11个数据文件已同步VPS(rsync -u, 仅推送更新过的)
[2026-07-17 01:56:07] VPS重算: 200
[2026-07-17 02:00:01] 抓到 18 场
[2026-07-17 02:00:05] ✓ 11个数据文件已同步VPS(rsync -u, 仅推送更新过的)
[2026-07-17 02:01:06] VPS重算: 200
[2026-07-17 02:08:01] 抓到 18 场
[2026-07-17 02:08:07] ✓ 11个数据文件已同步VPS(rsync -u, 仅推送更新过的)
[2026-07-17 02:09:37] VPS重算: 000
[2026-07-17 02:16:01] 抓到 17 场
[2026-07-17 02:16:07] ✓ 11个数据文件已同步VPS(rsync -u, 仅推送更新过的)
[2026-07-17 02:16:38] VPS重算: 200
[2026-07-17 02:24:01] 抓到 17 场
[2026-07-17 02:24:06] ✓ 11个数据文件已同步VPS(rsync -u, 仅推送更新过的)
[2026-07-17 02:24:38] VPS重算: 200
[2026-07-17 02:32:01] 抓到 16 场
[2026-07-17 02:32:06] ✓ 11个数据文件已同步VPS(rsync -u, 仅推送更新过的)
[2026-07-17 02:32:38] VPS重算: 200
[2026-07-17 02:40:01] 抓到 16 场
[2026-07-17 02:40:06] ✓ 11个数据文件已同步VPS(rsync -u, 仅推送更新过的)
[2026-07-17 02:41:08] VPS重算: 200
[2026-07-17 02:48:01] 抓到 16 场
[2026-07-17 02:48:06] ✓ 11个数据文件已同步VPS(rsync -u, 仅推送更新过的)
[2026-07-17 02:48:07] VPS重算: 200
[2026-07-17 02:56:01] 抓到 16 场
[2026-07-17 02:56:06] ✓ 11个数据文件已同步VPS(rsync -u, 仅推送更新过的)
[2026-07-17 02:57:07] VPS重算: 200
[2026-07-17 03:00:01] 抓到 16 场
[2026-07-17 03:00:05] ✓ 11个数据文件已同步VPS(rsync -u, 仅推送更新过的)
[2026-07-17 03:01:07] VPS重算: 200
[2026-07-17 03:08:01] 抓到 16 场
[2026-07-17 03:08:06] ✓ 11个数据文件已同步VPS(rsync -u, 仅推送更新过的)
[2026-07-17 03:08:08] VPS重算: 200
[2026-07-17 03:16:01] 抓到 16 场
[2026-07-17 03:16:06] ✓ 11个数据文件已同步VPS(rsync -u, 仅推送更新过的)
[2026-07-17 03:16:08] VPS重算: 200
[2026-07-17 03:24:01] 抓到 16 场
[2026-07-17 03:24:06] ✓ 11个数据文件已同步VPS(rsync -u, 仅推送更新过的)
[2026-07-17 03:24:08] VPS重算: 200
[2026-07-17 03:32:01] 抓到 16 场
[2026-07-17 03:32:07] ✓ 11个数据文件已同步VPS(rsync -u, 仅推送更新过的)
[2026-07-17 03:33:09] VPS重算: 200
[2026-07-17 03:40:01] 抓到 16 场
[2026-07-17 03:40:06] ✓ 11个数据文件已同步VPS(rsync -u, 仅推送更新过的)
[2026-07-17 03:40:08] VPS重算: 200
[2026-07-17 03:48:01] 抓到 16 场
[2026-07-17 03:48:06] ✓ 11个数据文件已同步VPS(rsync -u, 仅推送更新过的)
[2026-07-17 03:48:37] VPS重算: 200
[2026-07-17 03:56:01] 抓到 16 场
[2026-07-17 03:56:06] ✓ 11个数据文件已同步VPS(rsync -u, 仅推送更新过的)
[2026-07-17 03:56:08] VPS重算: 200
[2026-07-17 04:00:01] 抓到 16 场
[2026-07-17 04:00:05] ✓ 11个数据文件已同步VPS(rsync -u, 仅推送更新过的)
[2026-07-17 04:00:07] VPS重算: 200
[2026-07-17 04:08:01] 抓到 16 场
[2026-07-17 04:08:07] ✓ 11个数据文件已同步VPS(rsync -u, 仅推送更新过的)
[2026-07-17 04:08:08] VPS重算: 200
[2026-07-17 04:16:01] 抓到 16 场
[2026-07-17 04:16:06] ✓ 11个数据文件已同步VPS(rsync -u, 仅推送更新过的)
[2026-07-17 04:16:08] VPS重算: 200
[2026-07-17 04:24:01] 抓到 16 场
[2026-07-17 04:24:07] ✓ 11个数据文件已同步VPS(rsync -u, 仅推送更新过的)
[2026-07-17 04:24:09] VPS重算: 200
[2026-07-17 04:32:01] 抓到 16 场
[2026-07-17 04:32:06] ✓ 11个数据文件已同步VPS(rsync -u, 仅推送更新过的)
[2026-07-17 04:33:36] VPS重算: 000
[2026-07-17 04:40:01] 抓到 16 场
[2026-07-17 04:40:06] ✓ 11个数据文件已同步VPS(rsync -u, 仅推送更新过的)
[2026-07-17 04:40:07] VPS重算: 200
[2026-07-17 04:48:01] 抓到 16 场
[2026-07-17 04:48:06] ✓ 11个数据文件已同步VPS(rsync -u, 仅推送更新过的)
[2026-07-17 04:48:07] VPS重算: 200
[2026-07-17 04:56:01] 抓到 16 场
[2026-07-17 04:56:07] ✓ 11个数据文件已同步VPS(rsync -u, 仅推送更新过的)
[2026-07-17 04:56:38] VPS重算: 200
[2026-07-17 05:00:01] 抓到 16 场
[2026-07-17 05:00:06] ✓ 11个数据文件已同步VPS(rsync -u, 仅推送更新过的)
[2026-07-17 05:00:07] VPS重算: 200
[2026-07-17 05:08:01] 抓到 16 场
[2026-07-17 05:08:06] ✓ 11个数据文件已同步VPS(rsync -u, 仅推送更新过的)
[2026-07-17 05:09:07] VPS重算: 200
[2026-07-17 05:16:01] 抓到 16 场
[2026-07-17 05:16:07] ✓ 11个数据文件已同步VPS(rsync -u, 仅推送更新过的)
[2026-07-17 05:17:37] VPS重算: 000
[2026-07-17 05:24:01] 抓到 16 场
[2026-07-17 05:24:06] ✓ 11个数据文件已同步VPS(rsync -u, 仅推送更新过的)
[2026-07-17 05:24:07] VPS重算: 200
[2026-07-17 05:32:01] 抓到 16 场
[2026-07-17 05:32:07] ✓ 11个数据文件已同步VPS(rsync -u, 仅推送更新过的)
[2026-07-17 05:32:08] VPS重算: 429
[2026-07-17 05:40:01] 抓到 16 场
[2026-07-17 05:40:07] ✓ 11个数据文件已同步VPS(rsync -u, 仅推送更新过的)
[2026-07-17 05:40:09] VPS重算: 200
[2026-07-17 05:48:01] 抓到 16 场
[2026-07-17 05:48:06] ✓ 11个数据文件已同步VPS(rsync -u, 仅推送更新过的)
[2026-07-17 05:49:37] VPS重算: 000
[2026-07-17 05:56:01] 抓到 16 场
[2026-07-17 05:56:07] ✓ 11个数据文件已同步VPS(rsync -u, 仅推送更新过的)
[2026-07-17 05:57:37] VPS重算: 000
[2026-07-17 06:00:01] 抓到 16 场
[2026-07-17 06:00:06] ✓ 11个数据文件已同步VPS(rsync -u, 仅推送更新过的)
[2026-07-17 06:01:36] VPS重算: 000
[2026-07-17 06:08:01] 抓到 16 场
[2026-07-17 06:08:06] ✓ 11个数据文件已同步VPS(rsync -u, 仅推送更新过的)
[2026-07-17 06:08:07] VPS重算: 200
[2026-07-17 06:16:01] 抓到 16 场
[2026-07-17 06:16:07] ✓ 11个数据文件已同步VPS(rsync -u, 仅推送更新过的)
[2026-07-17 06:16:08] VPS重算: 200
[2026-07-17 06:24:01] 抓到 16 场
[2026-07-17 06:24:07] ✓ 11个数据文件已同步VPS(rsync -u, 仅推送更新过的)
[2026-07-17 06:24:38] VPS重算: 200
[2026-07-17 06:32:01] 抓到 14 场
[2026-07-17 06:32:07] ✓ 11个数据文件已同步VPS(rsync -u, 仅推送更新过的)
[2026-07-17 06:33:09] VPS重算: 200
[2026-07-17 06:40:01] 抓到 14 场
[2026-07-17 06:40:07] ✓ 11个数据文件已同步VPS(rsync -u, 仅推送更新过的)
[2026-07-17 06:40:09] VPS重算: 200
[2026-07-17 06:48:01] 抓到 14 场
[2026-07-17 06:48:05] ✓ 11个数据文件已同步VPS(rsync -u, 仅推送更新过的)
[2026-07-17 06:48:06] VPS重算: 429
[2026-07-17 06:56:01] 抓到 14 场
[2026-07-17 06:56:06] ✓ 11个数据文件已同步VPS(rsync -u, 仅推送更新过的)
[2026-07-17 06:56:07] VPS重算: 200
[2026-07-17 07:00:01] 抓到 14 场
[2026-07-17 07:00:06] ✓ 11个数据文件已同步VPS(rsync -u, 仅推送更新过的)
[2026-07-17 07:00:37] VPS重算: 200
[2026-07-17 07:08:01] 抓到 14 场
[2026-07-17 07:08:06] ✓ 11个数据文件已同步VPS(rsync -u, 仅推送更新过的)
[2026-07-17 07:09:08] VPS重算: 200
[2026-07-17 07:16:01] 抓到 14 场
[2026-07-17 07:16:06] ✓ 11个数据文件已同步VPS(rsync -u, 仅推送更新过的)
[2026-07-17 07:16:38] VPS重算: 200
[2026-07-17 07:24:01] 抓到 14 场
[2026-07-17 07:24:07] ✓ 11个数据文件已同步VPS(rsync -u, 仅推送更新过的)
[2026-07-17 07:24:08] VPS重算: 200
[2026-07-17 07:32:01] 抓到 13 场
[2026-07-17 07:32:06] ✓ 11个数据文件已同步VPS(rsync -u, 仅推送更新过的)
[2026-07-17 07:33:08] VPS重算: 200
[2026-07-17 07:40:01] 抓到 13 场
[2026-07-17 07:40:07] ✓ 11个数据文件已同步VPS(rsync -u, 仅推送更新过的)
[2026-07-17 07:40:08] VPS重算: 200
[2026-07-17 07:48:01] 抓到 13 场
[2026-07-17 07:48:07] ✓ 11个数据文件已同步VPS(rsync -u, 仅推送更新过的)
[2026-07-17 07:49:08] VPS重算: 200
[2026-07-17 07:56:01] 抓到 13 场
[2026-07-17 07:56:07] ✓ 11个数据文件已同步VPS(rsync -u, 仅推送更新过的)
[2026-07-17 07:56:09] VPS重算: 200
[2026-07-17 08:00:01] 抓到 13 场
[2026-07-17 08:00:05] ✓ 11个数据文件已同步VPS(rsync -u, 仅推送更新过的)
[2026-07-17 08:00:07] VPS重算: 200
[2026-07-17 08:08:01] 抓到 13 场
[2026-07-17 08:08:06] ✓ 11个数据文件已同步VPS(rsync -u, 仅推送更新过的)
[2026-07-17 08:08:37] VPS重算: 200
[2026-07-17 08:16:01] 抓到 13 场
[2026-07-17 08:16:06] ✓ 11个数据文件已同步VPS(rsync -u, 仅推送更新过的)
[2026-07-17 08:16:08] VPS重算: 200
[2026-07-17 08:24:01] 抓到 13 场
[2026-07-17 08:24:06] ✓ 11个数据文件已同步VPS(rsync -u, 仅推送更新过的)
[2026-07-17 08:24:38] VPS重算: 200
[2026-07-17 08:32:01] 抓到 11 场
[2026-07-17 08:32:08] ✓ 11个数据文件已同步VPS(rsync -u, 仅推送更新过的)
[2026-07-17 08:32:08] VPS重算: 429
[2026-07-17 08:40:01] 抓到 11 场
[2026-07-17 08:40:07] ✓ 11个数据文件已同步VPS(rsync -u, 仅推送更新过的)
[2026-07-17 08:41:37] VPS重算: 000
[2026-07-17 08:48:01] 抓到 11 场
[2026-07-17 08:48:06] ✓ 11个数据文件已同步VPS(rsync -u, 仅推送更新过的)
[2026-07-17 08:48:38] VPS重算: 200
[2026-07-17 08:56:01] 抓到 11 场
[2026-07-17 08:56:06] ✓ 11个数据文件已同步VPS(rsync -u, 仅推送更新过的)
[2026-07-17 08:56:09] VPS重算: 200
[2026-07-17 09:00:01] 抓到 11 场
[2026-07-17 09:00:06] ✓ 11个数据文件已同步VPS(rsync -u, 仅推送更新过的)
[2026-07-17 09:01:36] VPS重算: 000
[2026-07-17 09:08:01] 抓到 11 场
[2026-07-17 09:08:07] ✓ 11个数据文件已同步VPS(rsync -u, 仅推送更新过的)
[2026-07-17 09:08:09] VPS重算: 200
[2026-07-17 09:16:01] 抓到 11 场
[2026-07-17 09:16:06] ✓ 11个数据文件已同步VPS(rsync -u, 仅推送更新过的)
[2026-07-17 09:16:08] VPS重算: 200
[2026-07-17 09:24:01] 抓到 11 场
[2026-07-17 09:24:06] ✓ 11个数据文件已同步VPS(rsync -u, 仅推送更新过的)
[2026-07-17 09:24:09] VPS重算: 200
[2026-07-17 09:32:01] 抓到 11 场
[2026-07-17 09:32:06] ✓ 11个数据文件已同步VPS(rsync -u, 仅推送更新过的)
[2026-07-17 09:32:09] VPS重算: 200
[2026-07-17 09:40:01] 抓到 11 场
[2026-07-17 09:40:07] ✓ 11个数据文件已同步VPS(rsync -u, 仅推送更新过的)
[2026-07-17 09:40:39] VPS重算: 200
[2026-07-17 09:48:01] 抓到 11 场
[2026-07-17 09:48:08] ✓ 11个数据文件已同步VPS(rsync -u, 仅推送更新过的)
[2026-07-17 09:49:38] VPS重算: 000
[2026-07-17 09:56:01] 抓到 11 场
[2026-07-17 09:56:07] ✓ 11个数据文件已同步VPS(rsync -u, 仅推送更新过的)
[2026-07-17 09:56:08] VPS重算: 200
[2026-07-17 10:00:01] 抓到 11 场
[2026-07-17 10:00:06] ✓ 11个数据文件已同步VPS(rsync -u, 仅推送更新过的)
[2026-07-17 10:00:07] VPS重算: 200
[2026-07-17 10:08:01] 抓到 11 场
[2026-07-17 10:08:07] ✓ 11个数据文件已同步VPS(rsync -u, 仅推送更新过的)
[2026-07-17 10:08:39] VPS重算: 200
[2026-07-17 10:16:01] 抓到 11 场
[2026-07-17 10:16:07] ✓ 11个数据文件已同步VPS(rsync -u, 仅推送更新过的)
[2026-07-17 10:16:08] VPS重算: 200
[2026-07-17 10:24:01] 抓到 11 场
[2026-07-17 10:24:07] ✓ 11个数据文件已同步VPS(rsync -u, 仅推送更新过的)
[2026-07-17 10:24:39] VPS重算: 200
[2026-07-17 10:32:01] 抓到 10 场
[2026-07-17 10:32:06] ✓ 11个数据文件已同步VPS(rsync -u, 仅推送更新过的)
[2026-07-17 10:32:08] VPS重算: 200
[2026-07-17 10:40:01] 抓到 10 场
[2026-07-17 10:40:06] ✓ 11个数据文件已同步VPS(rsync -u, 仅推送更新过的)
[2026-07-17 10:41:36] VPS重算: 000
[2026-07-17 10:48:01] 抓到 10 场
[2026-07-17 10:48:07] ✓ 11个数据文件已同步VPS(rsync -u, 仅推送更新过的)
[2026-07-17 10:48:39] VPS重算: 200
[2026-07-17 10:56:01] 抓到 10 场
[2026-07-17 10:56:07] ✓ 11个数据文件已同步VPS(rsync -u, 仅推送更新过的)
[2026-07-17 10:56:09] VPS重算: 200
[2026-07-17 11:00:01] 抓到 10 场
[2026-07-17 11:00:06] ✓ 11个数据文件已同步VPS(rsync -u, 仅推送更新过的)
[2026-07-17 11:00:08] VPS重算: 200
[2026-07-17 11:08:01] 抓到 16 场
[2026-07-17 11:08:07] ✓ 11个数据文件已同步VPS(rsync -u, 仅推送更新过的)
[2026-07-17 11:08:39] VPS重算: 200
[2026-07-17 11:16:01] 抓到 16 场
[2026-07-17 11:16:06] ✓ 11个数据文件已同步VPS(rsync -u, 仅推送更新过的)
[2026-07-17 11:17:09] VPS重算: 200
[2026-07-17 11:24:01] 抓到 16 场
[2026-07-17 11:24:07] ✓ 11个数据文件已同步VPS(rsync -u, 仅推送更新过的)
[2026-07-17 11:24:08] VPS重算: 200
[2026-07-17 11:32:01] 抓到 16 场
[2026-07-17 11:32:07] ✓ 11个数据文件已同步VPS(rsync -u, 仅推送更新过的)
[2026-07-17 11:32:39] VPS重算: 200
[2026-07-17 11:40:01] 抓到 16 场
[2026-07-17 11:40:07] ✓ 11个数据文件已同步VPS(rsync -u, 仅推送更新过的)
[2026-07-17 11:40:38] VPS重算: 200
[2026-07-17 11:48:01] 抓到 16 场
[2026-07-17 11:48:07] ✓ 11个数据文件已同步VPS(rsync -u, 仅推送更新过的)
[2026-07-17 11:48:09] VPS重算: 200
[2026-07-17 11:56:01] 抓到 16 场
[2026-07-17 11:56:07] ✓ 11个数据文件已同步VPS(rsync -u, 仅推送更新过的)
[2026-07-17 11:56:39] VPS重算: 200
[2026-07-17 12:00:01] 抓到 16 场
[2026-07-17 12:00:07] ✓ 11个数据文件已同步VPS(rsync -u, 仅推送更新过的)
[2026-07-17 12:01:37] VPS重算: 000
[2026-07-17 12:08:01] 抓到 16 场
[2026-07-17 12:08:06] ✓ 11个数据文件已同步VPS(rsync -u, 仅推送更新过的)
[2026-07-17 12:08:07] VPS重算: 200
[2026-07-17 12:16:01] 抓到 16 场
[2026-07-17 12:16:06] ✓ 11个数据文件已同步VPS(rsync -u, 仅推送更新过的)
[2026-07-17 12:16:38] VPS重算: 200
[2026-07-17 12:24:01] 抓到 16 场
[2026-07-17 12:24:06] ✓ 11个数据文件已同步VPS(rsync -u, 仅推送更新过的)
[2026-07-17 12:25:36] VPS重算: 000
[2026-07-17 12:32:01] 抓到 16 场
[2026-07-17 12:32:07] ✓ 11个数据文件已同步VPS(rsync -u, 仅推送更新过的)
[2026-07-17 12:32:39] VPS重算: 200
[2026-07-17 12:40:01] 抓到 16 场
[2026-07-17 12:40:06] ✓ 11个数据文件已同步VPS(rsync -u, 仅推送更新过的)
[2026-07-17 12:41:08] VPS重算: 200
[2026-07-17 12:48:01] 抓到 16 场
[2026-07-17 12:48:06] ✓ 11个数据文件已同步VPS(rsync -u, 仅推送更新过的)
[2026-07-17 12:48:37] VPS重算: 200
[2026-07-17 12:56:01] 抓到 16 场
[2026-07-17 12:56:07] ✓ 11个数据文件已同步VPS(rsync -u, 仅推送更新过的)
[2026-07-17 12:56:09] VPS重算: 200
[2026-07-17 13:00:01] 抓到 16 场
[2026-07-17 13:00:06] ✓ 11个数据文件已同步VPS(rsync -u, 仅推送更新过的)
[2026-07-17 13:00:08] VPS重算: 200
[2026-07-17 13:08:01] 抓到 16 场
[2026-07-17 13:08:07] ✓ 11个数据文件已同步VPS(rsync -u, 仅推送更新过的)
[2026-07-17 13:08:39] VPS重算: 200
[2026-07-17 13:16:01] 抓到 16 场
[2026-07-17 13:16:05] ✓ 11个数据文件已同步VPS(rsync -u, 仅推送更新过的)
[2026-07-17 13:16:37] VPS重算: 200
[2026-07-17 13:24:01] 抓到 16 场
[2026-07-17 13:24:07] ✓ 11个数据文件已同步VPS(rsync -u, 仅推送更新过的)
[2026-07-17 13:24:09] VPS重算: 200
[2026-07-17 13:32:01] 抓到 16 场
[2026-07-17 13:32:08] ✓ 11个数据文件已同步VPS(rsync -u, 仅推送更新过的)
[2026-07-17 13:32:41] VPS重算: 200
[2026-07-17 13:40:01] 抓到 16 场
[2026-07-17 13:40:06] ✓ 11个数据文件已同步VPS(rsync -u, 仅推送更新过的)
[2026-07-17 13:40:07] VPS重算: 200
[2026-07-17 13:48:01] 抓到 16 场
[2026-07-17 13:48:07] ✓ 11个数据文件已同步VPS(rsync -u, 仅推送更新过的)
[2026-07-17 13:49:37] VPS重算: 000
[2026-07-17 13:56:01] 抓到 16 场
[2026-07-17 13:56:06] ✓ 11个数据文件已同步VPS(rsync -u, 仅推送更新过的)
[2026-07-17 13:56:38] VPS重算: 200
[2026-07-17 14:00:01] 抓到 16 场
[2026-07-17 14:00:06] ✓ 11个数据文件已同步VPS(rsync -u, 仅推送更新过的)
[2026-07-17 14:01:08] VPS重算: 200
[2026-07-17 14:08:01] 抓到 16 场
[2026-07-17 14:08:08] ✓ 11个数据文件已同步VPS(rsync -u, 仅推送更新过的)
[2026-07-17 14:08:10] VPS重算: 200
[2026-07-17 14:16:01] 抓到 16 场
[2026-07-17 14:16:06] ✓ 11个数据文件已同步VPS(rsync -u, 仅推送更新过的)
[2026-07-17 14:16:08] VPS重算: 200
[2026-07-17 14:24:01] 抓到 16 场
[2026-07-17 14:24:06] ✓ 11个数据文件已同步VPS(rsync -u, 仅推送更新过的)
[2026-07-17 14:24:08] VPS重算: 200
[2026-07-17 14:32:01] 抓到 16 场
[2026-07-17 14:32:06] ✓ 11个数据文件已同步VPS(rsync -u, 仅推送更新过的)
[2026-07-17 14:32:39] VPS重算: 200
[2026-07-17 14:40:01] 抓到 16 场
[2026-07-17 14:40:06] ✓ 11个数据文件已同步VPS(rsync -u, 仅推送更新过的)
[2026-07-17 14:40:08] VPS重算: 200
[2026-07-17 14:48:01] 抓到 16 场
[2026-07-17 14:48:05] ✓ 11个数据文件已同步VPS(rsync -u, 仅推送更新过的)
[2026-07-17 14:48:07] VPS重算: 200
[2026-07-17 14:56:01] 抓到 16 场
[2026-07-17 14:56:06] ✓ 11个数据文件已同步VPS(rsync -u, 仅推送更新过的)
[2026-07-17 14:56:38] VPS重算: 200
[2026-07-17 15:00:01] 抓到 16 场
[2026-07-17 15:00:05] ✓ 11个数据文件已同步VPS(rsync -u, 仅推送更新过的)
[2026-07-17 15:00:07] VPS重算: 200
[2026-07-17 15:08:01] 抓到 16 场
[2026-07-17 15:08:06] ✓ 11个数据文件已同步VPS(rsync -u, 仅推送更新过的)
[2026-07-17 15:08:07] VPS重算: 200
[2026-07-17 15:16:01] 抓到 16 场
[2026-07-17 15:16:07] ✓ 11个数据文件已同步VPS(rsync -u, 仅推送更新过的)
[2026-07-17 15:16:09] VPS重算: 200
[2026-07-17 15:24:01] 抓到 16 场
[2026-07-17 15:24:08] ✓ 11个数据文件已同步VPS(rsync -u, 仅推送更新过的)
[2026-07-17 15:25:10] VPS重算: 200
[2026-07-17 15:32:01] 抓到 16 场
[2026-07-17 15:32:06] ✓ 11个数据文件已同步VPS(rsync -u, 仅推送更新过的)
[2026-07-17 15:32:08] VPS重算: 200
[2026-07-17 15:40:01] 抓到 16 场
[2026-07-17 15:40:06] ✓ 11个数据文件已同步VPS(rsync -u, 仅推送更新过的)
[2026-07-17 15:40:08] VPS重算: 200
[2026-07-17 15:48:01] 抓到 16 场
[2026-07-17 15:48:06] ✓ 11个数据文件已同步VPS(rsync -u, 仅推送更新过的)
[2026-07-17 15:49:36] VPS重算: 000
[2026-07-17 15:56:01] 抓到 16 场
[2026-07-17 15:56:08] ✓ 11个数据文件已同步VPS(rsync -u, 仅推送更新过的)
[2026-07-17 15:57:09] VPS重算: 200
[2026-07-17 16:00:01] 抓到 16 场
[2026-07-17 16:00:06] ✓ 11个数据文件已同步VPS(rsync -u, 仅推送更新过的)
[2026-07-17 16:00:37] VPS重算: 200
[2026-07-17 16:08:01] 抓到 16 场
[2026-07-17 16:08:06] ✓ 11个数据文件已同步VPS(rsync -u, 仅推送更新过的)
[2026-07-17 16:08:39] VPS重算: 200
[2026-07-17 16:16:01] 抓到 16 场
[2026-07-17 16:16:06] ✓ 11个数据文件已同步VPS(rsync -u, 仅推送更新过的)
[2026-07-17 16:16:09] VPS重算: 200
[2026-07-17 16:24:01] 抓到 16 场
[2026-07-17 16:24:07] ✓ 11个数据文件已同步VPS(rsync -u, 仅推送更新过的)
[2026-07-17 16:24:08] VPS重算: 200
[2026-07-17 16:32:01] 抓到 16 场
[2026-07-17 16:32:07] ✓ 11个数据文件已同步VPS(rsync -u, 仅推送更新过的)
[2026-07-17 16:32:43] VPS重算: 200
[2026-07-17 16:40:01] 抓到 16 场
[2026-07-17 16:40:08] ✓ 11个数据文件已同步VPS(rsync -u, 仅推送更新过的)
[2026-07-17 16:40:09] VPS重算: 200
[2026-07-17 16:48:02] 抓到 16 场
[2026-07-17 16:48:07] ✓ 11个数据文件已同步VPS(rsync -u, 仅推送更新过的)
[2026-07-17 16:48:09] VPS重算: 200
[2026-07-17 16:56:01] 抓到 16 场
[2026-07-17 16:56:07] ✓ 11个数据文件已同步VPS(rsync -u, 仅推送更新过的)
[2026-07-17 16:56:10] VPS重算: 200
[2026-07-17 17:00:02] 抓到 16 场
[2026-07-17 17:00:07] ✓ 11个数据文件已同步VPS(rsync -u, 仅推送更新过的)
[2026-07-17 17:00:09] VPS重算: 200
[2026-07-17 17:08:01] 抓到 16 场
[2026-07-17 17:08:08] ✓ 11个数据文件已同步VPS(rsync -u, 仅推送更新过的)
[2026-07-17 17:08:39] VPS重算: 200
[2026-07-17 17:16:01] 抓到 16 场
[2026-07-17 17:16:07] ✓ 11个数据文件已同步VPS(rsync -u, 仅推送更新过的)
[2026-07-17 17:16:09] VPS重算: 200
[2026-07-17 17:24:01] 抓到 16 场
[2026-07-17 17:24:06] ✓ 11个数据文件已同步VPS(rsync -u, 仅推送更新过的)
[2026-07-17 17:24:07] VPS重算: 200
[2026-07-17 17:32:01] 抓到 16 场
[2026-07-17 17:32:07] ✓ 11个数据文件已同步VPS(rsync -u, 仅推送更新过的)
[2026-07-17 17:32:09] VPS重算: 200
[2026-07-17 17:40:01] 抓到 16 场
[2026-07-17 17:40:07] ✓ 11个数据文件已同步VPS(rsync -u, 仅推送更新过的)
[2026-07-17 17:41:08] VPS重算: 200
[2026-07-17 17:48:01] 抓到 16 场
[2026-07-17 17:48:08] ✓ 11个数据文件已同步VPS(rsync -u, 仅推送更新过的)
[2026-07-17 17:48:40] VPS重算: 200
[2026-07-17 17:56:02] 抓到 16 场
[2026-07-17 17:56:07] ✓ 11个数据文件已同步VPS(rsync -u, 仅推送更新过的)
[2026-07-17 17:56:09] VPS重算: 200
[2026-07-17 18:00:01] 抓到 16 场
[2026-07-17 18:00:06] ✓ 11个数据文件已同步VPS(rsync -u, 仅推送更新过的)
[2026-07-17 18:00:38] VPS重算: 200
[2026-07-17 18:08:01] 抓到 16 场
[2026-07-17 18:08:07] ✓ 11个数据文件已同步VPS(rsync -u, 仅推送更新过的)
[2026-07-17 18:08:09] VPS重算: 200
[2026-07-17 18:16:01] 抓到 16 场
[2026-07-17 18:16:06] ✓ 11个数据文件已同步VPS(rsync -u, 仅推送更新过的)
[2026-07-17 18:16:08] VPS重算: 200
[2026-07-17 18:24:01] 抓到 16 场
[2026-07-17 18:24:05] ✓ 11个数据文件已同步VPS(rsync -u, 仅推送更新过的)
[2026-07-17 18:24:06] VPS重算: 429
[2026-07-17 18:32:01] 抓到 16 场
[2026-07-17 18:32:06] ✓ 11个数据文件已同步VPS(rsync -u, 仅推送更新过的)
[2026-07-17 18:32:07] VPS重算: 200
[2026-07-17 18:40:01] 抓到 16 场
[2026-07-17 18:40:06] ✓ 11个数据文件已同步VPS(rsync -u, 仅推送更新过的)
[2026-07-17 18:40:08] VPS重算: 200
[2026-07-17 18:48:01] 抓到 16 场
[2026-07-17 18:48:07] ✓ 11个数据文件已同步VPS(rsync -u, 仅推送更新过的)
[2026-07-17 18:48:09] VPS重算: 200
[2026-07-17 18:56:01] 抓到 16 场
[2026-07-17 18:56:06] ✓ 11个数据文件已同步VPS(rsync -u, 仅推送更新过的)
[2026-07-17 18:56:07] VPS重算: 429
[2026-07-17 19:00:01] 抓到 16 场
[2026-07-17 19:00:07] ✓ 11个数据文件已同步VPS(rsync -u, 仅推送更新过的)
[2026-07-17 19:00:37] VPS重算: 200
[2026-07-17 19:08:02] 抓到 16 场
[2026-07-17 19:08:08] ✓ 11个数据文件已同步VPS(rsync -u, 仅推送更新过的)
[2026-07-17 19:08:40] VPS重算: 200
[2026-07-17 19:16:01] 抓到 16 场
[2026-07-17 19:16:07] ✓ 11个数据文件已同步VPS(rsync -u, 仅推送更新过的)
[2026-07-17 19:16:09] VPS重算: 200
[2026-07-17 19:24:01] 抓到 16 场
[2026-07-17 19:24:07] ✓ 11个数据文件已同步VPS(rsync -u, 仅推送更新过的)
[2026-07-17 19:24:09] VPS重算: 200
[2026-07-17 19:32:01] 抓到 16 场
[2026-07-17 19:32:06] ✓ 11个数据文件已同步VPS(rsync -u, 仅推送更新过的)
[2026-07-17 19:32:38] VPS重算: 200
[2026-07-17 19:40:01] 抓到 16 场
[2026-07-17 19:40:07] ✓ 11个数据文件已同步VPS(rsync -u, 仅推送更新过的)
[2026-07-17 19:40:09] VPS重算: 200
[2026-07-17 19:48:01] 抓到 16 场
[2026-07-17 19:48:05] ✓ 11个数据文件已同步VPS(rsync -u, 仅推送更新过的)
[2026-07-17 19:48:07] VPS重算: 200
[2026-07-17 19:56:01] 抓到 16 场
[2026-07-17 19:56:08] ✓ 11个数据文件已同步VPS(rsync -u, 仅推送更新过的)
[2026-07-17 19:56:09] VPS重算: 200
[2026-07-17 20:00:01] 抓到 16 场
[2026-07-17 20:00:06] ✓ 11个数据文件已同步VPS(rsync -u, 仅推送更新过的)
[2026-07-17 20:01:36] VPS重算: 000
[2026-07-17 20:08:01] 抓到 16 场
[2026-07-17 20:08:06] ✓ 11个数据文件已同步VPS(rsync -u, 仅推送更新过的)
[2026-07-17 20:08:38] VPS重算: 200
[2026-07-17 20:16:01] 抓到 16 场
[2026-07-17 20:16:06] ✓ 11个数据文件已同步VPS(rsync -u, 仅推送更新过的)
[2026-07-17 20:17:07] VPS重算: 200
[2026-07-17 20:24:01] 抓到 16 场
[2026-07-17 20:26:05] ✗ 推送失败(VPS不可达或免密未配)
[2026-07-17 20:32:01] 抓到 16 场
[2026-07-17 20:34:03] ✗ 推送失败(VPS不可达或免密未配)
[2026-07-17 20:40:01] 抓到 16 场
[2026-07-17 20:41:14] ✓ 11个数据文件已同步VPS(rsync -u, 仅推送更新过的)
[2026-07-17 20:42:16] VPS重算: 200
[2026-07-17 20:48:01] 抓到 16 场
[2026-07-17 20:48:07] ✓ 11个数据文件已同步VPS(rsync -u, 仅推送更新过的)
[2026-07-17 20:48:08] VPS重算: 200
[2026-07-17 20:56:01] 抓到 16 场
[2026-07-17 20:56:08] ✓ 11个数据文件已同步VPS(rsync -u, 仅推送更新过的)
[2026-07-17 20:57:10] VPS重算: 200
[2026-07-17 21:00:01] 抓到 16 场
[2026-07-17 21:00:06] ✓ 11个数据文件已同步VPS(rsync -u, 仅推送更新过的)
[2026-07-17 21:01:08] VPS重算: 200
[2026-07-17 21:08:01] 抓到 16 场
[2026-07-17 21:08:08] ✓ 11个数据文件已同步VPS(rsync -u, 仅推送更新过的)
[2026-07-17 21:08:40] VPS重算: 200
[2026-07-17 21:16:01] 抓到 16 场
[2026-07-17 21:16:08] ✓ 11个数据文件已同步VPS(rsync -u, 仅推送更新过的)
[2026-07-17 21:16:10] VPS重算: 200
[2026-07-17 21:24:01] 抓到 16 场
[2026-07-17 21:24:07] ✓ 11个数据文件已同步VPS(rsync -u, 仅推送更新过的)
[2026-07-17 21:24:09] VPS重算: 200
[2026-07-17 21:32:01] 抓到 16 场
[2026-07-17 21:32:07] ✓ 11个数据文件已同步VPS(rsync -u, 仅推送更新过的)
[2026-07-17 21:32:39] VPS重算: 200
[2026-07-17 21:40:01] 抓到 16 场
[2026-07-17 21:40:06] ✓ 11个数据文件已同步VPS(rsync -u, 仅推送更新过的)
[2026-07-17 21:40:08] VPS重算: 200
[2026-07-17 21:48:01] 抓到 16 场
[2026-07-17 21:48:08] ✓ 11个数据文件已同步VPS(rsync -u, 仅推送更新过的)
[2026-07-17 21:48:40] VPS重算: 200
[2026-07-17 21:56:01] 抓到 16 场
[2026-07-17 21:56:06] ✓ 11个数据文件已同步VPS(rsync -u, 仅推送更新过的)
[2026-07-17 21:56:10] VPS重算: 200
[2026-07-17 22:00:01] 抓到 16 场
[2026-07-17 22:00:07] ✓ 11个数据文件已同步VPS(rsync -u, 仅推送更新过的)
[2026-07-17 22:00:10] VPS重算: 200
[2026-07-17 22:08:01] 抓到 16 场
[2026-07-17 22:08:07] ✓ 11个数据文件已同步VPS(rsync -u, 仅推送更新过的)
[2026-07-17 22:08:09] VPS重算: 200
[2026-07-17 22:16:01] 抓到 16 场
[2026-07-17 22:16:07] ✓ 11个数据文件已同步VPS(rsync -u, 仅推送更新过的)
[2026-07-17 22:17:09] VPS重算: 200
[2026-07-17 22:24:01] 抓到 16 场
[2026-07-17 22:24:07] ✓ 11个数据文件已同步VPS(rsync -u, 仅推送更新过的)
[2026-07-17 22:24:10] VPS重算: 200
[2026-07-17 22:32:01] 抓到 16 场
[2026-07-17 22:32:07] ✓ 11个数据文件已同步VPS(rsync -u, 仅推送更新过的)
[2026-07-17 22:32:09] VPS重算: 200
[2026-07-17 22:40:01] 抓到 16 场
[2026-07-17 22:40:07] ✓ 11个数据文件已同步VPS(rsync -u, 仅推送更新过的)
[2026-07-17 22:40:09] VPS重算: 200
[2026-07-17 22:48:01] 抓到 16 场
[2026-07-17 22:48:10] ✓ 11个数据文件已同步VPS(rsync -u, 仅推送更新过的)
[2026-07-17 22:48:12] VPS重算: 200
[2026-07-17 22:56:01] 抓到 16 场
[2026-07-17 22:56:07] ✓ 11个数据文件已同步VPS(rsync -u, 仅推送更新过的)
[2026-07-17 22:56:10] VPS重算: 200
[2026-07-17 23:00:01] 抓到 16 场
[2026-07-17 23:00:08] ✓ 11个数据文件已同步VPS(rsync -u, 仅推送更新过的)
[2026-07-17 23:00:11] VPS重算: 200
[2026-07-17 23:08:01] 抓到 16 场
[2026-07-17 23:08:06] ✓ 11个数据文件已同步VPS(rsync -u, 仅推送更新过的)
[2026-07-17 23:08:07] VPS重算: 200
[2026-07-17 23:16:01] 抓到 16 场
[2026-07-17 23:16:07] ✓ 11个数据文件已同步VPS(rsync -u, 仅推送更新过的)
[2026-07-17 23:17:37] VPS重算: 000
[2026-07-17 23:24:01] 抓到 16 场
[2026-07-17 23:24:08] ✓ 11个数据文件已同步VPS(rsync -u, 仅推送更新过的)
[2026-07-17 23:25:10] VPS重算: 200
[2026-07-17 23:32:01] 抓到 16 场
[2026-07-17 23:32:08] ✓ 11个数据文件已同步VPS(rsync -u, 仅推送更新过的)
[2026-07-17 23:32:09] VPS重算: 200
[2026-07-17 23:40:01] 抓到 16 场
[2026-07-17 23:40:07] ✓ 11个数据文件已同步VPS(rsync -u, 仅推送更新过的)
[2026-07-17 23:40:08] VPS重算: 200
[2026-07-17 23:48:01] 抓到 16 场
[2026-07-17 23:48:07] ✓ 11个数据文件已同步VPS(rsync -u, 仅推送更新过的)
[2026-07-17 23:48:39] VPS重算: 200
[2026-07-17 23:56:01] 抓到 16 场
[2026-07-17 23:56:07] ✓ 11个数据文件已同步VPS(rsync -u, 仅推送更新过的)
[2026-07-17 23:56:39] VPS重算: 200
[2026-07-18 00:00:01] 抓到 16 场
[2026-07-18 00:00:07] ✓ 11个数据文件已同步VPS(rsync -u, 仅推送更新过的)
[2026-07-18 00:01:37] VPS重算: 000
[2026-07-18 00:08:01] 抓到 16 场
[2026-07-18 00:08:08] ✓ 11个数据文件已同步VPS(rsync -u, 仅推送更新过的)
[2026-07-18 00:08:10] VPS重算: 200
[2026-07-18 00:16:01] 抓到 16 场
[2026-07-18 00:16:07] ✓ 11个数据文件已同步VPS(rsync -u, 仅推送更新过的)
[2026-07-18 00:16:09] VPS重算: 200
[2026-07-18 00:24:01] 抓到 16 场
[2026-07-18 00:24:06] ✓ 11个数据文件已同步VPS(rsync -u, 仅推送更新过的)
[2026-07-18 00:24:37] VPS重算: 200
[2026-07-18 00:32:01] 抓到 16 场
[2026-07-18 00:32:07] ✓ 11个数据文件已同步VPS(rsync -u, 仅推送更新过的)
[2026-07-18 00:32:38] VPS重算: 200
[2026-07-18 00:40:01] 抓到 16 场
[2026-07-18 00:40:07] ✓ 11个数据文件已同步VPS(rsync -u, 仅推送更新过的)
[2026-07-18 00:40:08] VPS重算: 200
[2026-07-18 00:48:01] 抓到 16 场
[2026-07-18 00:48:07] ✓ 11个数据文件已同步VPS(rsync -u, 仅推送更新过的)
[2026-07-18 00:48:09] VPS重算: 200
[2026-07-18 00:56:01] 抓到 16 场
[2026-07-18 00:56:06] ✓ 11个数据文件已同步VPS(rsync -u, 仅推送更新过的)
[2026-07-18 00:56:08] VPS重算: 200
[2026-07-18 01:00:01] 抓到 16 场
[2026-07-18 01:02:02] ✗ 推送失败(VPS不可达或免密未配)
[2026-07-18 01:08:01] 抓到 14 场
[2026-07-18 01:08:07] ✓ 11个数据文件已同步VPS(rsync -u, 仅推送更新过的)
[2026-07-18 01:08:08] VPS重算: 200
[2026-07-18 01:16:02] 抓到 13 场
[2026-07-18 01:18:03] ✗ 推送失败(VPS不可达或免密未配)
[2026-07-18 01:24:01] 抓到 13 场
[2026-07-18 01:24:07] ✓ 11个数据文件已同步VPS(rsync -u, 仅推送更新过的)
[2026-07-18 01:25:08] VPS重算: 200
[2026-07-18 01:32:01] 抓到 13 场
[2026-07-18 01:34:02] ✗ 推送失败(VPS不可达或免密未配)
[2026-07-18 01:40:01] 抓到 13 场
[2026-07-18 01:40:06] ✓ 11个数据文件已同步VPS(rsync -u, 仅推送更新过的)
[2026-07-18 01:40:07] VPS重算: 200
[2026-07-18 01:48:01] 抓到 13 场
[2026-07-18 01:48:07] ✓ 11个数据文件已同步VPS(rsync -u, 仅推送更新过的)
[2026-07-18 01:48:08] VPS重算: 200
[2026-07-18 01:56:01] 抓到 13 场
[2026-07-18 01:56:07] ✓ 11个数据文件已同步VPS(rsync -u, 仅推送更新过的)
[2026-07-18 01:56:38] VPS重算: 200
[2026-07-18 02:00:01] 抓到 13 场
[2026-07-18 02:00:05] ✓ 11个数据文件已同步VPS(rsync -u, 仅推送更新过的)
[2026-07-18 02:00:07] VPS重算: 200
[2026-07-18 02:08:01] 抓到 13 场
[2026-07-18 02:08:05] ✓ 11个数据文件已同步VPS(rsync -u, 仅推送更新过的)
[2026-07-18 02:08:07] VPS重算: 200
[2026-07-18 02:16:01] 抓到 13 场
[2026-07-18 02:16:06] ✓ 11个数据文件已同步VPS(rsync -u, 仅推送更新过的)
[2026-07-18 02:16:08] VPS重算: 200
[2026-07-18 02:24:01] 抓到 13 场
[2026-07-18 02:24:05] ✓ 11个数据文件已同步VPS(rsync -u, 仅推送更新过的)
[2026-07-18 02:24:07] VPS重算: 200
[2026-07-18 02:32:01] 抓到 13 场
[2026-07-18 02:32:06] ✓ 11个数据文件已同步VPS(rsync -u, 仅推送更新过的)
[2026-07-18 02:32:08] VPS重算: 200
[2026-07-18 02:40:01] 抓到 13 场
[2026-07-18 02:40:06] ✓ 11个数据文件已同步VPS(rsync -u, 仅推送更新过的)
[2026-07-18 02:40:38] VPS重算: 200
[2026-07-18 02:48:01] 抓到 13 场
[2026-07-18 02:48:06] ✓ 11个数据文件已同步VPS(rsync -u, 仅推送更新过的)
[2026-07-18 02:48:07] VPS重算: 200
[2026-07-18 02:56:01] 抓到 13 场
[2026-07-18 02:56:06] ✓ 11个数据文件已同步VPS(rsync -u, 仅推送更新过的)
[2026-07-18 02:56:07] VPS重算: 200
[2026-07-18 03:00:01] 抓到 13 场
[2026-07-18 03:00:05] ✓ 11个数据文件已同步VPS(rsync -u, 仅推送更新过的)
[2026-07-18 03:00:07] VPS重算: 200
[2026-07-18 03:08:14] 抓到 13 场
[2026-07-18 03:09:28] ✓ 11个数据文件已同步VPS(rsync -u, 仅推送更新过的)
[2026-07-18 03:09:29] VPS重算: 429
[2026-07-18 03:16:01] 抓到 13 场
[2026-07-18 03:16:06] ✓ 11个数据文件已同步VPS(rsync -u, 仅推送更新过的)
[2026-07-18 03:17:36] VPS重算: 000
[2026-07-18 03:40:01] 抓到 13 场
[2026-07-18 03:40:06] ✓ 11个数据文件已同步VPS(rsync -u, 仅推送更新过的)
[2026-07-18 03:40:07] VPS重算: 200
[2026-07-18 03:48:01] 抓到 13 场
[2026-07-18 03:48:07] ✓ 11个数据文件已同步VPS(rsync -u, 仅推送更新过的)
[2026-07-18 03:48:38] VPS重算: 200
[2026-07-18 03:56:01] 抓到 13 场
[2026-07-18 03:56:06] ✓ 11个数据文件已同步VPS(rsync -u, 仅推送更新过的)
[2026-07-18 03:56:08] VPS重算: 200
[2026-07-18 04:00:01] 抓到 13 场
[2026-07-18 04:00:05] ✓ 11个数据文件已同步VPS(rsync -u, 仅推送更新过的)
[2026-07-18 04:00:07] VPS重算: 200
[2026-07-18 04:08:01] 抓到 13 场
[2026-07-18 04:08:05] ✓ 11个数据文件已同步VPS(rsync -u, 仅推送更新过的)
[2026-07-18 04:08:07] VPS重算: 200
[2026-07-18 04:16:01] 抓到 13 场
[2026-07-18 04:16:06] ✓ 11个数据文件已同步VPS(rsync -u, 仅推送更新过的)
[2026-07-18 04:16:38] VPS重算: 200
[2026-07-18 04:24:01] 抓到 13 场
[2026-07-18 04:24:06] ✓ 11个数据文件已同步VPS(rsync -u, 仅推送更新过的)
[2026-07-18 04:24:37] VPS重算: 200
[2026-07-18 04:32:01] 抓到 13 场
[2026-07-18 04:32:06] ✓ 11个数据文件已同步VPS(rsync -u, 仅推送更新过的)
[2026-07-18 04:33:07] VPS重算: 200
[2026-07-18 04:40:01] 抓到 13 场
[2026-07-18 04:40:06] ✓ 11个数据文件已同步VPS(rsync -u, 仅推送更新过的)
[2026-07-18 04:40:38] VPS重算: 200
[2026-07-18 04:48:01] 抓到 13 场
[2026-07-18 04:48:06] ✓ 11个数据文件已同步VPS(rsync -u, 仅推送更新过的)
[2026-07-18 04:48:08] VPS重算: 200
[2026-07-18 04:56:01] 抓到 13 场
[2026-07-18 04:56:05] ✓ 11个数据文件已同步VPS(rsync -u, 仅推送更新过的)
[2026-07-18 04:56:07] VPS重算: 200
[2026-07-18 05:00:01] 抓到 13 场
[2026-07-18 05:00:06] ✓ 11个数据文件已同步VPS(rsync -u, 仅推送更新过的)
[2026-07-18 05:00:07] VPS重算: 200
[2026-07-18 05:08:01] 抓到 13 场
[2026-07-18 05:08:06] ✓ 11个数据文件已同步VPS(rsync -u, 仅推送更新过的)
[2026-07-18 05:08:08] VPS重算: 200
[2026-07-18 05:16:01] 抓到 13 场
[2026-07-18 05:16:06] ✓ 11个数据文件已同步VPS(rsync -u, 仅推送更新过的)
[2026-07-18 05:17:36] VPS重算: 000
[2026-07-18 05:24:01] 抓到 13 场
[2026-07-18 05:24:06] ✓ 11个数据文件已同步VPS(rsync -u, 仅推送更新过的)
[2026-07-18 05:24:08] VPS重算: 200
[2026-07-18 05:32:01] 抓到 13 场
[2026-07-18 05:32:05] ✓ 11个数据文件已同步VPS(rsync -u, 仅推送更新过的)
[2026-07-18 05:32:07] VPS重算: 200
[2026-07-18 05:40:01] 抓到 13 场
[2026-07-18 05:40:06] ✓ 11个数据文件已同步VPS(rsync -u, 仅推送更新过的)
[2026-07-18 05:40:07] VPS重算: 200
[2026-07-18 05:48:01] 抓到 13 场
[2026-07-18 05:48:06] ✓ 11个数据文件已同步VPS(rsync -u, 仅推送更新过的)
[2026-07-18 05:48:08] VPS重算: 200
[2026-07-18 05:56:01] 抓到 13 场
[2026-07-18 05:56:05] ✓ 11个数据文件已同步VPS(rsync -u, 仅推送更新过的)
[2026-07-18 05:56:06] VPS重算: 429
[2026-07-18 06:00:01] 抓到 13 场
[2026-07-18 06:00:07] ✓ 11个数据文件已同步VPS(rsync -u, 仅推送更新过的)
[2026-07-18 06:00:08] VPS重算: 200
[2026-07-18 06:08:01] 抓到 13 场
[2026-07-18 06:08:06] ✓ 11个数据文件已同步VPS(rsync -u, 仅推送更新过的)
[2026-07-18 06:08:37] VPS重算: 200
[2026-07-18 06:16:01] 抓到 13 场
[2026-07-18 06:16:06] ✓ 11个数据文件已同步VPS(rsync -u, 仅推送更新过的)
[2026-07-18 06:17:08] VPS重算: 200
[2026-07-18 06:24:01] 抓到 13 场
[2026-07-18 06:24:06] ✓ 11个数据文件已同步VPS(rsync -u, 仅推送更新过的)
[2026-07-18 06:24:07] VPS重算: 200
[2026-07-18 06:32:01] 抓到 12 场
[2026-07-18 06:32:05] ✓ 11个数据文件已同步VPS(rsync -u, 仅推送更新过的)
[2026-07-18 06:32:37] VPS重算: 200
[2026-07-18 06:40:01] 抓到 12 场
[2026-07-18 06:40:06] ✓ 11个数据文件已同步VPS(rsync -u, 仅推送更新过的)
[2026-07-18 06:40:08] VPS重算: 200
[2026-07-18 06:48:01] 抓到 12 场
[2026-07-18 06:48:06] ✓ 11个数据文件已同步VPS(rsync -u, 仅推送更新过的)
[2026-07-18 06:48:07] VPS重算: 429
[2026-07-18 06:56:01] 抓到 12 场
[2026-07-18 06:56:06] ✓ 11个数据文件已同步VPS(rsync -u, 仅推送更新过的)
[2026-07-18 06:56:07] VPS重算: 200
[2026-07-18 07:00:01] 抓到 12 场
[2026-07-18 07:00:06] ✓ 11个数据文件已同步VPS(rsync -u, 仅推送更新过的)
[2026-07-18 07:00:08] VPS重算: 200
[2026-07-18 07:08:01] 抓到 10 场
[2026-07-18 07:08:06] ✓ 11个数据文件已同步VPS(rsync -u, 仅推送更新过的)
[2026-07-18 07:08:08] VPS重算: 200
[2026-07-18 07:16:01] 抓到 10 场
[2026-07-18 07:16:06] ✓ 11个数据文件已同步VPS(rsync -u, 仅推送更新过的)
[2026-07-18 07:17:07] VPS重算: 200
[2026-07-18 07:24:01] 抓到 10 场
[2026-07-18 07:24:07] ✓ 11个数据文件已同步VPS(rsync -u, 仅推送更新过的)
[2026-07-18 07:24:08] VPS重算: 200
[2026-07-18 07:32:01] 抓到 10 场
[2026-07-18 07:32:06] ✓ 11个数据文件已同步VPS(rsync -u, 仅推送更新过的)
[2026-07-18 07:33:36] VPS重算: 000
[2026-07-18 07:40:01] 抓到 10 场
[2026-07-18 07:40:06] ✓ 11个数据文件已同步VPS(rsync -u, 仅推送更新过的)
[2026-07-18 07:40:07] VPS重算: 200
[2026-07-18 07:48:01] 抓到 10 场
[2026-07-18 07:48:06] ✓ 11个数据文件已同步VPS(rsync -u, 仅推送更新过的)
[2026-07-18 07:48:38] VPS重算: 200
[2026-07-18 07:56:02] 抓到 10 场
[2026-07-18 07:56:07] ✓ 11个数据文件已同步VPS(rsync -u, 仅推送更新过的)
[2026-07-18 07:56:08] VPS重算: 200
[2026-07-18 08:00:01] 抓到 10 场
[2026-07-18 08:00:06] ✓ 11个数据文件已同步VPS(rsync -u, 仅推送更新过的)
[2026-07-18 08:00:37] VPS重算: 200
[2026-07-18 08:08:01] 抓到 10 场
[2026-07-18 08:08:07] ✓ 11个数据文件已同步VPS(rsync -u, 仅推送更新过的)
[2026-07-18 08:08:38] VPS重算: 200
[2026-07-18 08:16:01] 抓到 9 场
[2026-07-18 08:16:07] ✓ 11个数据文件已同步VPS(rsync -u, 仅推送更新过的)
[2026-07-18 08:16:08] VPS重算: 200
[2026-07-18 08:24:01] 抓到 9 场
[2026-07-18 08:24:07] ✓ 11个数据文件已同步VPS(rsync -u, 仅推送更新过的)
[2026-07-18 08:24:08] VPS重算: 200
[2026-07-18 08:32:01] 抓到 9 场
[2026-07-18 08:32:05] ✓ 11个数据文件已同步VPS(rsync -u, 仅推送更新过的)
[2026-07-18 08:32:07] VPS重算: 200
[2026-07-18 08:40:01] 抓到 9 场
[2026-07-18 08:40:06] ✓ 11个数据文件已同步VPS(rsync -u, 仅推送更新过的)
[2026-07-18 08:40:07] VPS重算: 200
[2026-07-18 08:48:01] 抓到 9 场
[2026-07-18 08:48:06] ✓ 11个数据文件已同步VPS(rsync -u, 仅推送更新过的)
[2026-07-18 08:48:07] VPS重算: 200
[2026-07-18 08:56:01] 抓到 9 场
[2026-07-18 08:56:06] ✓ 11个数据文件已同步VPS(rsync -u, 仅推送更新过的)
[2026-07-18 08:56:08] VPS重算: 200
[2026-07-18 09:00:01] 抓到 9 场
[2026-07-18 09:00:05] ✓ 11个数据文件已同步VPS(rsync -u, 仅推送更新过的)
[2026-07-18 09:00:37] VPS重算: 200
[2026-07-18 09:08:01] 抓到 9 场
[2026-07-18 09:08:06] ✓ 11个数据文件已同步VPS(rsync -u, 仅推送更新过的)
[2026-07-18 09:08:37] VPS重算: 200
[2026-07-18 09:16:01] 抓到 9 场
[2026-07-18 09:16:06] ✓ 11个数据文件已同步VPS(rsync -u, 仅推送更新过的)
[2026-07-18 09:16:08] VPS重算: 200
[2026-07-18 09:24:01] 抓到 9 场
[2026-07-18 09:24:06] ✓ 11个数据文件已同步VPS(rsync -u, 仅推送更新过的)
[2026-07-18 09:24:08] VPS重算: 200
[2026-07-18 09:32:01] 抓到 9 场
[2026-07-18 09:32:05] ✓ 11个数据文件已同步VPS(rsync -u, 仅推送更新过的)
[2026-07-18 09:32:07] VPS重算: 200
[2026-07-18 09:40:01] 抓到 9 场
[2026-07-18 09:40:06] ✓ 11个数据文件已同步VPS(rsync -u, 仅推送更新过的)
[2026-07-18 09:40:08] VPS重算: 200
[2026-07-18 09:48:01] 抓到 9 场
[2026-07-18 09:48:07] ✓ 11个数据文件已同步VPS(rsync -u, 仅推送更新过的)
[2026-07-18 09:48:38] VPS重算: 200
[2026-07-18 09:56:01] 抓到 9 场
[2026-07-18 09:56:08] ✓ 11个数据文件已同步VPS(rsync -u, 仅推送更新过的)
[2026-07-18 09:57:09] VPS重算: 200
[2026-07-18 10:00:01] 抓到 9 场
[2026-07-18 10:00:05] ✓ 11个数据文件已同步VPS(rsync -u, 仅推送更新过的)
[2026-07-18 10:00:06] VPS重算: 200
[2026-07-18 10:08:01] 抓到 9 场
[2026-07-18 10:08:07] ✓ 11个数据文件已同步VPS(rsync -u, 仅推送更新过的)
[2026-07-18 10:09:08] VPS重算: 200
[2026-07-18 10:16:01] 抓到 9 场
[2026-07-18 10:16:06] ✓ 11个数据文件已同步VPS(rsync -u, 仅推送更新过的)
[2026-07-18 10:17:36] VPS重算: 000
[2026-07-18 10:24:01] 抓到 9 场
[2026-07-18 10:24:06] ✓ 11个数据文件已同步VPS(rsync -u, 仅推送更新过的)
[2026-07-18 10:24:38] VPS重算: 200
[2026-07-18 10:32:01] 抓到 8 场
[2026-07-18 10:32:07] ✓ 11个数据文件已同步VPS(rsync -u, 仅推送更新过的)
[2026-07-18 10:32:07] VPS重算: 429
[2026-07-18 10:40:01] 抓到 8 场
[2026-07-18 10:40:06] ✓ 11个数据文件已同步VPS(rsync -u, 仅推送更新过的)
[2026-07-18 10:40:07] VPS重算: 200
[2026-07-18 10:48:01] 抓到 8 场
[2026-07-18 10:48:06] ✓ 11个数据文件已同步VPS(rsync -u, 仅推送更新过的)
[2026-07-18 10:48:07] VPS重算: 200
[2026-07-18 10:56:01] 抓到 8 场
[2026-07-18 10:56:06] ✓ 11个数据文件已同步VPS(rsync -u, 仅推送更新过的)
[2026-07-18 10:56:38] VPS重算: 200
[2026-07-18 11:00:01] 抓到 8 场
[2026-07-18 11:00:05] ✓ 11个数据文件已同步VPS(rsync -u, 仅推送更新过的)
[2026-07-18 11:00:06] VPS重算: 200
[2026-07-18 11:08:01] 抓到 26 场
[2026-07-18 11:08:06] ✓ 11个数据文件已同步VPS(rsync -u, 仅推送更新过的)
[2026-07-18 11:08:38] VPS重算: 200
[2026-07-18 11:16:01] 抓到 26 场
[2026-07-18 11:16:06] ✓ 11个数据文件已同步VPS(rsync -u, 仅推送更新过的)
[2026-07-18 11:17:08] VPS重算: 200
[2026-07-18 11:24:01] 抓到 26 场
[2026-07-18 11:24:07] ✓ 11个数据文件已同步VPS(rsync -u, 仅推送更新过的)
[2026-07-18 11:24:09] VPS重算: 200
[2026-07-18 11:32:01] 抓到 26 场
[2026-07-18 11:32:07] ✓ 11个数据文件已同步VPS(rsync -u, 仅推送更新过的)
[2026-07-18 11:32:09] VPS重算: 200
[2026-07-18 11:40:01] 抓到 26 场
[2026-07-18 11:40:07] ✓ 11个数据文件已同步VPS(rsync -u, 仅推送更新过的)
[2026-07-18 11:40:38] VPS重算: 200
[2026-07-18 11:48:01] 抓到 26 场
[2026-07-18 11:48:07] ✓ 11个数据文件已同步VPS(rsync -u, 仅推送更新过的)
[2026-07-18 11:48:38] VPS重算: 200
[2026-07-18 11:56:01] 抓到 26 场
[2026-07-18 11:56:08] ✓ 11个数据文件已同步VPS(rsync -u, 仅推送更新过的)
[2026-07-18 11:56:09] VPS重算: 429
[2026-07-18 12:00:01] 抓到 26 场
[2026-07-18 12:00:06] ✓ 11个数据文件已同步VPS(rsync -u, 仅推送更新过的)
[2026-07-18 12:00:08] VPS重算: 200
[2026-07-18 12:08:01] 抓到 26 场
[2026-07-18 12:08:08] ✓ 11个数据文件已同步VPS(rsync -u, 仅推送更新过的)
[2026-07-18 12:08:09] VPS重算: 200
[2026-07-18 15:32:01] 抓到 26 场
[2026-07-18 15:34:02] ✗ 推送失败(VPS不可达或免密未配)
[2026-07-18 15:40:01] 抓到 26 场
[2026-07-18 15:42:03] ✗ 推送失败(VPS不可达或免密未配)
[2026-07-18 15:48:01] 抓到 26 场
[2026-07-18 15:50:02] ✗ 推送失败(VPS不可达或免密未配)
[2026-07-18 15:56:01] 抓到 26 场
[2026-07-18 15:58:03] ✗ 推送失败(VPS不可达或免密未配)
[2026-07-18 16:00:02] 抓到 26 场
[2026-07-18 16:01:25] ✓ 11个数据文件已同步VPS(rsync -u, 仅推送更新过的)
[2026-07-18 16:01:27] VPS重算: 200
[2026-07-18 16:08:01] 抓到 26 场
[2026-07-18 16:08:07] ✓ 11个数据文件已同步VPS(rsync -u, 仅推送更新过的)
[2026-07-18 16:08:08] VPS重算: 200
[2026-07-18 16:16:01] 抓到 26 场
[2026-07-18 16:16:06] ✓ 11个数据文件已同步VPS(rsync -u, 仅推送更新过的)
[2026-07-18 16:16:08] VPS重算: 200
[2026-07-18 16:24:01] 抓到 26 场
[2026-07-18 16:24:07] ✓ 11个数据文件已同步VPS(rsync -u, 仅推送更新过的)
[2026-07-18 16:24:08] VPS重算: 200
[2026-07-18 16:32:01] 抓到 26 场
[2026-07-18 16:32:05] ✓ 11个数据文件已同步VPS(rsync -u, 仅推送更新过的)
[2026-07-18 16:33:07] VPS重算: 200
[2026-07-18 16:40:01] 抓到 26 场
[2026-07-18 16:40:06] ✓ 11个数据文件已同步VPS(rsync -u, 仅推送更新过的)
[2026-07-18 16:40:08] VPS重算: 200
[2026-07-18 16:48:01] 抓到 26 场
[2026-07-18 16:48:07] ✓ 11个数据文件已同步VPS(rsync -u, 仅推送更新过的)
[2026-07-18 16:48:38] VPS重算: 200
[2026-07-18 16:56:01] 抓到 26 场
[2026-07-18 16:56:07] ✓ 11个数据文件已同步VPS(rsync -u, 仅推送更新过的)
[2026-07-18 16:56:09] VPS重算: 200
[2026-07-18 17:00:01] 抓到 26 场
[2026-07-18 17:00:06] ✓ 11个数据文件已同步VPS(rsync -u, 仅推送更新过的)
[2026-07-18 17:00:38] VPS重算: 200
[2026-07-18 17:08:01] 抓到 26 场
[2026-07-18 17:08:07] ✓ 11个数据文件已同步VPS(rsync -u, 仅推送更新过的)
[2026-07-18 17:08:12] VPS重算: 200
[2026-07-18 17:16:01] 抓到 26 场
[2026-07-18 17:16:06] ✓ 11个数据文件已同步VPS(rsync -u, 仅推送更新过的)
[2026-07-18 17:16:38] VPS重算: 200
[2026-07-18 17:24:01] 抓到 26 场
[2026-07-18 17:24:05] ✓ 11个数据文件已同步VPS(rsync -u, 仅推送更新过的)
[2026-07-18 17:25:35] VPS重算: 000
[2026-07-18 17:32:01] 抓到 26 场
[2026-07-18 17:32:06] ✓ 11个数据文件已同步VPS(rsync -u, 仅推送更新过的)
[2026-07-18 17:32:38] VPS重算: 200
[2026-07-18 17:40:01] 抓到 26 场
[2026-07-18 17:40:06] ✓ 11个数据文件已同步VPS(rsync -u, 仅推送更新过的)
[2026-07-18 17:40:38] VPS重算: 200
[2026-07-18 17:48:01] 抓到 26 场
[2026-07-18 17:48:07] ✓ 11个数据文件已同步VPS(rsync -u, 仅推送更新过的)
[2026-07-18 17:48:09] VPS重算: 200
[2026-07-18 17:56:01] 抓到 26 场
[2026-07-18 17:56:07] ✓ 11个数据文件已同步VPS(rsync -u, 仅推送更新过的)
[2026-07-18 17:57:10] VPS重算: 200
[2026-07-18 18:00:01] 抓到 26 场
[2026-07-18 18:00:06] ✓ 11个数据文件已同步VPS(rsync -u, 仅推送更新过的)
[2026-07-18 18:00:08] VPS重算: 200
[2026-07-18 18:08:01] 抓到 26 场
[2026-07-18 18:08:06] ✓ 11个数据文件已同步VPS(rsync -u, 仅推送更新过的)
[2026-07-18 18:08:08] VPS重算: 200
[2026-07-18 18:16:01] 抓到 26 场
[2026-07-18 18:16:06] ✓ 11个数据文件已同步VPS(rsync -u, 仅推送更新过的)
[2026-07-18 18:16:08] VPS重算: 200
[2026-07-18 18:24:01] 抓到 26 场
[2026-07-18 18:24:06] ✓ 11个数据文件已同步VPS(rsync -u, 仅推送更新过的)
[2026-07-18 18:24:37] VPS重算: 200
[2026-07-18 18:32:01] 抓到 22 场
[2026-07-18 18:32:06] ✓ 11个数据文件已同步VPS(rsync -u, 仅推送更新过的)
[2026-07-18 18:33:08] VPS重算: 200
[2026-07-18 18:40:01] 抓到 22 场
[2026-07-18 18:40:07] ✓ 11个数据文件已同步VPS(rsync -u, 仅推送更新过的)
[2026-07-18 18:40:08] VPS重算: 200
[2026-07-18 18:48:01] 抓到 22 场
[2026-07-18 18:48:07] ✓ 11个数据文件已同步VPS(rsync -u, 仅推送更新过的)
[2026-07-18 18:49:37] VPS重算: 000
[2026-07-18 18:56:01] 抓到 22 场
[2026-07-18 18:56:05] ✓ 11个数据文件已同步VPS(rsync -u, 仅推送更新过的)
[2026-07-18 18:56:22] VPS重算: 200
[2026-07-18 19:00:01] 抓到 22 场
[2026-07-18 19:00:06] ✓ 11个数据文件已同步VPS(rsync -u, 仅推送更新过的)
[2026-07-18 19:00:51] VPS重算: 200
[2026-07-18 19:08:01] 抓到 22 场
[2026-07-18 19:08:06] ✓ 11个数据文件已同步VPS(rsync -u, 仅推送更新过的)
[2026-07-18 19:09:08] VPS重算: 200
[2026-07-18 19:16:01] 抓到 22 场
[2026-07-18 19:16:07] ✓ 11个数据文件已同步VPS(rsync -u, 仅推送更新过的)
[2026-07-18 19:16:38] VPS重算: 200
[2026-07-18 19:24:01] 抓到 22 场
[2026-07-18 19:24:07] ✓ 11个数据文件已同步VPS(rsync -u, 仅推送更新过的)
[2026-07-18 19:24:09] VPS重算: 200
[2026-07-18 19:32:01] 抓到 22 场
[2026-07-18 19:32:05] ✓ 11个数据文件已同步VPS(rsync -u, 仅推送更新过的)
[2026-07-18 19:33:35] VPS重算: 000
[2026-07-18 19:40:01] 抓到 22 场
[2026-07-18 19:40:07] ✓ 11个数据文件已同步VPS(rsync -u, 仅推送更新过的)
[2026-07-18 19:40:39] VPS重算: 200
[2026-07-18 19:48:01] 抓到 22 场
[2026-07-18 19:48:06] ✓ 11个数据文件已同步VPS(rsync -u, 仅推送更新过的)
[2026-07-18 19:48:38] VPS重算: 200
[2026-07-18 19:56:01] 抓到 22 场
[2026-07-18 19:56:07] ✓ 11个数据文件已同步VPS(rsync -u, 仅推送更新过的)
[2026-07-18 19:56:08] VPS重算: 200
[2026-07-18 20:00:01] 抓到 22 场
[2026-07-18 20:00:06] ✓ 11个数据文件已同步VPS(rsync -u, 仅推送更新过的)
[2026-07-18 20:00:07] VPS重算: 200
[2026-07-18 20:08:01] 抓到 20 场
[2026-07-18 20:08:06] ✓ 11个数据文件已同步VPS(rsync -u, 仅推送更新过的)
[2026-07-18 20:08:08] VPS重算: 200
[2026-07-18 20:16:01] 抓到 20 场
[2026-07-18 20:16:06] ✓ 11个数据文件已同步VPS(rsync -u, 仅推送更新过的)
[2026-07-18 20:16:38] VPS重算: 200
[2026-07-18 20:24:01] 抓到 20 场
[2026-07-18 20:24:08] ✓ 11个数据文件已同步VPS(rsync -u, 仅推送更新过的)
[2026-07-18 20:25:10] VPS重算: 200
[2026-07-18 20:32:01] 抓到 20 场
[2026-07-18 20:32:07] ✓ 11个数据文件已同步VPS(rsync -u, 仅推送更新过的)
[2026-07-18 20:32:08] VPS重算: 200
[2026-07-18 20:40:01] 抓到 20 场
[2026-07-18 20:40:08] ✓ 11个数据文件已同步VPS(rsync -u, 仅推送更新过的)
[2026-07-18 20:40:09] VPS重算: 200
[2026-07-18 20:48:01] 抓到 20 场
[2026-07-18 20:48:07] ✓ 11个数据文件已同步VPS(rsync -u, 仅推送更新过的)
[2026-07-18 20:48:10] VPS重算: 200
[2026-07-18 20:56:01] 抓到 20 场
[2026-07-18 20:56:07] ✓ 11个数据文件已同步VPS(rsync -u, 仅推送更新过的)
[2026-07-18 20:57:37] VPS重算: 000
[2026-07-18 21:00:01] 抓到 20 场
[2026-07-18 21:00:06] ✓ 11个数据文件已同步VPS(rsync -u, 仅推送更新过的)
[2026-07-18 21:00:09] VPS重算: 200
[2026-07-18 21:08:01] 抓到 19 场
[2026-07-18 21:08:06] ✓ 11个数据文件已同步VPS(rsync -u, 仅推送更新过的)
[2026-07-18 21:08:37] VPS重算: 200
[2026-07-18 21:16:01] 抓到 19 场
[2026-07-18 21:16:07] ✓ 11个数据文件已同步VPS(rsync -u, 仅推送更新过的)
[2026-07-18 21:16:38] VPS重算: 200
[2026-07-18 21:24:01] 抓到 19 场
[2026-07-18 21:24:07] ✓ 11个数据文件已同步VPS(rsync -u, 仅推送更新过的)
[2026-07-18 21:24:08] VPS重算: 200
[2026-07-18 21:32:01] 抓到 19 场
[2026-07-18 21:32:08] ✓ 11个数据文件已同步VPS(rsync -u, 仅推送更新过的)
[2026-07-18 21:33:10] VPS重算: 200
[2026-07-18 21:40:01] 抓到 19 场
[2026-07-18 21:40:06] ✓ 11个数据文件已同步VPS(rsync -u, 仅推送更新过的)
[2026-07-18 21:40:08] VPS重算: 200
[2026-07-18 21:48:01] 抓到 19 场
[2026-07-18 21:48:08] ✓ 11个数据文件已同步VPS(rsync -u, 仅推送更新过的)
[2026-07-18 21:48:10] VPS重算: 200
[2026-07-18 21:56:01] 抓到 19 场
[2026-07-18 21:56:06] ✓ 11个数据文件已同步VPS(rsync -u, 仅推送更新过的)
[2026-07-18 21:56:37] VPS重算: 200
[2026-07-18 22:00:01] 抓到 19 场
[2026-07-18 22:00:06] ✓ 11个数据文件已同步VPS(rsync -u, 仅推送更新过的)
[2026-07-18 22:00:07] VPS重算: 429
[2026-07-18 22:08:01] 抓到 14 场
[2026-07-18 22:08:07] ✓ 11个数据文件已同步VPS(rsync -u, 仅推送更新过的)
[2026-07-18 22:09:37] VPS重算: 000
[2026-07-18 22:16:01] 抓到 14 场
[2026-07-18 22:16:06] ✓ 11个数据文件已同步VPS(rsync -u, 仅推送更新过的)
[2026-07-18 22:17:09] VPS重算: 200
[2026-07-18 22:24:01] 抓到 14 场
[2026-07-18 22:24:05] ✓ 11个数据文件已同步VPS(rsync -u, 仅推送更新过的)
[2026-07-18 22:24:07] VPS重算: 200
[2026-07-18 22:32:01] 抓到 14 场
[2026-07-18 22:32:08] ✓ 11个数据文件已同步VPS(rsync -u, 仅推送更新过的)
[2026-07-18 22:33:38] VPS重算: 000
[2026-07-18 22:40:01] 抓到 14 场
[2026-07-18 22:40:05] ✓ 11个数据文件已同步VPS(rsync -u, 仅推送更新过的)
[2026-07-18 22:40:07] VPS重算: 200
[2026-07-18 22:48:01] 抓到 14 场
[2026-07-18 22:48:06] ✓ 11个数据文件已同步VPS(rsync -u, 仅推送更新过的)
[2026-07-18 22:48:08] VPS重算: 200
[2026-07-18 22:56:01] 抓到 14 场
[2026-07-18 22:56:06] ✓ 11个数据文件已同步VPS(rsync -u, 仅推送更新过的)
[2026-07-18 22:56:07] VPS重算: 200
[2026-07-18 23:00:01] 抓到 14 场
[2026-07-18 23:00:06] ✓ 11个数据文件已同步VPS(rsync -u, 仅推送更新过的)
[2026-07-18 23:00:08] VPS重算: 200
[2026-07-18 23:08:01] 抓到 14 场
[2026-07-18 23:08:07] ✓ 11个数据文件已同步VPS(rsync -u, 仅推送更新过的)
[2026-07-18 23:08:09] VPS重算: 200
[2026-07-18 23:16:01] 抓到 14 场
[2026-07-18 23:16:07] ✓ 11个数据文件已同步VPS(rsync -u, 仅推送更新过的)
[2026-07-18 23:17:09] VPS重算: 200
[2026-07-18 23:24:01] 抓到 14 场
[2026-07-18 23:24:06] ✓ 11个数据文件已同步VPS(rsync -u, 仅推送更新过的)
[2026-07-18 23:24:08] VPS重算: 200
[2026-07-18 23:32:01] 抓到 14 场
[2026-07-18 23:32:08] ✓ 11个数据文件已同步VPS(rsync -u, 仅推送更新过的)
[2026-07-18 23:33:10] VPS重算: 200
[2026-07-18 23:40:01] 抓到 14 场
[2026-07-18 23:40:06] ✓ 11个数据文件已同步VPS(rsync -u, 仅推送更新过的)
[2026-07-18 23:40:08] VPS重算: 200
[2026-07-18 23:48:01] 抓到 14 场
[2026-07-18 23:48:07] ✓ 11个数据文件已同步VPS(rsync -u, 仅推送更新过的)
[2026-07-18 23:49:08] VPS重算: 200
[2026-07-18 23:56:01] 抓到 14 场
[2026-07-18 23:56:06] ✓ 11个数据文件已同步VPS(rsync -u, 仅推送更新过的)
[2026-07-18 23:56:08] VPS重算: 200
[2026-07-19 00:00:01] 抓到 14 场
[2026-07-19 00:00:06] ✓ 11个数据文件已同步VPS(rsync -u, 仅推送更新过的)
[2026-07-19 00:00:08] VPS重算: 200
[2026-07-19 00:08:01] 抓到 12 场
[2026-07-19 00:08:05] ✓ 11个数据文件已同步VPS(rsync -u, 仅推送更新过的)
[2026-07-19 00:08:37] VPS重算: 200
[2026-07-19 00:16:01] 抓到 12 场
[2026-07-19 00:16:06] ✓ 11个数据文件已同步VPS(rsync -u, 仅推送更新过的)
[2026-07-19 00:16:07] VPS重算: 200
[2026-07-19 00:24:01] 抓到 12 场
[2026-07-19 00:24:07] ✓ 11个数据文件已同步VPS(rsync -u, 仅推送更新过的)
[2026-07-19 00:24:39] VPS重算: 200
[2026-07-19 00:32:02] 抓到 12 场
[2026-07-19 00:32:08] ✓ 11个数据文件已同步VPS(rsync -u, 仅推送更新过的)
[2026-07-19 00:32:40] VPS重算: 200
[2026-07-19 00:40:01] 抓到 12 场
[2026-07-19 00:40:07] ✓ 11个数据文件已同步VPS(rsync -u, 仅推送更新过的)
[2026-07-19 00:40:08] VPS重算: 200
[2026-07-19 00:48:01] 抓到 12 场
[2026-07-19 00:48:06] ✓ 11个数据文件已同步VPS(rsync -u, 仅推送更新过的)
[2026-07-19 00:48:08] VPS重算: 200
[2026-07-19 00:56:02] 抓到 12 场
[2026-07-19 00:56:07] ✓ 11个数据文件已同步VPS(rsync -u, 仅推送更新过的)
[2026-07-19 00:57:08] VPS重算: 200
[2026-07-19 01:00:01] 抓到 12 场
[2026-07-19 01:00:05] ✓ 11个数据文件已同步VPS(rsync -u, 仅推送更新过的)
[2026-07-19 01:00:37] VPS重算: 200
[2026-07-19 01:08:01] 抓到 12 场
[2026-07-19 01:08:07] ✓ 11个数据文件已同步VPS(rsync -u, 仅推送更新过的)
[2026-07-19 01:08:39] VPS重算: 200
[2026-07-19 01:16:01] 抓到 12 场
[2026-07-19 01:16:06] ✓ 11个数据文件已同步VPS(rsync -u, 仅推送更新过的)
[2026-07-19 01:16:38] VPS重算: 200
[2026-07-19 01:24:01] 抓到 12 场
[2026-07-19 01:24:06] ✓ 11个数据文件已同步VPS(rsync -u, 仅推送更新过的)
[2026-07-19 01:24:37] VPS重算: 200
[2026-07-19 01:32:01] 抓到 12 场
[2026-07-19 01:32:11] ✓ 11个数据文件已同步VPS(rsync -u, 仅推送更新过的)
[2026-07-19 01:32:42] VPS重算: 200
[2026-07-19 01:40:01] 抓到 12 场
[2026-07-19 01:40:07] ✓ 11个数据文件已同步VPS(rsync -u, 仅推送更新过的)
[2026-07-19 01:40:09] VPS重算: 200
[2026-07-19 01:48:01] 抓到 12 场
[2026-07-19 01:48:06] ✓ 11个数据文件已同步VPS(rsync -u, 仅推送更新过的)
[2026-07-19 01:48:21] VPS重算: 200
[2026-07-19 01:56:01] 抓到 12 场
[2026-07-19 01:56:07] ✓ 11个数据文件已同步VPS(rsync -u, 仅推送更新过的)
[2026-07-19 01:56:38] VPS重算: 200
[2026-07-19 02:00:01] 抓到 12 场
[2026-07-19 02:00:05] ✓ 11个数据文件已同步VPS(rsync -u, 仅推送更新过的)
[2026-07-19 02:00:37] VPS重算: 200
[2026-07-19 02:08:01] 抓到 12 场
[2026-07-19 02:08:06] ✓ 11个数据文件已同步VPS(rsync -u, 仅推送更新过的)
[2026-07-19 02:08:38] VPS重算: 200
[2026-07-19 02:16:01] 抓到 12 场
[2026-07-19 02:16:06] ✓ 11个数据文件已同步VPS(rsync -u, 仅推送更新过的)
[2026-07-19 02:16:07] VPS重算: 200
[2026-07-19 02:24:01] 抓到 12 场
[2026-07-19 02:24:06] ✓ 11个数据文件已同步VPS(rsync -u, 仅推送更新过的)
[2026-07-19 02:24:07] VPS重算: 200
[2026-07-19 02:32:01] 抓到 12 场
[2026-07-19 02:32:08] ✓ 11个数据文件已同步VPS(rsync -u, 仅推送更新过的)
[2026-07-19 02:32:09] VPS重算: 429
[2026-07-19 02:40:01] 抓到 12 场
[2026-07-19 02:40:06] ✓ 11个数据文件已同步VPS(rsync -u, 仅推送更新过的)
[2026-07-19 02:40:07] VPS重算: 200
[2026-07-19 02:48:01] 抓到 12 场
[2026-07-19 02:48:06] ✓ 11个数据文件已同步VPS(rsync -u, 仅推送更新过的)
[2026-07-19 02:48:08] VPS重算: 200
[2026-07-19 02:56:01] 抓到 12 场
[2026-07-19 02:56:06] ✓ 11个数据文件已同步VPS(rsync -u, 仅推送更新过的)
[2026-07-19 02:56:08] VPS重算: 200
[2026-07-19 03:00:01] 抓到 12 场
[2026-07-19 03:00:06] ✓ 11个数据文件已同步VPS(rsync -u, 仅推送更新过的)
[2026-07-19 03:00:07] VPS重算: 200
[2026-07-19 03:08:01] 抓到 12 场
[2026-07-19 03:08:06] ✓ 11个数据文件已同步VPS(rsync -u, 仅推送更新过的)
[2026-07-19 03:08:07] VPS重算: 200
[2026-07-19 03:16:01] 抓到 12 场
[2026-07-19 03:16:06] ✓ 11个数据文件已同步VPS(rsync -u, 仅推送更新过的)
[2026-07-19 03:17:08] VPS重算: 200
[2026-07-19 03:24:01] 抓到 12 场
[2026-07-19 03:24:05] ✓ 11个数据文件已同步VPS(rsync -u, 仅推送更新过的)
[2026-07-19 03:24:07] VPS重算: 200
[2026-07-19 03:32:01] 抓到 12 场
[2026-07-19 03:32:08] ✓ 11个数据文件已同步VPS(rsync -u, 仅推送更新过的)
[2026-07-19 03:32:10] VPS重算: 200
[2026-07-19 03:40:01] 抓到 12 场
[2026-07-19 03:40:07] ✓ 11个数据文件已同步VPS(rsync -u, 仅推送更新过的)
[2026-07-19 03:40:08] VPS重算: 200
[2026-07-19 03:48:01] 抓到 12 场
[2026-07-19 03:48:06] ✓ 11个数据文件已同步VPS(rsync -u, 仅推送更新过的)
[2026-07-19 03:48:07] VPS重算: 200
[2026-07-19 03:56:01] 抓到 12 场
[2026-07-19 03:56:07] ✓ 11个数据文件已同步VPS(rsync -u, 仅推送更新过的)
[2026-07-19 03:56:38] VPS重算: 200
[2026-07-19 04:00:01] 抓到 12 场
[2026-07-19 04:00:05] ✓ 11个数据文件已同步VPS(rsync -u, 仅推送更新过的)
[2026-07-19 04:00:37] VPS重算: 200
[2026-07-19 04:08:01] 抓到 12 场
[2026-07-19 04:08:06] ✓ 11个数据文件已同步VPS(rsync -u, 仅推送更新过的)
[2026-07-19 04:08:37] VPS重算: 200
[2026-07-19 04:16:01] 抓到 12 场
[2026-07-19 04:16:05] ✓ 11个数据文件已同步VPS(rsync -u, 仅推送更新过的)
[2026-07-19 04:17:35] VPS重算: 000
[2026-07-19 04:24:02] 抓到 12 场
[2026-07-19 04:24:07] ✓ 11个数据文件已同步VPS(rsync -u, 仅推送更新过的)
[2026-07-19 04:24:08] VPS重算: 200
[2026-07-19 04:32:01] 抓到 12 场
[2026-07-19 04:32:08] ✓ 11个数据文件已同步VPS(rsync -u, 仅推送更新过的)
[2026-07-19 04:32:40] VPS重算: 200
[2026-07-19 04:40:01] 抓到 12 场
[2026-07-19 04:40:06] ✓ 11个数据文件已同步VPS(rsync -u, 仅推送更新过的)
[2026-07-19 04:40:08] VPS重算: 200
[2026-07-19 04:48:01] 抓到 12 场
[2026-07-19 04:48:05] ✓ 11个数据文件已同步VPS(rsync -u, 仅推送更新过的)
[2026-07-19 04:48:07] VPS重算: 200
[2026-07-19 04:56:01] 抓到 12 场
[2026-07-19 04:56:06] ✓ 11个数据文件已同步VPS(rsync -u, 仅推送更新过的)
[2026-07-19 04:56:37] VPS重算: 200
[2026-07-19 05:00:01] 抓到 12 场
[2026-07-19 05:00:07] ✓ 11个数据文件已同步VPS(rsync -u, 仅推送更新过的)
[2026-07-19 05:00:08] VPS重算: 200
[2026-07-19 05:08:01] 抓到 11 场
[2026-07-19 05:08:07] ✓ 11个数据文件已同步VPS(rsync -u, 仅推送更新过的)
[2026-07-19 05:08:07] VPS重算: 429
[2026-07-19 05:16:01] 抓到 11 场
[2026-07-19 05:16:05] ✓ 11个数据文件已同步VPS(rsync -u, 仅推送更新过的)
[2026-07-19 05:16:37] VPS重算: 200
[2026-07-19 05:24:01] 抓到 11 场
[2026-07-19 05:24:05] ✓ 11个数据文件已同步VPS(rsync -u, 仅推送更新过的)
[2026-07-19 05:24:07] VPS重算: 200
[2026-07-19 05:32:01] 抓到 11 场
[2026-07-19 05:32:08] ✓ 11个数据文件已同步VPS(rsync -u, 仅推送更新过的)
[2026-07-19 05:32:09] VPS重算: 200
[2026-07-19 05:40:01] 抓到 11 场
[2026-07-19 05:40:06] ✓ 11个数据文件已同步VPS(rsync -u, 仅推送更新过的)
[2026-07-19 05:40:37] VPS重算: 200
[2026-07-19 05:48:01] 抓到 11 场
[2026-07-19 05:48:05] ✓ 11个数据文件已同步VPS(rsync -u, 仅推送更新过的)
[2026-07-19 05:48:07] VPS重算: 200
[2026-07-19 05:56:01] 抓到 11 场
[2026-07-19 05:56:06] ✓ 11个数据文件已同步VPS(rsync -u, 仅推送更新过的)
[2026-07-19 05:57:36] VPS重算: 000
[2026-07-19 06:00:01] 抓到 11 场
[2026-07-19 06:00:05] ✓ 11个数据文件已同步VPS(rsync -u, 仅推送更新过的)
[2026-07-19 06:00:06] VPS重算: 429
[2026-07-19 06:08:01] 抓到 11 场
[2026-07-19 06:08:06] ✓ 11个数据文件已同步VPS(rsync -u, 仅推送更新过的)
[2026-07-19 06:08:37] VPS重算: 200
[2026-07-19 06:16:01] 抓到 11 场
[2026-07-19 06:16:06] ✓ 11个数据文件已同步VPS(rsync -u, 仅推送更新过的)
[2026-07-19 06:16:07] VPS重算: 200
[2026-07-19 06:24:02] 抓到 11 场
[2026-07-19 06:24:08] ✓ 11个数据文件已同步VPS(rsync -u, 仅推送更新过的)
[2026-07-19 06:24:40] VPS重算: 200
[2026-07-19 06:32:01] 抓到 11 场
[2026-07-19 06:32:09] ✓ 11个数据文件已同步VPS(rsync -u, 仅推送更新过的)
[2026-07-19 06:33:39] VPS重算: 000
[2026-07-19 06:40:01] 抓到 11 场
[2026-07-19 06:40:06] ✓ 11个数据文件已同步VPS(rsync -u, 仅推送更新过的)
[2026-07-19 06:40:38] VPS重算: 200
[2026-07-19 06:48:01] 抓到 11 场
[2026-07-19 06:48:07] ✓ 11个数据文件已同步VPS(rsync -u, 仅推送更新过的)
[2026-07-19 06:48:09] VPS重算: 200
[2026-07-19 06:56:01] 抓到 11 场
[2026-07-19 06:56:07] ✓ 11个数据文件已同步VPS(rsync -u, 仅推送更新过的)
[2026-07-19 06:56:08] VPS重算: 200
[2026-07-19 07:00:01] 抓到 11 场
[2026-07-19 07:00:06] ✓ 11个数据文件已同步VPS(rsync -u, 仅推送更新过的)
[2026-07-19 07:00:37] VPS重算: 200
[2026-07-19 07:08:01] 抓到 11 场
[2026-07-19 07:08:06] ✓ 11个数据文件已同步VPS(rsync -u, 仅推送更新过的)
[2026-07-19 07:08:37] VPS重算: 200
[2026-07-19 07:16:01] 抓到 11 场
[2026-07-19 07:16:06] ✓ 11个数据文件已同步VPS(rsync -u, 仅推送更新过的)
[2026-07-19 07:16:08] VPS重算: 200
[2026-07-19 07:24:02] 抓到 11 场
[2026-07-19 07:24:07] ✓ 11个数据文件已同步VPS(rsync -u, 仅推送更新过的)
[2026-07-19 07:24:08] VPS重算: 200
[2026-07-19 07:32:01] 抓到 11 场
[2026-07-19 07:32:14] ✓ 11个数据文件已同步VPS(rsync -u, 仅推送更新过的)
[2026-07-19 07:32:16] VPS重算: 200
[2026-07-19 07:40:01] 抓到 11 场
[2026-07-19 07:40:06] ✓ 11个数据文件已同步VPS(rsync -u, 仅推送更新过的)
[2026-07-19 07:40:08] VPS重算: 200
[2026-07-19 07:48:01] 抓到 11 场
[2026-07-19 07:48:07] ✓ 11个数据文件已同步VPS(rsync -u, 仅推送更新过的)
[2026-07-19 07:48:09] VPS重算: 200
[2026-07-19 07:56:01] 抓到 11 场
[2026-07-19 07:56:06] ✓ 11个数据文件已同步VPS(rsync -u, 仅推送更新过的)
[2026-07-19 07:57:07] VPS重算: 200
[2026-07-19 08:00:01] 抓到 11 场
[2026-07-19 08:00:06] ✓ 11个数据文件已同步VPS(rsync -u, 仅推送更新过的)
[2026-07-19 08:01:36] VPS重算: 000
[2026-07-19 08:08:01] 抓到 11 场
[2026-07-19 08:08:07] ✓ 11个数据文件已同步VPS(rsync -u, 仅推送更新过的)
[2026-07-19 08:08:39] VPS重算: 200
[2026-07-19 08:16:01] 抓到 11 场
[2026-07-19 08:16:05] ✓ 11个数据文件已同步VPS(rsync -u, 仅推送更新过的)
[2026-07-19 08:16:37] VPS重算: 200
[2026-07-19 08:24:01] 抓到 11 场
[2026-07-19 08:24:06] ✓ 11个数据文件已同步VPS(rsync -u, 仅推送更新过的)
[2026-07-19 08:24:07] VPS重算: 200
[2026-07-19 08:32:01] 抓到 11 场
[2026-07-19 08:32:11] ✓ 11个数据文件已同步VPS(rsync -u, 仅推送更新过的)
[2026-07-19 08:32:43] VPS重算: 200
[2026-07-19 08:40:01] 抓到 11 场
[2026-07-19 08:40:08] ✓ 11个数据文件已同步VPS(rsync -u, 仅推送更新过的)
[2026-07-19 08:40:40] VPS重算: 200
[2026-07-19 08:48:01] 抓到 11 场
[2026-07-19 08:48:07] ✓ 11个数据文件已同步VPS(rsync -u, 仅推送更新过的)
[2026-07-19 08:48:09] VPS重算: 200
[2026-07-19 08:56:01] 抓到 11 场
[2026-07-19 08:56:06] ✓ 11个数据文件已同步VPS(rsync -u, 仅推送更新过的)
[2026-07-19 08:56:08] VPS重算: 200
[2026-07-19 09:00:01] 抓到 11 场
[2026-07-19 09:00:06] ✓ 11个数据文件已同步VPS(rsync -u, 仅推送更新过的)
[2026-07-19 09:00:07] VPS重算: 200
[2026-07-19 09:08:01] 抓到 11 场
[2026-07-19 09:08:07] ✓ 11个数据文件已同步VPS(rsync -u, 仅推送更新过的)
[2026-07-19 09:08:09] VPS重算: 200
[2026-07-19 09:16:01] 抓到 11 场
[2026-07-19 09:16:06] ✓ 11个数据文件已同步VPS(rsync -u, 仅推送更新过的)
[2026-07-19 09:16:08] VPS重算: 200
[2026-07-19 09:24:01] 抓到 11 场
[2026-07-19 09:24:06] ✓ 11个数据文件已同步VPS(rsync -u, 仅推送更新过的)
[2026-07-19 09:25:08] VPS重算: 200
[2026-07-19 09:32:01] 抓到 11 场
[2026-07-19 09:32:09] ✓ 11个数据文件已同步VPS(rsync -u, 仅推送更新过的)
[2026-07-19 09:32:12] VPS重算: 200
[2026-07-19 09:40:01] 抓到 11 场
[2026-07-19 09:40:07] ✓ 11个数据文件已同步VPS(rsync -u, 仅推送更新过的)
[2026-07-19 09:40:39] VPS重算: 200
[2026-07-19 09:48:01] 抓到 11 场
[2026-07-19 09:48:05] ✓ 11个数据文件已同步VPS(rsync -u, 仅推送更新过的)
[2026-07-19 09:48:37] VPS重算: 200
[2026-07-19 09:56:01] 抓到 11 场
[2026-07-19 09:56:05] ✓ 11个数据文件已同步VPS(rsync -u, 仅推送更新过的)
[2026-07-19 09:56:07] VPS重算: 200
[2026-07-19 10:00:01] 抓到 11 场
[2026-07-19 10:00:06] ✓ 11个数据文件已同步VPS(rsync -u, 仅推送更新过的)
[2026-07-19 10:01:07] VPS重算: 200
[2026-07-19 10:08:01] 抓到 11 场
[2026-07-19 10:08:07] ✓ 11个数据文件已同步VPS(rsync -u, 仅推送更新过的)
[2026-07-19 10:08:39] VPS重算: 200
[2026-07-19 10:16:01] 抓到 11 场
[2026-07-19 10:16:06] ✓ 11个数据文件已同步VPS(rsync -u, 仅推送更新过的)
[2026-07-19 10:16:08] VPS重算: 200
[2026-07-19 10:24:01] 抓到 11 场
[2026-07-19 10:24:07] ✓ 11个数据文件已同步VPS(rsync -u, 仅推送更新过的)
[2026-07-19 10:24:38] VPS重算: 200
[2026-07-19 10:32:01] 抓到 11 场
[2026-07-19 10:32:08] ✓ 11个数据文件已同步VPS(rsync -u, 仅推送更新过的)
[2026-07-19 10:32:10] VPS重算: 200
[2026-07-19 10:40:01] 抓到 11 场
[2026-07-19 10:40:08] ✓ 11个数据文件已同步VPS(rsync -u, 仅推送更新过的)
[2026-07-19 10:40:39] VPS重算: 200
[2026-07-19 10:48:01] 抓到 11 场
[2026-07-19 10:48:06] ✓ 11个数据文件已同步VPS(rsync -u, 仅推送更新过的)
[2026-07-19 10:48:38] VPS重算: 200
[2026-07-19 10:56:01] 抓到 11 场
[2026-07-19 10:56:06] ✓ 11个数据文件已同步VPS(rsync -u, 仅推送更新过的)
[2026-07-19 10:56:08] VPS重算: 200
[2026-07-19 11:00:01] 抓到 11 场
[2026-07-19 11:00:05] ✓ 11个数据文件已同步VPS(rsync -u, 仅推送更新过的)
[2026-07-19 11:00:07] VPS重算: 200
[2026-07-19 11:08:01] 抓到 11 场
[2026-07-19 11:08:07] ✓ 11个数据文件已同步VPS(rsync -u, 仅推送更新过的)
[2026-07-19 11:08:08] VPS重算: 200
[2026-07-19 11:16:02] 抓到 11 场
[2026-07-19 11:16:08] ✓ 11个数据文件已同步VPS(rsync -u, 仅推送更新过的)
[2026-07-19 11:16:10] VPS重算: 200
[2026-07-19 11:24:01] 抓到 11 场
[2026-07-19 11:24:06] ✓ 11个数据文件已同步VPS(rsync -u, 仅推送更新过的)
[2026-07-19 11:24:08] VPS重算: 200
[2026-07-19 11:32:01] 抓到 11 场
[2026-07-19 11:32:10] ✓ 11个数据文件已同步VPS(rsync -u, 仅推送更新过的)
[2026-07-19 11:32:12] VPS重算: 200
[2026-07-19 11:40:01] 抓到 11 场
[2026-07-19 11:40:14] ✓ 11个数据文件已同步VPS(rsync -u, 仅推送更新过的)
[2026-07-19 11:40:47] VPS重算: 200
[2026-07-19 11:48:01] 抓到 11 场
[2026-07-19 11:48:07] ✓ 11个数据文件已同步VPS(rsync -u, 仅推送更新过的)
[2026-07-19 11:48:08] VPS重算: 200
[2026-07-19 11:56:01] 抓到 11 场
[2026-07-19 11:56:07] ✓ 11个数据文件已同步VPS(rsync -u, 仅推送更新过的)
[2026-07-19 11:56:09] VPS重算: 200
[2026-07-19 12:00:01] 抓到 11 场
[2026-07-19 12:00:05] ✓ 11个数据文件已同步VPS(rsync -u, 仅推送更新过的)
[2026-07-19 12:00:07] VPS重算: 200
[2026-07-19 12:08:01] 抓到 11 场
[2026-07-19 12:08:06] ✓ 11个数据文件已同步VPS(rsync -u, 仅推送更新过的)
[2026-07-19 12:08:07] VPS重算: 429
[2026-07-19 12:16:01] 抓到 11 场
[2026-07-19 12:16:07] ✓ 11个数据文件已同步VPS(rsync -u, 仅推送更新过的)
[2026-07-19 12:16:08] VPS重算: 200
[2026-07-19 12:40:01] 抓到 11 场
[2026-07-19 12:40:07] ✓ 11个数据文件已同步VPS(rsync -u, 仅推送更新过的)
[2026-07-19 12:41:37] VPS重算: 000
[2026-07-19 12:48:01] 抓到 11 场
[2026-07-19 12:48:07] ✓ 11个数据文件已同步VPS(rsync -u, 仅推送更新过的)
[2026-07-19 12:49:09] VPS重算: 200
[2026-07-19 12:56:01] 抓到 11 场
[2026-07-19 12:56:06] ✓ 11个数据文件已同步VPS(rsync -u, 仅推送更新过的)
[2026-07-19 12:56:07] VPS重算: 200
[2026-07-19 13:00:01] 抓到 11 场
[2026-07-19 13:00:07] ✓ 11个数据文件已同步VPS(rsync -u, 仅推送更新过的)
[2026-07-19 13:01:08] VPS重算: 200
[2026-07-19 13:08:01] 抓到 11 场
[2026-07-19 13:08:07] ✓ 11个数据文件已同步VPS(rsync -u, 仅推送更新过的)
[2026-07-19 13:08:09] VPS重算: 200
[2026-07-19 13:16:01] 抓到 11 场
[2026-07-19 13:16:05] ✓ 11个数据文件已同步VPS(rsync -u, 仅推送更新过的)
[2026-07-19 13:16:37] VPS重算: 200
[2026-07-19 13:24:01] 抓到 11 场
[2026-07-19 13:24:07] ✓ 11个数据文件已同步VPS(rsync -u, 仅推送更新过的)
[2026-07-19 13:25:10] VPS重算: 200
[2026-07-19 13:32:01] 抓到 11 场
[2026-07-19 13:32:06] ✓ 11个数据文件已同步VPS(rsync -u, 仅推送更新过的)
[2026-07-19 13:33:07] VPS重算: 200
[2026-07-19 13:40:01] 抓到 11 场
[2026-07-19 13:40:06] ✓ 11个数据文件已同步VPS(rsync -u, 仅推送更新过的)
[2026-07-19 13:40:08] VPS重算: 200
[2026-07-19 13:48:01] 抓到 11 场
[2026-07-19 13:48:06] ✓ 11个数据文件已同步VPS(rsync -u, 仅推送更新过的)
[2026-07-19 13:49:08] VPS重算: 200
[2026-07-19 13:56:01] 抓到 11 场
[2026-07-19 13:56:07] ✓ 11个数据文件已同步VPS(rsync -u, 仅推送更新过的)
[2026-07-19 13:56:38] VPS重算: 200
[2026-07-19 14:00:01] 抓到 11 场
[2026-07-19 14:00:05] ✓ 11个数据文件已同步VPS(rsync -u, 仅推送更新过的)
[2026-07-19 14:00:07] VPS重算: 200
[2026-07-19 14:08:01] 抓到 11 场
[2026-07-19 14:08:06] ✓ 11个数据文件已同步VPS(rsync -u, 仅推送更新过的)
[2026-07-19 14:08:08] VPS重算: 200
[2026-07-19 14:16:02] 抓到 11 场
[2026-07-19 14:16:07] ✓ 11个数据文件已同步VPS(rsync -u, 仅推送更新过的)
[2026-07-19 14:16:08] VPS重算: 200
[2026-07-19 14:24:01] 抓到 11 场
[2026-07-19 14:24:06] ✓ 11个数据文件已同步VPS(rsync -u, 仅推送更新过的)
[2026-07-19 14:25:09] VPS重算: 200
[2026-07-19 14:32:01] 抓到 11 场
[2026-07-19 14:32:07] ✓ 11个数据文件已同步VPS(rsync -u, 仅推送更新过的)
[2026-07-19 14:32:38] VPS重算: 200
[2026-07-19 14:40:01] 抓到 11 场
[2026-07-19 14:40:08] ✓ 11个数据文件已同步VPS(rsync -u, 仅推送更新过的)
[2026-07-19 14:40:39] VPS重算: 200
[2026-07-19 14:48:01] 抓到 11 场
[2026-07-19 14:48:06] ✓ 11个数据文件已同步VPS(rsync -u, 仅推送更新过的)
[2026-07-19 14:48:07] VPS重算: 429
[2026-07-19 14:56:01] 抓到 11 场
[2026-07-19 14:56:06] ✓ 11个数据文件已同步VPS(rsync -u, 仅推送更新过的)
[2026-07-19 14:56:09] VPS重算: 200
[2026-07-19 15:00:01] 抓到 11 场
[2026-07-19 15:00:08] ✓ 11个数据文件已同步VPS(rsync -u, 仅推送更新过的)
[2026-07-19 15:00:08] VPS重算: 429
[2026-07-19 15:08:01] 抓到 11 场
[2026-07-19 15:08:08] ✓ 11个数据文件已同步VPS(rsync -u, 仅推送更新过的)
[2026-07-19 15:08:11] VPS重算: 200
[2026-07-19 15:56:01] 抓到 11 场
[2026-07-19 15:56:06] ✓ 11个数据文件已同步VPS(rsync -u, 仅推送更新过的)
[2026-07-19 15:56:38] VPS重算: 200
[2026-07-19 16:00:01] 抓到 11 场
[2026-07-19 16:00:06] ✓ 11个数据文件已同步VPS(rsync -u, 仅推送更新过的)
[2026-07-19 16:01:36] VPS重算: 000
[2026-07-19 16:08:01] 抓到 11 场
[2026-07-19 16:08:07] ✓ 11个数据文件已同步VPS(rsync -u, 仅推送更新过的)
[2026-07-19 16:09:08] VPS重算: 200
[2026-07-19 16:16:01] 抓到 11 场
[2026-07-19 16:16:08] ✓ 11个数据文件已同步VPS(rsync -u, 仅推送更新过的)
[2026-07-19 16:16:10] VPS重算: 200
[2026-07-19 16:24:01] 抓到 11 场
[2026-07-19 16:24:07] ✓ 11个数据文件已同步VPS(rsync -u, 仅推送更新过的)
[2026-07-19 16:25:37] VPS重算: 000
[2026-07-19 16:32:01] 抓到 11 场
[2026-07-19 16:32:06] ✓ 11个数据文件已同步VPS(rsync -u, 仅推送更新过的)
[2026-07-19 16:33:36] VPS重算: 000
[2026-07-19 16:40:01] 抓到 11 场
[2026-07-19 16:40:07] ✓ 11个数据文件已同步VPS(rsync -u, 仅推送更新过的)
[2026-07-19 16:40:38] VPS重算: 200
[2026-07-19 16:48:01] 抓到 11 场
[2026-07-19 16:48:05] ✓ 11个数据文件已同步VPS(rsync -u, 仅推送更新过的)
[2026-07-19 16:48:07] VPS重算: 200
[2026-07-19 16:56:01] 抓到 11 场
[2026-07-19 16:56:06] ✓ 11个数据文件已同步VPS(rsync -u, 仅推送更新过的)
[2026-07-19 16:56:08] VPS重算: 200
[2026-07-19 17:00:01] 抓到 11 场
[2026-07-19 17:00:06] ✓ 11个数据文件已同步VPS(rsync -u, 仅推送更新过的)
[2026-07-19 17:00:07] VPS重算: 200
[2026-07-19 17:08:01] 抓到 11 场
[2026-07-19 17:08:06] ✓ 11个数据文件已同步VPS(rsync -u, 仅推送更新过的)
[2026-07-19 17:08:07] VPS重算: 200
[2026-07-19 17:16:01] 抓到 11 场
[2026-07-19 17:16:06] ✓ 11个数据文件已同步VPS(rsync -u, 仅推送更新过的)
[2026-07-19 17:16:08] VPS重算: 200
[2026-07-19 17:24:01] 抓到 11 场
[2026-07-19 17:24:06] ✓ 11个数据文件已同步VPS(rsync -u, 仅推送更新过的)
[2026-07-19 17:24:09] VPS重算: 200
[2026-07-19 17:32:01] 抓到 11 场
[2026-07-19 17:32:06] ✓ 11个数据文件已同步VPS(rsync -u, 仅推送更新过的)
[2026-07-19 17:32:08] VPS重算: 200
[2026-07-19 17:40:01] 抓到 11 场
[2026-07-19 17:40:07] ✓ 11个数据文件已同步VPS(rsync -u, 仅推送更新过的)
[2026-07-19 17:41:37] VPS重算: 000
[2026-07-19 21:32:01] 抓到 9 场
[2026-07-19 21:33:32] ✓ 11个数据文件已同步VPS(rsync -u, 仅推送更新过的)
[2026-07-19 21:34:41] VPS重算: 200
[2026-07-19 21:40:01] 抓到 9 场
[2026-07-19 21:40:08] ✓ 11个数据文件已同步VPS(rsync -u, 仅推送更新过的)
[2026-07-19 21:40:12] VPS重算: 200
[2026-07-19 21:48:01] 抓到 9 场
[2026-07-19 21:48:13] ✓ 11个数据文件已同步VPS(rsync -u, 仅推送更新过的)
[2026-07-19 21:48:45] VPS重算: 200
[2026-07-19 21:56:01] 抓到 9 场
[2026-07-19 21:56:15] ✓ 11个数据文件已同步VPS(rsync -u, 仅推送更新过的)
[2026-07-19 21:57:45] VPS重算: 000
[2026-07-19 22:00:01] 抓到 9 场
[2026-07-19 22:00:22] ✓ 11个数据文件已同步VPS(rsync -u, 仅推送更新过的)
[2026-07-19 22:01:27] VPS重算: 200
[2026-07-19 22:08:01] 抓到 9 场
[2026-07-19 22:08:10] ✓ 11个数据文件已同步VPS(rsync -u, 仅推送更新过的)
[2026-07-19 22:08:12] VPS重算: 200
[2026-07-19 22:16:01] 抓到 9 场
[2026-07-19 22:16:12] ✓ 11个数据文件已同步VPS(rsync -u, 仅推送更新过的)
[2026-07-19 22:17:14] VPS重算: 200
[2026-07-19 22:24:01] 抓到 9 场
[2026-07-19 22:24:08] ✓ 11个数据文件已同步VPS(rsync -u, 仅推送更新过的)
[2026-07-19 22:24:40] VPS重算: 200
[2026-07-19 22:32:01] 抓到 6 场
[2026-07-19 22:32:17] ✓ 11个数据文件已同步VPS(rsync -u, 仅推送更新过的)
[2026-07-19 22:32:21] VPS重算: 200
[2026-07-19 22:40:01] 抓到 6 场
[2026-07-19 22:40:13] ✓ 11个数据文件已同步VPS(rsync -u, 仅推送更新过的)
[2026-07-19 22:41:16] VPS重算: 200
[2026-07-19 22:48:01] 抓到 6 场
[2026-07-19 22:48:06] ✓ 11个数据文件已同步VPS(rsync -u, 仅推送更新过的)
[2026-07-19 22:48:09] VPS重算: 200
[2026-07-19 23:48:01] 抓到 5 场
[2026-07-19 23:48:09] ✓ 11个数据文件已同步VPS(rsync -u, 仅推送更新过的)
[2026-07-19 23:48:41] VPS重算: 200
[2026-07-19 23:56:01] 抓到 5 场
[2026-07-19 23:56:07] ✓ 11个数据文件已同步VPS(rsync -u, 仅推送更新过的)
[2026-07-19 23:57:37] VPS重算: 000
[2026-07-20 00:00:01] 抓到 5 场
[2026-07-20 00:00:08] ✓ 11个数据文件已同步VPS(rsync -u, 仅推送更新过的)
[2026-07-20 00:00:10] VPS重算: 200
[2026-07-20 00:08:01] 抓到 5 场
[2026-07-20 00:08:10] ✓ 11个数据文件已同步VPS(rsync -u, 仅推送更新过的)
[2026-07-20 00:08:13] VPS重算: 200
[2026-07-20 00:16:01] 抓到 5 场
[2026-07-20 00:16:07] ✓ 11个数据文件已同步VPS(rsync -u, 仅推送更新过的)
[2026-07-20 00:16:09] VPS重算: 200
[2026-07-20 00:24:01] 抓到 5 场
[2026-07-20 00:24:05] ✓ 11个数据文件已同步VPS(rsync -u, 仅推送更新过的)
[2026-07-20 00:24:07] VPS重算: 200
[2026-07-20 00:32:01] 抓到 5 场
[2026-07-20 00:32:06] ✓ 11个数据文件已同步VPS(rsync -u, 仅推送更新过的)
[2026-07-20 00:32:09] VPS重算: 200
[2026-07-20 00:40:01] 抓到 5 场
[2026-07-20 00:40:06] ✓ 11个数据文件已同步VPS(rsync -u, 仅推送更新过的)
[2026-07-20 00:40:08] VPS重算: 200
[2026-07-20 00:48:01] 抓到 5 场
[2026-07-20 00:48:08] ✓ 11个数据文件已同步VPS(rsync -u, 仅推送更新过的)
[2026-07-20 00:49:10] VPS重算: 200
[2026-07-20 00:56:01] 抓到 5 场
[2026-07-20 00:56:05] ✓ 11个数据文件已同步VPS(rsync -u, 仅推送更新过的)
[2026-07-20 00:56:37] VPS重算: 200
[2026-07-20 01:00:01] 抓到 5 场
[2026-07-20 01:00:06] ✓ 11个数据文件已同步VPS(rsync -u, 仅推送更新过的)
[2026-07-20 01:00:38] VPS重算: 200
[2026-07-20 01:08:01] 抓到 5 场
[2026-07-20 01:08:06] ✓ 11个数据文件已同步VPS(rsync -u, 仅推送更新过的)
[2026-07-20 01:08:38] VPS重算: 200
[2026-07-20 01:16:01] 抓到 5 场
[2026-07-20 01:16:06] ✓ 11个数据文件已同步VPS(rsync -u, 仅推送更新过的)
[2026-07-20 01:16:08] VPS重算: 200
[2026-07-20 01:24:01] 抓到 5 场
[2026-07-20 01:24:06] ✓ 11个数据文件已同步VPS(rsync -u, 仅推送更新过的)
[2026-07-20 01:24:08] VPS重算: 200
[2026-07-20 15:32:01] 抓到 4 场
[2026-07-20 15:32:10] ✓ 11个数据文件已同步VPS(rsync -u, 仅推送更新过的)
[2026-07-20 15:32:11] VPS重算: 429
[2026-07-20 15:40:01] 抓到 4 场
[2026-07-20 15:40:13] ✓ 11个数据文件已同步VPS(rsync -u, 仅推送更新过的)
[2026-07-20 15:41:15] VPS重算: 200
[2026-07-20 15:48:01] 抓到 4 场
[2026-07-20 15:48:07] ✓ 11个数据文件已同步VPS(rsync -u, 仅推送更新过的)
[2026-07-20 15:49:37] VPS重算: 000
[2026-07-20 15:56:01] 抓到 4 场
[2026-07-20 15:56:06] ✓ 11个数据文件已同步VPS(rsync -u, 仅推送更新过的)
[2026-07-20 15:56:39] VPS重算: 200
[2026-07-20 16:00:01] 抓到 4 场
[2026-07-20 16:00:07] ✓ 11个数据文件已同步VPS(rsync -u, 仅推送更新过的)
[2026-07-20 16:00:11] VPS重算: 200
[2026-07-20 16:08:01] 抓到 4 场
[2026-07-20 16:08:08] ✓ 11个数据文件已同步VPS(rsync -u, 仅推送更新过的)
[2026-07-20 16:08:41] VPS重算: 200
[2026-07-20 16:16:01] 抓到 4 场
[2026-07-20 16:16:06] ✓ 11个数据文件已同步VPS(rsync -u, 仅推送更新过的)
[2026-07-20 16:17:10] VPS重算: 200
[2026-07-20 16:24:01] 抓到 4 场
[2026-07-20 16:24:10] ✓ 11个数据文件已同步VPS(rsync -u, 仅推送更新过的)
[2026-07-20 16:25:12] VPS重算: 200
[2026-07-20 16:32:01] 抓到 4 场
[2026-07-20 16:32:06] ✓ 11个数据文件已同步VPS(rsync -u, 仅推送更新过的)
[2026-07-20 16:32:08] VPS重算: 200
[2026-07-20 16:40:01] 抓到 4 场
[2026-07-20 16:40:07] ✓ 11个数据文件已同步VPS(rsync -u, 仅推送更新过的)
[2026-07-20 16:40:10] VPS重算: 200
[2026-07-20 16:48:01] 抓到 4 场
[2026-07-20 16:48:05] ✓ 11个数据文件已同步VPS(rsync -u, 仅推送更新过的)
[2026-07-20 16:48:38] VPS重算: 200
[2026-07-20 16:56:01] 抓到 4 场
[2026-07-20 16:56:06] ✓ 11个数据文件已同步VPS(rsync -u, 仅推送更新过的)
[2026-07-20 16:56:08] VPS重算: 200
[2026-07-20 17:00:01] 抓到 4 场
[2026-07-20 17:00:06] ✓ 11个数据文件已同步VPS(rsync -u, 仅推送更新过的)
[2026-07-20 17:01:08] VPS重算: 200
[2026-07-20 17:08:01] 抓到 4 场
[2026-07-20 17:08:07] ✓ 11个数据文件已同步VPS(rsync -u, 仅推送更新过的)
[2026-07-20 17:09:37] VPS重算: 000
[2026-07-20 17:16:01] 抓到 4 场
[2026-07-20 17:16:08] ✓ 11个数据文件已同步VPS(rsync -u, 仅推送更新过的)
[2026-07-20 17:16:12] VPS重算: 200
[2026-07-20 17:24:01] 抓到 4 场
[2026-07-20 17:24:08] ✓ 11个数据文件已同步VPS(rsync -u, 仅推送更新过的)
[2026-07-20 17:24:10] VPS重算: 200
[2026-07-20 17:32:01] 抓到 4 场
[2026-07-20 17:32:07] ✓ 11个数据文件已同步VPS(rsync -u, 仅推送更新过的)
[2026-07-20 17:32:11] VPS重算: 200
[2026-07-20 17:40:01] 抓到 4 场
[2026-07-20 17:40:08] ✓ 11个数据文件已同步VPS(rsync -u, 仅推送更新过的)
[2026-07-20 17:40:09] VPS重算: 429
[2026-07-20 17:48:02] 抓到 4 场
[2026-07-20 17:48:10] ✓ 11个数据文件已同步VPS(rsync -u, 仅推送更新过的)
[2026-07-20 17:48:12] VPS重算: 200
[2026-07-20 17:56:01] 抓到 4 场
[2026-07-20 17:56:12] ✓ 11个数据文件已同步VPS(rsync -u, 仅推送更新过的)
[2026-07-20 17:56:15] VPS重算: 200
[2026-07-20 18:00:01] 抓到 4 场
[2026-07-20 18:00:07] ✓ 11个数据文件已同步VPS(rsync -u, 仅推送更新过的)
[2026-07-20 18:01:10] VPS重算: 200
[2026-07-20 18:08:01] 抓到 4 场
[2026-07-20 18:08:07] ✓ 11个数据文件已同步VPS(rsync -u, 仅推送更新过的)
[2026-07-20 18:08:09] VPS重算: 200
[2026-07-20 18:16:01] 抓到 4 场
[2026-07-20 18:16:09] ✓ 11个数据文件已同步VPS(rsync -u, 仅推送更新过的)
[2026-07-20 18:16:41] VPS重算: 200
[2026-07-20 18:24:01] 抓到 4 场
[2026-07-20 18:24:07] ✓ 11个数据文件已同步VPS(rsync -u, 仅推送更新过的)
[2026-07-20 18:25:38] VPS重算: 000
[2026-07-20 18:32:01] 抓到 4 场
[2026-07-20 18:32:06] ✓ 11个数据文件已同步VPS(rsync -u, 仅推送更新过的)
[2026-07-20 18:33:10] VPS重算: 200
[2026-07-20 18:40:01] 抓到 4 场
[2026-07-20 18:40:07] ✓ 11个数据文件已同步VPS(rsync -u, 仅推送更新过的)
[2026-07-20 18:40:14] VPS重算: 200
[2026-07-20 18:48:01] 抓到 4 场
[2026-07-20 18:48:06] ✓ 11个数据文件已同步VPS(rsync -u, 仅推送更新过的)
[2026-07-20 18:48:40] VPS重算: 200
[2026-07-20 18:56:01] 抓到 4 场
[2026-07-20 18:56:09] ✓ 11个数据文件已同步VPS(rsync -u, 仅推送更新过的)
[2026-07-20 18:56:12] VPS重算: 200
[2026-07-20 19:00:01] 抓到 4 场
[2026-07-20 19:00:06] ✓ 11个数据文件已同步VPS(rsync -u, 仅推送更新过的)
[2026-07-20 19:00:09] VPS重算: 200
[2026-07-20 19:08:01] 抓到 4 场
[2026-07-20 19:08:07] ✓ 11个数据文件已同步VPS(rsync -u, 仅推送更新过的)
[2026-07-20 19:08:13] VPS重算: 200
[2026-07-20 19:16:01] 抓到 4 场
[2026-07-20 19:16:06] ✓ 11个数据文件已同步VPS(rsync -u, 仅推送更新过的)
[2026-07-20 19:16:39] VPS重算: 200
[2026-07-20 19:24:02] 抓到 4 场
[2026-07-20 19:24:11] ✓ 11个数据文件已同步VPS(rsync -u, 仅推送更新过的)
[2026-07-20 19:25:16] VPS重算: 200
[2026-07-20 19:34:37] 抓到 4 场
[2026-07-20 19:34:47] ✓ 11个数据文件已同步VPS(rsync -u, 仅推送更新过的)
[2026-07-20 19:35:50] VPS重算: 200
[2026-07-20 20:16:01] 抓到 4 场
[2026-07-20 20:16:11] ✓ 11个数据文件已同步VPS(rsync -u, 仅推送更新过的)
[2026-07-20 20:16:13] VPS重算: 200
[2026-07-20 20:24:01] 抓到 4 场
[2026-07-20 20:24:13] ✓ 11个数据文件已同步VPS(rsync -u, 仅推送更新过的)
[2026-07-20 20:25:16] VPS重算: 200
[2026-07-20 20:32:01] 抓到 4 场
[2026-07-20 20:32:10] ✓ 11个数据文件已同步VPS(rsync -u, 仅推送更新过的)
[2026-07-20 20:33:40] VPS重算: 000
[2026-07-20 20:40:01] 抓到 4 场
[2026-07-20 20:40:06] ✓ 11个数据文件已同步VPS(rsync -u, 仅推送更新过的)
[2026-07-20 20:40:09] VPS重算: 200
[2026-07-20 20:48:01] 抓到 4 场
[2026-07-20 20:48:07] ✓ 11个数据文件已同步VPS(rsync -u, 仅推送更新过的)
[2026-07-20 20:49:10] VPS重算: 200
[2026-07-20 20:56:01] 抓到 4 场
[2026-07-20 20:56:06] ✓ 11个数据文件已同步VPS(rsync -u, 仅推送更新过的)
[2026-07-20 20:56:07] VPS重算: 429
[2026-07-20 21:00:01] 抓到 4 场
[2026-07-20 21:00:07] ✓ 11个数据文件已同步VPS(rsync -u, 仅推送更新过的)
[2026-07-20 21:00:09] VPS重算: 200
[2026-07-20 21:08:01] 抓到 4 场
[2026-07-20 21:08:11] ✓ 11个数据文件已同步VPS(rsync -u, 仅推送更新过的)
[2026-07-20 21:08:13] VPS重算: 429
[2026-07-20 21:16:01] 抓到 4 场
[2026-07-20 21:16:10] ✓ 11个数据文件已同步VPS(rsync -u, 仅推送更新过的)
[2026-07-20 21:16:12] VPS重算: 200
[2026-07-20 21:24:01] 抓到 4 场
[2026-07-20 21:24:25] ✓ 11个数据文件已同步VPS(rsync -u, 仅推送更新过的)
[2026-07-20 21:24:27] VPS重算: 200
[2026-07-20 21:32:01] 抓到 4 场
[2026-07-20 21:32:08] ✓ 11个数据文件已同步VPS(rsync -u, 仅推送更新过的)
[2026-07-20 21:33:38] VPS重算: 000
[2026-07-20 21:40:01] 抓到 4 场
[2026-07-20 21:40:08] ✓ 11个数据文件已同步VPS(rsync -u, 仅推送更新过的)
[2026-07-20 21:40:11] VPS重算: 200
[2026-07-20 21:48:01] 抓到 4 场
[2026-07-20 21:48:09] ✓ 11个数据文件已同步VPS(rsync -u, 仅推送更新过的)
[2026-07-20 21:48:12] VPS重算: 200
[2026-07-20 21:56:01] 抓到 4 场
[2026-07-20 21:56:12] ✓ 11个数据文件已同步VPS(rsync -u, 仅推送更新过的)
[2026-07-20 21:56:45] VPS重算: 200
[2026-07-20 22:00:01] 抓到 4 场
[2026-07-20 22:00:06] ✓ 11个数据文件已同步VPS(rsync -u, 仅推送更新过的)
[2026-07-20 22:01:36] VPS重算: 000
[2026-07-20 22:08:01] 抓到 4 场
[2026-07-20 22:08:14] ✓ 11个数据文件已同步VPS(rsync -u, 仅推送更新过的)
[2026-07-20 22:09:17] VPS重算: 200
[2026-07-20 22:16:01] 抓到 4 场
[2026-07-20 22:16:07] ✓ 11个数据文件已同步VPS(rsync -u, 仅推送更新过的)
[2026-07-20 22:16:40] VPS重算: 200
[2026-07-20 22:24:01] 抓到 4 场
[2026-07-20 22:24:07] ✓ 11个数据文件已同步VPS(rsync -u, 仅推送更新过的)
[2026-07-20 22:25:10] VPS重算: 200
[2026-07-20 22:32:01] 抓到 4 场
[2026-07-20 22:32:10] ✓ 11个数据文件已同步VPS(rsync -u, 仅推送更新过的)
[2026-07-20 22:32:12] VPS重算: 200
[2026-07-20 22:40:01] 抓到 4 场
[2026-07-20 22:40:07] ✓ 11个数据文件已同步VPS(rsync -u, 仅推送更新过的)
[2026-07-20 22:40:11] VPS重算: 200
[2026-07-20 22:48:01] 抓到 4 场
[2026-07-20 22:48:08] ✓ 11个数据文件已同步VPS(rsync -u, 仅推送更新过的)
[2026-07-20 22:48:10] VPS重算: 200
[2026-07-20 22:56:01] 抓到 4 场
[2026-07-20 22:56:08] ✓ 11个数据文件已同步VPS(rsync -u, 仅推送更新过的)
[2026-07-20 22:56:09] VPS重算: 429
[2026-07-20 23:00:01] 抓到 4 场
[2026-07-20 23:00:07] ✓ 11个数据文件已同步VPS(rsync -u, 仅推送更新过的)
[2026-07-20 23:01:42] VPS重算: 000
[2026-07-20 23:08:01] 抓到 3 场
[2026-07-20 23:08:05] ✓ 11个数据文件已同步VPS(rsync -u, 仅推送更新过的)
[2026-07-20 23:08:38] VPS重算: 200
[2026-07-20 23:16:01] 抓到 3 场
[2026-07-20 23:16:07] ✓ 11个数据文件已同步VPS(rsync -u, 仅推送更新过的)
[2026-07-20 23:16:10] VPS重算: 200
[2026-07-20 23:24:01] 抓到 3 场
[2026-07-20 23:24:05] ✓ 11个数据文件已同步VPS(rsync -u, 仅推送更新过的)
[2026-07-20 23:25:35] VPS重算: 000
[2026-07-20 23:32:01] 抓到 3 场
[2026-07-20 23:32:07] ✓ 11个数据文件已同步VPS(rsync -u, 仅推送更新过的)
[2026-07-20 23:32:09] VPS重算: 200
[2026-07-20 23:40:01] 抓到 3 场
[2026-07-20 23:40:10] ✓ 11个数据文件已同步VPS(rsync -u, 仅推送更新过的)
[2026-07-20 23:40:11] VPS重算: 429
[2026-07-20 23:48:01] 抓到 3 场
[2026-07-20 23:48:08] ✓ 11个数据文件已同步VPS(rsync -u, 仅推送更新过的)
[2026-07-20 23:49:38] VPS重算: 000
[2026-07-20 23:56:01] 抓到 3 场
[2026-07-20 23:56:08] ✓ 11个数据文件已同步VPS(rsync -u, 仅推送更新过的)
[2026-07-20 23:56:40] VPS重算: 200
[2026-07-21 00:00:01] 抓到 3 场
[2026-07-21 00:00:06] ✓ 11个数据文件已同步VPS(rsync -u, 仅推送更新过的)
[2026-07-21 00:00:39] VPS重算: 200
[2026-07-21 00:08:01] 抓到 2 场
[2026-07-21 00:08:08] ✓ 11个数据文件已同步VPS(rsync -u, 仅推送更新过的)
[2026-07-21 00:09:38] VPS重算: 000
[2026-07-21 00:16:01] 抓到 2 场
[2026-07-21 00:16:07] ✓ 11个数据文件已同步VPS(rsync -u, 仅推送更新过的)
[2026-07-21 00:16:40] VPS重算: 200
[2026-07-21 00:24:01] 抓到 2 场
[2026-07-21 00:24:06] ✓ 11个数据文件已同步VPS(rsync -u, 仅推送更新过的)
[2026-07-21 00:25:36] VPS重算: 000
[2026-07-21 00:32:01] 抓到 2 场
[2026-07-21 00:32:09] ✓ 11个数据文件已同步VPS(rsync -u, 仅推送更新过的)
[2026-07-21 00:33:12] VPS重算: 200
[2026-07-21 00:40:01] 抓到 2 场
[2026-07-21 00:40:08] ✓ 11个数据文件已同步VPS(rsync -u, 仅推送更新过的)
[2026-07-21 00:41:38] VPS重算: 000
[2026-07-21 00:48:01] 抓到 2 场
[2026-07-21 00:48:07] ✓ 11个数据文件已同步VPS(rsync -u, 仅推送更新过的)
[2026-07-21 00:48:08] VPS重算: 200
[2026-07-21 00:56:01] 抓到 2 场
[2026-07-21 00:56:07] ✓ 11个数据文件已同步VPS(rsync -u, 仅推送更新过的)
[2026-07-21 00:56:09] VPS重算: 200
[2026-07-21 01:00:01] 抓到 2 场
[2026-07-21 01:00:07] ✓ 11个数据文件已同步VPS(rsync -u, 仅推送更新过的)
[2026-07-21 01:01:37] VPS重算: 000
[2026-07-21 01:08:01] 抓到 0 场
[2026-07-21 01:08:05] ✓ 11个数据文件已同步VPS(rsync -u, 仅推送更新过的)
[2026-07-21 01:08:37] VPS重算: 200
[2026-07-21 01:16:01] 抓到 0 场
[2026-07-21 01:16:05] ✓ 11个数据文件已同步VPS(rsync -u, 仅推送更新过的)
[2026-07-21 01:17:35] VPS重算: 000
[2026-07-21 01:24:01] 抓到 0 场
[2026-07-21 01:24:09] ✓ 11个数据文件已同步VPS(rsync -u, 仅推送更新过的)
[2026-07-21 01:25:39] VPS重算: 000
[2026-07-21 01:32:01] 抓到 0 场
[2026-07-21 01:32:06] ✓ 11个数据文件已同步VPS(rsync -u, 仅推送更新过的)
[2026-07-21 01:32:08] VPS重算: 200
[2026-07-21 01:40:01] 抓到 0 场
[2026-07-21 01:40:07] ✓ 11个数据文件已同步VPS(rsync -u, 仅推送更新过的)
[2026-07-21 01:41:37] VPS重算: 000
[2026-07-21 01:48:01] 抓到 0 场
[2026-07-21 01:48:05] ✓ 11个数据文件已同步VPS(rsync -u, 仅推送更新过的)
[2026-07-21 01:48:36] VPS重算: 200
[2026-07-21 01:56:45] 抓到 0 场
[2026-07-21 02:03:51] 抓到 0 场
[2026-07-21 02:03:55] ✓ 11个数据文件已同步VPS(rsync -u, 仅推送更新过的)
[2026-07-21 02:03:55] ✓ 11个数据文件已同步VPS(rsync -u, 仅推送更新过的)
[2026-07-21 02:03:56] VPS重算: 429
[2026-07-21 02:03:57] VPS重算: 200
[2026-07-21 02:08:01] 抓到 0 场
[2026-07-21 02:08:12] ✓ 11个数据文件已同步VPS(rsync -u, 仅推送更新过的)
[2026-07-21 02:09:14] VPS重算: 200
[2026-07-21 02:16:01] 抓到 0 场
[2026-07-21 02:16:06] ✓ 11个数据文件已同步VPS(rsync -u, 仅推送更新过的)
[2026-07-21 02:17:08] VPS重算: 200
[2026-07-21 02:24:01] 抓到 0 场
[2026-07-21 02:24:05] ✓ 11个数据文件已同步VPS(rsync -u, 仅推送更新过的)
[2026-07-21 02:25:06] VPS重算: 200
[2026-07-21 02:32:01] 抓到 0 场
[2026-07-21 02:32:05] ✓ 11个数据文件已同步VPS(rsync -u, 仅推送更新过的)
[2026-07-21 02:32:07] VPS重算: 200
[2026-07-21 02:40:01] 抓到 0 场
[2026-07-21 02:40:05] ✓ 11个数据文件已同步VPS(rsync -u, 仅推送更新过的)
[2026-07-21 02:40:07] VPS重算: 200
[2026-07-21 02:48:01] 抓到 0 场
[2026-07-21 02:48:05] ✓ 11个数据文件已同步VPS(rsync -u, 仅推送更新过的)
[2026-07-21 02:49:08] VPS重算: 200
[2026-07-21 02:56:01] 抓到 0 场
[2026-07-21 02:56:06] ✓ 11个数据文件已同步VPS(rsync -u, 仅推送更新过的)
[2026-07-21 02:56:39] VPS重算: 200
[2026-07-21 03:00:01] 抓到 0 场
[2026-07-21 03:00:05] ✓ 11个数据文件已同步VPS(rsync -u, 仅推送更新过的)
[2026-07-21 03:00:37] VPS重算: 200
[2026-07-21 03:08:01] 抓到 0 场
[2026-07-21 03:08:07] ✓ 11个数据文件已同步VPS(rsync -u, 仅推送更新过的)
[2026-07-21 03:08:39] VPS重算: 200
[2026-07-21 03:16:01] 抓到 0 场
[2026-07-21 03:16:05] ✓ 11个数据文件已同步VPS(rsync -u, 仅推送更新过的)
[2026-07-21 03:17:35] VPS重算: 000
[2026-07-21 03:24:01] 抓到 0 场
[2026-07-21 03:24:05] ✓ 11个数据文件已同步VPS(rsync -u, 仅推送更新过的)
[2026-07-21 03:25:07] VPS重算: 200
[2026-07-21 03:32:01] 抓到 0 场
[2026-07-21 03:32:06] ✓ 11个数据文件已同步VPS(rsync -u, 仅推送更新过的)
[2026-07-21 03:32:38] VPS重算: 200
[2026-07-21 03:40:01] 抓到 0 场
[2026-07-21 03:40:05] ✓ 11个数据文件已同步VPS(rsync -u, 仅推送更新过的)
[2026-07-21 03:40:37] VPS重算: 200
[2026-07-21 03:48:01] 抓到 0 场
[2026-07-21 03:48:05] ✓ 11个数据文件已同步VPS(rsync -u, 仅推送更新过的)
[2026-07-21 03:48:06] VPS重算: 429
[2026-07-21 03:56:01] 抓到 0 场
[2026-07-21 03:56:06] ✓ 11个数据文件已同步VPS(rsync -u, 仅推送更新过的)
[2026-07-21 03:56:08] VPS重算: 200
[2026-07-21 04:00:01] 抓到 0 场
[2026-07-21 04:00:12] ✓ 11个数据文件已同步VPS(rsync -u, 仅推送更新过的)
[2026-07-21 04:00:45] VPS重算: 200
[2026-07-21 04:08:01] 抓到 0 场
[2026-07-21 04:08:05] ✓ 11个数据文件已同步VPS(rsync -u, 仅推送更新过的)
[2026-07-21 04:08:07] VPS重算: 200
[2026-07-21 04:16:01] 抓到 0 场
[2026-07-21 04:16:06] ✓ 11个数据文件已同步VPS(rsync -u, 仅推送更新过的)
[2026-07-21 04:17:36] VPS重算: 000
[2026-07-21 04:24:01] 抓到 0 场
[2026-07-21 04:24:06] ✓ 11个数据文件已同步VPS(rsync -u, 仅推送更新过的)
[2026-07-21 04:24:38] VPS重算: 200
[2026-07-21 04:32:01] 抓到 0 场
[2026-07-21 04:32:05] ✓ 11个数据文件已同步VPS(rsync -u, 仅推送更新过的)
[2026-07-21 04:32:07] VPS重算: 200
[2026-07-21 04:40:01] 抓到 0 场
[2026-07-21 04:40:05] ✓ 11个数据文件已同步VPS(rsync -u, 仅推送更新过的)
[2026-07-21 04:40:07] VPS重算: 200
[2026-07-21 04:48:01] 抓到 0 场
[2026-07-21 04:48:05] ✓ 11个数据文件已同步VPS(rsync -u, 仅推送更新过的)
[2026-07-21 04:48:07] VPS重算: 200
[2026-07-21 04:56:01] 抓到 0 场
[2026-07-21 04:56:06] ✓ 11个数据文件已同步VPS(rsync -u, 仅推送更新过的)
[2026-07-21 04:56:07] VPS重算: 200
[2026-07-21 05:00:01] 抓到 0 场
[2026-07-21 05:00:05] ✓ 11个数据文件已同步VPS(rsync -u, 仅推送更新过的)
[2026-07-21 05:00:07] VPS重算: 200
[2026-07-21 05:08:01] 抓到 0 场
[2026-07-21 05:08:05] ✓ 11个数据文件已同步VPS(rsync -u, 仅推送更新过的)
[2026-07-21 05:09:07] VPS重算: 200
[2026-07-21 05:16:01] 抓到 0 场
[2026-07-21 05:16:05] ✓ 11个数据文件已同步VPS(rsync -u, 仅推送更新过的)
[2026-07-21 05:17:35] VPS重算: 000
[2026-07-21 05:24:01] 抓到 0 场
[2026-07-21 05:24:05] ✓ 11个数据文件已同步VPS(rsync -u, 仅推送更新过的)
[2026-07-21 05:24:07] VPS重算: 200
[2026-07-21 05:32:01] 抓到 0 场
[2026-07-21 05:32:05] ✓ 11个数据文件已同步VPS(rsync -u, 仅推送更新过的)
[2026-07-21 05:33:35] VPS重算: 000
[2026-07-21 05:40:01] 抓到 0 场
[2026-07-21 05:40:05] ✓ 11个数据文件已同步VPS(rsync -u, 仅推送更新过的)
[2026-07-21 05:41:35] VPS重算: 000
[2026-07-21 05:48:01] 抓到 0 场
[2026-07-21 05:48:05] ✓ 11个数据文件已同步VPS(rsync -u, 仅推送更新过的)
[2026-07-21 05:48:07] VPS重算: 200
[2026-07-21 05:56:01] 抓到 0 场
[2026-07-21 05:56:05] ✓ 11个数据文件已同步VPS(rsync -u, 仅推送更新过的)
[2026-07-21 05:57:35] VPS重算: 000
[2026-07-21 06:00:01] 抓到 0 场
[2026-07-21 06:00:05] ✓ 11个数据文件已同步VPS(rsync -u, 仅推送更新过的)
[2026-07-21 06:01:35] VPS重算: 000
[2026-07-21 06:08:01] 抓到 0 场
[2026-07-21 06:08:04] ✓ 11个数据文件已同步VPS(rsync -u, 仅推送更新过的)
[2026-07-21 06:08:36] VPS重算: 200
[2026-07-21 06:16:01] 抓到 0 场
[2026-07-21 06:16:04] ✓ 11个数据文件已同步VPS(rsync -u, 仅推送更新过的)
[2026-07-21 06:17:34] VPS重算: 000
[2026-07-21 06:24:01] 抓到 0 场
[2026-07-21 06:24:05] ✓ 11个数据文件已同步VPS(rsync -u, 仅推送更新过的)
[2026-07-21 06:25:35] VPS重算: 000
[2026-07-21 06:32:01] 抓到 0 场
[2026-07-21 06:32:05] ✓ 11个数据文件已同步VPS(rsync -u, 仅推送更新过的)
[2026-07-21 06:32:07] VPS重算: 200
[2026-07-21 06:40:01] 抓到 0 场
[2026-07-21 06:40:05] ✓ 11个数据文件已同步VPS(rsync -u, 仅推送更新过的)
[2026-07-21 06:40:07] VPS重算: 200
[2026-07-21 06:48:01] 抓到 0 场
[2026-07-21 06:48:05] ✓ 11个数据文件已同步VPS(rsync -u, 仅推送更新过的)
[2026-07-21 06:48:36] VPS重算: 200
[2026-07-21 06:56:01] 抓到 0 场
[2026-07-21 06:56:05] ✓ 11个数据文件已同步VPS(rsync -u, 仅推送更新过的)
[2026-07-21 06:57:07] VPS重算: 200
[2026-07-21 07:00:01] 抓到 0 场
[2026-07-21 07:00:05] ✓ 11个数据文件已同步VPS(rsync -u, 仅推送更新过的)
[2026-07-21 07:00:07] VPS重算: 200
[2026-07-21 07:08:01] 抓到 0 场
[2026-07-21 07:08:05] ✓ 11个数据文件已同步VPS(rsync -u, 仅推送更新过的)
[2026-07-21 07:08:37] VPS重算: 200
[2026-07-21 07:16:01] 抓到 0 场
[2026-07-21 07:16:05] ✓ 11个数据文件已同步VPS(rsync -u, 仅推送更新过的)
[2026-07-21 07:17:07] VPS重算: 200
[2026-07-21 07:24:01] 抓到 0 场
[2026-07-21 07:24:05] ✓ 11个数据文件已同步VPS(rsync -u, 仅推送更新过的)
[2026-07-21 07:24:36] VPS重算: 200
[2026-07-21 07:32:01] 抓到 0 场
[2026-07-21 07:32:05] ✓ 11个数据文件已同步VPS(rsync -u, 仅推送更新过的)
[2026-07-21 07:33:35] VPS重算: 000
[2026-07-21 07:40:01] 抓到 0 场
[2026-07-21 07:40:05] ✓ 11个数据文件已同步VPS(rsync -u, 仅推送更新过的)
[2026-07-21 07:40:07] VPS重算: 200
[2026-07-21 07:48:01] 抓到 0 场
[2026-07-21 07:48:06] ✓ 11个数据文件已同步VPS(rsync -u, 仅推送更新过的)
[2026-07-21 07:48:07] VPS重算: 200
[2026-07-21 07:56:02] 抓到 0 场
[2026-07-21 07:56:07] ✓ 11个数据文件已同步VPS(rsync -u, 仅推送更新过的)
[2026-07-21 07:56:39] VPS重算: 200
[2026-07-21 08:00:01] 抓到 0 场
[2026-07-21 08:00:05] ✓ 11个数据文件已同步VPS(rsync -u, 仅推送更新过的)
[2026-07-21 08:00:37] VPS重算: 200
[2026-07-21 08:08:01] 抓到 0 场
[2026-07-21 08:08:04] ✓ 11个数据文件已同步VPS(rsync -u, 仅推送更新过的)
[2026-07-21 08:08:06] VPS重算: 200
[2026-07-21 08:16:01] 抓到 0 场
[2026-07-21 08:16:06] ✓ 11个数据文件已同步VPS(rsync -u, 仅推送更新过的)
[2026-07-21 08:16:08] VPS重算: 200
[2026-07-21 08:24:01] 抓到 0 场
[2026-07-21 08:24:05] ✓ 11个数据文件已同步VPS(rsync -u, 仅推送更新过的)
[2026-07-21 08:25:07] VPS重算: 200
[2026-07-21 08:32:01] 抓到 0 场
[2026-07-21 08:32:06] ✓ 11个数据文件已同步VPS(rsync -u, 仅推送更新过的)
[2026-07-21 08:33:08] VPS重算: 200
[2026-07-21 08:40:01] 抓到 0 场
[2026-07-21 08:40:05] ✓ 11个数据文件已同步VPS(rsync -u, 仅推送更新过的)
[2026-07-21 08:40:36] VPS重算: 200
[2026-07-21 08:48:01] 抓到 0 场
[2026-07-21 08:48:05] ✓ 11个数据文件已同步VPS(rsync -u, 仅推送更新过的)
[2026-07-21 08:48:07] VPS重算: 200
[2026-07-21 08:56:01] 抓到 0 场
[2026-07-21 08:56:04] ✓ 11个数据文件已同步VPS(rsync -u, 仅推送更新过的)
[2026-07-21 08:56:36] VPS重算: 200
[2026-07-21 09:00:01] 抓到 0 场
[2026-07-21 09:00:05] ✓ 11个数据文件已同步VPS(rsync -u, 仅推送更新过的)
[2026-07-21 09:01:07] VPS重算: 200
[2026-07-21 09:08:01] 抓到 0 场
[2026-07-21 09:08:05] ✓ 11个数据文件已同步VPS(rsync -u, 仅推送更新过的)
[2026-07-21 09:08:07] VPS重算: 200
[2026-07-21 09:16:01] 抓到 0 场
[2026-07-21 09:16:06] ✓ 11个数据文件已同步VPS(rsync -u, 仅推送更新过的)
[2026-07-21 09:17:08] VPS重算: 200
[2026-07-21 09:24:02] 抓到 0 场
[2026-07-21 09:24:06] ✓ 11个数据文件已同步VPS(rsync -u, 仅推送更新过的)
[2026-07-21 09:24:38] VPS重算: 200
[2026-07-21 09:32:01] 抓到 0 场
[2026-07-21 09:32:06] ✓ 11个数据文件已同步VPS(rsync -u, 仅推送更新过的)
[2026-07-21 09:33:36] VPS重算: 000
[2026-07-21 09:40:01] 抓到 0 场
[2026-07-21 09:40:05] ✓ 11个数据文件已同步VPS(rsync -u, 仅推送更新过的)
[2026-07-21 09:40:07] VPS重算: 200
[2026-07-21 09:48:01] 抓到 0 场
[2026-07-21 09:48:05] ✓ 11个数据文件已同步VPS(rsync -u, 仅推送更新过的)
[2026-07-21 09:48:07] VPS重算: 200
[2026-07-21 09:56:01] 抓到 0 场
[2026-07-21 09:56:06] ✓ 11个数据文件已同步VPS(rsync -u, 仅推送更新过的)
[2026-07-21 09:57:07] VPS重算: 200
[2026-07-21 10:00:01] 抓到 0 场
[2026-07-21 10:00:05] ✓ 11个数据文件已同步VPS(rsync -u, 仅推送更新过的)
[2026-07-21 10:00:06] VPS重算: 429
[2026-07-21 10:08:01] 抓到 0 场
[2026-07-21 10:08:05] ✓ 11个数据文件已同步VPS(rsync -u, 仅推送更新过的)
[2026-07-21 10:09:35] VPS重算: 000
[2026-07-21 10:16:01] 抓到 0 场
[2026-07-21 10:16:06] ✓ 11个数据文件已同步VPS(rsync -u, 仅推送更新过的)
[2026-07-21 10:17:09] VPS重算: 200
[2026-07-21 10:24:01] 抓到 0 场
[2026-07-21 10:24:06] ✓ 11个数据文件已同步VPS(rsync -u, 仅推送更新过的)
[2026-07-21 10:24:07] VPS重算: 429
[2026-07-21 10:32:01] 抓到 0 场
[2026-07-21 10:32:04] ✓ 11个数据文件已同步VPS(rsync -u, 仅推送更新过的)
[2026-07-21 10:32:06] VPS重算: 200
[2026-07-21 10:40:01] 抓到 0 场
[2026-07-21 10:40:05] ✓ 11个数据文件已同步VPS(rsync -u, 仅推送更新过的)
[2026-07-21 10:40:07] VPS重算: 200
[2026-07-21 10:48:01] 抓到 0 场
[2026-07-21 10:48:06] ✓ 11个数据文件已同步VPS(rsync -u, 仅推送更新过的)
[2026-07-21 10:49:08] VPS重算: 200
[2026-07-21 10:56:01] 抓到 0 场
[2026-07-21 10:56:05] ✓ 11个数据文件已同步VPS(rsync -u, 仅推送更新过的)
[2026-07-21 10:56:07] VPS重算: 200
[2026-07-21 11:00:01] 抓到 0 场
[2026-07-21 11:00:05] ✓ 11个数据文件已同步VPS(rsync -u, 仅推送更新过的)
[2026-07-21 11:01:07] VPS重算: 200
[2026-07-21 11:08:01] 抓到 11 场
[2026-07-21 11:08:07] ✓ 11个数据文件已同步VPS(rsync -u, 仅推送更新过的)
[2026-07-21 11:09:37] VPS重算: 000
[2026-07-21 11:16:01] 抓到 11 场
[2026-07-21 11:16:07] ✓ 11个数据文件已同步VPS(rsync -u, 仅推送更新过的)
[2026-07-21 11:16:09] VPS重算: 200
[2026-07-21 11:24:01] 抓到 11 场
[2026-07-21 11:24:07] ✓ 11个数据文件已同步VPS(rsync -u, 仅推送更新过的)
[2026-07-21 11:24:39] VPS重算: 200
[2026-07-21 11:32:01] 抓到 11 场
[2026-07-21 11:32:06] ✓ 11个数据文件已同步VPS(rsync -u, 仅推送更新过的)
[2026-07-21 11:32:08] VPS重算: 200
[2026-07-21 11:40:01] 抓到 11 场
[2026-07-21 11:40:07] ✓ 11个数据文件已同步VPS(rsync -u, 仅推送更新过的)
[2026-07-21 11:40:10] VPS重算: 200
[2026-07-21 11:48:01] 抓到 11 场
[2026-07-21 11:48:06] ✓ 11个数据文件已同步VPS(rsync -u, 仅推送更新过的)
[2026-07-21 11:49:36] VPS重算: 000
[2026-07-21 11:56:01] 抓到 11 场
[2026-07-21 11:56:07] ✓ 11个数据文件已同步VPS(rsync -u, 仅推送更新过的)
[2026-07-21 11:57:37] VPS重算: 000
[2026-07-21 12:00:01] 抓到 11 场
[2026-07-21 12:00:05] ✓ 11个数据文件已同步VPS(rsync -u, 仅推送更新过的)
[2026-07-21 12:00:06] VPS重算: 200
[2026-07-21 12:08:01] 抓到 11 场
[2026-07-21 12:08:07] ✓ 11个数据文件已同步VPS(rsync -u, 仅推送更新过的)
[2026-07-21 12:08:09] VPS重算: 200
[2026-07-21 12:16:01] 抓到 11 场
[2026-07-21 12:16:09] ✓ 11个数据文件已同步VPS(rsync -u, 仅推送更新过的)
[2026-07-21 12:16:41] VPS重算: 200
[2026-07-21 12:24:01] 抓到 11 场
[2026-07-21 12:24:07] ✓ 11个数据文件已同步VPS(rsync -u, 仅推送更新过的)
[2026-07-21 12:25:37] VPS重算: 000
[2026-07-21 12:32:01] 抓到 11 场
[2026-07-21 12:32:07] ✓ 11个数据文件已同步VPS(rsync -u, 仅推送更新过的)
[2026-07-21 12:33:37] VPS重算: 000
[2026-07-21 12:40:01] 抓到 11 场
[2026-07-21 12:40:06] ✓ 11个数据文件已同步VPS(rsync -u, 仅推送更新过的)
[2026-07-21 12:40:08] VPS重算: 200
[2026-07-21 12:48:01] 抓到 11 场
[2026-07-21 12:48:06] ✓ 11个数据文件已同步VPS(rsync -u, 仅推送更新过的)
[2026-07-21 12:49:09] VPS重算: 200
[2026-07-21 12:56:01] 抓到 11 场
[2026-07-21 12:56:07] ✓ 11个数据文件已同步VPS(rsync -u, 仅推送更新过的)
[2026-07-21 12:56:09] VPS重算: 200
[2026-07-21 13:00:01] 抓到 11 场
[2026-07-21 13:00:07] ✓ 11个数据文件已同步VPS(rsync -u, 仅推送更新过的)
[2026-07-21 13:00:38] VPS重算: 200
[2026-07-21 13:08:01] 抓到 11 场
[2026-07-21 13:08:06] ✓ 11个数据文件已同步VPS(rsync -u, 仅推送更新过的)
[2026-07-21 13:08:38] VPS重算: 200
[2026-07-21 13:16:01] 抓到 11 场
[2026-07-21 13:16:07] ✓ 11个数据文件已同步VPS(rsync -u, 仅推送更新过的)
[2026-07-21 13:17:37] VPS重算: 000
[2026-07-21 13:24:01] 抓到 11 场
[2026-07-21 13:24:06] ✓ 11个数据文件已同步VPS(rsync -u, 仅推送更新过的)
[2026-07-21 13:24:39] VPS重算: 200
[2026-07-21 13:32:01] 抓到 11 场
[2026-07-21 13:32:05] ✓ 11个数据文件已同步VPS(rsync -u, 仅推送更新过的)
[2026-07-21 13:32:08] VPS重算: 200
[2026-07-21 13:40:01] 抓到 11 场
[2026-07-21 13:40:05] ✓ 11个数据文件已同步VPS(rsync -u, 仅推送更新过的)
[2026-07-21 13:40:07] VPS重算: 200
[2026-07-21 13:48:01] 抓到 11 场
[2026-07-21 13:48:18] ✓ 11个数据文件已同步VPS(rsync -u, 仅推送更新过的)
[2026-07-21 13:48:21] VPS重算: 200
[2026-07-21 13:56:01] 抓到 11 场
[2026-07-21 13:56:10] ✓ 11个数据文件已同步VPS(rsync -u, 仅推送更新过的)
[2026-07-21 13:56:41] VPS重算: 200
[2026-07-21 14:00:01] 抓到 11 场
[2026-07-21 14:00:07] ✓ 11个数据文件已同步VPS(rsync -u, 仅推送更新过的)
[2026-07-21 14:00:41] VPS重算: 200
[2026-07-21 14:08:01] 抓到 11 场
[2026-07-21 14:08:07] ✓ 11个数据文件已同步VPS(rsync -u, 仅推送更新过的)
[2026-07-21 14:08:09] VPS重算: 200
[2026-07-21 14:16:01] 抓到 11 场
[2026-07-21 14:16:08] ✓ 11个数据文件已同步VPS(rsync -u, 仅推送更新过的)
[2026-07-21 14:16:10] VPS重算: 200
[2026-07-21 14:24:01] 抓到 11 场
[2026-07-21 14:24:07] ✓ 11个数据文件已同步VPS(rsync -u, 仅推送更新过的)
[2026-07-21 14:25:37] VPS重算: 000
[2026-07-21 14:32:01] 抓到 11 场
[2026-07-21 14:32:07] ✓ 11个数据文件已同步VPS(rsync -u, 仅推送更新过的)
[2026-07-21 14:33:37] VPS重算: 000
[2026-07-21 14:40:01] 抓到 11 场
[2026-07-21 14:40:08] ✓ 11个数据文件已同步VPS(rsync -u, 仅推送更新过的)
[2026-07-21 14:41:10] VPS重算: 200
[2026-07-21 14:48:01] 抓到 11 场
[2026-07-21 14:48:05] ✓ 11个数据文件已同步VPS(rsync -u, 仅推送更新过的)
[2026-07-21 14:48:07] VPS重算: 200
[2026-07-21 14:56:01] 抓到 11 场
[2026-07-21 14:56:06] ✓ 11个数据文件已同步VPS(rsync -u, 仅推送更新过的)
[2026-07-21 14:56:09] VPS重算: 200
[2026-07-21 15:00:01] 抓到 11 场
[2026-07-21 15:00:06] ✓ 11个数据文件已同步VPS(rsync -u, 仅推送更新过的)
[2026-07-21 15:00:13] VPS重算: 200
[2026-07-21 15:08:01] 抓到 11 场
[2026-07-21 15:08:08] ✓ 11个数据文件已同步VPS(rsync -u, 仅推送更新过的)
[2026-07-21 15:08:11] VPS重算: 200
[2026-07-21 15:16:01] 抓到 11 场
[2026-07-21 15:16:07] ✓ 11个数据文件已同步VPS(rsync -u, 仅推送更新过的)
[2026-07-21 15:16:39] VPS重算: 200
[2026-07-21 15:24:01] 抓到 11 场
[2026-07-21 15:24:07] ✓ 11个数据文件已同步VPS(rsync -u, 仅推送更新过的)
[2026-07-21 15:24:10] VPS重算: 200
[2026-07-21 15:32:01] 抓到 11 场
[2026-07-21 15:32:06] ✓ 11个数据文件已同步VPS(rsync -u, 仅推送更新过的)
[2026-07-21 15:32:39] VPS重算: 200
[2026-07-21 15:40:01] 抓到 11 场
[2026-07-21 15:40:07] ✓ 11个数据文件已同步VPS(rsync -u, 仅推送更新过的)
[2026-07-21 15:40:15] VPS重算: 200
[2026-07-21 15:48:01] 抓到 11 场
[2026-07-21 15:48:07] ✓ 11个数据文件已同步VPS(rsync -u, 仅推送更新过的)
[2026-07-21 15:49:37] VPS重算: 000
[2026-07-21 15:56:01] 抓到 11 场
[2026-07-21 15:56:06] ✓ 11个数据文件已同步VPS(rsync -u, 仅推送更新过的)
[2026-07-21 15:56:38] VPS重算: 200
[2026-07-21 16:00:01] 抓到 11 场
[2026-07-21 16:00:06] ✓ 11个数据文件已同步VPS(rsync -u, 仅推送更新过的)
[2026-07-21 16:01:36] VPS重算: 000
[2026-07-21 16:08:01] 抓到 11 场
[2026-07-21 16:08:07] ✓ 11个数据文件已同步VPS(rsync -u, 仅推送更新过的)
[2026-07-21 16:09:37] VPS重算: 000
[2026-07-21 16:16:01] 抓到 11 场
[2026-07-21 16:16:07] ✓ 11个数据文件已同步VPS(rsync -u, 仅推送更新过的)
[2026-07-21 16:17:37] VPS重算: 000
[2026-07-21 16:24:01] 抓到 11 场
[2026-07-21 16:24:06] ✓ 11个数据文件已同步VPS(rsync -u, 仅推送更新过的)
[2026-07-21 16:25:36] VPS重算: 000
[2026-07-21 16:32:01] 抓到 11 场
[2026-07-21 16:32:06] ✓ 11个数据文件已同步VPS(rsync -u, 仅推送更新过的)
[2026-07-21 16:32:08] VPS重算: 200
[2026-07-21 16:40:01] 抓到 11 场
[2026-07-21 16:40:07] ✓ 11个数据文件已同步VPS(rsync -u, 仅推送更新过的)
[2026-07-21 16:40:39] VPS重算: 200
[2026-07-21 16:48:01] 抓到 11 场
[2026-07-21 16:48:05] ✓ 11个数据文件已同步VPS(rsync -u, 仅推送更新过的)
[2026-07-21 16:49:35] VPS重算: 000
[2026-07-21 16:56:01] 抓到 11 场
[2026-07-21 16:56:07] ✓ 11个数据文件已同步VPS(rsync -u, 仅推送更新过的)
[2026-07-21 16:56:40] VPS重算: 200
[2026-07-21 17:00:01] 抓到 11 场
[2026-07-21 17:00:07] ✓ 11个数据文件已同步VPS(rsync -u, 仅推送更新过的)
[2026-07-21 17:00:40] VPS重算: 200
[2026-07-21 17:08:01] 抓到 11 场
[2026-07-21 17:08:05] ✓ 11个数据文件已同步VPS(rsync -u, 仅推送更新过的)
[2026-07-21 17:09:08] VPS重算: 200
[2026-07-21 17:16:01] 抓到 11 场
[2026-07-21 17:16:05] ✓ 11个数据文件已同步VPS(rsync -u, 仅推送更新过的)
[2026-07-21 17:16:07] VPS重算: 200
[2026-07-21 17:24:01] 抓到 11 场
[2026-07-21 17:24:07] ✓ 11个数据文件已同步VPS(rsync -u, 仅推送更新过的)
[2026-07-21 17:24:09] VPS重算: 200
[2026-07-21 17:32:01] 抓到 11 场
[2026-07-21 17:32:06] ✓ 11个数据文件已同步VPS(rsync -u, 仅推送更新过的)
[2026-07-21 17:32:09] VPS重算: 200
[2026-07-21 17:40:01] 抓到 11 场
[2026-07-21 17:40:06] ✓ 11个数据文件已同步VPS(rsync -u, 仅推送更新过的)
[2026-07-21 17:40:40] VPS重算: 200
[2026-07-21 17:48:01] 抓到 11 场
[2026-07-21 17:48:05] ✓ 11个数据文件已同步VPS(rsync -u, 仅推送更新过的)
[2026-07-21 17:49:35] VPS重算: 000
[2026-07-21 17:56:01] 抓到 11 场
[2026-07-21 17:56:06] ✓ 11个数据文件已同步VPS(rsync -u, 仅推送更新过的)
[2026-07-21 17:56:07] VPS重算: 200
[2026-07-21 18:00:01] 抓到 11 场
[2026-07-21 18:00:06] ✓ 11个数据文件已同步VPS(rsync -u, 仅推送更新过的)
[2026-07-21 18:00:39] VPS重算: 200
[2026-07-21 18:08:01] 抓到 11 场
[2026-07-21 18:08:06] ✓ 11个数据文件已同步VPS(rsync -u, 仅推送更新过的)
[2026-07-21 18:09:36] VPS重算: 000
[2026-07-21 18:16:01] 抓到 11 场
[2026-07-21 18:16:06] ✓ 11个数据文件已同步VPS(rsync -u, 仅推送更新过的)
[2026-07-21 18:16:08] VPS重算: 200
[2026-07-21 18:24:01]   ⚠ 体彩抓取失败(<urlopen error timed out>), 回退缓存 odds_parsed.json (8分钟前)
[2026-07-21 18:24:01] 抓到 11 场
[2026-07-21 18:25:05] ✓ 11个数据文件已同步VPS(rsync -u, 仅推送更新过的)
[2026-07-21 18:25:07] VPS重算: 200
[2026-07-21 18:32:01]   ⚠ 体彩抓取失败(<urlopen error timed out>), 回退缓存 odds_parsed.json (16分钟前)
[2026-07-21 18:32:01] 抓到 11 场
[2026-07-21 18:33:04] ✓ 11个数据文件已同步VPS(rsync -u, 仅推送更新过的)
[2026-07-21 18:33:36] VPS重算: 200
[2026-07-21 18:40:01] 抓到 8 场
[2026-07-21 18:40:35] ✓ 11个数据文件已同步VPS(rsync -u, 仅推送更新过的)
[2026-07-21 18:41:06] VPS重算: 200
[2026-07-21 18:48:01] 抓到 8 场
[2026-07-21 18:48:06] ✓ 11个数据文件已同步VPS(rsync -u, 仅推送更新过的)
[2026-07-21 18:49:08] VPS重算: 200
[2026-07-21 18:56:01] 抓到 8 场
[2026-07-21 18:56:08] ✓ 11个数据文件已同步VPS(rsync -u, 仅推送更新过的)
[2026-07-21 18:57:10] VPS重算: 200
[2026-07-21 19:00:01] 抓到 8 场
[2026-07-21 19:00:06] ✓ 11个数据文件已同步VPS(rsync -u, 仅推送更新过的)
[2026-07-21 19:00:38] VPS重算: 200
[2026-07-21 19:08:01] 抓到 8 场
[2026-07-21 19:08:08] ✓ 11个数据文件已同步VPS(rsync -u, 仅推送更新过的)
[2026-07-21 19:08:11] VPS重算: 200
[2026-07-21 19:16:01] 抓到 8 场
[2026-07-21 19:16:10] ✓ 11个数据文件已同步VPS(rsync -u, 仅推送更新过的)
[2026-07-21 19:17:12] VPS重算: 200
[2026-07-21 19:24:01] 抓到 8 场
[2026-07-21 19:24:06] ✓ 11个数据文件已同步VPS(rsync -u, 仅推送更新过的)
[2026-07-21 19:24:08] VPS重算: 200
[2026-07-21 19:32:01] 抓到 8 场
[2026-07-21 19:32:05] ✓ 11个数据文件已同步VPS(rsync -u, 仅推送更新过的)
[2026-07-21 19:32:38] VPS重算: 200
[2026-07-21 19:40:01] 抓到 8 场
[2026-07-21 19:40:07] ✓ 11个数据文件已同步VPS(rsync -u, 仅推送更新过的)
[2026-07-21 19:41:37] VPS重算: 000
[2026-07-21 19:48:01] 抓到 8 场
[2026-07-21 19:48:05] ✓ 11个数据文件已同步VPS(rsync -u, 仅推送更新过的)
[2026-07-21 19:48:08] VPS重算: 200
[2026-07-21 19:56:01] 抓到 8 场
[2026-07-21 19:56:08] ✓ 11个数据文件已同步VPS(rsync -u, 仅推送更新过的)
[2026-07-21 19:56:09] VPS重算: 429
[2026-07-21 20:00:01] 抓到 8 场
[2026-07-21 20:00:05] ✓ 11个数据文件已同步VPS(rsync -u, 仅推送更新过的)
[2026-07-21 20:00:07] VPS重算: 200
[2026-07-21 20:08:01] 抓到 8 场
[2026-07-21 20:08:06] ✓ 11个数据文件已同步VPS(rsync -u, 仅推送更新过的)
[2026-07-21 20:08:39] VPS重算: 200
[2026-07-21 20:16:01] 抓到 8 场
[2026-07-21 20:16:06] ✓ 11个数据文件已同步VPS(rsync -u, 仅推送更新过的)
[2026-07-21 20:16:09] VPS重算: 200
[2026-07-21 20:24:01] 抓到 8 场
[2026-07-21 20:24:06] ✓ 11个数据文件已同步VPS(rsync -u, 仅推送更新过的)
[2026-07-21 20:25:08] VPS重算: 200
[2026-07-21 20:32:01] 抓到 8 场
[2026-07-21 20:32:06] ✓ 11个数据文件已同步VPS(rsync -u, 仅推送更新过的)
[2026-07-21 20:32:39] VPS重算: 200
[2026-07-21 20:40:01] 抓到 8 场
[2026-07-21 20:40:07] ✓ 11个数据文件已同步VPS(rsync -u, 仅推送更新过的)
[2026-07-21 20:40:39] VPS重算: 200
[2026-07-21 20:48:01] 抓到 8 场
[2026-07-21 20:48:11] ✓ 11个数据文件已同步VPS(rsync -u, 仅推送更新过的)
[2026-07-21 20:49:41] VPS重算: 000
[2026-07-21 20:56:01] 抓到 8 场
[2026-07-21 20:56:07] ✓ 11个数据文件已同步VPS(rsync -u, 仅推送更新过的)
[2026-07-21 20:56:09] VPS重算: 200
[2026-07-21 21:00:01] 抓到 8 场
[2026-07-21 21:00:07] ✓ 11个数据文件已同步VPS(rsync -u, 仅推送更新过的)
[2026-07-21 21:01:10] VPS重算: 200
[2026-07-21 21:08:01] 抓到 8 场
[2026-07-21 21:08:07] ✓ 11个数据文件已同步VPS(rsync -u, 仅推送更新过的)
[2026-07-21 21:09:10] VPS重算: 200
[2026-07-21 21:16:01] 抓到 8 场
[2026-07-21 21:16:07] ✓ 11个数据文件已同步VPS(rsync -u, 仅推送更新过的)
[2026-07-21 21:16:10] VPS重算: 200
[2026-07-21 21:24:01] 抓到 8 场
[2026-07-21 21:24:08] ✓ 11个数据文件已同步VPS(rsync -u, 仅推送更新过的)
[2026-07-21 21:25:38] VPS重算: 000
[2026-07-21 21:32:01] 抓到 8 场
[2026-07-21 21:32:06] ✓ 11个数据文件已同步VPS(rsync -u, 仅推送更新过的)
[2026-07-21 21:33:10] VPS重算: 200
[2026-07-21 21:40:01] 抓到 8 场
[2026-07-21 21:40:05] ✓ 11个数据文件已同步VPS(rsync -u, 仅推送更新过的)
[2026-07-21 21:41:35] VPS重算: 000
[2026-07-21 21:48:01] 抓到 8 场
[2026-07-21 21:48:08] ✓ 11个数据文件已同步VPS(rsync -u, 仅推送更新过的)
[2026-07-21 21:48:12] VPS重算: 200
[2026-07-21 21:56:01] 抓到 8 场
[2026-07-21 21:56:06] ✓ 11个数据文件已同步VPS(rsync -u, 仅推送更新过的)
[2026-07-21 21:56:09] VPS重算: 429
[2026-07-21 22:00:01] 抓到 8 场
[2026-07-21 22:00:10] ✓ 11个数据文件已同步VPS(rsync -u, 仅推送更新过的)
[2026-07-21 22:00:12] VPS重算: 200
[2026-07-21 22:08:01] 抓到 8 场
[2026-07-21 22:08:08] ✓ 11个数据文件已同步VPS(rsync -u, 仅推送更新过的)
[2026-07-21 22:08:41] VPS重算: 200
[2026-07-21 22:16:01] 抓到 8 场
[2026-07-21 22:16:41] ✓ 11个数据文件已同步VPS(rsync -u, 仅推送更新过的)
[2026-07-21 22:17:13] VPS重算: 200
[2026-07-21 22:24:01] 抓到 8 场
[2026-07-21 22:24:07] ✓ 11个数据文件已同步VPS(rsync -u, 仅推送更新过的)
[2026-07-21 22:24:41] VPS重算: 200
[2026-07-21 22:32:01] 抓到 8 场
[2026-07-21 22:32:07] ✓ 11个数据文件已同步VPS(rsync -u, 仅推送更新过的)
[2026-07-21 22:33:37] VPS重算: 000
[2026-07-21 22:40:01] 抓到 8 场
[2026-07-21 22:40:08] ✓ 11个数据文件已同步VPS(rsync -u, 仅推送更新过的)
[2026-07-21 22:40:10] VPS重算: 200
[2026-07-21 22:48:01] 抓到 8 场
[2026-07-21 22:48:06] ✓ 11个数据文件已同步VPS(rsync -u, 仅推送更新过的)
[2026-07-21 22:49:36] VPS重算: 000
[2026-07-21 22:56:01] 抓到 8 场
[2026-07-21 22:56:08] ✓ 11个数据文件已同步VPS(rsync -u, 仅推送更新过的)
[2026-07-21 22:56:11] VPS重算: 200
[2026-07-21 23:00:01] 抓到 8 场
[2026-07-21 23:00:06] ✓ 11个数据文件已同步VPS(rsync -u, 仅推送更新过的)
[2026-07-21 23:00:39] VPS重算: 200
[2026-07-21 23:08:01] 抓到 8 场
[2026-07-21 23:08:07] ✓ 11个数据文件已同步VPS(rsync -u, 仅推送更新过的)
[2026-07-21 23:08:09] VPS重算: 200
[2026-07-21 23:16:01] 抓到 8 场
[2026-07-21 23:16:06] ✓ 11个数据文件已同步VPS(rsync -u, 仅推送更新过的)
[2026-07-21 23:16:09] VPS重算: 200
[2026-07-21 23:24:01] 抓到 8 场
[2026-07-21 23:24:07] ✓ 11个数据文件已同步VPS(rsync -u, 仅推送更新过的)
[2026-07-21 23:25:09] VPS重算: 200
[2026-07-21 23:32:01] 抓到 8 场
[2026-07-21 23:32:07] ✓ 11个数据文件已同步VPS(rsync -u, 仅推送更新过的)
[2026-07-21 23:32:10] VPS重算: 200
[2026-07-21 23:40:01] 抓到 8 场
[2026-07-21 23:40:07] ✓ 11个数据文件已同步VPS(rsync -u, 仅推送更新过的)
[2026-07-21 23:40:09] VPS重算: 200
[2026-07-21 23:48:01] 抓到 8 场
[2026-07-21 23:48:07] ✓ 11个数据文件已同步VPS(rsync -u, 仅推送更新过的)
[2026-07-21 23:48:39] VPS重算: 200
[2026-07-21 23:56:01] 抓到 8 场
[2026-07-21 23:56:06] ✓ 11个数据文件已同步VPS(rsync -u, 仅推送更新过的)
[2026-07-21 23:57:08] VPS重算: 200
[2026-07-22 00:00:01] 抓到 8 场
[2026-07-22 00:00:08] ✓ 11个数据文件已同步VPS(rsync -u, 仅推送更新过的)
[2026-07-22 00:01:38] VPS重算: 000
[2026-07-22 00:08:01] 抓到 7 场
[2026-07-22 00:08:07] ✓ 11个数据文件已同步VPS(rsync -u, 仅推送更新过的)
[2026-07-22 00:08:08] VPS重算: 429
[2026-07-22 00:16:01] 抓到 7 场
[2026-07-22 00:16:08] ✓ 11个数据文件已同步VPS(rsync -u, 仅推送更新过的)
[2026-07-22 00:17:10] VPS重算: 200
[2026-07-22 00:40:01] 抓到 7 场
[2026-07-22 00:40:12] ✓ 11个数据文件已同步VPS(rsync -u, 仅推送更新过的)
[2026-07-22 00:40:14] VPS重算: 200
[2026-07-22 00:48:01] 抓到 7 场
[2026-07-22 00:48:11] ✓ 11个数据文件已同步VPS(rsync -u, 仅推送更新过的)
[2026-07-22 00:48:44] VPS重算: 200
[2026-07-22 00:56:01] 抓到 7 场
[2026-07-22 00:56:15] ✓ 11个数据文件已同步VPS(rsync -u, 仅推送更新过的)
[2026-07-22 00:57:45] VPS重算: 000
[2026-07-22 01:00:01] 抓到 6 场
[2026-07-22 01:00:05] ✓ 11个数据文件已同步VPS(rsync -u, 仅推送更新过的)
[2026-07-22 01:00:08] VPS重算: 200
[2026-07-22 01:08:01] 抓到 6 场
[2026-07-22 01:08:06] ✓ 11个数据文件已同步VPS(rsync -u, 仅推送更新过的)
[2026-07-22 01:08:09] VPS重算: 200
[2026-07-22 01:16:01] 抓到 6 场
[2026-07-22 01:16:07] ✓ 11个数据文件已同步VPS(rsync -u, 仅推送更新过的)
[2026-07-22 01:17:09] VPS重算: 200
[2026-07-22 01:24:01] 抓到 6 场
[2026-07-22 01:24:07] ✓ 11个数据文件已同步VPS(rsync -u, 仅推送更新过的)
[2026-07-22 01:25:37] VPS重算: 000
[2026-07-22 01:32:01] 抓到 6 场
[2026-07-22 01:32:08] ✓ 11个数据文件已同步VPS(rsync -u, 仅推送更新过的)
[2026-07-22 01:32:11] VPS重算: 200
[2026-07-22 01:40:01] 抓到 6 场
[2026-07-22 01:40:07] ✓ 11个数据文件已同步VPS(rsync -u, 仅推送更新过的)
[2026-07-22 01:41:09] VPS重算: 200
[2026-07-22 01:48:01] 抓到 6 场
[2026-07-22 01:48:06] ✓ 11个数据文件已同步VPS(rsync -u, 仅推送更新过的)
[2026-07-22 01:48:38] VPS重算: 200
[2026-07-22 01:56:01] 抓到 6 场
[2026-07-22 01:56:06] ✓ 11个数据文件已同步VPS(rsync -u, 仅推送更新过的)
[2026-07-22 01:56:09] VPS重算: 200
[2026-07-22 02:00:01] 抓到 6 场
[2026-07-22 02:00:06] ✓ 11个数据文件已同步VPS(rsync -u, 仅推送更新过的)
[2026-07-22 02:00:37] VPS重算: 200
[2026-07-22 02:08:01] 抓到 6 场
[2026-07-22 02:08:05] ✓ 11个数据文件已同步VPS(rsync -u, 仅推送更新过的)
[2026-07-22 02:09:07] VPS重算: 200
[2026-07-22 02:16:01] 抓到 6 场
[2026-07-22 02:16:05] ✓ 11个数据文件已同步VPS(rsync -u, 仅推送更新过的)
[2026-07-22 02:16:37] VPS重算: 200
[2026-07-22 02:24:01] 抓到 6 场
[2026-07-22 02:24:05] ✓ 11个数据文件已同步VPS(rsync -u, 仅推送更新过的)
[2026-07-22 02:24:07] VPS重算: 200
[2026-07-22 02:32:01] 抓到 5 场
[2026-07-22 02:32:08] ✓ 11个数据文件已同步VPS(rsync -u, 仅推送更新过的)
[2026-07-22 02:32:40] VPS重算: 200
[2026-07-22 02:40:01] 抓到 5 场
[2026-07-22 02:40:06] ✓ 11个数据文件已同步VPS(rsync -u, 仅推送更新过的)
[2026-07-22 02:40:08] VPS重算: 200
[2026-07-22 02:48:01] 抓到 5 场
[2026-07-22 02:48:05] ✓ 11个数据文件已同步VPS(rsync -u, 仅推送更新过的)
[2026-07-22 02:49:07] VPS重算: 200
[2026-07-22 02:56:01] 抓到 5 场
[2026-07-22 02:56:06] ✓ 11个数据文件已同步VPS(rsync -u, 仅推送更新过的)
[2026-07-22 02:56:07] VPS重算: 429
[2026-07-22 03:00:01] 抓到 5 场
[2026-07-22 03:00:04] ✓ 11个数据文件已同步VPS(rsync -u, 仅推送更新过的)
[2026-07-22 03:00:36] VPS重算: 200
[2026-07-22 03:08:01] 抓到 5 场
[2026-07-22 03:08:05] ✓ 11个数据文件已同步VPS(rsync -u, 仅推送更新过的)
[2026-07-22 03:08:11] VPS重算: 429
[2026-07-22 03:16:01] 抓到 5 场
[2026-07-22 03:16:05] ✓ 11个数据文件已同步VPS(rsync -u, 仅推送更新过的)
[2026-07-22 03:16:07] VPS重算: 200
[2026-07-22 03:24:01] 抓到 5 场
[2026-07-22 03:24:06] ✓ 11个数据文件已同步VPS(rsync -u, 仅推送更新过的)
[2026-07-22 03:25:13] VPS重算: 200
[2026-07-22 03:32:01] 抓到 5 场
[2026-07-22 03:32:06] ✓ 11个数据文件已同步VPS(rsync -u, 仅推送更新过的)
[2026-07-22 03:32:38] VPS重算: 200
[2026-07-22 03:40:02] 抓到 5 场
[2026-07-22 03:40:05] ✓ 11个数据文件已同步VPS(rsync -u, 仅推送更新过的)
[2026-07-22 03:40:07] VPS重算: 429
[2026-07-22 03:48:01] 抓到 5 场
[2026-07-22 03:48:06] ✓ 11个数据文件已同步VPS(rsync -u, 仅推送更新过的)
[2026-07-22 03:49:08] VPS重算: 200
[2026-07-22 03:56:01] 抓到 5 场
[2026-07-22 03:56:06] ✓ 11个数据文件已同步VPS(rsync -u, 仅推送更新过的)
[2026-07-22 03:56:08] VPS重算: 200
[2026-07-22 04:00:01] 抓到 5 场
[2026-07-22 04:00:05] ✓ 11个数据文件已同步VPS(rsync -u, 仅推送更新过的)
[2026-07-22 04:00:37] VPS重算: 200
[2026-07-22 04:08:01] 抓到 5 场
[2026-07-22 04:08:07] ✓ 11个数据文件已同步VPS(rsync -u, 仅推送更新过的)
[2026-07-22 04:09:37] VPS重算: 000
[2026-07-22 04:16:01] 抓到 5 场
[2026-07-22 04:16:05] ✓ 11个数据文件已同步VPS(rsync -u, 仅推送更新过的)
[2026-07-22 04:16:08] VPS重算: 200
[2026-07-22 04:24:02] 抓到 5 场
[2026-07-22 04:24:06] ✓ 11个数据文件已同步VPS(rsync -u, 仅推送更新过的)
[2026-07-22 04:24:07] VPS重算: 429
[2026-07-22 04:32:01] 抓到 5 场
[2026-07-22 04:32:05] ✓ 11个数据文件已同步VPS(rsync -u, 仅推送更新过的)
[2026-07-22 04:33:07] VPS重算: 200
[2026-07-22 04:40:01] 抓到 5 场
[2026-07-22 04:40:05] ✓ 11个数据文件已同步VPS(rsync -u, 仅推送更新过的)
[2026-07-22 04:40:07] VPS重算: 200
[2026-07-22 04:48:01] 抓到 5 场
[2026-07-22 04:48:05] ✓ 11个数据文件已同步VPS(rsync -u, 仅推送更新过的)
[2026-07-22 04:48:37] VPS重算: 200
[2026-07-22 04:56:01] 抓到 5 场
[2026-07-22 04:56:05] ✓ 11个数据文件已同步VPS(rsync -u, 仅推送更新过的)
[2026-07-22 04:56:06] VPS重算: 429
[2026-07-22 05:00:01] 抓到 5 场
[2026-07-22 05:00:05] ✓ 11个数据文件已同步VPS(rsync -u, 仅推送更新过的)
[2026-07-22 05:00:07] VPS重算: 200
[2026-07-22 05:08:01] 抓到 5 场
[2026-07-22 05:08:05] ✓ 11个数据文件已同步VPS(rsync -u, 仅推送更新过的)
[2026-07-22 05:09:35] VPS重算: 000
[2026-07-22 05:16:01] 抓到 5 场
[2026-07-22 05:16:05] ✓ 11个数据文件已同步VPS(rsync -u, 仅推送更新过的)
[2026-07-22 05:17:35] VPS重算: 000
[2026-07-22 05:24:01] 抓到 5 场
[2026-07-22 05:24:05] ✓ 11个数据文件已同步VPS(rsync -u, 仅推送更新过的)
[2026-07-22 05:24:07] VPS重算: 200
[2026-07-22 05:32:01] 抓到 5 场
[2026-07-22 05:32:05] ✓ 11个数据文件已同步VPS(rsync -u, 仅推送更新过的)
[2026-07-22 05:33:35] VPS重算: 000
[2026-07-22 05:40:02] 抓到 5 场
[2026-07-22 05:40:06] ✓ 11个数据文件已同步VPS(rsync -u, 仅推送更新过的)
[2026-07-22 05:40:08] VPS重算: 200
[2026-07-22 05:48:01] 抓到 5 场
[2026-07-22 05:48:06] ✓ 11个数据文件已同步VPS(rsync -u, 仅推送更新过的)
[2026-07-22 05:48:08] VPS重算: 200
[2026-07-22 05:56:01] 抓到 5 场
[2026-07-22 05:56:06] ✓ 11个数据文件已同步VPS(rsync -u, 仅推送更新过的)
[2026-07-22 05:57:08] VPS重算: 200
[2026-07-22 06:00:01] 抓到 5 场
[2026-07-22 06:00:05] ✓ 11个数据文件已同步VPS(rsync -u, 仅推送更新过的)
[2026-07-22 06:00:07] VPS重算: 200
[2026-07-22 06:08:01] 抓到 5 场
[2026-07-22 06:08:05] ✓ 11个数据文件已同步VPS(rsync -u, 仅推送更新过的)
[2026-07-22 06:09:35] VPS重算: 000
[2026-07-22 06:16:01] 抓到 5 场
[2026-07-22 06:16:06] ✓ 11个数据文件已同步VPS(rsync -u, 仅推送更新过的)
[2026-07-22 06:16:37] VPS重算: 200
[2026-07-22 06:24:01] 抓到 5 场
[2026-07-22 06:24:05] ✓ 11个数据文件已同步VPS(rsync -u, 仅推送更新过的)
[2026-07-22 06:25:08] VPS重算: 200
[2026-07-22 06:32:01] 抓到 4 场
[2026-07-22 06:32:05] ✓ 11个数据文件已同步VPS(rsync -u, 仅推送更新过的)
[2026-07-22 06:32:06] VPS重算: 429
[2026-07-22 06:40:02] 抓到 4 场
[2026-07-22 06:40:06] ✓ 11个数据文件已同步VPS(rsync -u, 仅推送更新过的)
[2026-07-22 06:40:08] VPS重算: 200
[2026-07-22 06:48:01] 抓到 4 场
[2026-07-22 06:48:05] ✓ 11个数据文件已同步VPS(rsync -u, 仅推送更新过的)
[2026-07-22 06:48:07] VPS重算: 200
[2026-07-22 06:56:01] 抓到 4 场
[2026-07-22 06:56:06] ✓ 11个数据文件已同步VPS(rsync -u, 仅推送更新过的)
[2026-07-22 06:56:07] VPS重算: 429
[2026-07-22 07:00:01] 抓到 4 场
[2026-07-22 07:00:05] ✓ 11个数据文件已同步VPS(rsync -u, 仅推送更新过的)
[2026-07-22 07:00:07] VPS重算: 200
[2026-07-22 07:08:01] 抓到 4 场
[2026-07-22 07:08:05] ✓ 11个数据文件已同步VPS(rsync -u, 仅推送更新过的)
[2026-07-22 07:08:06] VPS重算: 429
[2026-07-22 07:16:01] 抓到 4 场
[2026-07-22 07:16:06] ✓ 11个数据文件已同步VPS(rsync -u, 仅推送更新过的)
[2026-07-22 07:16:38] VPS重算: 200
[2026-07-22 07:24:01] 抓到 4 场
[2026-07-22 07:24:05] ✓ 11个数据文件已同步VPS(rsync -u, 仅推送更新过的)
[2026-07-22 07:24:08] VPS重算: 200
[2026-07-22 07:32:01] 抓到 4 场
[2026-07-22 07:32:06] ✓ 11个数据文件已同步VPS(rsync -u, 仅推送更新过的)
[2026-07-22 07:32:09] VPS重算: 200
[2026-07-22 07:40:01] 抓到 4 场
[2026-07-22 07:40:06] ✓ 11个数据文件已同步VPS(rsync -u, 仅推送更新过的)
[2026-07-22 07:40:07] VPS重算: 429
[2026-07-22 07:48:01] 抓到 4 场
[2026-07-22 07:48:06] ✓ 11个数据文件已同步VPS(rsync -u, 仅推送更新过的)
[2026-07-22 07:48:08] VPS重算: 200
[2026-07-22 07:56:01] 抓到 4 场
[2026-07-22 07:56:05] ✓ 11个数据文件已同步VPS(rsync -u, 仅推送更新过的)
[2026-07-22 07:56:07] VPS重算: 200
[2026-07-22 08:00:01] 抓到 4 场
[2026-07-22 08:00:05] ✓ 11个数据文件已同步VPS(rsync -u, 仅推送更新过的)
[2026-07-22 08:00:07] VPS重算: 200
[2026-07-22 08:08:01] 抓到 4 场
[2026-07-22 08:08:06] ✓ 11个数据文件已同步VPS(rsync -u, 仅推送更新过的)
[2026-07-22 08:09:36] VPS重算: 000
[2026-07-22 08:16:01] 抓到 4 场
[2026-07-22 08:16:05] ✓ 11个数据文件已同步VPS(rsync -u, 仅推送更新过的)
[2026-07-22 08:16:37] VPS重算: 200
[2026-07-22 08:24:01] 抓到 4 场
[2026-07-22 08:24:05] ✓ 11个数据文件已同步VPS(rsync -u, 仅推送更新过的)
[2026-07-22 08:24:42] VPS重算: 200
[2026-07-22 08:32:01] 抓到 4 场
[2026-07-22 08:32:07] ✓ 11个数据文件已同步VPS(rsync -u, 仅推送更新过的)
[2026-07-22 08:32:09] VPS重算: 200
[2026-07-22 08:40:01] 抓到 4 场
[2026-07-22 08:40:07] ✓ 11个数据文件已同步VPS(rsync -u, 仅推送更新过的)
[2026-07-22 08:40:09] VPS重算: 200
[2026-07-22 08:48:01] 抓到 4 场
[2026-07-22 08:48:05] ✓ 11个数据文件已同步VPS(rsync -u, 仅推送更新过的)
[2026-07-22 08:49:07] VPS重算: 200
[2026-07-22 08:56:01] 抓到 4 场
[2026-07-22 08:56:06] ✓ 11个数据文件已同步VPS(rsync -u, 仅推送更新过的)
[2026-07-22 08:56:38] VPS重算: 200
[2026-07-22 09:00:01] 抓到 4 场
[2026-07-22 09:00:06] ✓ 11个数据文件已同步VPS(rsync -u, 仅推送更新过的)
[2026-07-22 09:00:08] VPS重算: 200
[2026-07-22 09:08:01] 抓到 4 场
[2026-07-22 09:08:05] ✓ 11个数据文件已同步VPS(rsync -u, 仅推送更新过的)
[2026-07-22 09:08:06] VPS重算: 429
[2026-07-22 09:16:01] 抓到 4 场
[2026-07-22 09:16:05] ✓ 11个数据文件已同步VPS(rsync -u, 仅推送更新过的)
[2026-07-22 09:16:37] VPS重算: 200
[2026-07-22 09:24:01] 抓到 4 场
[2026-07-22 09:24:07] ✓ 11个数据文件已同步VPS(rsync -u, 仅推送更新过的)
[2026-07-22 09:24:39] VPS重算: 200
[2026-07-22 09:32:01] 抓到 4 场
[2026-07-22 09:32:06] ✓ 11个数据文件已同步VPS(rsync -u, 仅推送更新过的)
[2026-07-22 09:32:13] VPS重算: 200
[2026-07-22 09:40:01] 抓到 4 场
[2026-07-22 09:40:07] ✓ 11个数据文件已同步VPS(rsync -u, 仅推送更新过的)
[2026-07-22 09:41:37] VPS重算: 000
[2026-07-22 09:48:01] 抓到 4 场
[2026-07-22 09:48:06] ✓ 11个数据文件已同步VPS(rsync -u, 仅推送更新过的)
[2026-07-22 09:49:36] VPS重算: 000
[2026-07-22 09:56:01] 抓到 4 场
[2026-07-22 09:56:06] ✓ 11个数据文件已同步VPS(rsync -u, 仅推送更新过的)
[2026-07-22 09:56:08] VPS重算: 429
[2026-07-22 10:00:01] 抓到 4 场
[2026-07-22 10:00:06] ✓ 11个数据文件已同步VPS(rsync -u, 仅推送更新过的)
[2026-07-22 10:00:07] VPS重算: 200
[2026-07-22 10:08:01] 抓到 4 场
[2026-07-22 10:08:06] ✓ 11个数据文件已同步VPS(rsync -u, 仅推送更新过的)
[2026-07-22 10:08:38] VPS重算: 200
[2026-07-22 10:16:01] 抓到 4 场
[2026-07-22 10:16:07] ✓ 11个数据文件已同步VPS(rsync -u, 仅推送更新过的)
[2026-07-22 10:16:09] VPS重算: 200
[2026-07-22 10:24:01] 抓到 4 场
[2026-07-22 10:24:07] ✓ 11个数据文件已同步VPS(rsync -u, 仅推送更新过的)
[2026-07-22 10:24:09] VPS重算: 200
[2026-07-22 10:32:01] 抓到 4 场
[2026-07-22 10:32:07] ✓ 11个数据文件已同步VPS(rsync -u, 仅推送更新过的)
[2026-07-22 10:32:09] VPS重算: 200
[2026-07-22 10:40:01] 抓到 4 场
[2026-07-22 10:40:08] ✓ 11个数据文件已同步VPS(rsync -u, 仅推送更新过的)
[2026-07-22 10:41:09] VPS重算: 200
[2026-07-22 10:48:01] 抓到 4 场
[2026-07-22 10:48:07] ✓ 11个数据文件已同步VPS(rsync -u, 仅推送更新过的)
[2026-07-22 10:49:37] VPS重算: 000
[2026-07-22 10:56:01] 抓到 4 场
[2026-07-22 10:56:06] ✓ 11个数据文件已同步VPS(rsync -u, 仅推送更新过的)
[2026-07-22 10:57:36] VPS重算: 000
[2026-07-22 11:00:01] 抓到 4 场
[2026-07-22 11:00:05] ✓ 11个数据文件已同步VPS(rsync -u, 仅推送更新过的)
[2026-07-22 11:01:07] VPS重算: 200
[2026-07-22 11:08:01] 抓到 12 场
[2026-07-22 11:08:06] ✓ 11个数据文件已同步VPS(rsync -u, 仅推送更新过的)
[2026-07-22 11:09:09] VPS重算: 200
[2026-07-22 11:16:01] 抓到 12 场
[2026-07-22 11:16:05] ✓ 11个数据文件已同步VPS(rsync -u, 仅推送更新过的)
[2026-07-22 11:17:07] VPS重算: 200
[2026-07-22 11:24:01] 抓到 12 场
[2026-07-22 11:24:07] ✓ 11个数据文件已同步VPS(rsync -u, 仅推送更新过的)
[2026-07-22 11:24:10] VPS重算: 200
[2026-07-22 11:32:02] 抓到 12 场
[2026-07-22 11:32:07] ✓ 11个数据文件已同步VPS(rsync -u, 仅推送更新过的)
[2026-07-22 11:32:08] VPS重算: 200
[2026-07-22 11:40:01] 抓到 12 场
[2026-07-22 11:40:07] ✓ 11个数据文件已同步VPS(rsync -u, 仅推送更新过的)
[2026-07-22 11:40:10] VPS重算: 200
[2026-07-22 11:48:01] 抓到 12 场
[2026-07-22 11:48:06] ✓ 11个数据文件已同步VPS(rsync -u, 仅推送更新过的)
[2026-07-22 11:49:36] VPS重算: 000
[2026-07-22 11:56:01] 抓到 12 场
[2026-07-22 11:56:07] ✓ 11个数据文件已同步VPS(rsync -u, 仅推送更新过的)
[2026-07-22 11:56:09] VPS重算: 200
[2026-07-22 12:00:01] 抓到 12 场
[2026-07-22 12:00:08] ✓ 11个数据文件已同步VPS(rsync -u, 仅推送更新过的)
[2026-07-22 12:00:10] VPS重算: 200
[2026-07-22 12:08:01] 抓到 12 场
[2026-07-22 12:08:07] ✓ 11个数据文件已同步VPS(rsync -u, 仅推送更新过的)
[2026-07-22 12:08:14] VPS重算: 200
[2026-07-22 12:16:01] 抓到 12 场
[2026-07-22 12:16:06] ✓ 11个数据文件已同步VPS(rsync -u, 仅推送更新过的)
[2026-07-22 12:17:08] VPS重算: 200
[2026-07-22 12:24:01] 抓到 12 场
[2026-07-22 12:24:05] ✓ 11个数据文件已同步VPS(rsync -u, 仅推送更新过的)
[2026-07-22 12:25:35] VPS重算: 000
[2026-07-22 12:32:01] 抓到 12 场
[2026-07-22 12:32:08] ✓ 11个数据文件已同步VPS(rsync -u, 仅推送更新过的)
[2026-07-22 12:32:41] VPS重算: 200
[2026-07-22 12:40:02] 抓到 12 场
[2026-07-22 12:40:08] ✓ 11个数据文件已同步VPS(rsync -u, 仅推送更新过的)
[2026-07-22 12:40:11] VPS重算: 200
[2026-07-22 12:48:01] 抓到 12 场
[2026-07-22 12:48:09] ✓ 11个数据文件已同步VPS(rsync -u, 仅推送更新过的)
[2026-07-22 12:48:41] VPS重算: 200
[2026-07-22 12:56:01] 抓到 12 场
[2026-07-22 12:56:06] ✓ 11个数据文件已同步VPS(rsync -u, 仅推送更新过的)
[2026-07-22 12:56:38] VPS重算: 200
[2026-07-22 13:00:01] 抓到 12 场
[2026-07-22 13:00:07] ✓ 11个数据文件已同步VPS(rsync -u, 仅推送更新过的)
[2026-07-22 13:00:09] VPS重算: 200
[2026-07-22 13:08:01] 抓到 12 场
[2026-07-22 13:08:06] ✓ 11个数据文件已同步VPS(rsync -u, 仅推送更新过的)
[2026-07-22 13:08:08] VPS重算: 429
[2026-07-22 13:16:01] 抓到 12 场
[2026-07-22 13:16:06] ✓ 11个数据文件已同步VPS(rsync -u, 仅推送更新过的)
[2026-07-22 13:16:38] VPS重算: 200
[2026-07-22 13:24:01] 抓到 12 场
[2026-07-22 13:24:06] ✓ 11个数据文件已同步VPS(rsync -u, 仅推送更新过的)
[2026-07-22 13:25:36] VPS重算: 000
[2026-07-22 13:32:01] 抓到 12 场
[2026-07-22 13:32:06] ✓ 11个数据文件已同步VPS(rsync -u, 仅推送更新过的)
[2026-07-22 13:32:09] VPS重算: 200
[2026-07-22 13:40:01] 抓到 12 场
[2026-07-22 13:40:06] ✓ 11个数据文件已同步VPS(rsync -u, 仅推送更新过的)
[2026-07-22 13:41:08] VPS重算: 200
[2026-07-22 13:48:01] 抓到 12 场
[2026-07-22 13:48:09] ✓ 11个数据文件已同步VPS(rsync -u, 仅推送更新过的)
[2026-07-22 13:48:11] VPS重算: 200
[2026-07-22 13:56:01] 抓到 12 场
[2026-07-22 13:56:07] ✓ 11个数据文件已同步VPS(rsync -u, 仅推送更新过的)
[2026-07-22 13:56:10] VPS重算: 200
[2026-07-22 14:00:01] 抓到 12 场
[2026-07-22 14:00:08] ✓ 11个数据文件已同步VPS(rsync -u, 仅推送更新过的)
[2026-07-22 14:00:12] VPS重算: 200
[2026-07-22 14:08:01] 抓到 12 场
[2026-07-22 14:08:07] ✓ 11个数据文件已同步VPS(rsync -u, 仅推送更新过的)
[2026-07-22 14:09:09] VPS重算: 200
[2026-07-22 14:16:01] 抓到 12 场
[2026-07-22 14:16:08] ✓ 11个数据文件已同步VPS(rsync -u, 仅推送更新过的)
[2026-07-22 14:17:10] VPS重算: 200
[2026-07-22 14:24:01] 抓到 12 场
[2026-07-22 14:24:06] ✓ 11个数据文件已同步VPS(rsync -u, 仅推送更新过的)
[2026-07-22 14:25:36] VPS重算: 000
[2026-07-22 14:32:01] 抓到 12 场
[2026-07-22 14:32:06] ✓ 11个数据文件已同步VPS(rsync -u, 仅推送更新过的)
[2026-07-22 14:33:37] VPS重算: 000
[2026-07-22 14:40:02] 抓到 12 场
[2026-07-22 14:40:07] ✓ 11个数据文件已同步VPS(rsync -u, 仅推送更新过的)
[2026-07-22 14:41:37] VPS重算: 000
[2026-07-22 14:48:01] 抓到 12 场
[2026-07-22 14:48:08] ✓ 11个数据文件已同步VPS(rsync -u, 仅推送更新过的)
[2026-07-22 14:48:10] VPS重算: 200
[2026-07-22 14:56:01] 抓到 12 场
[2026-07-22 14:56:07] ✓ 11个数据文件已同步VPS(rsync -u, 仅推送更新过的)
[2026-07-22 14:56:10] VPS重算: 200
[2026-07-22 15:00:01] 抓到 12 场
[2026-07-22 15:00:10] ✓ 11个数据文件已同步VPS(rsync -u, 仅推送更新过的)
[2026-07-22 15:00:43] VPS重算: 200
[2026-07-22 15:08:01] 抓到 12 场
[2026-07-22 15:08:05] ✓ 11个数据文件已同步VPS(rsync -u, 仅推送更新过的)
[2026-07-22 15:09:08] VPS重算: 200
[2026-07-22 15:16:01] 抓到 12 场
[2026-07-22 15:16:07] ✓ 11个数据文件已同步VPS(rsync -u, 仅推送更新过的)
[2026-07-22 15:17:37] VPS重算: 000
[2026-07-22 15:24:01] 抓到 12 场
[2026-07-22 15:24:12] ✓ 11个数据文件已同步VPS(rsync -u, 仅推送更新过的)
[2026-07-22 15:24:14] VPS重算: 200
[2026-07-22 15:32:01] 抓到 12 场
[2026-07-22 15:32:07] ✓ 11个数据文件已同步VPS(rsync -u, 仅推送更新过的)
[2026-07-22 15:33:37] VPS重算: 000
[2026-07-22 15:40:01] 抓到 12 场
[2026-07-22 15:40:06] ✓ 11个数据文件已同步VPS(rsync -u, 仅推送更新过的)
[2026-07-22 15:41:36] VPS重算: 000
[2026-07-22 15:48:01] 抓到 12 场
[2026-07-22 15:48:08] ✓ 11个数据文件已同步VPS(rsync -u, 仅推送更新过的)
[2026-07-22 15:49:39] VPS重算: 000
[2026-07-22 15:56:01] 抓到 12 场
[2026-07-22 15:56:07] ✓ 11个数据文件已同步VPS(rsync -u, 仅推送更新过的)
[2026-07-22 15:57:37] VPS重算: 000
[2026-07-22 16:00:01] 抓到 12 场
[2026-07-22 16:00:07] ✓ 11个数据文件已同步VPS(rsync -u, 仅推送更新过的)
[2026-07-22 16:00:09] VPS重算: 200
[2026-07-22 16:08:01] 抓到 12 场
[2026-07-22 16:08:08] ✓ 11个数据文件已同步VPS(rsync -u, 仅推送更新过的)
[2026-07-22 16:08:41] VPS重算: 200
[2026-07-22 16:16:01] 抓到 12 场
[2026-07-22 16:16:07] ✓ 11个数据文件已同步VPS(rsync -u, 仅推送更新过的)
[2026-07-22 16:16:10] VPS重算: 200
[2026-07-22 16:24:01] 抓到 12 场
[2026-07-22 16:24:08] ✓ 11个数据文件已同步VPS(rsync -u, 仅推送更新过的)
[2026-07-22 16:24:42] VPS重算: 200
[2026-07-22 16:32:01] 抓到 12 场
[2026-07-22 16:32:06] ✓ 11个数据文件已同步VPS(rsync -u, 仅推送更新过的)
[2026-07-22 16:32:39] VPS重算: 200
[2026-07-22 16:40:01] 抓到 12 场
[2026-07-22 16:40:07] ✓ 11个数据文件已同步VPS(rsync -u, 仅推送更新过的)
[2026-07-22 16:40:41] VPS重算: 200
[2026-07-22 16:48:01] 抓到 12 场
[2026-07-22 16:48:07] ✓ 11个数据文件已同步VPS(rsync -u, 仅推送更新过的)
[2026-07-22 16:48:08] VPS重算: 429
[2026-07-22 16:56:01] 抓到 12 场
[2026-07-22 16:56:08] ✓ 11个数据文件已同步VPS(rsync -u, 仅推送更新过的)
[2026-07-22 16:56:10] VPS重算: 200
[2026-07-22 17:00:01] 抓到 12 场
[2026-07-22 17:00:06] ✓ 11个数据文件已同步VPS(rsync -u, 仅推送更新过的)
[2026-07-22 17:00:39] VPS重算: 200
[2026-07-22 17:08:01] 抓到 12 场
[2026-07-22 17:08:10] ✓ 11个数据文件已同步VPS(rsync -u, 仅推送更新过的)
[2026-07-22 17:09:40] VPS重算: 000
[2026-07-22 17:16:01] 抓到 12 场
[2026-07-22 17:16:10] ✓ 11个数据文件已同步VPS(rsync -u, 仅推送更新过的)
[2026-07-22 17:17:12] VPS重算: 200
[2026-07-22 17:24:01] 抓到 12 场
[2026-07-22 17:24:18] ✓ 11个数据文件已同步VPS(rsync -u, 仅推送更新过的)
[2026-07-22 17:25:21] VPS重算: 200
[2026-07-22 17:32:01] 抓到 12 场
[2026-07-22 17:32:14] ✓ 11个数据文件已同步VPS(rsync -u, 仅推送更新过的)
[2026-07-22 17:32:16] VPS重算: 200
[2026-07-22 17:40:01] 抓到 12 场
[2026-07-22 17:40:12] ✓ 11个数据文件已同步VPS(rsync -u, 仅推送更新过的)
[2026-07-22 17:41:42] VPS重算: 000
[2026-07-22 17:48:01] 抓到 12 场
[2026-07-22 17:48:06] ✓ 11个数据文件已同步VPS(rsync -u, 仅推送更新过的)
[2026-07-22 17:48:39] VPS重算: 200
[2026-07-22 17:56:01] 抓到 12 场
[2026-07-22 17:56:10] ✓ 11个数据文件已同步VPS(rsync -u, 仅推送更新过的)
[2026-07-22 17:57:12] VPS重算: 200
[2026-07-22 18:00:01] 抓到 12 场
[2026-07-22 18:00:08] ✓ 11个数据文件已同步VPS(rsync -u, 仅推送更新过的)
[2026-07-22 18:01:15] VPS重算: 200
[2026-07-22 18:08:01] 抓到 12 场
[2026-07-22 18:08:15] ✓ 11个数据文件已同步VPS(rsync -u, 仅推送更新过的)
[2026-07-22 18:09:45] VPS重算: 000
[2026-07-22 18:16:01] 抓到 12 场
[2026-07-22 18:16:11] ✓ 11个数据文件已同步VPS(rsync -u, 仅推送更新过的)
[2026-07-22 18:16:43] VPS重算: 200
[2026-07-22 18:24:01] 抓到 12 场
[2026-07-22 18:24:09] ✓ 11个数据文件已同步VPS(rsync -u, 仅推送更新过的)
[2026-07-22 18:24:11] VPS重算: 200
[2026-07-22 18:32:01] 抓到 9 场
[2026-07-22 18:32:07] ✓ 11个数据文件已同步VPS(rsync -u, 仅推送更新过的)
[2026-07-22 18:33:37] VPS重算: 000
[2026-07-22 18:40:01] 抓到 9 场
[2026-07-22 18:40:06] ✓ 11个数据文件已同步VPS(rsync -u, 仅推送更新过的)
[2026-07-22 18:40:10] VPS重算: 200
[2026-07-22 18:48:01] 抓到 9 场
[2026-07-22 18:48:09] ✓ 11个数据文件已同步VPS(rsync -u, 仅推送更新过的)
[2026-07-22 18:48:10] VPS重算: 429
[2026-07-22 18:56:01] 抓到 9 场
[2026-07-22 18:56:09] ✓ 11个数据文件已同步VPS(rsync -u, 仅推送更新过的)
[2026-07-22 18:56:20] VPS重算: 200
[2026-07-22 19:00:01] 抓到 9 场
[2026-07-22 19:00:06] ✓ 11个数据文件已同步VPS(rsync -u, 仅推送更新过的)
[2026-07-22 19:00:38] VPS重算: 200
[2026-07-22 19:08:01] 抓到 9 场
[2026-07-22 19:08:07] ✓ 11个数据文件已同步VPS(rsync -u, 仅推送更新过的)
[2026-07-22 19:08:10] VPS重算: 200
[2026-07-22 19:16:01] 抓到 9 场
[2026-07-22 19:16:07] ✓ 11个数据文件已同步VPS(rsync -u, 仅推送更新过的)
[2026-07-22 19:16:09] VPS重算: 200
[2026-07-22 19:24:01] 抓到 9 场
[2026-07-22 19:24:07] ✓ 11个数据文件已同步VPS(rsync -u, 仅推送更新过的)
[2026-07-22 19:24:10] VPS重算: 200
[2026-07-22 19:32:01] 抓到 9 场
[2026-07-22 19:32:06] ✓ 11个数据文件已同步VPS(rsync -u, 仅推送更新过的)
[2026-07-22 19:33:08] VPS重算: 200
[2026-07-22 19:40:01] 抓到 9 场
[2026-07-22 19:40:07] ✓ 11个数据文件已同步VPS(rsync -u, 仅推送更新过的)
[2026-07-22 19:41:10] VPS重算: 200
[2026-07-22 19:48:01] 抓到 9 场
[2026-07-22 19:48:08] ✓ 11个数据文件已同步VPS(rsync -u, 仅推送更新过的)
[2026-07-22 19:49:38] VPS重算: 000
[2026-07-22 19:56:01] 抓到 9 场
[2026-07-22 19:56:07] ✓ 11个数据文件已同步VPS(rsync -u, 仅推送更新过的)
[2026-07-22 19:57:37] VPS重算: 000
[2026-07-22 20:00:01] 抓到 9 场
[2026-07-22 20:00:06] ✓ 11个数据文件已同步VPS(rsync -u, 仅推送更新过的)
[2026-07-22 20:01:10] VPS重算: 200
[2026-07-22 20:08:01] 抓到 9 场
[2026-07-22 20:08:08] ✓ 11个数据文件已同步VPS(rsync -u, 仅推送更新过的)
[2026-07-22 20:08:41] VPS重算: 200
[2026-07-22 20:16:01] 抓到 9 场
[2026-07-22 20:16:07] ✓ 11个数据文件已同步VPS(rsync -u, 仅推送更新过的)
[2026-07-22 20:16:40] VPS重算: 200
[2026-07-22 20:24:01] 抓到 9 场
[2026-07-22 20:24:05] ✓ 11个数据文件已同步VPS(rsync -u, 仅推送更新过的)
[2026-07-22 20:25:07] VPS重算: 200
[2026-07-22 20:32:01] 抓到 9 场
[2026-07-22 20:32:06] ✓ 11个数据文件已同步VPS(rsync -u, 仅推送更新过的)
[2026-07-22 20:33:36] VPS重算: 000
[2026-07-22 20:40:01] 抓到 9 场
[2026-07-22 20:40:44] ✓ 11个数据文件已同步VPS(rsync -u, 仅推送更新过的)
[2026-07-22 20:40:47] VPS重算: 200
[2026-07-22 20:48:01] 抓到 9 场
[2026-07-22 20:48:08] ✓ 11个数据文件已同步VPS(rsync -u, 仅推送更新过的)
[2026-07-22 20:49:38] VPS重算: 000
[2026-07-22 20:56:01] 抓到 9 场
[2026-07-22 20:56:09] ✓ 11个数据文件已同步VPS(rsync -u, 仅推送更新过的)
[2026-07-22 20:56:11] VPS重算: 200
[2026-07-22 21:00:01] 抓到 9 场
[2026-07-22 21:00:09] ✓ 11个数据文件已同步VPS(rsync -u, 仅推送更新过的)
[2026-07-22 21:00:42] VPS重算: 200
[2026-07-22 21:08:01] 抓到 9 场
[2026-07-22 21:08:11] ✓ 11个数据文件已同步VPS(rsync -u, 仅推送更新过的)
[2026-07-22 21:09:41] VPS重算: 000
[2026-07-22 21:16:02] 抓到 9 场
[2026-07-22 21:16:07] ✓ 11个数据文件已同步VPS(rsync -u, 仅推送更新过的)
[2026-07-22 21:16:45] VPS重算: 200
[2026-07-22 21:24:01] 抓到 9 场
[2026-07-22 21:24:07] ✓ 11个数据文件已同步VPS(rsync -u, 仅推送更新过的)
[2026-07-22 21:24:09] VPS重算: 200
[2026-07-22 21:32:01] 抓到 9 场
[2026-07-22 21:32:09] ✓ 11个数据文件已同步VPS(rsync -u, 仅推送更新过的)
[2026-07-22 21:33:14] VPS重算: 200
[2026-07-22 21:40:01] 抓到 9 场
[2026-07-22 21:40:09] ✓ 11个数据文件已同步VPS(rsync -u, 仅推送更新过的)
[2026-07-22 21:41:39] VPS重算: 000
[2026-07-22 21:48:01] 抓到 9 场
[2026-07-22 21:48:09] ✓ 11个数据文件已同步VPS(rsync -u, 仅推送更新过的)
[2026-07-22 21:49:11] VPS重算: 200
[2026-07-22 21:56:01] 抓到 9 场
[2026-07-22 21:56:08] ✓ 11个数据文件已同步VPS(rsync -u, 仅推送更新过的)
[2026-07-22 21:56:10] VPS重算: 429
[2026-07-22 22:00:01] 抓到 9 场
[2026-07-22 22:00:06] ✓ 11个数据文件已同步VPS(rsync -u, 仅推送更新过的)
[2026-07-22 22:00:39] VPS重算: 200
[2026-07-22 22:08:01] 抓到 9 场
[2026-07-22 22:08:11] ✓ 11个数据文件已同步VPS(rsync -u, 仅推送更新过的)
[2026-07-22 22:09:41] VPS重算: 000
[2026-07-22 22:16:01] 抓到 9 场
[2026-07-22 22:16:09] ✓ 11个数据文件已同步VPS(rsync -u, 仅推送更新过的)
[2026-07-22 22:17:39] VPS重算: 000
[2026-07-22 22:24:01] 抓到 9 场
[2026-07-22 22:24:08] ✓ 11个数据文件已同步VPS(rsync -u, 仅推送更新过的)
[2026-07-22 22:24:12] VPS重算: 200
[2026-07-22 22:32:01] 抓到 9 场
[2026-07-22 22:32:09] ✓ 11个数据文件已同步VPS(rsync -u, 仅推送更新过的)
[2026-07-22 22:32:11] VPS重算: 200
[2026-07-22 22:40:01] 抓到 9 场
[2026-07-22 22:40:09] ✓ 11个数据文件已同步VPS(rsync -u, 仅推送更新过的)
[2026-07-22 22:40:41] VPS重算: 200
[2026-07-22 22:48:01] 抓到 9 场
[2026-07-22 22:48:10] ✓ 11个数据文件已同步VPS(rsync -u, 仅推送更新过的)
[2026-07-22 22:49:13] VPS重算: 200
[2026-07-22 22:56:01] 抓到 9 场
[2026-07-22 22:56:06] ✓ 11个数据文件已同步VPS(rsync -u, 仅推送更新过的)
[2026-07-22 22:56:10] VPS重算: 200
[2026-07-22 23:00:01] 抓到 9 场
[2026-07-22 23:00:07] ✓ 11个数据文件已同步VPS(rsync -u, 仅推送更新过的)
[2026-07-22 23:00:08] VPS重算: 200
[2026-07-22 23:08:01] 抓到 9 场
[2026-07-22 23:08:08] ✓ 11个数据文件已同步VPS(rsync -u, 仅推送更新过的)
[2026-07-22 23:08:43] VPS重算: 200
[2026-07-22 23:16:01] 抓到 9 场
[2026-07-22 23:16:07] ✓ 11个数据文件已同步VPS(rsync -u, 仅推送更新过的)
[2026-07-22 23:17:12] VPS重算: 200
[2026-07-22 23:24:01] 抓到 9 场
[2026-07-22 23:24:13] ✓ 11个数据文件已同步VPS(rsync -u, 仅推送更新过的)
[2026-07-22 23:24:17] VPS重算: 200
[2026-07-22 23:32:01] 抓到 9 场
[2026-07-22 23:32:10] ✓ 11个数据文件已同步VPS(rsync -u, 仅推送更新过的)
[2026-07-22 23:32:43] VPS重算: 200
[2026-07-22 23:40:01] 抓到 9 场
[2026-07-22 23:40:07] ✓ 11个数据文件已同步VPS(rsync -u, 仅推送更新过的)
[2026-07-22 23:41:37] VPS重算: 000
[2026-07-22 23:48:01] 抓到 9 场
[2026-07-22 23:48:08] ✓ 11个数据文件已同步VPS(rsync -u, 仅推送更新过的)
[2026-07-22 23:48:40] VPS重算: 200
[2026-07-22 23:56:01] 抓到 9 场
[2026-07-22 23:56:08] ✓ 11个数据文件已同步VPS(rsync -u, 仅推送更新过的)
[2026-07-22 23:57:38] VPS重算: 000
[2026-07-23 00:00:01] 抓到 9 场
[2026-07-23 00:00:05] ✓ 11个数据文件已同步VPS(rsync -u, 仅推送更新过的)
[2026-07-23 00:00:37] VPS重算: 200
[2026-07-23 00:08:01] 抓到 9 场
[2026-07-23 00:08:08] ✓ 11个数据文件已同步VPS(rsync -u, 仅推送更新过的)
[2026-07-23 00:09:11] VPS重算: 200
[2026-07-23 00:16:01] 抓到 9 场
[2026-07-23 00:16:07] ✓ 11个数据文件已同步VPS(rsync -u, 仅推送更新过的)
[2026-07-23 00:16:39] VPS重算: 200
[2026-07-23 00:24:01] 抓到 9 场
[2026-07-23 00:24:08] ✓ 11个数据文件已同步VPS(rsync -u, 仅推送更新过的)
[2026-07-23 00:24:12] VPS重算: 200
[2026-07-23 00:32:01] 抓到 9 场
[2026-07-23 00:32:09] ✓ 11个数据文件已同步VPS(rsync -u, 仅推送更新过的)
[2026-07-23 00:32:11] VPS重算: 200
[2026-07-23 00:40:01] 抓到 9 场
[2026-07-23 00:40:08] ✓ 11个数据文件已同步VPS(rsync -u, 仅推送更新过的)
[2026-07-23 00:40:10] VPS重算: 200
[2026-07-23 00:48:01] 抓到 9 场
[2026-07-23 00:48:06] ✓ 11个数据文件已同步VPS(rsync -u, 仅推送更新过的)
[2026-07-23 00:49:36] VPS重算: 000
[2026-07-23 00:56:01] 抓到 9 场
[2026-07-23 00:56:06] ✓ 11个数据文件已同步VPS(rsync -u, 仅推送更新过的)
[2026-07-23 00:56:09] VPS重算: 200
[2026-07-23 01:00:01] 抓到 9 场
[2026-07-23 01:00:06] ✓ 11个数据文件已同步VPS(rsync -u, 仅推送更新过的)
[2026-07-23 01:00:38] VPS重算: 200
[2026-07-23 01:08:01] 抓到 6 场
[2026-07-23 01:08:05] ✓ 11个数据文件已同步VPS(rsync -u, 仅推送更新过的)
[2026-07-23 01:09:08] VPS重算: 200
[2026-07-23 01:16:01] 抓到 6 场
[2026-07-23 01:16:13] ✓ 11个数据文件已同步VPS(rsync -u, 仅推送更新过的)
[2026-07-23 01:16:15] VPS重算: 200
[2026-07-23 01:24:01] 抓到 6 场
[2026-07-23 01:24:13] ✓ 11个数据文件已同步VPS(rsync -u, 仅推送更新过的)
[2026-07-23 01:24:16] VPS重算: 200
[2026-07-23 01:32:01] 抓到 6 场
[2026-07-23 01:32:16] ✓ 11个数据文件已同步VPS(rsync -u, 仅推送更新过的)
[2026-07-23 01:32:48] VPS重算: 200
[2026-07-23 01:40:01] 抓到 6 场
[2026-07-23 01:40:06] ✓ 11个数据文件已同步VPS(rsync -u, 仅推送更新过的)
[2026-07-23 01:40:08] VPS重算: 200
[2026-07-23 01:48:01] 抓到 6 场
[2026-07-23 01:48:06] ✓ 11个数据文件已同步VPS(rsync -u, 仅推送更新过的)
[2026-07-23 01:48:08] VPS重算: 200
[2026-07-23 01:56:02] 抓到 6 场
[2026-07-23 01:56:05] ✓ 11个数据文件已同步VPS(rsync -u, 仅推送更新过的)
[2026-07-23 01:57:08] VPS重算: 200
[2026-07-23 02:00:01] 抓到 6 场
[2026-07-23 02:00:05] ✓ 11个数据文件已同步VPS(rsync -u, 仅推送更新过的)
[2026-07-23 02:01:08] VPS重算: 200
[2026-07-23 02:08:01] 抓到 6 场
[2026-07-23 02:08:10] ✓ 11个数据文件已同步VPS(rsync -u, 仅推送更新过的)
[2026-07-23 02:08:12] VPS重算: 200
[2026-07-23 02:16:01] 抓到 6 场
[2026-07-23 02:16:05] ✓ 11个数据文件已同步VPS(rsync -u, 仅推送更新过的)
[2026-07-23 02:16:38] VPS重算: 200
[2026-07-23 02:24:01] 抓到 6 场
[2026-07-23 02:24:05] ✓ 11个数据文件已同步VPS(rsync -u, 仅推送更新过的)
[2026-07-23 02:24:07] VPS重算: 200
[2026-07-23 02:32:01] 抓到 6 场
[2026-07-23 02:32:05] ✓ 11个数据文件已同步VPS(rsync -u, 仅推送更新过的)
[2026-07-23 02:32:36] VPS重算: 200
[2026-07-23 02:56:01] 抓到 6 场
[2026-07-23 02:56:06] ✓ 11个数据文件已同步VPS(rsync -u, 仅推送更新过的)
[2026-07-23 02:57:36] VPS重算: 000
[2026-07-23 03:00:01] 抓到 6 场
[2026-07-23 03:00:05] ✓ 11个数据文件已同步VPS(rsync -u, 仅推送更新过的)
[2026-07-23 03:00:06] VPS重算: 200
[2026-07-23 03:08:01] 抓到 6 场
[2026-07-23 03:08:06] ✓ 11个数据文件已同步VPS(rsync -u, 仅推送更新过的)
[2026-07-23 03:09:36] VPS重算: 000
[2026-07-23 03:16:01] 抓到 6 场
[2026-07-23 03:16:05] ✓ 11个数据文件已同步VPS(rsync -u, 仅推送更新过的)
[2026-07-23 03:17:35] VPS重算: 000
[2026-07-23 03:24:01] 抓到 6 场
[2026-07-23 03:24:05] ✓ 11个数据文件已同步VPS(rsync -u, 仅推送更新过的)
[2026-07-23 03:24:07] VPS重算: 200
[2026-07-23 03:32:01] 抓到 6 场
[2026-07-23 03:32:05] ✓ 11个数据文件已同步VPS(rsync -u, 仅推送更新过的)
[2026-07-23 03:33:07] VPS重算: 200
[2026-07-23 03:40:01] 抓到 6 场
[2026-07-23 03:40:05] ✓ 11个数据文件已同步VPS(rsync -u, 仅推送更新过的)
[2026-07-23 03:40:37] VPS重算: 200
[2026-07-23 03:48:01] 抓到 6 场
[2026-07-23 03:48:05] ✓ 11个数据文件已同步VPS(rsync -u, 仅推送更新过的)
[2026-07-23 03:48:37] VPS重算: 200
[2026-07-23 03:56:01] 抓到 6 场
[2026-07-23 03:56:05] ✓ 11个数据文件已同步VPS(rsync -u, 仅推送更新过的)
[2026-07-23 03:56:37] VPS重算: 200
[2026-07-23 04:00:01] 抓到 6 场
[2026-07-23 04:00:06] ✓ 11个数据文件已同步VPS(rsync -u, 仅推送更新过的)
[2026-07-23 04:01:36] VPS重算: 000
[2026-07-23 04:08:01] 抓到 6 场
[2026-07-23 04:08:05] ✓ 11个数据文件已同步VPS(rsync -u, 仅推送更新过的)
[2026-07-23 04:08:06] VPS重算: 200
[2026-07-23 04:16:01] 抓到 6 场
[2026-07-23 04:16:10] ✓ 11个数据文件已同步VPS(rsync -u, 仅推送更新过的)
[2026-07-23 04:16:42] VPS重算: 200
[2026-07-23 04:24:01] 抓到 6 场
[2026-07-23 04:24:06] ✓ 11个数据文件已同步VPS(rsync -u, 仅推送更新过的)
[2026-07-23 04:24:06] VPS重算: 429
[2026-07-23 04:32:01] 抓到 6 场
[2026-07-23 04:32:05] ✓ 11个数据文件已同步VPS(rsync -u, 仅推送更新过的)
[2026-07-23 04:32:07] VPS重算: 200
[2026-07-23 04:40:01] 抓到 6 场
[2026-07-23 04:40:09] ✓ 11个数据文件已同步VPS(rsync -u, 仅推送更新过的)
[2026-07-23 04:41:39] VPS重算: 000
[2026-07-23 04:48:01] 抓到 6 场
[2026-07-23 04:48:06] ✓ 11个数据文件已同步VPS(rsync -u, 仅推送更新过的)
[2026-07-23 04:48:37] VPS重算: 200
[2026-07-23 04:56:01] 抓到 6 场
[2026-07-23 04:56:05] ✓ 11个数据文件已同步VPS(rsync -u, 仅推送更新过的)
[2026-07-23 04:56:07] VPS重算: 200
[2026-07-23 05:00:01] 抓到 6 场
[2026-07-23 05:00:04] ✓ 11个数据文件已同步VPS(rsync -u, 仅推送更新过的)
[2026-07-23 05:00:36] VPS重算: 200
[2026-07-23 05:08:01] 抓到 6 场
[2026-07-23 05:08:05] ✓ 11个数据文件已同步VPS(rsync -u, 仅推送更新过的)
[2026-07-23 05:08:37] VPS重算: 200
[2026-07-23 05:16:01] 抓到 6 场
[2026-07-23 05:24:01] 抓到 6 场
[2026-07-23 05:24:31] ✓ 11个数据文件已同步VPS(rsync -u, 仅推送更新过的)
[2026-07-23 05:26:01] VPS重算: 000
[2026-07-23 05:31:03] ✗ 推送失败(VPS不可达或免密未配)
[2026-07-23 05:32:01] 抓到 6 场
[2026-07-23 05:32:05] ✓ 11个数据文件已同步VPS(rsync -u, 仅推送更新过的)
[2026-07-23 05:32:07] VPS重算: 200
[2026-07-23 05:40:01] 抓到 6 场
[2026-07-23 05:40:06] ✓ 11个数据文件已同步VPS(rsync -u, 仅推送更新过的)
[2026-07-23 05:41:08] VPS重算: 200
[2026-07-23 05:48:01] 抓到 6 场
[2026-07-23 05:48:05] ✓ 11个数据文件已同步VPS(rsync -u, 仅推送更新过的)
[2026-07-23 05:49:07] VPS重算: 200
[2026-07-23 05:56:01] 抓到 6 场
[2026-07-23 05:56:05] ✓ 11个数据文件已同步VPS(rsync -u, 仅推送更新过的)
[2026-07-23 05:56:37] VPS重算: 200
[2026-07-23 06:00:01] 抓到 6 场
[2026-07-23 06:00:05] ✓ 11个数据文件已同步VPS(rsync -u, 仅推送更新过的)
[2026-07-23 06:00:06] VPS重算: 429
[2026-07-23 06:08:01] 抓到 6 场
[2026-07-23 06:08:05] ✓ 11个数据文件已同步VPS(rsync -u, 仅推送更新过的)
[2026-07-23 06:09:07] VPS重算: 200
[2026-07-23 06:16:01] 抓到 6 场
[2026-07-23 06:16:05] ✓ 11个数据文件已同步VPS(rsync -u, 仅推送更新过的)
[2026-07-23 06:17:07] VPS重算: 200
[2026-07-23 06:24:01] 抓到 6 场
[2026-07-23 06:24:05] ✓ 11个数据文件已同步VPS(rsync -u, 仅推送更新过的)
[2026-07-23 06:25:07] VPS重算: 200
[2026-07-23 06:32:01] 抓到 6 场
[2026-07-23 06:32:05] ✓ 11个数据文件已同步VPS(rsync -u, 仅推送更新过的)
[2026-07-23 06:33:07] VPS重算: 200
[2026-07-23 06:40:01] 抓到 6 场
[2026-07-23 06:40:05] ✓ 11个数据文件已同步VPS(rsync -u, 仅推送更新过的)
[2026-07-23 06:41:35] VPS重算: 000
[2026-07-23 06:48:01] 抓到 6 场
[2026-07-23 06:48:05] ✓ 11个数据文件已同步VPS(rsync -u, 仅推送更新过的)
[2026-07-23 06:48:07] VPS重算: 200
[2026-07-23 06:56:01] 抓到 6 场
[2026-07-23 06:56:05] ✓ 11个数据文件已同步VPS(rsync -u, 仅推送更新过的)
[2026-07-23 06:56:07] VPS重算: 200
[2026-07-23 07:00:01] 抓到 6 场
[2026-07-23 07:00:05] ✓ 11个数据文件已同步VPS(rsync -u, 仅推送更新过的)
[2026-07-23 07:00:37] VPS重算: 200
[2026-07-23 07:08:01] 抓到 6 场
[2026-07-23 07:08:05] ✓ 11个数据文件已同步VPS(rsync -u, 仅推送更新过的)
[2026-07-23 07:08:37] VPS重算: 200
[2026-07-23 07:16:01] 抓到 6 场
[2026-07-23 07:16:05] ✓ 11个数据文件已同步VPS(rsync -u, 仅推送更新过的)
[2026-07-23 07:17:07] VPS重算: 200
[2026-07-23 07:24:01] 抓到 6 场
[2026-07-23 07:24:05] ✓ 11个数据文件已同步VPS(rsync -u, 仅推送更新过的)
[2026-07-23 07:25:07] VPS重算: 200
[2026-07-23 07:32:01] 抓到 5 场
[2026-07-23 07:32:05] ✓ 11个数据文件已同步VPS(rsync -u, 仅推送更新过的)
[2026-07-23 07:32:07] VPS重算: 200
[2026-07-23 07:40:01] 抓到 5 场
[2026-07-23 07:40:06] ✓ 11个数据文件已同步VPS(rsync -u, 仅推送更新过的)
[2026-07-23 07:41:36] VPS重算: 000
[2026-07-23 07:48:01] 抓到 5 场
[2026-07-23 07:48:10] ✓ 11个数据文件已同步VPS(rsync -u, 仅推送更新过的)
[2026-07-23 07:49:40] VPS重算: 000
[2026-07-23 07:56:01] 抓到 5 场
[2026-07-23 07:56:05] ✓ 11个数据文件已同步VPS(rsync -u, 仅推送更新过的)
[2026-07-23 07:57:35] VPS重算: 000
[2026-07-23 08:00:01] 抓到 5 场
[2026-07-23 08:00:06] ✓ 11个数据文件已同步VPS(rsync -u, 仅推送更新过的)
[2026-07-23 08:01:36] VPS重算: 000
[2026-07-23 08:08:01] 抓到 5 场
[2026-07-23 08:08:05] ✓ 11个数据文件已同步VPS(rsync -u, 仅推送更新过的)
[2026-07-23 08:08:37] VPS重算: 200
[2026-07-23 08:16:01] 抓到 5 场
[2026-07-23 08:16:05] ✓ 11个数据文件已同步VPS(rsync -u, 仅推送更新过的)
[2026-07-23 08:17:07] VPS重算: 200
[2026-07-23 08:24:01] 抓到 5 场
[2026-07-23 08:24:05] ✓ 11个数据文件已同步VPS(rsync -u, 仅推送更新过的)
[2026-07-23 08:24:37] VPS重算: 200
[2026-07-23 08:32:01] 抓到 3 场
[2026-07-23 08:32:05] ✓ 11个数据文件已同步VPS(rsync -u, 仅推送更新过的)
[2026-07-23 08:32:07] VPS重算: 200
[2026-07-23 08:40:01] 抓到 3 场
[2026-07-23 08:40:06] ✓ 11个数据文件已同步VPS(rsync -u, 仅推送更新过的)
[2026-07-23 08:41:36] VPS重算: 000
[2026-07-23 08:48:01] 抓到 3 场
[2026-07-23 08:48:05] ✓ 11个数据文件已同步VPS(rsync -u, 仅推送更新过的)
[2026-07-23 08:48:06] VPS重算: 429
[2026-07-23 08:56:01] 抓到 3 场
[2026-07-23 08:56:05] ✓ 11个数据文件已同步VPS(rsync -u, 仅推送更新过的)
[2026-07-23 08:56:37] VPS重算: 200
[2026-07-23 09:00:01] 抓到 3 场
[2026-07-23 09:00:04] ✓ 11个数据文件已同步VPS(rsync -u, 仅推送更新过的)
[2026-07-23 09:01:34] VPS重算: 000
[2026-07-23 09:08:01] 抓到 3 场
[2026-07-23 09:08:06] ✓ 11个数据文件已同步VPS(rsync -u, 仅推送更新过的)
[2026-07-23 09:09:36] VPS重算: 000
[2026-07-23 09:16:01] 抓到 3 场
[2026-07-23 09:16:07] ✓ 11个数据文件已同步VPS(rsync -u, 仅推送更新过的)
[2026-07-23 09:16:39] VPS重算: 200
[2026-07-23 09:24:01] 抓到 3 场
[2026-07-23 09:24:05] ✓ 11个数据文件已同步VPS(rsync -u, 仅推送更新过的)
[2026-07-23 09:24:06] VPS重算: 429
[2026-07-23 09:32:01] 抓到 3 场
[2026-07-23 09:32:05] ✓ 11个数据文件已同步VPS(rsync -u, 仅推送更新过的)
[2026-07-23 09:33:07] VPS重算: 200
[2026-07-23 09:40:01] 抓到 3 场
[2026-07-23 09:40:06] ✓ 11个数据文件已同步VPS(rsync -u, 仅推送更新过的)
[2026-07-23 09:40:08] VPS重算: 200
[2026-07-23 09:48:01] 抓到 3 场
[2026-07-23 09:48:06] ✓ 11个数据文件已同步VPS(rsync -u, 仅推送更新过的)
[2026-07-23 09:48:07] VPS重算: 429
[2026-07-23 09:56:01] 抓到 3 场
[2026-07-23 09:56:06] ✓ 11个数据文件已同步VPS(rsync -u, 仅推送更新过的)
[2026-07-23 09:57:36] VPS重算: 000
[2026-07-23 10:00:01] 抓到 3 场
[2026-07-23 10:00:05] ✓ 11个数据文件已同步VPS(rsync -u, 仅推送更新过的)
[2026-07-23 10:00:06] VPS重算: 429
[2026-07-23 10:08:01] 抓到 3 场
[2026-07-23 10:08:10] ✓ 11个数据文件已同步VPS(rsync -u, 仅推送更新过的)
[2026-07-23 10:09:40] VPS重算: 000
[2026-07-23 10:16:01] 抓到 3 场
[2026-07-23 10:16:06] ✓ 11个数据文件已同步VPS(rsync -u, 仅推送更新过的)
[2026-07-23 10:17:08] VPS重算: 200
[2026-07-23 10:24:01] 抓到 3 场
[2026-07-23 10:24:06] ✓ 11个数据文件已同步VPS(rsync -u, 仅推送更新过的)
[2026-07-23 10:25:36] VPS重算: 000
[2026-07-23 10:32:01] 抓到 2 场
[2026-07-23 10:32:07] ✓ 11个数据文件已同步VPS(rsync -u, 仅推送更新过的)
[2026-07-23 10:33:09] VPS重算: 200
[2026-07-23 10:40:01] 抓到 2 场
[2026-07-23 10:40:07] ✓ 11个数据文件已同步VPS(rsync -u, 仅推送更新过的)
[2026-07-23 10:40:39] VPS重算: 200
[2026-07-23 10:48:01] 抓到 2 场
[2026-07-23 10:48:06] ✓ 11个数据文件已同步VPS(rsync -u, 仅推送更新过的)
[2026-07-23 10:49:36] VPS重算: 000
[2026-07-23 10:56:01] 抓到 2 场
[2026-07-23 10:56:06] ✓ 11个数据文件已同步VPS(rsync -u, 仅推送更新过的)
[2026-07-23 10:57:36] VPS重算: 000
[2026-07-23 11:00:01] 抓到 2 场
[2026-07-23 11:00:10] ✓ 11个数据文件已同步VPS(rsync -u, 仅推送更新过的)
[2026-07-23 11:00:13] VPS重算: 200
[2026-07-23 11:08:01] 抓到 7 场
[2026-07-23 11:08:06] ✓ 11个数据文件已同步VPS(rsync -u, 仅推送更新过的)
[2026-07-23 11:08:08] VPS重算: 200
[2026-07-23 11:16:01] 抓到 7 场
[2026-07-23 11:16:06] ✓ 11个数据文件已同步VPS(rsync -u, 仅推送更新过的)
[2026-07-23 11:16:08] VPS重算: 200
[2026-07-23 11:24:01] 抓到 7 场
[2026-07-23 11:24:06] ✓ 11个数据文件已同步VPS(rsync -u, 仅推送更新过的)
[2026-07-23 11:25:36] VPS重算: 000
[2026-07-23 11:32:01] 抓到 7 场
[2026-07-23 11:32:06] ✓ 11个数据文件已同步VPS(rsync -u, 仅推送更新过的)
[2026-07-23 11:32:08] VPS重算: 200
[2026-07-23 11:40:01] 抓到 7 场
[2026-07-23 11:40:07] ✓ 11个数据文件已同步VPS(rsync -u, 仅推送更新过的)
[2026-07-23 11:41:37] VPS重算: 000
[2026-07-23 11:48:01] 抓到 7 场
[2026-07-23 11:48:07] ✓ 11个数据文件已同步VPS(rsync -u, 仅推送更新过的)
[2026-07-23 11:49:37] VPS重算: 000
[2026-07-23 11:56:01] 抓到 7 场
[2026-07-23 11:56:06] ✓ 11个数据文件已同步VPS(rsync -u, 仅推送更新过的)
[2026-07-23 11:57:36] VPS重算: 000
[2026-07-23 12:00:01] 抓到 7 场
[2026-07-23 12:00:05] ✓ 11个数据文件已同步VPS(rsync -u, 仅推送更新过的)
[2026-07-23 12:00:37] VPS重算: 200
[2026-07-23 12:08:01] 抓到 7 场
[2026-07-23 12:08:07] ✓ 11个数据文件已同步VPS(rsync -u, 仅推送更新过的)
[2026-07-23 12:08:39] VPS重算: 200
[2026-07-23 12:16:01] 抓到 7 场
[2026-07-23 12:16:06] ✓ 11个数据文件已同步VPS(rsync -u, 仅推送更新过的)
[2026-07-23 12:17:09] VPS重算: 200
[2026-07-23 12:24:01] 抓到 7 场
[2026-07-23 12:24:09] ✓ 11个数据文件已同步VPS(rsync -u, 仅推送更新过的)
[2026-07-23 12:24:11] VPS重算: 200
[2026-07-23 12:32:01] 抓到 7 场
[2026-07-23 12:32:11] ✓ 11个数据文件已同步VPS(rsync -u, 仅推送更新过的)
[2026-07-23 12:33:13] VPS重算: 200
[2026-07-23 12:40:01] 抓到 7 场
[2026-07-23 12:40:06] ✓ 11个数据文件已同步VPS(rsync -u, 仅推送更新过的)
[2026-07-23 12:40:38] VPS重算: 200
[2026-07-23 12:48:01] 抓到 7 场
[2026-07-23 12:48:06] ✓ 11个数据文件已同步VPS(rsync -u, 仅推送更新过的)
[2026-07-23 12:48:38] VPS重算: 200
[2026-07-23 12:56:01] 抓到 7 场
[2026-07-23 12:56:09] ✓ 11个数据文件已同步VPS(rsync -u, 仅推送更新过的)
[2026-07-23 12:56:11] VPS重算: 200
[2026-07-23 13:00:01] 抓到 7 场
[2026-07-23 13:00:07] ✓ 11个数据文件已同步VPS(rsync -u, 仅推送更新过的)
[2026-07-23 13:00:38] VPS重算: 200
[2026-07-23 13:08:02] 抓到 7 场
[2026-07-23 13:08:06] ✓ 11个数据文件已同步VPS(rsync -u, 仅推送更新过的)
[2026-07-23 13:08:10] VPS重算: 200
[2026-07-23 13:16:01] 抓到 7 场
[2026-07-23 13:16:07] ✓ 11个数据文件已同步VPS(rsync -u, 仅推送更新过的)
[2026-07-23 13:16:09] VPS重算: 429
[2026-07-23 13:24:01] 抓到 7 场
[2026-07-23 13:24:07] ✓ 11个数据文件已同步VPS(rsync -u, 仅推送更新过的)
[2026-07-23 13:24:39] VPS重算: 200
[2026-07-23 13:32:01] 抓到 9 场
[2026-07-23 13:32:06] ✓ 11个数据文件已同步VPS(rsync -u, 仅推送更新过的)
[2026-07-23 13:32:08] VPS重算: 200
[2026-07-23 13:40:01] 抓到 9 场
[2026-07-23 13:40:09] ✓ 11个数据文件已同步VPS(rsync -u, 仅推送更新过的)
[2026-07-23 13:40:43] VPS重算: 200
[2026-07-23 13:48:01] 抓到 9 场
[2026-07-23 13:48:06] ✓ 11个数据文件已同步VPS(rsync -u, 仅推送更新过的)
[2026-07-23 13:48:38] VPS重算: 200
[2026-07-23 13:56:01] 抓到 9 场
[2026-07-23 13:56:07] ✓ 11个数据文件已同步VPS(rsync -u, 仅推送更新过的)
[2026-07-23 13:57:37] VPS重算: 000
[2026-07-23 14:00:01] 抓到 9 场
[2026-07-23 14:00:07] ✓ 11个数据文件已同步VPS(rsync -u, 仅推送更新过的)
[2026-07-23 14:00:09] VPS重算: 200
[2026-07-23 14:08:01] 抓到 9 场
[2026-07-23 14:08:07] ✓ 11个数据文件已同步VPS(rsync -u, 仅推送更新过的)
[2026-07-23 14:08:08] VPS重算: 429
[2026-07-23 14:16:01] 抓到 9 场
[2026-07-23 14:16:09] ✓ 11个数据文件已同步VPS(rsync -u, 仅推送更新过的)
[2026-07-23 14:16:42] VPS重算: 200
[2026-07-23 14:24:01] 抓到 9 场
[2026-07-23 14:24:07] ✓ 11个数据文件已同步VPS(rsync -u, 仅推送更新过的)
[2026-07-23 14:24:39] VPS重算: 200
[2026-07-23 14:32:01] 抓到 9 场
[2026-07-23 14:32:08] ✓ 11个数据文件已同步VPS(rsync -u, 仅推送更新过的)
[2026-07-23 14:32:16] VPS重算: 200
[2026-07-23 14:40:01] 抓到 9 场
[2026-07-23 14:40:10] ✓ 11个数据文件已同步VPS(rsync -u, 仅推送更新过的)
[2026-07-23 14:40:14] VPS重算: 200
[2026-07-23 14:48:01] 抓到 9 场
[2026-07-23 14:48:07] ✓ 11个数据文件已同步VPS(rsync -u, 仅推送更新过的)
[2026-07-23 14:48:08] VPS重算: 200
[2026-07-23 14:56:01] 抓到 9 场
[2026-07-23 14:56:08] ✓ 11个数据文件已同步VPS(rsync -u, 仅推送更新过的)
[2026-07-23 14:56:11] VPS重算: 200
[2026-07-23 15:00:01] 抓到 9 场
[2026-07-23 15:00:06] ✓ 11个数据文件已同步VPS(rsync -u, 仅推送更新过的)
[2026-07-23 15:00:09] VPS重算: 200
[2026-07-23 15:08:01] 抓到 9 场
[2026-07-23 15:08:06] ✓ 11个数据文件已同步VPS(rsync -u, 仅推送更新过的)
[2026-07-23 15:08:09] VPS重算: 200
[2026-07-23 15:16:01] 抓到 9 场
[2026-07-23 15:16:08] ✓ 11个数据文件已同步VPS(rsync -u, 仅推送更新过的)
[2026-07-23 15:17:38] VPS重算: 000
[2026-07-23 15:24:01] 抓到 9 场
[2026-07-23 15:24:08] ✓ 11个数据文件已同步VPS(rsync -u, 仅推送更新过的)
[2026-07-23 15:25:38] VPS重算: 000
[2026-07-23 15:32:01] 抓到 9 场
[2026-07-23 15:32:09] ✓ 11个数据文件已同步VPS(rsync -u, 仅推送更新过的)
[2026-07-23 15:33:39] VPS重算: 000
[2026-07-23 15:40:01] 抓到 9 场
[2026-07-23 15:40:07] ✓ 11个数据文件已同步VPS(rsync -u, 仅推送更新过的)
[2026-07-23 15:40:40] VPS重算: 200
[2026-07-23 15:48:01] 抓到 9 场
[2026-07-23 15:48:09] ✓ 11个数据文件已同步VPS(rsync -u, 仅推送更新过的)
[2026-07-23 15:48:11] VPS重算: 200
[2026-07-23 15:56:01] 抓到 9 场
[2026-07-23 15:56:07] ✓ 11个数据文件已同步VPS(rsync -u, 仅推送更新过的)
[2026-07-23 15:56:09] VPS重算: 200
[2026-07-23 16:00:01] 抓到 9 场
[2026-07-23 16:00:07] ✓ 11个数据文件已同步VPS(rsync -u, 仅推送更新过的)
[2026-07-23 16:00:39] VPS重算: 200
[2026-07-23 16:08:01] 抓到 9 场
[2026-07-23 16:08:09] ✓ 11个数据文件已同步VPS(rsync -u, 仅推送更新过的)
[2026-07-23 16:08:41] VPS重算: 200
[2026-07-23 16:16:01] 抓到 9 场
[2026-07-23 16:16:15] ✓ 11个数据文件已同步VPS(rsync -u, 仅推送更新过的)
[2026-07-23 16:16:18] VPS重算: 200
[2026-07-23 16:24:01] 抓到 9 场
[2026-07-23 16:24:08] ✓ 11个数据文件已同步VPS(rsync -u, 仅推送更新过的)
[2026-07-23 16:24:40] VPS重算: 200
[2026-07-23 16:32:01] 抓到 9 场
[2026-07-23 16:32:07] ✓ 11个数据文件已同步VPS(rsync -u, 仅推送更新过的)
[2026-07-23 16:32:09] VPS重算: 200
[2026-07-23 16:40:01] 抓到 9 场
[2026-07-23 16:40:07] ✓ 11个数据文件已同步VPS(rsync -u, 仅推送更新过的)
[2026-07-23 16:40:09] VPS重算: 200
[2026-07-23 16:48:01] 抓到 9 场
[2026-07-23 16:48:07] ✓ 11个数据文件已同步VPS(rsync -u, 仅推送更新过的)
[2026-07-23 16:49:37] VPS重算: 000
[2026-07-23 16:56:01] 抓到 9 场
[2026-07-23 16:56:11] ✓ 11个数据文件已同步VPS(rsync -u, 仅推送更新过的)
[2026-07-23 16:56:13] VPS重算: 200
[2026-07-23 17:00:01] 抓到 9 场
[2026-07-23 17:00:06] ✓ 11个数据文件已同步VPS(rsync -u, 仅推送更新过的)
[2026-07-23 17:00:09] VPS重算: 200
[2026-07-23 17:08:01] 抓到 9 场
[2026-07-23 17:08:08] ✓ 11个数据文件已同步VPS(rsync -u, 仅推送更新过的)
[2026-07-23 17:08:10] VPS重算: 200
[2026-07-23 17:16:01] 抓到 9 场
[2026-07-23 17:16:06] ✓ 11个数据文件已同步VPS(rsync -u, 仅推送更新过的)
[2026-07-23 17:16:08] VPS重算: 200
[2026-07-23 17:24:01] 抓到 9 场
[2026-07-23 17:24:07] ✓ 11个数据文件已同步VPS(rsync -u, 仅推送更新过的)
[2026-07-23 17:24:48] VPS重算: 520
[2026-07-23 17:32:01] 抓到 9 场
[2026-07-23 17:32:07] ✓ 11个数据文件已同步VPS(rsync -u, 仅推送更新过的)
[2026-07-23 17:32:39] VPS重算: 200
[2026-07-23 17:40:02] 抓到 9 场
[2026-07-23 17:40:06] ✓ 11个数据文件已同步VPS(rsync -u, 仅推送更新过的)
[2026-07-23 17:40:38] VPS重算: 200
[2026-07-23 17:48:01] 抓到 9 场
[2026-07-23 17:48:07] ✓ 11个数据文件已同步VPS(rsync -u, 仅推送更新过的)
[2026-07-23 17:48:09] VPS重算: 200
[2026-07-23 17:56:01] 抓到 9 场
[2026-07-23 17:56:07] ✓ 11个数据文件已同步VPS(rsync -u, 仅推送更新过的)
[2026-07-23 17:56:10] VPS重算: 200
[2026-07-23 18:00:01] 抓到 9 场
[2026-07-23 18:00:05] ✓ 11个数据文件已同步VPS(rsync -u, 仅推送更新过的)
[2026-07-23 18:00:37] VPS重算: 200
[2026-07-23 18:08:01] 抓到 9 场
[2026-07-23 18:08:07] ✓ 11个数据文件已同步VPS(rsync -u, 仅推送更新过的)
[2026-07-23 18:08:09] VPS重算: 200
[2026-07-23 18:16:01] 抓到 9 场
[2026-07-23 18:16:06] ✓ 11个数据文件已同步VPS(rsync -u, 仅推送更新过的)
[2026-07-23 18:17:08] VPS重算: 200
[2026-07-23 18:24:01] 抓到 9 场
[2026-07-23 18:24:06] ✓ 11个数据文件已同步VPS(rsync -u, 仅推送更新过的)
[2026-07-23 18:24:09] VPS重算: 200
[2026-07-23 18:32:01] 抓到 9 场
[2026-07-23 18:32:07] ✓ 11个数据文件已同步VPS(rsync -u, 仅推送更新过的)
[2026-07-23 18:32:09] VPS重算: 200
[2026-07-23 18:40:01] 抓到 9 场
[2026-07-23 18:40:15] ✓ 11个数据文件已同步VPS(rsync -u, 仅推送更新过的)
[2026-07-23 18:40:48] VPS重算: 200
[2026-07-23 18:48:01] 抓到 9 场
[2026-07-23 18:48:07] ✓ 11个数据文件已同步VPS(rsync -u, 仅推送更新过的)
[2026-07-23 18:48:09] VPS重算: 200
[2026-07-23 18:56:01] 抓到 9 场
[2026-07-23 18:56:06] ✓ 11个数据文件已同步VPS(rsync -u, 仅推送更新过的)
[2026-07-23 18:56:39] VPS重算: 200
[2026-07-23 19:00:01] 抓到 9 场
[2026-07-23 19:00:07] ✓ 11个数据文件已同步VPS(rsync -u, 仅推送更新过的)
[2026-07-23 19:00:08] VPS重算: 200
[2026-07-23 19:08:01] 抓到 9 场
[2026-07-23 19:08:07] ✓ 11个数据文件已同步VPS(rsync -u, 仅推送更新过的)
[2026-07-23 19:08:40] VPS重算: 200
[2026-07-23 19:16:01] 抓到 9 场
[2026-07-23 19:16:08] ✓ 11个数据文件已同步VPS(rsync -u, 仅推送更新过的)
[2026-07-23 19:16:09] VPS重算: 200
[2026-07-23 19:24:01] 抓到 9 场
[2026-07-23 19:24:08] ✓ 11个数据文件已同步VPS(rsync -u, 仅推送更新过的)
[2026-07-23 19:24:09] VPS重算: 429
[2026-07-23 19:32:01] 抓到 9 场
[2026-07-23 19:32:08] ✓ 11个数据文件已同步VPS(rsync -u, 仅推送更新过的)
[2026-07-23 19:32:12] VPS重算: 200
[2026-07-23 19:40:01] 抓到 9 场
[2026-07-23 19:40:10] ✓ 11个数据文件已同步VPS(rsync -u, 仅推送更新过的)
[2026-07-23 19:40:43] VPS重算: 200
[2026-07-23 19:48:01] 抓到 9 场
[2026-07-23 19:48:08] ✓ 11个数据文件已同步VPS(rsync -u, 仅推送更新过的)
[2026-07-23 19:48:10] VPS重算: 200
[2026-07-23 19:56:01] 抓到 9 场
[2026-07-23 19:56:07] ✓ 11个数据文件已同步VPS(rsync -u, 仅推送更新过的)
[2026-07-23 19:57:37] VPS重算: 000
[2026-07-23 20:00:01] 抓到 9 场
[2026-07-23 20:00:06] ✓ 11个数据文件已同步VPS(rsync -u, 仅推送更新过的)
[2026-07-23 20:01:11] VPS重算: 200
[2026-07-23 20:08:01] 抓到 9 场
[2026-07-23 20:08:05] ✓ 11个数据文件已同步VPS(rsync -u, 仅推送更新过的)
[2026-07-23 20:08:09] VPS重算: 200
[2026-07-23 20:16:01] 抓到 9 场
[2026-07-23 20:16:15] ✓ 11个数据文件已同步VPS(rsync -u, 仅推送更新过的)
[2026-07-23 20:17:19] VPS重算: 200
[2026-07-23 20:24:01] 抓到 9 场
[2026-07-23 20:24:12] ✓ 11个数据文件已同步VPS(rsync -u, 仅推送更新过的)
[2026-07-23 20:24:44] VPS重算: 200
[2026-07-23 20:32:01] 抓到 9 场
[2026-07-23 20:32:06] ✓ 11个数据文件已同步VPS(rsync -u, 仅推送更新过的)
[2026-07-23 20:32:38] VPS重算: 200
[2026-07-23 20:40:01] 抓到 9 场
[2026-07-23 20:40:06] ✓ 11个数据文件已同步VPS(rsync -u, 仅推送更新过的)
[2026-07-23 20:41:36] VPS重算: 000
[2026-07-23 20:48:01] 抓到 9 场
[2026-07-23 20:48:07] ✓ 11个数据文件已同步VPS(rsync -u, 仅推送更新过的)
[2026-07-23 20:49:08] VPS重算: 200
[2026-07-23 20:56:01] 抓到 9 场
[2026-07-23 20:56:06] ✓ 11个数据文件已同步VPS(rsync -u, 仅推送更新过的)
[2026-07-23 20:56:11] VPS重算: 200
[2026-07-23 21:00:01] 抓到 9 场
[2026-07-23 21:00:07] ✓ 11个数据文件已同步VPS(rsync -u, 仅推送更新过的)
[2026-07-23 21:01:37] VPS重算: 000
[2026-07-23 21:08:01] 抓到 9 场
[2026-07-23 21:08:08] ✓ 11个数据文件已同步VPS(rsync -u, 仅推送更新过的)
[2026-07-23 21:09:38] VPS重算: 000
[2026-07-23 21:16:01] 抓到 9 场
[2026-07-23 21:16:09] ✓ 11个数据文件已同步VPS(rsync -u, 仅推送更新过的)
[2026-07-23 21:16:11] VPS重算: 200
[2026-07-23 21:24:01] 抓到 9 场
[2026-07-23 21:24:09] ✓ 11个数据文件已同步VPS(rsync -u, 仅推送更新过的)
[2026-07-23 21:24:10] VPS重算: 200
[2026-07-23 21:32:01] 抓到 9 场
[2026-07-23 21:32:06] ✓ 11个数据文件已同步VPS(rsync -u, 仅推送更新过的)
[2026-07-23 21:33:08] VPS重算: 200
[2026-07-23 21:40:01] 抓到 9 场
[2026-07-23 21:40:06] ✓ 11个数据文件已同步VPS(rsync -u, 仅推送更新过的)
[2026-07-23 21:40:08] VPS重算: 200
[2026-07-23 21:48:01] 抓到 9 场
[2026-07-23 21:48:12] ✓ 11个数据文件已同步VPS(rsync -u, 仅推送更新过的)
[2026-07-23 21:49:42] VPS重算: 000
[2026-07-23 21:56:01] 抓到 9 场
[2026-07-23 21:56:09] ✓ 11个数据文件已同步VPS(rsync -u, 仅推送更新过的)
[2026-07-23 21:57:39] VPS重算: 000
[2026-07-23 22:00:01] 抓到 9 场
[2026-07-23 22:00:06] ✓ 11个数据文件已同步VPS(rsync -u, 仅推送更新过的)
[2026-07-23 22:00:08] VPS重算: 200
[2026-07-23 22:08:01] 抓到 9 场
[2026-07-23 22:08:07] ✓ 11个数据文件已同步VPS(rsync -u, 仅推送更新过的)
[2026-07-23 22:08:09] VPS重算: 200
[2026-07-23 22:16:01] 抓到 9 场
[2026-07-23 22:16:07] ✓ 11个数据文件已同步VPS(rsync -u, 仅推送更新过的)
[2026-07-23 22:16:10] VPS重算: 200
[2026-07-23 22:24:01] 抓到 9 场
[2026-07-23 22:24:07] ✓ 11个数据文件已同步VPS(rsync -u, 仅推送更新过的)
[2026-07-23 22:24:39] VPS重算: 200
[2026-07-23 22:32:01] 抓到 9 场
[2026-07-23 22:32:06] ✓ 11个数据文件已同步VPS(rsync -u, 仅推送更新过的)
[2026-07-23 22:32:08] VPS重算: 200
[2026-07-23 22:40:01] 抓到 9 场
[2026-07-23 22:40:09] ✓ 11个数据文件已同步VPS(rsync -u, 仅推送更新过的)
[2026-07-23 22:40:11] VPS重算: 200
[2026-07-23 22:48:01] 抓到 9 场
[2026-07-23 22:48:09] ✓ 11个数据文件已同步VPS(rsync -u, 仅推送更新过的)
[2026-07-23 22:49:12] VPS重算: 200
[2026-07-23 22:56:01] 抓到 9 场
[2026-07-23 22:56:11] ✓ 11个数据文件已同步VPS(rsync -u, 仅推送更新过的)
[2026-07-23 22:56:44] VPS重算: 200
[2026-07-23 23:00:01] 抓到 9 场
[2026-07-23 23:00:07] ✓ 11个数据文件已同步VPS(rsync -u, 仅推送更新过的)
[2026-07-23 23:01:09] VPS重算: 200
[2026-07-23 23:08:01] 抓到 9 场
[2026-07-23 23:08:06] ✓ 11个数据文件已同步VPS(rsync -u, 仅推送更新过的)
[2026-07-23 23:08:09] VPS重算: 200
[2026-07-23 23:16:01] 抓到 9 场
[2026-07-23 23:16:06] ✓ 11个数据文件已同步VPS(rsync -u, 仅推送更新过的)
[2026-07-23 23:16:08] VPS重算: 429
[2026-07-23 23:24:01] 抓到 9 场
[2026-07-23 23:24:10] ✓ 11个数据文件已同步VPS(rsync -u, 仅推送更新过的)
[2026-07-23 23:24:12] VPS重算: 200
[2026-07-23 23:32:01] 抓到 9 场
[2026-07-23 23:32:06] ✓ 11个数据文件已同步VPS(rsync -u, 仅推送更新过的)
[2026-07-23 23:32:38] VPS重算: 200
[2026-07-23 23:40:01] 抓到 9 场
[2026-07-23 23:40:08] ✓ 11个数据文件已同步VPS(rsync -u, 仅推送更新过的)
[2026-07-23 23:40:14] VPS重算: 200
[2026-07-23 23:48:01] 抓到 9 场
[2026-07-23 23:48:11] ✓ 11个数据文件已同步VPS(rsync -u, 仅推送更新过的)
[2026-07-23 23:48:49] VPS重算: 200
[2026-07-23 23:56:02] 抓到 9 场
[2026-07-23 23:56:16] ✓ 11个数据文件已同步VPS(rsync -u, 仅推送更新过的)
[2026-07-23 23:56:48] VPS重算: 200
[2026-07-24 00:00:01] 抓到 9 场
[2026-07-24 00:00:07] ✓ 11个数据文件已同步VPS(rsync -u, 仅推送更新过的)
[2026-07-24 00:00:08] VPS重算: 429
[2026-07-24 00:08:01] 抓到 9 场
[2026-07-24 00:08:06] ✓ 11个数据文件已同步VPS(rsync -u, 仅推送更新过的)
[2026-07-24 00:08:10] VPS重算: 200
[2026-07-24 00:16:01] 抓到 9 场
[2026-07-24 00:16:09] ✓ 11个数据文件已同步VPS(rsync -u, 仅推送更新过的)
[2026-07-24 00:16:11] VPS重算: 200
[2026-07-24 00:24:01] 抓到 9 场
[2026-07-24 00:24:06] ✓ 11个数据文件已同步VPS(rsync -u, 仅推送更新过的)
[2026-07-24 00:24:38] VPS重算: 200
[2026-07-24 00:32:01] 抓到 9 场
[2026-07-24 00:32:07] ✓ 11个数据文件已同步VPS(rsync -u, 仅推送更新过的)
[2026-07-24 00:32:40] VPS重算: 200
[2026-07-24 00:40:01] 抓到 9 场
[2026-07-24 00:40:06] ✓ 11个数据文件已同步VPS(rsync -u, 仅推送更新过的)
[2026-07-24 00:41:09] VPS重算: 200
[2026-07-24 00:48:01] 抓到 9 场
[2026-07-24 00:48:06] ✓ 11个数据文件已同步VPS(rsync -u, 仅推送更新过的)
[2026-07-24 00:49:36] VPS重算: 000
[2026-07-24 00:56:01] 抓到 9 场
[2026-07-24 00:56:07] ✓ 11个数据文件已同步VPS(rsync -u, 仅推送更新过的)
[2026-07-24 00:57:09] VPS重算: 200
[2026-07-24 01:00:01] 抓到 9 场
[2026-07-24 01:00:06] ✓ 11个数据文件已同步VPS(rsync -u, 仅推送更新过的)
[2026-07-24 01:00:08] VPS重算: 200
[2026-07-24 01:08:01] 抓到 8 场
[2026-07-24 01:08:07] ✓ 11个数据文件已同步VPS(rsync -u, 仅推送更新过的)
[2026-07-24 01:08:08] VPS重算: 200
[2026-07-24 01:16:01] 抓到 8 场
[2026-07-24 01:16:08] ✓ 11个数据文件已同步VPS(rsync -u, 仅推送更新过的)
[2026-07-24 01:17:11] VPS重算: 200
[2026-07-24 01:24:01] 抓到 8 场
[2026-07-24 01:24:05] ✓ 11个数据文件已同步VPS(rsync -u, 仅推送更新过的)
[2026-07-24 01:25:35] VPS重算: 000
[2026-07-24 01:32:01] 抓到 8 场
[2026-07-24 01:32:06] ✓ 11个数据文件已同步VPS(rsync -u, 仅推送更新过的)
[2026-07-24 01:32:08] VPS重算: 200
[2026-07-24 01:40:01] 抓到 8 场
[2026-07-24 01:40:07] ✓ 11个数据文件已同步VPS(rsync -u, 仅推送更新过的)
[2026-07-24 01:40:38] VPS重算: 200
[2026-07-24 01:48:01] 抓到 8 场
[2026-07-24 01:48:05] ✓ 11个数据文件已同步VPS(rsync -u, 仅推送更新过的)
[2026-07-24 01:48:07] VPS重算: 200
[2026-07-24 01:56:01] 抓到 8 场
[2026-07-24 01:56:05] ✓ 11个数据文件已同步VPS(rsync -u, 仅推送更新过的)
[2026-07-24 01:56:06] VPS重算: 429
[2026-07-24 02:00:01] 抓到 8 场
[2026-07-24 02:00:05] ✓ 11个数据文件已同步VPS(rsync -u, 仅推送更新过的)
[2026-07-24 02:00:07] VPS重算: 200
[2026-07-24 02:08:01] 抓到 5 场
[2026-07-24 02:08:05] ✓ 11个数据文件已同步VPS(rsync -u, 仅推送更新过的)
[2026-07-24 02:09:06] VPS重算: 200
[2026-07-24 02:16:01] 抓到 5 场
[2026-07-24 02:16:05] ✓ 11个数据文件已同步VPS(rsync -u, 仅推送更新过的)
[2026-07-24 02:16:36] VPS重算: 200
[2026-07-24 02:24:01] 抓到 5 场
[2026-07-24 02:24:10] ✓ 11个数据文件已同步VPS(rsync -u, 仅推送更新过的)
[2026-07-24 02:24:12] VPS重算: 200
[2026-07-24 02:32:01] 抓到 5 场
[2026-07-24 02:32:06] ✓ 11个数据文件已同步VPS(rsync -u, 仅推送更新过的)
[2026-07-24 02:33:36] VPS重算: 000
[2026-07-24 02:40:01] 抓到 5 场
[2026-07-24 02:40:06] ✓ 11个数据文件已同步VPS(rsync -u, 仅推送更新过的)
[2026-07-24 02:40:13] VPS重算: 200
[2026-07-24 02:48:01] 抓到 5 场
[2026-07-24 02:48:05] ✓ 11个数据文件已同步VPS(rsync -u, 仅推送更新过的)
[2026-07-24 02:48:07] VPS重算: 200
[2026-07-24 02:56:01] 抓到 5 场
[2026-07-24 02:56:05] ✓ 11个数据文件已同步VPS(rsync -u, 仅推送更新过的)
[2026-07-24 02:56:07] VPS重算: 200
[2026-07-24 03:00:01] 抓到 4 场
[2026-07-24 03:00:05] ✓ 11个数据文件已同步VPS(rsync -u, 仅推送更新过的)
[2026-07-24 03:01:35] VPS重算: 000
[2026-07-24 03:08:01] 抓到 4 场
[2026-07-24 03:08:06] ✓ 11个数据文件已同步VPS(rsync -u, 仅推送更新过的)
[2026-07-24 03:08:08] VPS重算: 200
[2026-07-24 03:16:01] 抓到 4 场
[2026-07-24 03:16:06] ✓ 11个数据文件已同步VPS(rsync -u, 仅推送更新过的)
[2026-07-24 03:16:08] VPS重算: 200
[2026-07-24 03:24:01] 抓到 4 场
[2026-07-24 03:24:05] ✓ 11个数据文件已同步VPS(rsync -u, 仅推送更新过的)
[2026-07-24 03:25:07] VPS重算: 200
[2026-07-24 03:32:01] 抓到 4 场
[2026-07-24 03:32:07] ✓ 11个数据文件已同步VPS(rsync -u, 仅推送更新过的)
[2026-07-24 03:32:38] VPS重算: 200
[2026-07-24 03:40:01] 抓到 4 场
[2026-07-24 03:40:05] ✓ 11个数据文件已同步VPS(rsync -u, 仅推送更新过的)
[2026-07-24 03:40:07] VPS重算: 200
[2026-07-24 03:48:01] 抓到 4 场
[2026-07-24 03:48:04] ✓ 11个数据文件已同步VPS(rsync -u, 仅推送更新过的)
[2026-07-24 03:48:06] VPS重算: 200
[2026-07-24 03:56:01] 抓到 4 场
[2026-07-24 03:56:06] ✓ 11个数据文件已同步VPS(rsync -u, 仅推送更新过的)
[2026-07-24 03:56:08] VPS重算: 200
[2026-07-24 04:00:01] 抓到 4 场
[2026-07-24 04:00:05] ✓ 11个数据文件已同步VPS(rsync -u, 仅推送更新过的)
[2026-07-24 04:00:07] VPS重算: 200
[2026-07-24 04:08:01] 抓到 4 场
[2026-07-24 04:08:05] ✓ 11个数据文件已同步VPS(rsync -u, 仅推送更新过的)
[2026-07-24 04:08:37] VPS重算: 200
[2026-07-24 04:16:01] 抓到 4 场
[2026-07-24 04:16:05] ✓ 11个数据文件已同步VPS(rsync -u, 仅推送更新过的)
[2026-07-24 04:16:07] VPS重算: 200
[2026-07-24 04:24:01] 抓到 4 场
[2026-07-24 04:24:05] ✓ 11个数据文件已同步VPS(rsync -u, 仅推送更新过的)
[2026-07-24 04:24:37] VPS重算: 200
[2026-07-24 04:32:01] 抓到 4 场
[2026-07-24 04:32:05] ✓ 11个数据文件已同步VPS(rsync -u, 仅推送更新过的)
[2026-07-24 04:32:07] VPS重算: 200
[2026-07-24 04:40:01] 抓到 4 场
[2026-07-24 04:40:06] ✓ 11个数据文件已同步VPS(rsync -u, 仅推送更新过的)
[2026-07-24 04:40:08] VPS重算: 200
[2026-07-24 04:48:02] 抓到 4 场
[2026-07-24 04:48:06] ✓ 11个数据文件已同步VPS(rsync -u, 仅推送更新过的)
[2026-07-24 04:48:37] VPS重算: 200
[2026-07-24 04:56:01] 抓到 4 场
[2026-07-24 04:56:06] ✓ 11个数据文件已同步VPS(rsync -u, 仅推送更新过的)
[2026-07-24 04:56:08] VPS重算: 200
[2026-07-24 05:00:01] 抓到 4 场
[2026-07-24 05:00:05] ✓ 11个数据文件已同步VPS(rsync -u, 仅推送更新过的)
[2026-07-24 05:00:07] VPS重算: 200
[2026-07-24 05:08:01] 抓到 4 场
[2026-07-24 05:08:05] ✓ 11个数据文件已同步VPS(rsync -u, 仅推送更新过的)
[2026-07-24 05:09:35] VPS重算: 000
[2026-07-24 05:16:01] 抓到 4 场
[2026-07-24 05:16:05] ✓ 11个数据文件已同步VPS(rsync -u, 仅推送更新过的)
[2026-07-24 05:16:08] VPS重算: 200
[2026-07-24 05:24:01] 抓到 4 场
[2026-07-24 05:24:06] ✓ 11个数据文件已同步VPS(rsync -u, 仅推送更新过的)
[2026-07-24 05:24:08] VPS重算: 200
[2026-07-24 05:32:01] 抓到 4 场
[2026-07-24 05:32:04] ✓ 11个数据文件已同步VPS(rsync -u, 仅推送更新过的)
[2026-07-24 05:32:06] VPS重算: 200
[2026-07-24 05:40:01] 抓到 4 场
[2026-07-24 05:40:06] ✓ 11个数据文件已同步VPS(rsync -u, 仅推送更新过的)
[2026-07-24 05:41:09] VPS重算: 200
[2026-07-24 05:48:01] 抓到 4 场
[2026-07-24 05:48:07] ✓ 11个数据文件已同步VPS(rsync -u, 仅推送更新过的)
[2026-07-24 05:49:37] VPS重算: 000
[2026-07-24 05:56:01] 抓到 4 场
[2026-07-24 05:56:05] ✓ 11个数据文件已同步VPS(rsync -u, 仅推送更新过的)
[2026-07-24 05:56:07] VPS重算: 200
[2026-07-24 06:00:01] 抓到 4 场
[2026-07-24 06:00:22] ✓ 11个数据文件已同步VPS(rsync -u, 仅推送更新过的)
[2026-07-24 06:00:25] VPS重算: 200
[2026-07-24 06:08:01]   ⚠ 体彩抓取失败(<urlopen error [Errno -3] Temporary failure in name resolution>), 回退缓存 odds_parsed.json (7分钟前)
[2026-07-24 06:08:01] 抓到 4 场
[2026-07-24 06:08:01] ✗ 推送失败(VPS不可达或免密未配)
[2026-07-24 06:16:01] 抓到 4 场
[2026-07-24 06:16:06] ✓ 11个数据文件已同步VPS(rsync -u, 仅推送更新过的)
[2026-07-24 06:16:07] VPS重算: 200
[2026-07-24 06:24:02] 抓到 4 场
[2026-07-24 06:24:06] ✓ 11个数据文件已同步VPS(rsync -u, 仅推送更新过的)
[2026-07-24 06:25:08] VPS重算: 200
[2026-07-24 06:32:01] 抓到 2 场
[2026-07-24 06:32:06] ✓ 11个数据文件已同步VPS(rsync -u, 仅推送更新过的)
[2026-07-24 06:32:07] VPS重算: 429
[2026-07-24 06:40:01] 抓到 2 场
[2026-07-24 06:40:06] ✓ 11个数据文件已同步VPS(rsync -u, 仅推送更新过的)
[2026-07-24 06:40:38] VPS重算: 200
[2026-07-24 06:48:01] 抓到 2 场
[2026-07-24 06:48:05] ✓ 11个数据文件已同步VPS(rsync -u, 仅推送更新过的)
[2026-07-24 06:49:07] VPS重算: 200
[2026-07-24 06:56:01] 抓到 2 场
[2026-07-24 06:56:05] ✓ 11个数据文件已同步VPS(rsync -u, 仅推送更新过的)
[2026-07-24 06:56:37] VPS重算: 200
[2026-07-24 07:00:01] 抓到 2 场
[2026-07-24 07:00:05] ✓ 11个数据文件已同步VPS(rsync -u, 仅推送更新过的)
[2026-07-24 07:00:37] VPS重算: 200
[2026-07-24 07:08:01] 抓到 2 场
[2026-07-24 07:08:05] ✓ 11个数据文件已同步VPS(rsync -u, 仅推送更新过的)
[2026-07-24 07:09:07] VPS重算: 200
[2026-07-24 07:16:01] 抓到 2 场
[2026-07-24 07:16:05] ✓ 11个数据文件已同步VPS(rsync -u, 仅推送更新过的)
[2026-07-24 07:16:07] VPS重算: 200
[2026-07-24 07:24:01] 抓到 2 场
[2026-07-24 07:24:05] ✓ 11个数据文件已同步VPS(rsync -u, 仅推送更新过的)
[2026-07-24 07:24:07] VPS重算: 200
[2026-07-24 07:32:01] 抓到 2 场
[2026-07-24 07:32:06] ✓ 11个数据文件已同步VPS(rsync -u, 仅推送更新过的)
[2026-07-24 07:33:36] VPS重算: 000
[2026-07-24 07:40:01] 抓到 2 场
[2026-07-24 07:40:06] ✓ 11个数据文件已同步VPS(rsync -u, 仅推送更新过的)
[2026-07-24 07:40:07] VPS重算: 200
[2026-07-24 07:48:01] 抓到 2 场
[2026-07-24 07:48:11] ✓ 11个数据文件已同步VPS(rsync -u, 仅推送更新过的)
[2026-07-24 07:49:41] VPS重算: 000
[2026-07-24 07:56:01] 抓到 2 场
[2026-07-24 07:56:05] ✓ 11个数据文件已同步VPS(rsync -u, 仅推送更新过的)
[2026-07-24 07:57:07] VPS重算: 200
[2026-07-24 08:00:01] 抓到 2 场
[2026-07-24 08:00:05] ✓ 11个数据文件已同步VPS(rsync -u, 仅推送更新过的)
[2026-07-24 08:01:07] VPS重算: 200
[2026-07-24 08:08:01] 抓到 2 场
[2026-07-24 08:08:05] ✓ 11个数据文件已同步VPS(rsync -u, 仅推送更新过的)
[2026-07-24 08:08:07] VPS重算: 200
[2026-07-24 08:16:01] 抓到 2 场
[2026-07-24 08:16:05] ✓ 11个数据文件已同步VPS(rsync -u, 仅推送更新过的)
[2026-07-24 08:16:08] VPS重算: 200
[2026-07-24 08:24:01] 抓到 2 场
[2026-07-24 08:24:05] ✓ 11个数据文件已同步VPS(rsync -u, 仅推送更新过的)
[2026-07-24 08:25:07] VPS重算: 200
[2026-07-24 08:32:01] 抓到 2 场
[2026-07-24 08:32:05] ✓ 11个数据文件已同步VPS(rsync -u, 仅推送更新过的)
[2026-07-24 08:32:37] VPS重算: 200
[2026-07-24 08:40:01] 抓到 2 场
[2026-07-24 08:40:06] ✓ 11个数据文件已同步VPS(rsync -u, 仅推送更新过的)
[2026-07-24 08:40:08] VPS重算: 200
[2026-07-24 08:48:01] 抓到 2 场
[2026-07-24 08:48:06] ✓ 11个数据文件已同步VPS(rsync -u, 仅推送更新过的)
[2026-07-24 08:48:38] VPS重算: 200
[2026-07-24 08:56:01] 抓到 2 场
[2026-07-24 08:56:11] ✓ 11个数据文件已同步VPS(rsync -u, 仅推送更新过的)
[2026-07-24 08:56:13] VPS重算: 200
[2026-07-24 09:00:01] 抓到 2 场
[2026-07-24 09:00:09] ✓ 11个数据文件已同步VPS(rsync -u, 仅推送更新过的)
[2026-07-24 09:01:39] VPS重算: 000
[2026-07-24 09:08:01] 抓到 2 场
[2026-07-24 09:08:05] ✓ 11个数据文件已同步VPS(rsync -u, 仅推送更新过的)
[2026-07-24 09:08:07] VPS重算: 200
[2026-07-24 09:16:01] 抓到 2 场
[2026-07-24 09:16:07] ✓ 11个数据文件已同步VPS(rsync -u, 仅推送更新过的)
[2026-07-24 09:16:09] VPS重算: 200
[2026-07-24 09:24:01] 抓到 2 场
[2026-07-24 09:24:06] ✓ 11个数据文件已同步VPS(rsync -u, 仅推送更新过的)
[2026-07-24 09:24:08] VPS重算: 200
[2026-07-24 09:32:01] 抓到 2 场
[2026-07-24 09:32:12] ✓ 11个数据文件已同步VPS(rsync -u, 仅推送更新过的)
[2026-07-24 09:32:44] VPS重算: 200
[2026-07-24 09:40:01] 抓到 2 场
[2026-07-24 09:40:06] ✓ 11个数据文件已同步VPS(rsync -u, 仅推送更新过的)
[2026-07-24 09:40:07] VPS重算: 200
[2026-07-24 09:48:01] 抓到 2 场
[2026-07-24 09:48:06] ✓ 11个数据文件已同步VPS(rsync -u, 仅推送更新过的)
[2026-07-24 09:48:38] VPS重算: 200
[2026-07-24 09:56:01] 抓到 2 场
[2026-07-24 09:56:06] ✓ 11个数据文件已同步VPS(rsync -u, 仅推送更新过的)
[2026-07-24 09:57:08] VPS重算: 200
[2026-07-24 10:00:01] 抓到 2 场
[2026-07-24 10:00:05] ✓ 11个数据文件已同步VPS(rsync -u, 仅推送更新过的)
[2026-07-24 10:01:08] VPS重算: 200
[2026-07-24 10:08:01] 抓到 2 场
[2026-07-24 10:08:08] ✓ 11个数据文件已同步VPS(rsync -u, 仅推送更新过的)
[2026-07-24 10:08:12] VPS重算: 200
[2026-07-24 10:16:01] 抓到 2 场
[2026-07-24 10:16:05] ✓ 11个数据文件已同步VPS(rsync -u, 仅推送更新过的)
[2026-07-24 10:17:07] VPS重算: 200
[2026-07-24 10:24:01] 抓到 2 场
[2026-07-24 10:24:06] ✓ 11个数据文件已同步VPS(rsync -u, 仅推送更新过的)
[2026-07-24 10:24:08] VPS重算: 200
[2026-07-24 10:32:01] 抓到 2 场
[2026-07-24 10:32:06] ✓ 11个数据文件已同步VPS(rsync -u, 仅推送更新过的)
[2026-07-24 10:32:38] VPS重算: 200
[2026-07-24 10:40:01] 抓到 2 场
[2026-07-24 10:40:05] ✓ 11个数据文件已同步VPS(rsync -u, 仅推送更新过的)
[2026-07-24 10:40:37] VPS重算: 200
[2026-07-24 10:48:01] 抓到 2 场
[2026-07-24 10:48:05] ✓ 11个数据文件已同步VPS(rsync -u, 仅推送更新过的)
[2026-07-24 10:49:08] VPS重算: 200
[2026-07-24 10:56:01] 抓到 2 场
[2026-07-24 10:56:07] ✓ 11个数据文件已同步VPS(rsync -u, 仅推送更新过的)
[2026-07-24 10:56:09] VPS重算: 200
[2026-07-24 11:00:01] 抓到 2 场
[2026-07-24 11:00:05] ✓ 11个数据文件已同步VPS(rsync -u, 仅推送更新过的)
[2026-07-24 11:00:07] VPS重算: 200
[2026-07-24 11:08:01] 抓到 8 场
[2026-07-24 11:08:06] ✓ 11个数据文件已同步VPS(rsync -u, 仅推送更新过的)
[2026-07-24 11:09:36] VPS重算: 000
[2026-07-24 11:16:01] 抓到 8 场
[2026-07-24 11:16:05] ✓ 11个数据文件已同步VPS(rsync -u, 仅推送更新过的)
[2026-07-24 11:16:07] VPS重算: 200
[2026-07-24 11:24:01] 抓到 8 场
[2026-07-24 11:24:06] ✓ 11个数据文件已同步VPS(rsync -u, 仅推送更新过的)
[2026-07-24 11:24:39] VPS重算: 200
[2026-07-24 11:32:01] 抓到 8 场
[2026-07-24 11:32:06] ✓ 11个数据文件已同步VPS(rsync -u, 仅推送更新过的)
[2026-07-24 11:32:38] VPS重算: 200
[2026-07-24 11:40:01] 抓到 8 场
[2026-07-24 11:40:07] ✓ 11个数据文件已同步VPS(rsync -u, 仅推送更新过的)
[2026-07-24 11:41:37] VPS重算: 000
[2026-07-24 11:48:01] 抓到 8 场
[2026-07-24 11:48:07] ✓ 11个数据文件已同步VPS(rsync -u, 仅推送更新过的)
[2026-07-24 11:48:09] VPS重算: 200
[2026-07-24 11:56:01] 抓到 8 场
[2026-07-24 11:56:08] ✓ 11个数据文件已同步VPS(rsync -u, 仅推送更新过的)
[2026-07-24 11:57:11] VPS重算: 200
[2026-07-24 12:00:01] 抓到 8 场
[2026-07-24 12:00:07] ✓ 11个数据文件已同步VPS(rsync -u, 仅推送更新过的)
[2026-07-24 12:00:10] VPS重算: 200
[2026-07-24 12:08:01] 抓到 8 场
[2026-07-24 12:08:08] ✓ 11个数据文件已同步VPS(rsync -u, 仅推送更新过的)
[2026-07-24 12:09:38] VPS重算: 000
[2026-07-24 12:16:01] 抓到 8 场
[2026-07-24 12:16:08] ✓ 11个数据文件已同步VPS(rsync -u, 仅推送更新过的)
[2026-07-24 12:16:11] VPS重算: 200
[2026-07-24 12:24:01] 抓到 8 场
[2026-07-24 12:24:07] ✓ 11个数据文件已同步VPS(rsync -u, 仅推送更新过的)
[2026-07-24 12:25:10] VPS重算: 200
[2026-07-24 12:32:01] 抓到 8 场
[2026-07-24 12:32:07] ✓ 11个数据文件已同步VPS(rsync -u, 仅推送更新过的)
[2026-07-24 12:33:37] VPS重算: 000
[2026-07-24 12:40:01] 抓到 8 场
[2026-07-24 12:40:06] ✓ 11个数据文件已同步VPS(rsync -u, 仅推送更新过的)
[2026-07-24 12:40:07] VPS重算: 429
[2026-07-24 12:48:01] 抓到 8 场
[2026-07-24 12:48:12] ✓ 11个数据文件已同步VPS(rsync -u, 仅推送更新过的)
[2026-07-24 12:49:15] VPS重算: 200
[2026-07-24 12:56:01] 抓到 8 场
[2026-07-24 12:56:07] ✓ 11个数据文件已同步VPS(rsync -u, 仅推送更新过的)
[2026-07-24 12:57:09] VPS重算: 200
[2026-07-24 13:00:01] 抓到 8 场
[2026-07-24 13:00:06] ✓ 11个数据文件已同步VPS(rsync -u, 仅推送更新过的)
[2026-07-24 13:00:08] VPS重算: 200
[2026-07-24 13:08:01] 抓到 8 场
[2026-07-24 13:08:06] ✓ 11个数据文件已同步VPS(rsync -u, 仅推送更新过的)
[2026-07-24 13:08:08] VPS重算: 200
[2026-07-24 13:16:01] 抓到 8 场
[2026-07-24 13:16:06] ✓ 11个数据文件已同步VPS(rsync -u, 仅推送更新过的)
[2026-07-24 13:16:09] VPS重算: 200
[2026-07-24 13:24:02] 抓到 8 场
[2026-07-24 13:24:07] ✓ 11个数据文件已同步VPS(rsync -u, 仅推送更新过的)
[2026-07-24 13:24:09] VPS重算: 200
[2026-07-24 13:32:01] 抓到 8 场
[2026-07-24 13:32:07] ✓ 11个数据文件已同步VPS(rsync -u, 仅推送更新过的)
[2026-07-24 13:33:09] VPS重算: 200
[2026-07-24 13:40:01] 抓到 8 场
[2026-07-24 13:40:11] ✓ 11个数据文件已同步VPS(rsync -u, 仅推送更新过的)
[2026-07-24 13:41:41] VPS重算: 000
[2026-07-24 13:48:01] 抓到 8 场
[2026-07-24 13:48:12] ✓ 11个数据文件已同步VPS(rsync -u, 仅推送更新过的)
[2026-07-24 13:49:42] VPS重算: 000
[2026-07-24 13:56:01] 抓到 8 场
[2026-07-24 13:56:06] ✓ 11个数据文件已同步VPS(rsync -u, 仅推送更新过的)
[2026-07-24 13:56:40] VPS重算: 200
[2026-07-24 14:00:01] 抓到 8 场
[2026-07-24 14:00:07] ✓ 11个数据文件已同步VPS(rsync -u, 仅推送更新过的)
[2026-07-24 14:01:09] VPS重算: 200
[2026-07-24 14:08:01] 抓到 8 场
[2026-07-24 14:08:12] ✓ 11个数据文件已同步VPS(rsync -u, 仅推送更新过的)
[2026-07-24 14:08:14] VPS重算: 200
[2026-07-24 14:16:01] 抓到 8 场
[2026-07-24 14:16:07] ✓ 11个数据文件已同步VPS(rsync -u, 仅推送更新过的)
[2026-07-24 14:16:39] VPS重算: 200
[2026-07-24 14:24:01] 抓到 8 场
[2026-07-24 14:24:09] ✓ 11个数据文件已同步VPS(rsync -u, 仅推送更新过的)
[2026-07-24 14:24:12] VPS重算: 200
[2026-07-24 14:32:01] 抓到 8 场
[2026-07-24 14:32:08] ✓ 11个数据文件已同步VPS(rsync -u, 仅推送更新过的)
[2026-07-24 14:32:10] VPS重算: 200
[2026-07-24 14:40:01] 抓到 8 场
[2026-07-24 14:40:05] ✓ 11个数据文件已同步VPS(rsync -u, 仅推送更新过的)
[2026-07-24 14:41:08] VPS重算: 200
[2026-07-24 14:48:01] 抓到 8 场
[2026-07-24 14:48:05] ✓ 11个数据文件已同步VPS(rsync -u, 仅推送更新过的)
[2026-07-24 14:48:06] VPS重算: 429
[2026-07-24 14:56:01] 抓到 8 场
[2026-07-24 14:56:08] ✓ 11个数据文件已同步VPS(rsync -u, 仅推送更新过的)
[2026-07-24 14:56:10] VPS重算: 200
[2026-07-24 15:00:01] 抓到 8 场
[2026-07-24 15:00:07] ✓ 11个数据文件已同步VPS(rsync -u, 仅推送更新过的)
[2026-07-24 15:00:52] VPS重算: 200
[2026-07-24 15:08:01] 抓到 8 场
[2026-07-24 15:08:07] ✓ 11个数据文件已同步VPS(rsync -u, 仅推送更新过的)
[2026-07-24 15:08:09] VPS重算: 200
[2026-07-24 15:16:01] 抓到 8 场
[2026-07-24 15:16:07] ✓ 11个数据文件已同步VPS(rsync -u, 仅推送更新过的)
[2026-07-24 15:16:09] VPS重算: 200
[2026-07-24 15:24:01] 抓到 8 场
[2026-07-24 15:24:07] ✓ 11个数据文件已同步VPS(rsync -u, 仅推送更新过的)
[2026-07-24 15:24:10] VPS重算: 200
[2026-07-24 15:32:01] 抓到 8 场
[2026-07-24 15:32:06] ✓ 11个数据文件已同步VPS(rsync -u, 仅推送更新过的)
[2026-07-24 15:33:36] VPS重算: 000
[2026-07-24 15:40:01] 抓到 8 场
[2026-07-24 15:40:06] ✓ 11个数据文件已同步VPS(rsync -u, 仅推送更新过的)
[2026-07-24 15:41:09] VPS重算: 200
[2026-07-24 15:48:01] 抓到 8 场
[2026-07-24 15:48:06] ✓ 11个数据文件已同步VPS(rsync -u, 仅推送更新过的)
[2026-07-24 15:48:39] VPS重算: 200
[2026-07-24 15:56:01] 抓到 8 场
[2026-07-24 15:56:08] ✓ 11个数据文件已同步VPS(rsync -u, 仅推送更新过的)
[2026-07-24 15:56:10] VPS重算: 200
[2026-07-24 16:00:01] 抓到 8 场
[2026-07-24 16:00:09] ✓ 11个数据文件已同步VPS(rsync -u, 仅推送更新过的)
[2026-07-24 16:00:41] VPS重算: 200
[2026-07-24 16:08:01] 抓到 8 场
[2026-07-24 16:08:05] ✓ 11个数据文件已同步VPS(rsync -u, 仅推送更新过的)
[2026-07-24 16:09:35] VPS重算: 000
[2026-07-24 16:16:01] 抓到 8 场
[2026-07-24 16:16:07] ✓ 11个数据文件已同步VPS(rsync -u, 仅推送更新过的)
[2026-07-24 16:17:08] VPS重算: 200
[2026-07-24 16:24:01] 抓到 8 场
[2026-07-24 16:24:08] ✓ 11个数据文件已同步VPS(rsync -u, 仅推送更新过的)
[2026-07-24 16:25:38] VPS重算: 000
[2026-07-24 16:32:01] 抓到 8 场
[2026-07-24 16:32:07] ✓ 11个数据文件已同步VPS(rsync -u, 仅推送更新过的)
[2026-07-24 16:32:09] VPS重算: 200
[2026-07-24 16:40:01] 抓到 8 场
[2026-07-24 16:40:07] ✓ 11个数据文件已同步VPS(rsync -u, 仅推送更新过的)
[2026-07-24 16:40:09] VPS重算: 200
[2026-07-24 16:48:01] 抓到 8 场
[2026-07-24 16:48:08] ✓ 11个数据文件已同步VPS(rsync -u, 仅推送更新过的)
[2026-07-24 16:48:10] VPS重算: 200
[2026-07-24 16:56:01] 抓到 8 场
[2026-07-24 16:56:07] ✓ 11个数据文件已同步VPS(rsync -u, 仅推送更新过的)
[2026-07-24 16:56:13] VPS重算: 429
[2026-07-24 17:00:01] 抓到 8 场
[2026-07-24 17:00:05] ✓ 11个数据文件已同步VPS(rsync -u, 仅推送更新过的)
[2026-07-24 17:00:07] VPS重算: 200
[2026-07-24 17:08:02] 抓到 8 场
[2026-07-24 17:08:07] ✓ 11个数据文件已同步VPS(rsync -u, 仅推送更新过的)
[2026-07-24 17:09:09] VPS重算: 200
[2026-07-24 17:16:01] 抓到 8 场
[2026-07-24 17:16:07] ✓ 11个数据文件已同步VPS(rsync -u, 仅推送更新过的)
[2026-07-24 17:16:09] VPS重算: 200
[2026-07-24 17:24:01] 抓到 8 场
[2026-07-24 17:24:06] ✓ 11个数据文件已同步VPS(rsync -u, 仅推送更新过的)
[2026-07-24 17:24:08] VPS重算: 200
[2026-07-24 17:32:01] 抓到 8 场
[2026-07-24 17:32:05] ✓ 11个数据文件已同步VPS(rsync -u, 仅推送更新过的)
[2026-07-24 17:33:35] VPS重算: 000
[2026-07-24 17:40:01] 抓到 8 场
[2026-07-24 17:40:07] ✓ 11个数据文件已同步VPS(rsync -u, 仅推送更新过的)
[2026-07-24 17:41:09] VPS重算: 200
[2026-07-24 17:48:01] 抓到 8 场
[2026-07-24 17:48:06] ✓ 11个数据文件已同步VPS(rsync -u, 仅推送更新过的)
[2026-07-24 17:48:08] VPS重算: 200
[2026-07-24 17:56:02] 抓到 8 场
[2026-07-24 17:56:07] ✓ 11个数据文件已同步VPS(rsync -u, 仅推送更新过的)
[2026-07-24 17:57:10] VPS重算: 200
[2026-07-24 18:00:01] 抓到 8 场
[2026-07-24 18:00:05] ✓ 11个数据文件已同步VPS(rsync -u, 仅推送更新过的)
[2026-07-24 18:00:07] VPS重算: 200
[2026-07-24 18:08:01] 抓到 8 场
[2026-07-24 18:08:05] ✓ 11个数据文件已同步VPS(rsync -u, 仅推送更新过的)
[2026-07-24 18:09:09] VPS重算: 200
[2026-07-24 18:16:01] 抓到 8 场
[2026-07-24 18:16:06] ✓ 11个数据文件已同步VPS(rsync -u, 仅推送更新过的)
[2026-07-24 18:16:07] VPS重算: 429
[2026-07-24 18:24:01] 抓到 8 场
[2026-07-24 18:24:06] ✓ 11个数据文件已同步VPS(rsync -u, 仅推送更新过的)
[2026-07-24 18:24:08] VPS重算: 200
[2026-07-24 18:32:01] 抓到 8 场
[2026-07-24 18:32:12] ✓ 11个数据文件已同步VPS(rsync -u, 仅推送更新过的)
[2026-07-24 18:32:44] VPS重算: 200
[2026-07-24 18:40:02] 抓到 8 场
[2026-07-24 18:40:18] ✓ 11个数据文件已同步VPS(rsync -u, 仅推送更新过的)
[2026-07-24 18:40:49] VPS重算: 200
[2026-07-24 18:48:01] 抓到 8 场
[2026-07-24 18:48:07] ✓ 11个数据文件已同步VPS(rsync -u, 仅推送更新过的)
[2026-07-24 18:48:09] VPS重算: 429
[2026-07-24 18:56:01] 抓到 8 场
[2026-07-24 18:56:09] ✓ 11个数据文件已同步VPS(rsync -u, 仅推送更新过的)
[2026-07-24 18:57:39] VPS重算: 000
[2026-07-24 19:00:01] 抓到 8 场
[2026-07-24 19:00:07] ✓ 11个数据文件已同步VPS(rsync -u, 仅推送更新过的)
[2026-07-24 19:01:09] VPS重算: 200
[2026-07-24 19:08:01] 抓到 8 场
[2026-07-24 19:08:06] ✓ 11个数据文件已同步VPS(rsync -u, 仅推送更新过的)
[2026-07-24 19:09:08] VPS重算: 200
[2026-07-24 19:16:01] 抓到 8 场
[2026-07-24 19:16:07] ✓ 11个数据文件已同步VPS(rsync -u, 仅推送更新过的)
[2026-07-24 19:16:39] VPS重算: 200
[2026-07-24 19:24:01] 抓到 8 场
[2026-07-24 19:24:07] ✓ 11个数据文件已同步VPS(rsync -u, 仅推送更新过的)
[2026-07-24 19:25:09] VPS重算: 200
[2026-07-24 19:32:01] 抓到 8 场
[2026-07-24 19:32:12] ✓ 11个数据文件已同步VPS(rsync -u, 仅推送更新过的)
[2026-07-24 19:33:42] VPS重算: 000
[2026-07-24 19:40:01] 抓到 8 场
[2026-07-24 19:40:06] ✓ 11个数据文件已同步VPS(rsync -u, 仅推送更新过的)
[2026-07-24 19:41:36] VPS重算: 000
[2026-07-24 19:48:01] 抓到 8 场
[2026-07-24 19:48:07] ✓ 11个数据文件已同步VPS(rsync -u, 仅推送更新过的)
[2026-07-24 19:49:37] VPS重算: 000
[2026-07-24 21:16:01] 抓到 8 场
[2026-07-24 21:16:09] ✓ 11个数据文件已同步VPS(rsync -u, 仅推送更新过的)
[2026-07-24 21:16:12] VPS重算: 200
[2026-07-24 21:24:01] 抓到 8 场
[2026-07-24 21:24:07] ✓ 11个数据文件已同步VPS(rsync -u, 仅推送更新过的)
[2026-07-24 21:24:09] VPS重算: 200
[2026-07-24 21:32:01] 抓到 8 场
[2026-07-24 21:32:08] ✓ 11个数据文件已同步VPS(rsync -u, 仅推送更新过的)
[2026-07-24 21:32:09] VPS重算: 429
[2026-07-24 21:40:01] 抓到 8 场
[2026-07-24 21:40:08] ✓ 11个数据文件已同步VPS(rsync -u, 仅推送更新过的)
[2026-07-24 21:40:11] VPS重算: 200
[2026-07-24 21:48:01] 抓到 8 场
[2026-07-24 21:48:09] ✓ 11个数据文件已同步VPS(rsync -u, 仅推送更新过的)
[2026-07-24 21:48:11] VPS重算: 200
[2026-07-24 21:56:01] 抓到 8 场
[2026-07-24 21:56:07] ✓ 11个数据文件已同步VPS(rsync -u, 仅推送更新过的)
[2026-07-24 21:57:37] VPS重算: 000
[2026-07-24 22:00:01] 抓到 8 场
[2026-07-24 22:00:06] ✓ 11个数据文件已同步VPS(rsync -u, 仅推送更新过的)
[2026-07-24 22:01:36] VPS重算: 000
[2026-07-24 22:08:01] 抓到 8 场
[2026-07-24 22:08:07] ✓ 11个数据文件已同步VPS(rsync -u, 仅推送更新过的)
[2026-07-24 22:08:39] VPS重算: 200
[2026-07-24 23:48:01] 抓到 8 场
[2026-07-24 23:48:10] ✓ 11个数据文件已同步VPS(rsync -u, 仅推送更新过的)
[2026-07-24 23:49:40] VPS重算: 000
[2026-07-24 23:56:01] 抓到 8 场
[2026-07-24 23:56:06] ✓ 11个数据文件已同步VPS(rsync -u, 仅推送更新过的)
[2026-07-24 23:57:08] VPS重算: 200
[2026-07-25 00:00:01] 抓到 7 场
[2026-07-25 00:00:07] ✓ 11个数据文件已同步VPS(rsync -u, 仅推送更新过的)
[2026-07-25 00:00:39] VPS重算: 200
[2026-07-25 00:08:01] 抓到 7 场
[2026-07-25 00:08:07] ✓ 11个数据文件已同步VPS(rsync -u, 仅推送更新过的)
[2026-07-25 00:09:37] VPS重算: 000
[2026-07-25 00:16:01] 抓到 7 场
[2026-07-25 00:16:07] ✓ 11个数据文件已同步VPS(rsync -u, 仅推送更新过的)
[2026-07-25 00:16:09] VPS重算: 200
[2026-07-25 00:24:01] 抓到 7 场
[2026-07-25 00:24:07] ✓ 11个数据文件已同步VPS(rsync -u, 仅推送更新过的)
[2026-07-25 00:25:09] VPS重算: 200
[2026-07-25 00:32:01] 抓到 7 场
[2026-07-25 00:32:12] ✓ 11个数据文件已同步VPS(rsync -u, 仅推送更新过的)
[2026-07-25 00:32:17] VPS重算: 200
[2026-07-25 00:40:01] 抓到 7 场
[2026-07-25 00:40:08] ✓ 11个数据文件已同步VPS(rsync -u, 仅推送更新过的)
[2026-07-25 00:40:40] VPS重算: 200
[2026-07-25 00:48:01] 抓到 7 场
[2026-07-25 00:48:05] ✓ 11个数据文件已同步VPS(rsync -u, 仅推送更新过的)
[2026-07-25 00:49:35] VPS重算: 000
[2026-07-25 00:56:01] 抓到 7 场
[2026-07-25 00:56:07] ✓ 11个数据文件已同步VPS(rsync -u, 仅推送更新过的)
[2026-07-25 00:56:39] VPS重算: 200
[2026-07-25 01:00:01] 抓到 7 场
[2026-07-25 01:00:06] ✓ 11个数据文件已同步VPS(rsync -u, 仅推送更新过的)
[2026-07-25 01:01:36] VPS重算: 000
[2026-07-25 01:08:01] 抓到 6 场
[2026-07-25 01:08:10] ✓ 11个数据文件已同步VPS(rsync -u, 仅推送更新过的)
[2026-07-25 01:08:11] VPS重算: 429
[2026-07-25 01:16:01] 抓到 6 场
[2026-07-25 01:16:07] ✓ 11个数据文件已同步VPS(rsync -u, 仅推送更新过的)
[2026-07-25 01:16:39] VPS重算: 200
[2026-07-25 01:24:01] 抓到 6 场
[2026-07-25 01:24:07] ✓ 11个数据文件已同步VPS(rsync -u, 仅推送更新过的)
[2026-07-25 01:25:09] VPS重算: 200
[2026-07-25 01:32:01] 抓到 6 场
[2026-07-25 01:32:06] ✓ 11个数据文件已同步VPS(rsync -u, 仅推送更新过的)
[2026-07-25 01:32:38] VPS重算: 200
[2026-07-25 01:40:01] 抓到 6 场
[2026-07-25 01:40:06] ✓ 11个数据文件已同步VPS(rsync -u, 仅推送更新过的)
[2026-07-25 01:40:37] VPS重算: 200
[2026-07-25 01:48:01] 抓到 6 场
[2026-07-25 01:48:06] ✓ 11个数据文件已同步VPS(rsync -u, 仅推送更新过的)
[2026-07-25 01:48:38] VPS重算: 200
[2026-07-25 01:56:01] 抓到 6 场
[2026-07-25 01:56:06] ✓ 11个数据文件已同步VPS(rsync -u, 仅推送更新过的)
[2026-07-25 01:57:08] VPS重算: 200
[2026-07-25 02:00:01] 抓到 6 场
[2026-07-25 02:00:07] ✓ 11个数据文件已同步VPS(rsync -u, 仅推送更新过的)
[2026-07-25 02:00:08] VPS重算: 200
[2026-07-25 02:08:01] 抓到 6 场
[2026-07-25 02:08:06] ✓ 11个数据文件已同步VPS(rsync -u, 仅推送更新过的)
[2026-07-25 02:09:36] VPS重算: 000
[2026-07-25 02:16:01] 抓到 6 场
[2026-07-25 02:16:06] ✓ 11个数据文件已同步VPS(rsync -u, 仅推送更新过的)
[2026-07-25 02:16:08] VPS重算: 200
[2026-07-25 02:24:01] 抓到 6 场
[2026-07-25 02:24:06] ✓ 11个数据文件已同步VPS(rsync -u, 仅推送更新过的)
[2026-07-25 02:25:08] VPS重算: 200
[2026-07-25 02:32:01] 抓到 6 场
[2026-07-25 02:32:07] ✓ 11个数据文件已同步VPS(rsync -u, 仅推送更新过的)
[2026-07-25 02:32:08] VPS重算: 200
[2026-07-25 02:40:01] 抓到 6 场
[2026-07-25 02:40:07] ✓ 11个数据文件已同步VPS(rsync -u, 仅推送更新过的)
[2026-07-25 02:40:09] VPS重算: 200
[2026-07-25 02:48:01] 抓到 6 场
[2026-07-25 02:48:06] ✓ 11个数据文件已同步VPS(rsync -u, 仅推送更新过的)
[2026-07-25 02:49:36] VPS重算: 000
[2026-07-25 02:56:01] 抓到 6 场
[2026-07-25 02:56:06] ✓ 11个数据文件已同步VPS(rsync -u, 仅推送更新过的)
[2026-07-25 02:56:07] VPS重算: 200
[2026-07-25 03:00:01] 抓到 6 场
[2026-07-25 03:00:07] ✓ 11个数据文件已同步VPS(rsync -u, 仅推送更新过的)
[2026-07-25 03:00:09] VPS重算: 200
[2026-07-25 03:08:01] 抓到 6 场
[2026-07-25 03:08:06] ✓ 11个数据文件已同步VPS(rsync -u, 仅推送更新过的)
[2026-07-25 03:09:08] VPS重算: 200
[2026-07-25 03:16:01] 抓到 6 场
[2026-07-25 03:16:06] ✓ 11个数据文件已同步VPS(rsync -u, 仅推送更新过的)
[2026-07-25 03:17:36] VPS重算: 000
[2026-07-25 03:24:01] 抓到 6 场
[2026-07-25 03:24:06] ✓ 11个数据文件已同步VPS(rsync -u, 仅推送更新过的)
[2026-07-25 03:24:07] VPS重算: 200
[2026-07-25 03:32:01] 抓到 6 场
[2026-07-25 03:32:05] ✓ 11个数据文件已同步VPS(rsync -u, 仅推送更新过的)
[2026-07-25 03:32:07] VPS重算: 200
[2026-07-25 03:40:01] 抓到 6 场
[2026-07-25 03:40:05] ✓ 11个数据文件已同步VPS(rsync -u, 仅推送更新过的)
[2026-07-25 03:41:07] VPS重算: 200
[2026-07-25 03:48:01] 抓到 6 场
[2026-07-25 03:48:06] ✓ 11个数据文件已同步VPS(rsync -u, 仅推送更新过的)
[2026-07-25 03:48:07] VPS重算: 200
[2026-07-25 03:56:01] 抓到 6 场
[2026-07-25 03:56:05] ✓ 11个数据文件已同步VPS(rsync -u, 仅推送更新过的)
[2026-07-25 03:57:07] VPS重算: 200
[2026-07-25 04:00:01] 抓到 6 场
[2026-07-25 04:00:05] ✓ 11个数据文件已同步VPS(rsync -u, 仅推送更新过的)
[2026-07-25 04:00:07] VPS重算: 200
[2026-07-25 04:08:01] 抓到 6 场
[2026-07-25 04:08:05] ✓ 11个数据文件已同步VPS(rsync -u, 仅推送更新过的)
[2026-07-25 04:09:06] VPS重算: 200
[2026-07-25 04:16:01] 抓到 6 场
[2026-07-25 04:16:05] ✓ 11个数据文件已同步VPS(rsync -u, 仅推送更新过的)
[2026-07-25 04:16:06] VPS重算: 200
[2026-07-25 04:24:01] 抓到 6 场
[2026-07-25 04:24:05] ✓ 11个数据文件已同步VPS(rsync -u, 仅推送更新过的)
[2026-07-25 04:24:37] VPS重算: 200
[2026-07-25 04:32:01] 抓到 6 场
[2026-07-25 04:32:07] ✓ 11个数据文件已同步VPS(rsync -u, 仅推送更新过的)
[2026-07-25 04:33:08] VPS重算: 200
[2026-07-25 04:40:01] 抓到 6 场
[2026-07-25 04:40:06] ✓ 11个数据文件已同步VPS(rsync -u, 仅推送更新过的)
[2026-07-25 04:40:07] VPS重算: 200
[2026-07-25 04:48:01] 抓到 6 场
[2026-07-25 04:48:06] ✓ 11个数据文件已同步VPS(rsync -u, 仅推送更新过的)
[2026-07-25 04:49:36] VPS重算: 000
[2026-07-25 04:56:01] 抓到 6 场
[2026-07-25 04:56:05] ✓ 11个数据文件已同步VPS(rsync -u, 仅推送更新过的)
[2026-07-25 04:57:35] VPS重算: 000
[2026-07-25 05:00:01] 抓到 6 场
[2026-07-25 05:00:06] ✓ 11个数据文件已同步VPS(rsync -u, 仅推送更新过的)
[2026-07-25 05:00:07] VPS重算: 200
[2026-07-25 05:08:01] 抓到 6 场
[2026-07-25 05:08:06] ✓ 11个数据文件已同步VPS(rsync -u, 仅推送更新过的)
[2026-07-25 05:08:37] VPS重算: 200
[2026-07-25 05:16:01] 抓到 6 场
[2026-07-25 05:16:05] ✓ 11个数据文件已同步VPS(rsync -u, 仅推送更新过的)
[2026-07-25 05:16:36] VPS重算: 200
[2026-07-25 05:24:01] 抓到 6 场
[2026-07-25 05:24:05] ✓ 11个数据文件已同步VPS(rsync -u, 仅推送更新过的)
[2026-07-25 05:24:07] VPS重算: 200
[2026-07-25 05:32:01] 抓到 6 场
[2026-07-25 05:32:06] ✓ 11个数据文件已同步VPS(rsync -u, 仅推送更新过的)
[2026-07-25 05:32:37] VPS重算: 200
[2026-07-25 05:40:01] 抓到 6 场
[2026-07-25 05:40:06] ✓ 11个数据文件已同步VPS(rsync -u, 仅推送更新过的)
[2026-07-25 05:40:37] VPS重算: 200
[2026-07-25 05:48:01] 抓到 6 场
[2026-07-25 05:48:06] ✓ 11个数据文件已同步VPS(rsync -u, 仅推送更新过的)
[2026-07-25 05:48:08] VPS重算: 200
[2026-07-25 05:56:01] 抓到 6 场
[2026-07-25 05:56:05] ✓ 11个数据文件已同步VPS(rsync -u, 仅推送更新过的)
[2026-07-25 05:57:07] VPS重算: 200
[2026-07-25 06:00:01] 抓到 6 场
[2026-07-25 06:00:06] ✓ 11个数据文件已同步VPS(rsync -u, 仅推送更新过的)
[2026-07-25 06:00:37] VPS重算: 200
[2026-07-25 06:08:01] 抓到 6 场
[2026-07-25 06:08:05] ✓ 11个数据文件已同步VPS(rsync -u, 仅推送更新过的)
[2026-07-25 06:08:37] VPS重算: 200
[2026-07-25 06:16:01] 抓到 6 场
[2026-07-25 06:16:06] ✓ 11个数据文件已同步VPS(rsync -u, 仅推送更新过的)
[2026-07-25 06:16:06] VPS重算: 429
[2026-07-25 06:24:01] 抓到 6 场
[2026-07-25 06:24:06] ✓ 11个数据文件已同步VPS(rsync -u, 仅推送更新过的)
[2026-07-25 06:24:38] VPS重算: 200
[2026-07-25 06:32:01] 抓到 6 场
[2026-07-25 06:32:05] ✓ 11个数据文件已同步VPS(rsync -u, 仅推送更新过的)
[2026-07-25 06:33:35] VPS重算: 000
[2026-07-25 06:40:01] 抓到 6 场
[2026-07-25 06:40:06] ✓ 11个数据文件已同步VPS(rsync -u, 仅推送更新过的)
[2026-07-25 06:40:38] VPS重算: 200
[2026-07-25 06:48:01] 抓到 6 场
[2026-07-25 06:48:06] ✓ 11个数据文件已同步VPS(rsync -u, 仅推送更新过的)
[2026-07-25 06:49:07] VPS重算: 200
[2026-07-25 06:56:01] 抓到 6 场
[2026-07-25 06:56:06] ✓ 11个数据文件已同步VPS(rsync -u, 仅推送更新过的)
[2026-07-25 06:56:07] VPS重算: 200
[2026-07-25 07:00:01] 抓到 6 场
[2026-07-25 07:00:05] ✓ 11个数据文件已同步VPS(rsync -u, 仅推送更新过的)
[2026-07-25 07:00:05] VPS重算: 429
[2026-07-25 07:08:01] 抓到 6 场
[2026-07-25 07:08:06] ✓ 11个数据文件已同步VPS(rsync -u, 仅推送更新过的)
[2026-07-25 07:08:37] VPS重算: 200
[2026-07-25 07:16:01] 抓到 6 场
[2026-07-25 07:16:06] ✓ 11个数据文件已同步VPS(rsync -u, 仅推送更新过的)
[2026-07-25 07:16:37] VPS重算: 200
[2026-07-25 07:24:01] 抓到 6 场
[2026-07-25 07:24:06] ✓ 11个数据文件已同步VPS(rsync -u, 仅推送更新过的)
[2026-07-25 07:24:07] VPS重算: 200
[2026-07-25 07:48:01] 抓到 6 场
[2026-07-25 07:48:06] ✓ 11个数据文件已同步VPS(rsync -u, 仅推送更新过的)
[2026-07-25 07:49:08] VPS重算: 200
[2026-07-25 07:56:01] 抓到 6 场
[2026-07-25 07:56:05] ✓ 11个数据文件已同步VPS(rsync -u, 仅推送更新过的)
[2026-07-25 07:56:37] VPS重算: 200
[2026-07-25 08:00:01] 抓到 6 场
[2026-07-25 08:00:05] ✓ 11个数据文件已同步VPS(rsync -u, 仅推送更新过的)
[2026-07-25 08:00:07] VPS重算: 200
[2026-07-25 08:08:01] 抓到 6 场
[2026-07-25 08:08:07] ✓ 11个数据文件已同步VPS(rsync -u, 仅推送更新过的)
[2026-07-25 08:08:38] VPS重算: 200
[2026-07-25 08:16:01] 抓到 6 场
[2026-07-25 08:16:05] ✓ 11个数据文件已同步VPS(rsync -u, 仅推送更新过的)
[2026-07-25 08:17:35] VPS重算: 000
[2026-07-25 08:24:01] 抓到 6 场
[2026-07-25 08:24:06] ✓ 11个数据文件已同步VPS(rsync -u, 仅推送更新过的)
[2026-07-25 08:25:08] VPS重算: 200
[2026-07-25 08:32:01] 抓到 6 场
[2026-07-25 08:32:27] ✓ 11个数据文件已同步VPS(rsync -u, 仅推送更新过的)
[2026-07-25 08:33:57] VPS重算: 000
[2026-07-25 08:40:01]   ⚠ 体彩抓取失败(<urlopen error [SSL: UNEXPECTED_EOF_WHILE_READING] EOF occurred in violation of protocol (_ssl.c:1000)>), 回退缓存 odds_parsed.json (8分钟前)
[2026-07-25 08:40:01] 抓到 6 场
[2026-07-25 08:40:33] ✓ 11个数据文件已同步VPS(rsync -u, 仅推送更新过的)
[2026-07-25 08:40:35] VPS重算: 200
[2026-07-25 08:48:01] 抓到 6 场
[2026-07-25 08:48:07] ✓ 11个数据文件已同步VPS(rsync -u, 仅推送更新过的)
[2026-07-25 08:48:08] VPS重算: 200
[2026-07-25 08:56:01] 抓到 6 场
[2026-07-25 08:56:08] ✓ 11个数据文件已同步VPS(rsync -u, 仅推送更新过的)
[2026-07-25 08:57:38] VPS重算: 000
[2026-07-25 09:00:01] 抓到 6 场
[2026-07-25 09:00:07] ✓ 11个数据文件已同步VPS(rsync -u, 仅推送更新过的)
[2026-07-25 09:00:10] VPS重算: 200
[2026-07-25 09:08:01] 抓到 6 场
[2026-07-25 09:08:06] ✓ 11个数据文件已同步VPS(rsync -u, 仅推送更新过的)
[2026-07-25 09:08:09] VPS重算: 200
[2026-07-25 09:16:01] 抓到 6 场
[2026-07-25 09:16:07] ✓ 11个数据文件已同步VPS(rsync -u, 仅推送更新过的)
[2026-07-25 09:17:08] VPS重算: 200
[2026-07-25 09:24:01] 抓到 6 场
[2026-07-25 09:24:07] ✓ 11个数据文件已同步VPS(rsync -u, 仅推送更新过的)
[2026-07-25 09:24:39] VPS重算: 200
[2026-07-25 09:32:01] 抓到 6 场
[2026-07-25 09:32:20] ✓ 11个数据文件已同步VPS(rsync -u, 仅推送更新过的)
[2026-07-25 09:33:50] VPS重算: 000
[2026-07-25 09:40:01] 抓到 6 场
[2026-07-25 09:40:05] ✓ 11个数据文件已同步VPS(rsync -u, 仅推送更新过的)
[2026-07-25 09:40:06] VPS重算: 429
[2026-07-25 09:48:01] 抓到 6 场
[2026-07-25 09:48:07] ✓ 11个数据文件已同步VPS(rsync -u, 仅推送更新过的)
[2026-07-25 09:49:37] VPS重算: 000
[2026-07-25 09:56:01] 抓到 6 场
[2026-07-25 09:56:06] ✓ 11个数据文件已同步VPS(rsync -u, 仅推送更新过的)
[2026-07-25 09:56:37] VPS重算: 200
[2026-07-25 10:00:01] 抓到 6 场
[2026-07-25 10:00:08] ✓ 11个数据文件已同步VPS(rsync -u, 仅推送更新过的)
[2026-07-25 10:00:39] VPS重算: 200
[2026-07-25 10:08:01] 抓到 6 场
[2026-07-25 10:08:07] ✓ 11个数据文件已同步VPS(rsync -u, 仅推送更新过的)
[2026-07-25 10:08:09] VPS重算: 200
[2026-07-25 10:16:01] 抓到 6 场
[2026-07-25 10:16:07] ✓ 11个数据文件已同步VPS(rsync -u, 仅推送更新过的)
[2026-07-25 10:17:08] VPS重算: 200
[2026-07-25 10:24:01] 抓到 6 场
[2026-07-25 10:24:07] ✓ 11个数据文件已同步VPS(rsync -u, 仅推送更新过的)
[2026-07-25 10:25:08] VPS重算: 200
[2026-07-25 10:32:01] 抓到 6 场
[2026-07-25 10:32:15] ✓ 11个数据文件已同步VPS(rsync -u, 仅推送更新过的)
[2026-07-25 10:32:18] VPS重算: 200
[2026-07-25 10:40:01] 抓到 6 场
[2026-07-25 10:40:07] ✓ 11个数据文件已同步VPS(rsync -u, 仅推送更新过的)
[2026-07-25 10:41:37] VPS重算: 000
[2026-07-25 10:48:01] 抓到 6 场
[2026-07-25 10:48:07] ✓ 11个数据文件已同步VPS(rsync -u, 仅推送更新过的)
[2026-07-25 10:49:37] VPS重算: 000
[2026-07-25 10:56:01] 抓到 6 场
[2026-07-25 10:56:06] ✓ 11个数据文件已同步VPS(rsync -u, 仅推送更新过的)
[2026-07-25 10:56:38] VPS重算: 200
[2026-07-25 11:00:01] 抓到 6 场
[2026-07-25 11:00:05] ✓ 11个数据文件已同步VPS(rsync -u, 仅推送更新过的)
[2026-07-25 11:01:35] VPS重算: 000
[2026-07-25 11:08:01] 抓到 31 场
[2026-07-25 11:08:06] ✓ 11个数据文件已同步VPS(rsync -u, 仅推送更新过的)
[2026-07-25 11:08:38] VPS重算: 200
[2026-07-25 11:16:01] 抓到 31 场
[2026-07-25 11:16:05] ✓ 11个数据文件已同步VPS(rsync -u, 仅推送更新过的)
[2026-07-25 11:16:37] VPS重算: 200
[2026-07-25 11:24:01] 抓到 31 场
[2026-07-25 11:24:07] ✓ 11个数据文件已同步VPS(rsync -u, 仅推送更新过的)
[2026-07-25 11:24:39] VPS重算: 200
[2026-07-25 11:32:01] 抓到 31 场
[2026-07-25 11:32:08] ✓ 11个数据文件已同步VPS(rsync -u, 仅推送更新过的)
[2026-07-25 11:32:10] VPS重算: 200
[2026-07-25 11:40:01] 抓到 31 场
[2026-07-25 11:40:09] ✓ 11个数据文件已同步VPS(rsync -u, 仅推送更新过的)
[2026-07-25 11:40:11] VPS重算: 200
[2026-07-25 11:48:01] 抓到 31 场
[2026-07-25 11:48:07] ✓ 11个数据文件已同步VPS(rsync -u, 仅推送更新过的)
[2026-07-25 11:49:37] VPS重算: 000
[2026-07-25 11:56:01] 抓到 31 场
[2026-07-25 11:56:06] ✓ 11个数据文件已同步VPS(rsync -u, 仅推送更新过的)
[2026-07-25 11:56:07] VPS重算: 200
[2026-07-25 12:00:01] 抓到 31 场
[2026-07-25 12:00:06] ✓ 11个数据文件已同步VPS(rsync -u, 仅推送更新过的)
[2026-07-25 12:00:38] VPS重算: 200
[2026-07-25 12:08:01] 抓到 31 场
[2026-07-25 12:08:08] ✓ 11个数据文件已同步VPS(rsync -u, 仅推送更新过的)
[2026-07-25 12:08:10] VPS重算: 200
[2026-07-25 12:16:01] 抓到 31 场
[2026-07-25 12:16:07] ✓ 11个数据文件已同步VPS(rsync -u, 仅推送更新过的)
[2026-07-25 12:16:08] VPS重算: 200
[2026-07-25 12:24:01] 抓到 31 场
[2026-07-25 12:24:07] ✓ 11个数据文件已同步VPS(rsync -u, 仅推送更新过的)
[2026-07-25 12:24:08] VPS重算: 200
[2026-07-25 12:32:01] 抓到 31 场
[2026-07-25 12:32:07] ✓ 11个数据文件已同步VPS(rsync -u, 仅推送更新过的)
[2026-07-25 12:32:08] VPS重算: 429
[2026-07-25 12:40:01] 抓到 31 场
[2026-07-25 12:40:07] ✓ 11个数据文件已同步VPS(rsync -u, 仅推送更新过的)
[2026-07-25 12:40:09] VPS重算: 200
[2026-07-25 12:48:01] 抓到 31 场
[2026-07-25 12:48:07] ✓ 11个数据文件已同步VPS(rsync -u, 仅推送更新过的)
[2026-07-25 12:48:39] VPS重算: 200
[2026-07-25 12:56:01] 抓到 31 场
[2026-07-25 12:56:07] ✓ 11个数据文件已同步VPS(rsync -u, 仅推送更新过的)
[2026-07-25 12:57:37] VPS重算: 000
[2026-07-25 13:00:01] 抓到 31 场
[2026-07-25 13:00:06] ✓ 11个数据文件已同步VPS(rsync -u, 仅推送更新过的)
[2026-07-25 13:00:38] VPS重算: 200
[2026-07-25 13:08:01] 抓到 31 场
[2026-07-25 13:08:08] ✓ 11个数据文件已同步VPS(rsync -u, 仅推送更新过的)
[2026-07-25 13:09:38] VPS重算: 000
[2026-07-25 13:16:01] 抓到 31 场
[2026-07-25 13:16:07] ✓ 11个数据文件已同步VPS(rsync -u, 仅推送更新过的)
[2026-07-25 13:16:07] VPS重算: 429
[2026-07-25 13:24:01] 抓到 31 场
[2026-07-25 13:24:06] ✓ 11个数据文件已同步VPS(rsync -u, 仅推送更新过的)
[2026-07-25 13:25:36] VPS重算: 000
[2026-07-25 13:32:01] 抓到 31 场
[2026-07-25 13:32:07] ✓ 11个数据文件已同步VPS(rsync -u, 仅推送更新过的)
[2026-07-25 13:32:09] VPS重算: 200
[2026-07-25 13:40:01] 抓到 31 场
[2026-07-25 13:40:07] ✓ 11个数据文件已同步VPS(rsync -u, 仅推送更新过的)
[2026-07-25 13:41:08] VPS重算: 200
[2026-07-25 13:48:01] 抓到 31 场
[2026-07-25 13:48:07] ✓ 11个数据文件已同步VPS(rsync -u, 仅推送更新过的)
[2026-07-25 13:48:39] VPS重算: 200
[2026-07-25 13:56:01] 抓到 31 场
[2026-07-25 13:56:08] ✓ 11个数据文件已同步VPS(rsync -u, 仅推送更新过的)
[2026-07-25 13:56:40] VPS重算: 200
[2026-07-25 14:00:01] 抓到 31 场
[2026-07-25 14:00:07] ✓ 11个数据文件已同步VPS(rsync -u, 仅推送更新过的)
[2026-07-25 14:00:08] VPS重算: 200
[2026-07-25 14:08:01] 抓到 31 场
[2026-07-25 14:08:06] ✓ 11个数据文件已同步VPS(rsync -u, 仅推送更新过的)
[2026-07-25 14:08:08] VPS重算: 200
[2026-07-25 14:16:01] 抓到 31 场
[2026-07-25 14:16:07] ✓ 11个数据文件已同步VPS(rsync -u, 仅推送更新过的)
[2026-07-25 14:17:09] VPS重算: 200
[2026-07-25 14:24:01] 抓到 31 场
[2026-07-25 14:24:07] ✓ 11个数据文件已同步VPS(rsync -u, 仅推送更新过的)
[2026-07-25 14:24:10] VPS重算: 200
[2026-07-25 14:32:01] 抓到 31 场
[2026-07-25 14:32:08] ✓ 11个数据文件已同步VPS(rsync -u, 仅推送更新过的)
[2026-07-25 14:33:38] VPS重算: 000
[2026-07-25 14:40:01] 抓到 31 场
[2026-07-25 14:40:07] ✓ 11个数据文件已同步VPS(rsync -u, 仅推送更新过的)
[2026-07-25 14:41:09] VPS重算: 200
[2026-07-25 14:48:01] 抓到 31 场
[2026-07-25 14:48:07] ✓ 11个数据文件已同步VPS(rsync -u, 仅推送更新过的)
[2026-07-25 14:48:39] VPS重算: 200
[2026-07-25 14:56:01] 抓到 31 场
[2026-07-25 14:56:07] ✓ 11个数据文件已同步VPS(rsync -u, 仅推送更新过的)
[2026-07-25 14:56:08] VPS重算: 429
[2026-07-25 15:00:01] 抓到 31 场
[2026-07-25 15:00:06] ✓ 11个数据文件已同步VPS(rsync -u, 仅推送更新过的)
[2026-07-25 15:00:08] VPS重算: 200
[2026-07-25 15:08:01] 抓到 31 场
[2026-07-25 15:08:07] ✓ 11个数据文件已同步VPS(rsync -u, 仅推送更新过的)
[2026-07-25 15:08:08] VPS重算: 429
[2026-07-25 15:16:01] 抓到 31 场
[2026-07-25 15:16:07] ✓ 11个数据文件已同步VPS(rsync -u, 仅推送更新过的)
[2026-07-25 15:17:37] VPS重算: 000
[2026-07-25 15:24:01] 抓到 31 场
[2026-07-25 15:24:09] ✓ 11个数据文件已同步VPS(rsync -u, 仅推送更新过的)
[2026-07-25 15:25:39] VPS重算: 000
[2026-07-25 15:32:01] 抓到 31 场
[2026-07-25 15:32:08] ✓ 11个数据文件已同步VPS(rsync -u, 仅推送更新过的)
[2026-07-25 15:32:10] VPS重算: 200
[2026-07-25 15:40:01] 抓到 31 场
[2026-07-25 15:40:09] ✓ 11个数据文件已同步VPS(rsync -u, 仅推送更新过的)
[2026-07-25 15:41:11] VPS重算: 200
[2026-07-25 15:48:01] 抓到 31 场
[2026-07-25 15:48:08] ✓ 11个数据文件已同步VPS(rsync -u, 仅推送更新过的)
[2026-07-25 15:49:38] VPS重算: 000
[2026-07-25 15:56:01] 抓到 31 场
[2026-07-25 15:56:07] ✓ 11个数据文件已同步VPS(rsync -u, 仅推送更新过的)
[2026-07-25 15:56:10] VPS重算: 200
[2026-07-25 16:00:02] 抓到 31 场
[2026-07-25 16:00:08] ✓ 11个数据文件已同步VPS(rsync -u, 仅推送更新过的)
[2026-07-25 16:00:40] VPS重算: 200
[2026-07-25 16:08:01] 抓到 31 场
[2026-07-25 16:08:08] ✓ 11个数据文件已同步VPS(rsync -u, 仅推送更新过的)
[2026-07-25 16:09:10] VPS重算: 200
[2026-07-25 16:16:01] 抓到 31 场
[2026-07-25 16:16:09] ✓ 11个数据文件已同步VPS(rsync -u, 仅推送更新过的)
[2026-07-25 16:16:41] VPS重算: 200
[2026-07-25 16:24:01] 抓到 31 场
[2026-07-25 16:24:08] ✓ 11个数据文件已同步VPS(rsync -u, 仅推送更新过的)
[2026-07-25 16:24:40] VPS重算: 200
[2026-07-25 16:32:01] 抓到 31 场
[2026-07-25 16:32:06] ✓ 11个数据文件已同步VPS(rsync -u, 仅推送更新过的)
[2026-07-25 16:32:38] VPS重算: 200
[2026-07-25 16:40:01] 抓到 31 场
[2026-07-25 16:40:07] ✓ 11个数据文件已同步VPS(rsync -u, 仅推送更新过的)
[2026-07-25 16:40:38] VPS重算: 200
[2026-07-25 16:48:01] 抓到 31 场
[2026-07-25 16:48:08] ✓ 11个数据文件已同步VPS(rsync -u, 仅推送更新过的)
[2026-07-25 16:48:09] VPS重算: 200
[2026-07-25 16:56:01] 抓到 31 场
[2026-07-25 16:56:08] ✓ 11个数据文件已同步VPS(rsync -u, 仅推送更新过的)
[2026-07-25 16:57:38] VPS重算: 000
[2026-07-25 17:00:01] 抓到 31 场
[2026-07-25 17:00:07] ✓ 11个数据文件已同步VPS(rsync -u, 仅推送更新过的)
[2026-07-25 17:00:08] VPS重算: 200
[2026-07-25 17:08:01] 抓到 31 场
[2026-07-25 17:08:08] ✓ 11个数据文件已同步VPS(rsync -u, 仅推送更新过的)
[2026-07-25 17:08:10] VPS重算: 200
[2026-07-25 17:16:01] 抓到 31 场
[2026-07-25 17:16:08] ✓ 11个数据文件已同步VPS(rsync -u, 仅推送更新过的)
[2026-07-25 17:16:40] VPS重算: 200
[2026-07-25 17:24:01] 抓到 31 场
[2026-07-25 17:24:08] ✓ 11个数据文件已同步VPS(rsync -u, 仅推送更新过的)
[2026-07-25 17:24:09] VPS重算: 429
[2026-07-25 17:32:01] 抓到 31 场
[2026-07-25 17:32:08] ✓ 11个数据文件已同步VPS(rsync -u, 仅推送更新过的)
[2026-07-25 17:32:10] VPS重算: 200
[2026-07-25 17:40:01] 抓到 31 场
[2026-07-25 17:40:08] ✓ 11个数据文件已同步VPS(rsync -u, 仅推送更新过的)
[2026-07-25 17:40:41] VPS重算: 200
[2026-07-25 17:48:01] 抓到 31 场
[2026-07-25 17:48:08] ✓ 11个数据文件已同步VPS(rsync -u, 仅推送更新过的)
[2026-07-25 17:48:10] VPS重算: 200
[2026-07-25 17:56:01] 抓到 31 场
[2026-07-25 17:56:08] ✓ 11个数据文件已同步VPS(rsync -u, 仅推送更新过的)
[2026-07-25 17:57:09] VPS重算: 200
[2026-07-25 18:00:01] 抓到 31 场
[2026-07-25 18:00:07] ✓ 11个数据文件已同步VPS(rsync -u, 仅推送更新过的)
[2026-07-25 18:01:37] VPS重算: 000
[2026-07-25 18:08:01] 抓到 31 场
[2026-07-25 18:08:07] ✓ 11个数据文件已同步VPS(rsync -u, 仅推送更新过的)
[2026-07-25 18:09:37] VPS重算: 000
[2026-07-25 18:16:01] 抓到 31 场
[2026-07-25 18:16:08] ✓ 11个数据文件已同步VPS(rsync -u, 仅推送更新过的)
[2026-07-25 18:17:38] VPS重算: 000
[2026-07-25 18:24:01] 抓到 31 场
[2026-07-25 18:24:07] ✓ 11个数据文件已同步VPS(rsync -u, 仅推送更新过的)
[2026-07-25 18:24:09] VPS重算: 200
[2026-07-25 18:32:01] 抓到 29 场
[2026-07-25 18:32:06] ✓ 11个数据文件已同步VPS(rsync -u, 仅推送更新过的)
[2026-07-25 18:32:07] VPS重算: 200
[2026-07-25 18:40:01] 抓到 29 场
[2026-07-25 18:40:06] ✓ 11个数据文件已同步VPS(rsync -u, 仅推送更新过的)
[2026-07-25 18:40:08] VPS重算: 200
[2026-07-25 18:48:01] 抓到 29 场
[2026-07-25 18:48:06] ✓ 11个数据文件已同步VPS(rsync -u, 仅推送更新过的)
[2026-07-25 18:48:38] VPS重算: 200
[2026-07-25 18:56:01] 抓到 29 场
[2026-07-25 18:56:08] ✓ 11个数据文件已同步VPS(rsync -u, 仅推送更新过的)
[2026-07-25 18:56:10] VPS重算: 200
[2026-07-25 19:00:01] 抓到 29 场
[2026-07-25 19:00:06] ✓ 11个数据文件已同步VPS(rsync -u, 仅推送更新过的)
[2026-07-25 19:00:38] VPS重算: 200
[2026-07-25 19:08:01] 抓到 29 场
[2026-07-25 19:08:06] ✓ 11个数据文件已同步VPS(rsync -u, 仅推送更新过的)
[2026-07-25 19:08:38] VPS重算: 200
[2026-07-25 19:16:01] 抓到 29 场
[2026-07-25 19:16:07] ✓ 11个数据文件已同步VPS(rsync -u, 仅推送更新过的)
[2026-07-25 19:16:09] VPS重算: 200
[2026-07-25 19:24:01] 抓到 29 场
[2026-07-25 19:24:06] ✓ 11个数据文件已同步VPS(rsync -u, 仅推送更新过的)
[2026-07-25 19:24:08] VPS重算: 200
[2026-07-25 19:32:01] 抓到 29 场
[2026-07-25 19:32:05] ✓ 11个数据文件已同步VPS(rsync -u, 仅推送更新过的)
[2026-07-25 19:33:35] VPS重算: 000
[2026-07-25 19:40:01] 抓到 29 场
[2026-07-25 19:40:06] ✓ 11个数据文件已同步VPS(rsync -u, 仅推送更新过的)
[2026-07-25 19:40:07] VPS重算: 200
[2026-07-25 19:48:01] 抓到 29 场
[2026-07-25 19:48:06] ✓ 11个数据文件已同步VPS(rsync -u, 仅推送更新过的)
[2026-07-25 19:49:36] VPS重算: 000
[2026-07-25 19:56:01] 抓到 29 场
[2026-07-25 19:56:05] ✓ 11个数据文件已同步VPS(rsync -u, 仅推送更新过的)
[2026-07-25 19:56:37] VPS重算: 200
[2026-07-25 20:00:01] 抓到 29 场
[2026-07-25 20:00:07] ✓ 11个数据文件已同步VPS(rsync -u, 仅推送更新过的)
[2026-07-25 20:01:08] VPS重算: 200
[2026-07-25 20:08:01] 抓到 29 场
[2026-07-25 20:08:06] ✓ 11个数据文件已同步VPS(rsync -u, 仅推送更新过的)
[2026-07-25 20:08:07] VPS重算: 200
[2026-07-25 20:16:01] 抓到 29 场
[2026-07-25 20:16:07] ✓ 11个数据文件已同步VPS(rsync -u, 仅推送更新过的)
[2026-07-25 20:16:39] VPS重算: 200
[2026-07-25 20:24:01] 抓到 29 场
[2026-07-25 20:24:06] ✓ 11个数据文件已同步VPS(rsync -u, 仅推送更新过的)
[2026-07-25 20:24:37] VPS重算: 200
[2026-07-25 20:32:01] 抓到 29 场
[2026-07-25 20:32:06] ✓ 11个数据文件已同步VPS(rsync -u, 仅推送更新过的)
[2026-07-25 20:32:38] VPS重算: 200
[2026-07-25 20:40:01] 抓到 29 场
[2026-07-25 20:40:07] ✓ 11个数据文件已同步VPS(rsync -u, 仅推送更新过的)
[2026-07-25 20:40:38] VPS重算: 200
[2026-07-25 20:48:01] 抓到 29 场
[2026-07-25 20:48:06] ✓ 11个数据文件已同步VPS(rsync -u, 仅推送更新过的)
[2026-07-25 20:48:08] VPS重算: 200
[2026-07-25 20:56:01] 抓到 29 场
[2026-07-25 20:56:06] ✓ 11个数据文件已同步VPS(rsync -u, 仅推送更新过的)
[2026-07-25 20:56:08] VPS重算: 200
[2026-07-25 21:00:01] 抓到 29 场
[2026-07-25 21:00:06] ✓ 11个数据文件已同步VPS(rsync -u, 仅推送更新过的)
[2026-07-25 21:00:08] VPS重算: 200
[2026-07-25 21:08:01] 抓到 28 场
[2026-07-25 21:08:06] ✓ 11个数据文件已同步VPS(rsync -u, 仅推送更新过的)
[2026-07-25 21:09:36] VPS重算: 000
[2026-07-25 21:16:01] 抓到 28 场
[2026-07-25 21:16:06] ✓ 11个数据文件已同步VPS(rsync -u, 仅推送更新过的)
[2026-07-25 21:16:08] VPS重算: 200
[2026-07-25 21:24:01] 抓到 28 场
[2026-07-25 21:24:05] ✓ 11个数据文件已同步VPS(rsync -u, 仅推送更新过的)
[2026-07-25 21:25:07] VPS重算: 200
[2026-07-25 21:32:01] 抓到 27 场
[2026-07-25 21:32:06] ✓ 11个数据文件已同步VPS(rsync -u, 仅推送更新过的)
[2026-07-25 21:33:09] VPS重算: 200
[2026-07-25 21:40:01] 抓到 27 场
[2026-07-25 21:40:07] ✓ 11个数据文件已同步VPS(rsync -u, 仅推送更新过的)
[2026-07-25 21:41:08] VPS重算: 200
[2026-07-25 21:48:01] 抓到 27 场
[2026-07-25 21:48:07] ✓ 11个数据文件已同步VPS(rsync -u, 仅推送更新过的)
[2026-07-25 21:48:08] VPS重算: 200
[2026-07-25 21:56:01] 抓到 27 场
[2026-07-25 21:56:06] ✓ 11个数据文件已同步VPS(rsync -u, 仅推送更新过的)
[2026-07-25 21:56:07] VPS重算: 429
[2026-07-25 22:00:01] 抓到 27 场
[2026-07-25 22:00:07] ✓ 11个数据文件已同步VPS(rsync -u, 仅推送更新过的)
[2026-07-25 22:00:11] VPS重算: 200
[2026-07-25 22:08:01] 抓到 25 场
[2026-07-25 22:08:06] ✓ 11个数据文件已同步VPS(rsync -u, 仅推送更新过的)
[2026-07-25 22:08:38] VPS重算: 200
[2026-07-25 22:16:01] 抓到 25 场
[2026-07-25 22:16:07] ✓ 11个数据文件已同步VPS(rsync -u, 仅推送更新过的)
[2026-07-25 22:16:38] VPS重算: 200
[2026-07-25 22:24:01] 抓到 25 场
[2026-07-25 22:24:07] ✓ 11个数据文件已同步VPS(rsync -u, 仅推送更新过的)
[2026-07-25 22:25:09] VPS重算: 200
[2026-07-25 22:32:01] 抓到 25 场
[2026-07-25 22:32:07] ✓ 11个数据文件已同步VPS(rsync -u, 仅推送更新过的)
[2026-07-25 22:32:09] VPS重算: 200
[2026-07-25 22:40:01] 抓到 25 场
[2026-07-25 22:40:06] ✓ 11个数据文件已同步VPS(rsync -u, 仅推送更新过的)
[2026-07-25 22:41:36] VPS重算: 000
[2026-07-25 22:48:01] 抓到 25 场
[2026-07-25 22:48:07] ✓ 11个数据文件已同步VPS(rsync -u, 仅推送更新过的)
[2026-07-25 22:49:09] VPS重算: 200
[2026-07-25 22:56:01] 抓到 25 场
[2026-07-25 22:56:06] ✓ 11个数据文件已同步VPS(rsync -u, 仅推送更新过的)
[2026-07-25 22:56:07] VPS重算: 200
[2026-07-25 23:00:01] 抓到 25 场
[2026-07-25 23:00:06] ✓ 11个数据文件已同步VPS(rsync -u, 仅推送更新过的)
[2026-07-25 23:00:37] VPS重算: 200
[2026-07-25 23:08:01] 抓到 25 场
[2026-07-25 23:08:07] ✓ 11个数据文件已同步VPS(rsync -u, 仅推送更新过的)
[2026-07-25 23:08:08] VPS重算: 200
[2026-07-25 23:16:01] 抓到 25 场
[2026-07-25 23:16:06] ✓ 11个数据文件已同步VPS(rsync -u, 仅推送更新过的)
[2026-07-25 23:16:37] VPS重算: 200
[2026-07-25 23:24:01] 抓到 25 场
[2026-07-25 23:24:07] ✓ 11个数据文件已同步VPS(rsync -u, 仅推送更新过的)
[2026-07-25 23:24:08] VPS重算: 200
[2026-07-25 23:32:01] 抓到 24 场
[2026-07-25 23:32:06] ✓ 11个数据文件已同步VPS(rsync -u, 仅推送更新过的)
[2026-07-25 23:32:07] VPS重算: 429
[2026-07-25 23:40:01] 抓到 24 场
[2026-07-25 23:40:06] ✓ 11个数据文件已同步VPS(rsync -u, 仅推送更新过的)
[2026-07-25 23:41:07] VPS重算: 200
[2026-07-25 23:48:01] 抓到 24 场
[2026-07-25 23:48:06] ✓ 11个数据文件已同步VPS(rsync -u, 仅推送更新过的)
[2026-07-25 23:48:38] VPS重算: 200
[2026-07-25 23:56:01] 抓到 24 场
[2026-07-25 23:56:06] ✓ 11个数据文件已同步VPS(rsync -u, 仅推送更新过的)
[2026-07-25 23:56:37] VPS重算: 200
[2026-07-26 00:00:01] 抓到 24 场
[2026-07-26 00:00:07] ✓ 11个数据文件已同步VPS(rsync -u, 仅推送更新过的)
[2026-07-26 00:00:08] VPS重算: 200
[2026-07-26 00:08:01] 抓到 24 场
[2026-07-26 00:08:07] ✓ 11个数据文件已同步VPS(rsync -u, 仅推送更新过的)
[2026-07-26 00:08:38] VPS重算: 200
[2026-07-26 00:16:01] 抓到 24 场
[2026-07-26 00:16:06] ✓ 11个数据文件已同步VPS(rsync -u, 仅推送更新过的)
[2026-07-26 00:16:37] VPS重算: 200
[2026-07-26 00:24:01] 抓到 24 场
[2026-07-26 00:24:06] ✓ 11个数据文件已同步VPS(rsync -u, 仅推送更新过的)
[2026-07-26 00:24:08] VPS重算: 200
[2026-07-26 00:32:01] 抓到 24 场
[2026-07-26 00:32:06] ✓ 11个数据文件已同步VPS(rsync -u, 仅推送更新过的)
[2026-07-26 00:32:38] VPS重算: 200
[2026-07-26 00:40:01] 抓到 24 场
[2026-07-26 00:40:06] ✓ 11个数据文件已同步VPS(rsync -u, 仅推送更新过的)
[2026-07-26 00:40:37] VPS重算: 200
[2026-07-26 00:48:01] 抓到 24 场
[2026-07-26 00:48:07] ✓ 11个数据文件已同步VPS(rsync -u, 仅推送更新过的)
[2026-07-26 00:49:37] VPS重算: 000
[2026-07-26 00:56:01] 抓到 24 场
[2026-07-26 00:56:07] ✓ 11个数据文件已同步VPS(rsync -u, 仅推送更新过的)
[2026-07-26 00:56:08] VPS重算: 429
[2026-07-26 01:00:01] 抓到 24 场
[2026-07-26 01:00:06] ✓ 11个数据文件已同步VPS(rsync -u, 仅推送更新过的)
[2026-07-26 01:00:29] VPS重算: 200
[2026-07-26 01:08:01] 抓到 24 场
[2026-07-26 01:08:06] ✓ 11个数据文件已同步VPS(rsync -u, 仅推送更新过的)
[2026-07-26 01:08:07] VPS重算: 200
[2026-07-26 01:16:01] 抓到 24 场
[2026-07-26 01:16:06] ✓ 11个数据文件已同步VPS(rsync -u, 仅推送更新过的)
[2026-07-26 01:16:38] VPS重算: 200
[2026-07-26 01:24:01] 抓到 24 场
[2026-07-26 01:24:06] ✓ 11个数据文件已同步VPS(rsync -u, 仅推送更新过的)
[2026-07-26 01:24:07] VPS重算: 200
[2026-07-26 01:32:01] 抓到 24 场
[2026-07-26 01:32:06] ✓ 11个数据文件已同步VPS(rsync -u, 仅推送更新过的)
[2026-07-26 01:32:38] VPS重算: 200
[2026-07-26 01:40:01] 抓到 24 场
[2026-07-26 01:40:05] ✓ 11个数据文件已同步VPS(rsync -u, 仅推送更新过的)
[2026-07-26 01:41:07] VPS重算: 200
[2026-07-26 01:48:01] 抓到 24 场
[2026-07-26 01:48:06] ✓ 11个数据文件已同步VPS(rsync -u, 仅推送更新过的)
[2026-07-26 01:48:37] VPS重算: 200
[2026-07-26 01:56:01] 抓到 24 场
[2026-07-26 01:56:07] ✓ 11个数据文件已同步VPS(rsync -u, 仅推送更新过的)
[2026-07-26 01:56:08] VPS重算: 200
[2026-07-26 02:00:01] 抓到 24 场
[2026-07-26 02:00:05] ✓ 11个数据文件已同步VPS(rsync -u, 仅推送更新过的)
[2026-07-26 02:00:06] VPS重算: 200
[2026-07-26 02:08:02] 抓到 24 场
[2026-07-26 02:08:06] ✓ 11个数据文件已同步VPS(rsync -u, 仅推送更新过的)
[2026-07-26 02:08:08] VPS重算: 200
[2026-07-26 02:16:01] 抓到 24 场
[2026-07-26 02:16:06] ✓ 11个数据文件已同步VPS(rsync -u, 仅推送更新过的)
[2026-07-26 02:16:08] VPS重算: 200
[2026-07-26 02:24:01] 抓到 24 场
[2026-07-26 02:24:06] ✓ 11个数据文件已同步VPS(rsync -u, 仅推送更新过的)
[2026-07-26 02:24:07] VPS重算: 200
[2026-07-26 02:32:01] 抓到 24 场
[2026-07-26 02:32:07] ✓ 11个数据文件已同步VPS(rsync -u, 仅推送更新过的)
[2026-07-26 02:32:08] VPS重算: 200
[2026-07-26 02:40:01] 抓到 24 场
[2026-07-26 02:40:06] ✓ 11个数据文件已同步VPS(rsync -u, 仅推送更新过的)
[2026-07-26 02:41:07] VPS重算: 200
[2026-07-26 02:48:01] 抓到 24 场
[2026-07-26 02:48:07] ✓ 11个数据文件已同步VPS(rsync -u, 仅推送更新过的)
[2026-07-26 02:49:37] VPS重算: 000
[2026-07-26 02:56:01] 抓到 24 场
[2026-07-26 02:56:05] ✓ 11个数据文件已同步VPS(rsync -u, 仅推送更新过的)
[2026-07-26 02:56:07] VPS重算: 200
[2026-07-26 03:00:01] 抓到 24 场
[2026-07-26 03:00:05] ✓ 11个数据文件已同步VPS(rsync -u, 仅推送更新过的)
[2026-07-26 03:01:06] VPS重算: 200
[2026-07-26 03:08:01] 抓到 24 场
[2026-07-26 03:08:06] ✓ 11个数据文件已同步VPS(rsync -u, 仅推送更新过的)
[2026-07-26 03:08:08] VPS重算: 200
[2026-07-26 03:16:01] 抓到 24 场
[2026-07-26 03:16:06] ✓ 11个数据文件已同步VPS(rsync -u, 仅推送更新过的)
[2026-07-26 03:16:37] VPS重算: 200
[2026-07-26 03:24:01] 抓到 24 场
[2026-07-26 03:24:06] ✓ 11个数据文件已同步VPS(rsync -u, 仅推送更新过的)
[2026-07-26 03:24:37] VPS重算: 200
[2026-07-26 03:32:01] 抓到 24 场
[2026-07-26 03:32:06] ✓ 11个数据文件已同步VPS(rsync -u, 仅推送更新过的)
[2026-07-26 03:32:07] VPS重算: 200
[2026-07-26 03:40:01] 抓到 24 场
[2026-07-26 03:40:06] ✓ 11个数据文件已同步VPS(rsync -u, 仅推送更新过的)
[2026-07-26 03:41:08] VPS重算: 200
[2026-07-26 03:48:01] 抓到 24 场
[2026-07-26 03:48:06] ✓ 11个数据文件已同步VPS(rsync -u, 仅推送更新过的)
[2026-07-26 03:48:37] VPS重算: 200
[2026-07-26 03:56:01] 抓到 24 场
[2026-07-26 03:56:06] ✓ 11个数据文件已同步VPS(rsync -u, 仅推送更新过的)
[2026-07-26 03:57:07] VPS重算: 200
[2026-07-26 04:00:01] 抓到 24 场
[2026-07-26 04:00:06] ✓ 11个数据文件已同步VPS(rsync -u, 仅推送更新过的)
[2026-07-26 04:01:07] VPS重算: 200
[2026-07-26 04:08:01] 抓到 24 场
[2026-07-26 04:08:06] ✓ 11个数据文件已同步VPS(rsync -u, 仅推送更新过的)
[2026-07-26 04:08:08] VPS重算: 200
[2026-07-26 04:16:01] 抓到 24 场
[2026-07-26 04:16:06] ✓ 11个数据文件已同步VPS(rsync -u, 仅推送更新过的)
[2026-07-26 04:16:08] VPS重算: 200
[2026-07-26 04:24:01] 抓到 24 场
[2026-07-26 04:24:06] ✓ 11个数据文件已同步VPS(rsync -u, 仅推送更新过的)
[2026-07-26 04:24:07] VPS重算: 200
[2026-07-26 04:32:01] 抓到 24 场
[2026-07-26 04:32:06] ✓ 11个数据文件已同步VPS(rsync -u, 仅推送更新过的)
[2026-07-26 04:32:08] VPS重算: 200
[2026-07-26 04:40:01] 抓到 24 场
[2026-07-26 04:40:07] ✓ 11个数据文件已同步VPS(rsync -u, 仅推送更新过的)
[2026-07-26 04:40:08] VPS重算: 200
[2026-07-26 04:48:01] 抓到 24 场
[2026-07-26 04:48:06] ✓ 11个数据文件已同步VPS(rsync -u, 仅推送更新过的)
[2026-07-26 04:49:08] VPS重算: 200
[2026-07-26 04:56:01] 抓到 24 场
[2026-07-26 04:56:06] ✓ 11个数据文件已同步VPS(rsync -u, 仅推送更新过的)
[2026-07-26 04:56:07] VPS重算: 200
[2026-07-26 05:00:01] 抓到 24 场
[2026-07-26 05:00:06] ✓ 11个数据文件已同步VPS(rsync -u, 仅推送更新过的)
[2026-07-26 05:00:38] VPS重算: 200
[2026-07-26 05:08:02] 抓到 24 场
[2026-07-26 05:08:07] ✓ 11个数据文件已同步VPS(rsync -u, 仅推送更新过的)
[2026-07-26 05:08:08] VPS重算: 200
[2026-07-26 05:16:01] 抓到 24 场
[2026-07-26 05:16:07] ✓ 11个数据文件已同步VPS(rsync -u, 仅推送更新过的)
[2026-07-26 05:16:09] VPS重算: 200
[2026-07-26 05:24:01] 抓到 24 场
[2026-07-26 05:24:06] ✓ 11个数据文件已同步VPS(rsync -u, 仅推送更新过的)
[2026-07-26 05:24:37] VPS重算: 200
[2026-07-26 05:32:01] 抓到 22 场
[2026-07-26 05:32:06] ✓ 11个数据文件已同步VPS(rsync -u, 仅推送更新过的)
[2026-07-26 05:33:07] VPS重算: 200
[2026-07-26 05:40:01] 抓到 22 场
[2026-07-26 05:40:05] ✓ 11个数据文件已同步VPS(rsync -u, 仅推送更新过的)
[2026-07-26 05:40:07] VPS重算: 200
[2026-07-26 05:48:01] 抓到 22 场
[2026-07-26 05:48:06] ✓ 11个数据文件已同步VPS(rsync -u, 仅推送更新过的)
[2026-07-26 05:48:08] VPS重算: 200
[2026-07-26 05:56:01] 抓到 22 场
[2026-07-26 05:56:05] ✓ 11个数据文件已同步VPS(rsync -u, 仅推送更新过的)
[2026-07-26 05:56:37] VPS重算: 200
[2026-07-26 06:00:01] 抓到 22 场
[2026-07-26 06:00:06] ✓ 11个数据文件已同步VPS(rsync -u, 仅推送更新过的)
[2026-07-26 06:00:37] VPS重算: 200
[2026-07-26 06:16:01] 抓到 22 场
[2026-07-26 06:16:07] ✓ 11个数据文件已同步VPS(rsync -u, 仅推送更新过的)
[2026-07-26 06:16:38] VPS重算: 200
[2026-07-26 06:24:01] 抓到 22 场
[2026-07-26 06:24:06] ✓ 11个数据文件已同步VPS(rsync -u, 仅推送更新过的)
[2026-07-26 06:25:07] VPS重算: 200
[2026-07-26 06:32:01] 抓到 22 场
[2026-07-26 06:32:06] ✓ 11个数据文件已同步VPS(rsync -u, 仅推送更新过的)
[2026-07-26 06:32:08] VPS重算: 200
[2026-07-26 06:40:01] 抓到 22 场
[2026-07-26 06:40:06] ✓ 11个数据文件已同步VPS(rsync -u, 仅推送更新过的)
[2026-07-26 06:40:07] VPS重算: 200
[2026-07-26 06:48:01] 抓到 22 场
[2026-07-26 06:48:06] ✓ 11个数据文件已同步VPS(rsync -u, 仅推送更新过的)
[2026-07-26 06:49:36] VPS重算: 000
[2026-07-26 06:56:01] 抓到 22 场
[2026-07-26 06:56:06] ✓ 11个数据文件已同步VPS(rsync -u, 仅推送更新过的)
[2026-07-26 06:57:07] VPS重算: 200
[2026-07-26 07:00:01] 抓到 22 场
[2026-07-26 07:00:05] ✓ 11个数据文件已同步VPS(rsync -u, 仅推送更新过的)
[2026-07-26 07:00:07] VPS重算: 200
[2026-07-26 07:08:01] 抓到 22 场
[2026-07-26 07:08:06] ✓ 11个数据文件已同步VPS(rsync -u, 仅推送更新过的)
[2026-07-26 07:08:37] VPS重算: 200
[2026-07-26 07:16:01] 抓到 22 场
[2026-07-26 07:16:06] ✓ 11个数据文件已同步VPS(rsync -u, 仅推送更新过的)
[2026-07-26 07:16:37] VPS重算: 200
[2026-07-26 07:24:01] 抓到 22 场
[2026-07-26 07:24:05] ✓ 11个数据文件已同步VPS(rsync -u, 仅推送更新过的)
[2026-07-26 07:25:35] VPS重算: 000
[2026-07-26 07:32:01] 抓到 22 场
[2026-07-26 07:32:06] ✓ 11个数据文件已同步VPS(rsync -u, 仅推送更新过的)
[2026-07-26 07:33:08] VPS重算: 200
[2026-07-26 07:40:01] 抓到 22 场
[2026-07-26 07:40:05] ✓ 11个数据文件已同步VPS(rsync -u, 仅推送更新过的)
[2026-07-26 07:40:37] VPS重算: 200
[2026-07-26 07:48:01] 抓到 22 场
[2026-07-26 07:48:05] ✓ 11个数据文件已同步VPS(rsync -u, 仅推送更新过的)
[2026-07-26 07:48:37] VPS重算: 200
[2026-07-26 07:56:01] 抓到 22 场
[2026-07-26 07:56:06] ✓ 11个数据文件已同步VPS(rsync -u, 仅推送更新过的)
[2026-07-26 07:57:08] VPS重算: 200
[2026-07-26 08:00:01] 抓到 22 场
[2026-07-26 08:00:07] ✓ 11个数据文件已同步VPS(rsync -u, 仅推送更新过的)
[2026-07-26 08:00:08] VPS重算: 200
[2026-07-26 08:08:01] 抓到 22 场
[2026-07-26 08:08:06] ✓ 11个数据文件已同步VPS(rsync -u, 仅推送更新过的)
[2026-07-26 08:09:36] VPS重算: 000
[2026-07-26 08:16:01] 抓到 22 场
[2026-07-26 08:16:06] ✓ 11个数据文件已同步VPS(rsync -u, 仅推送更新过的)
[2026-07-26 08:16:38] VPS重算: 200
[2026-07-26 08:24:01] 抓到 22 场
[2026-07-26 08:24:07] ✓ 11个数据文件已同步VPS(rsync -u, 仅推送更新过的)
[2026-07-26 08:25:37] VPS重算: 000
[2026-07-26 08:32:01] 抓到 22 场
[2026-07-26 08:32:05] ✓ 11个数据文件已同步VPS(rsync -u, 仅推送更新过的)
[2026-07-26 08:32:37] VPS重算: 200
[2026-07-26 08:40:01] 抓到 22 场
[2026-07-26 08:40:07] ✓ 11个数据文件已同步VPS(rsync -u, 仅推送更新过的)
[2026-07-26 08:41:37] VPS重算: 000
[2026-07-26 08:48:01] 抓到 22 场
[2026-07-26 08:48:05] ✓ 11个数据文件已同步VPS(rsync -u, 仅推送更新过的)
[2026-07-26 08:48:37] VPS重算: 200
[2026-07-26 08:56:01] 抓到 22 场
[2026-07-26 08:56:06] ✓ 11个数据文件已同步VPS(rsync -u, 仅推送更新过的)
[2026-07-26 08:56:08] VPS重算: 200
[2026-07-26 09:00:01] 抓到 22 场
[2026-07-26 09:00:06] ✓ 11个数据文件已同步VPS(rsync -u, 仅推送更新过的)
[2026-07-26 09:00:07] VPS重算: 200
[2026-07-26 09:08:01] 抓到 22 场
[2026-07-26 09:08:07] ✓ 11个数据文件已同步VPS(rsync -u, 仅推送更新过的)
[2026-07-26 09:08:08] VPS重算: 200
[2026-07-26 09:16:01] 抓到 22 场
[2026-07-26 09:16:06] ✓ 11个数据文件已同步VPS(rsync -u, 仅推送更新过的)
[2026-07-26 09:17:07] VPS重算: 200
[2026-07-26 09:24:01] 抓到 22 场
[2026-07-26 09:24:06] ✓ 11个数据文件已同步VPS(rsync -u, 仅推送更新过的)
[2026-07-26 09:25:07] VPS重算: 200
[2026-07-26 09:32:01] 抓到 21 场
[2026-07-26 09:32:05] ✓ 11个数据文件已同步VPS(rsync -u, 仅推送更新过的)
[2026-07-26 09:32:07] VPS重算: 200
[2026-07-26 09:40:01] 抓到 21 场
[2026-07-26 09:40:06] ✓ 11个数据文件已同步VPS(rsync -u, 仅推送更新过的)
[2026-07-26 09:40:08] VPS重算: 200
[2026-07-26 09:48:01] 抓到 21 场
[2026-07-26 09:48:06] ✓ 11个数据文件已同步VPS(rsync -u, 仅推送更新过的)
[2026-07-26 09:48:07] VPS重算: 200
[2026-07-26 09:56:01] 抓到 21 场
[2026-07-26 09:56:06] ✓ 11个数据文件已同步VPS(rsync -u, 仅推送更新过的)
[2026-07-26 09:56:38] VPS重算: 200
[2026-07-26 10:00:01] 抓到 21 场
[2026-07-26 10:00:07] ✓ 11个数据文件已同步VPS(rsync -u, 仅推送更新过的)
[2026-07-26 10:00:08] VPS重算: 200
[2026-07-26 10:08:01] 抓到 21 场
[2026-07-26 10:08:06] ✓ 11个数据文件已同步VPS(rsync -u, 仅推送更新过的)
[2026-07-26 10:08:07] VPS重算: 200
[2026-07-26 10:16:01] 抓到 21 场
[2026-07-26 10:16:06] ✓ 11个数据文件已同步VPS(rsync -u, 仅推送更新过的)
[2026-07-26 10:16:38] VPS重算: 200
[2026-07-26 10:24:01] 抓到 21 场
[2026-07-26 10:24:06] ✓ 11个数据文件已同步VPS(rsync -u, 仅推送更新过的)
[2026-07-26 10:24:07] VPS重算: 200
[2026-07-26 10:32:01] 抓到 20 场
[2026-07-26 10:32:06] ✓ 11个数据文件已同步VPS(rsync -u, 仅推送更新过的)
[2026-07-26 10:32:08] VPS重算: 200
[2026-07-26 10:40:01] 抓到 20 场
[2026-07-26 10:40:06] ✓ 11个数据文件已同步VPS(rsync -u, 仅推送更新过的)
[2026-07-26 10:40:38] VPS重算: 200
[2026-07-26 10:48:01] 抓到 20 场
[2026-07-26 10:48:06] ✓ 11个数据文件已同步VPS(rsync -u, 仅推送更新过的)
[2026-07-26 10:49:36] VPS重算: 000
[2026-07-26 10:56:01] 抓到 20 场
[2026-07-26 10:56:06] ✓ 11个数据文件已同步VPS(rsync -u, 仅推送更新过的)
[2026-07-26 10:57:36] VPS重算: 000
[2026-07-26 11:00:01] 抓到 20 场
[2026-07-26 11:00:06] ✓ 11个数据文件已同步VPS(rsync -u, 仅推送更新过的)
[2026-07-26 11:00:07] VPS重算: 200
[2026-07-26 11:08:01] 抓到 20 场
[2026-07-26 11:08:06] ✓ 11个数据文件已同步VPS(rsync -u, 仅推送更新过的)
[2026-07-26 11:08:37] VPS重算: 200
[2026-07-26 11:16:01] 抓到 20 场
[2026-07-26 11:16:06] ✓ 11个数据文件已同步VPS(rsync -u, 仅推送更新过的)
[2026-07-26 11:16:37] VPS重算: 200
[2026-07-26 11:24:01] 抓到 20 场
[2026-07-26 11:24:07] ✓ 11个数据文件已同步VPS(rsync -u, 仅推送更新过的)
[2026-07-26 11:24:09] VPS重算: 200
[2026-07-26 11:32:01] 抓到 20 场
[2026-07-26 11:32:06] ✓ 11个数据文件已同步VPS(rsync -u, 仅推送更新过的)
[2026-07-26 11:32:38] VPS重算: 200
[2026-07-26 11:40:01] 抓到 20 场
[2026-07-26 11:40:05] ✓ 11个数据文件已同步VPS(rsync -u, 仅推送更新过的)
[2026-07-26 11:41:35] VPS重算: 000
[2026-07-26 11:48:01] 抓到 20 场
[2026-07-26 11:48:06] ✓ 11个数据文件已同步VPS(rsync -u, 仅推送更新过的)
[2026-07-26 11:48:07] VPS重算: 200
[2026-07-26 11:56:01] 抓到 20 场
[2026-07-26 11:56:05] ✓ 11个数据文件已同步VPS(rsync -u, 仅推送更新过的)
[2026-07-26 11:56:07] VPS重算: 200
[2026-07-26 12:00:01] 抓到 20 场
[2026-07-26 12:00:05] ✓ 11个数据文件已同步VPS(rsync -u, 仅推送更新过的)
[2026-07-26 12:00:37] VPS重算: 200
[2026-07-26 12:08:01] 抓到 20 场
[2026-07-26 12:08:06] ✓ 11个数据文件已同步VPS(rsync -u, 仅推送更新过的)
[2026-07-26 12:08:38] VPS重算: 200
[2026-07-26 12:16:01] 抓到 20 场
[2026-07-26 12:16:06] ✓ 11个数据文件已同步VPS(rsync -u, 仅推送更新过的)
[2026-07-26 12:16:07] VPS重算: 429
[2026-07-26 12:24:01] 抓到 20 场
[2026-07-26 12:24:06] ✓ 11个数据文件已同步VPS(rsync -u, 仅推送更新过的)
[2026-07-26 12:25:07] VPS重算: 200
[2026-07-26 12:32:01] 抓到 20 场
[2026-07-26 12:32:06] ✓ 11个数据文件已同步VPS(rsync -u, 仅推送更新过的)
[2026-07-26 12:32:38] VPS重算: 200
[2026-07-26 12:40:01] 抓到 20 场
[2026-07-26 12:40:06] ✓ 11个数据文件已同步VPS(rsync -u, 仅推送更新过的)
[2026-07-26 12:40:40] VPS重算: 200
[2026-07-26 12:48:01] 抓到 20 场
[2026-07-26 12:48:06] ✓ 11个数据文件已同步VPS(rsync -u, 仅推送更新过的)
[2026-07-26 12:48:07] VPS重算: 200
[2026-07-26 12:56:01] 抓到 20 场
[2026-07-26 12:56:07] ✓ 11个数据文件已同步VPS(rsync -u, 仅推送更新过的)
[2026-07-26 12:56:08] VPS重算: 200
[2026-07-26 13:00:01] 抓到 20 场
[2026-07-26 13:00:06] ✓ 11个数据文件已同步VPS(rsync -u, 仅推送更新过的)
[2026-07-26 13:00:08] VPS重算: 200
[2026-07-26 13:08:01] 抓到 20 场
[2026-07-26 13:08:06] ✓ 11个数据文件已同步VPS(rsync -u, 仅推送更新过的)
[2026-07-26 13:08:07] VPS重算: 200
[2026-07-26 13:16:01] 抓到 20 场
[2026-07-26 13:16:06] ✓ 11个数据文件已同步VPS(rsync -u, 仅推送更新过的)
[2026-07-26 13:17:36] VPS重算: 000
[2026-07-26 13:24:01] 抓到 20 场
[2026-07-26 13:24:05] ✓ 11个数据文件已同步VPS(rsync -u, 仅推送更新过的)
[2026-07-26 13:25:35] VPS重算: 000
[2026-07-26 13:32:01] 抓到 20 场
[2026-07-26 13:32:06] ✓ 11个数据文件已同步VPS(rsync -u, 仅推送更新过的)
[2026-07-26 13:32:07] VPS重算: 200
[2026-07-26 13:40:01] 抓到 20 场
[2026-07-26 13:40:06] ✓ 11个数据文件已同步VPS(rsync -u, 仅推送更新过的)
[2026-07-26 13:40:08] VPS重算: 200
[2026-07-26 13:48:01] 抓到 20 场
[2026-07-26 13:48:06] ✓ 11个数据文件已同步VPS(rsync -u, 仅推送更新过的)
[2026-07-26 13:48:38] VPS重算: 200
[2026-07-26 13:56:01] 抓到 20 场
[2026-07-26 13:56:06] ✓ 11个数据文件已同步VPS(rsync -u, 仅推送更新过的)
[2026-07-26 13:57:08] VPS重算: 200
[2026-07-26 14:00:01] 抓到 20 场
[2026-07-26 14:00:05] ✓ 11个数据文件已同步VPS(rsync -u, 仅推送更新过的)
[2026-07-26 14:00:37] VPS重算: 200
[2026-07-26 14:08:01] 抓到 20 场
[2026-07-26 14:08:06] ✓ 11个数据文件已同步VPS(rsync -u, 仅推送更新过的)
[2026-07-26 14:09:09] VPS重算: 200
[2026-07-26 14:16:01] 抓到 20 场
[2026-07-26 14:16:06] ✓ 11个数据文件已同步VPS(rsync -u, 仅推送更新过的)
[2026-07-26 14:17:36] VPS重算: 000
[2026-07-26 14:24:01] 抓到 20 场
[2026-07-26 14:24:06] ✓ 11个数据文件已同步VPS(rsync -u, 仅推送更新过的)
[2026-07-26 14:25:36] VPS重算: 000
[2026-07-26 14:32:01] 抓到 20 场
[2026-07-26 14:32:06] ✓ 11个数据文件已同步VPS(rsync -u, 仅推送更新过的)
[2026-07-26 14:32:38] VPS重算: 200
[2026-07-26 14:40:01] 抓到 20 场
[2026-07-26 14:40:06] ✓ 11个数据文件已同步VPS(rsync -u, 仅推送更新过的)
[2026-07-26 14:41:08] VPS重算: 200
[2026-07-26 14:48:01] 抓到 20 场
[2026-07-26 14:48:07] ✓ 11个数据文件已同步VPS(rsync -u, 仅推送更新过的)
[2026-07-26 14:49:38] VPS重算: 000
[2026-07-26 14:56:02] 抓到 20 场
[2026-07-26 14:56:07] ✓ 11个数据文件已同步VPS(rsync -u, 仅推送更新过的)
[2026-07-26 14:57:08] VPS重算: 200
[2026-07-26 15:00:01] 抓到 20 场
[2026-07-26 15:00:06] ✓ 11个数据文件已同步VPS(rsync -u, 仅推送更新过的)
[2026-07-26 15:01:36] VPS重算: 000
[2026-07-26 15:08:01] 抓到 20 场
[2026-07-26 15:08:06] ✓ 11个数据文件已同步VPS(rsync -u, 仅推送更新过的)
[2026-07-26 15:09:07] VPS重算: 200
[2026-07-26 15:16:01] 抓到 20 场
[2026-07-26 15:16:06] ✓ 11个数据文件已同步VPS(rsync -u, 仅推送更新过的)
[2026-07-26 15:16:07] VPS重算: 200
[2026-07-26 15:24:01] 抓到 20 场
[2026-07-26 15:24:06] ✓ 11个数据文件已同步VPS(rsync -u, 仅推送更新过的)
[2026-07-26 15:24:08] VPS重算: 200
[2026-07-26 15:32:01] 抓到 20 场
[2026-07-26 15:32:07] ✓ 11个数据文件已同步VPS(rsync -u, 仅推送更新过的)
[2026-07-26 15:32:38] VPS重算: 200
[2026-07-26 15:40:01] 抓到 20 场
[2026-07-26 15:40:06] ✓ 11个数据文件已同步VPS(rsync -u, 仅推送更新过的)
[2026-07-26 15:40:38] VPS重算: 200
[2026-07-26 15:48:01] 抓到 20 场
[2026-07-26 15:48:06] ✓ 11个数据文件已同步VPS(rsync -u, 仅推送更新过的)
[2026-07-26 15:48:37] VPS重算: 200
[2026-07-26 15:56:01] 抓到 20 场
[2026-07-26 15:56:07] ✓ 11个数据文件已同步VPS(rsync -u, 仅推送更新过的)
[2026-07-26 15:57:37] VPS重算: 000
[2026-07-26 16:00:01] 抓到 20 场
[2026-07-26 16:00:05] ✓ 11个数据文件已同步VPS(rsync -u, 仅推送更新过的)
[2026-07-26 16:00:07] VPS重算: 200
[2026-07-26 16:08:01] 抓到 20 场
[2026-07-26 16:08:05] ✓ 11个数据文件已同步VPS(rsync -u, 仅推送更新过的)
[2026-07-26 16:09:08] VPS重算: 200
[2026-07-26 16:16:01] 抓到 20 场
[2026-07-26 16:16:06] ✓ 11个数据文件已同步VPS(rsync -u, 仅推送更新过的)
[2026-07-26 16:17:36] VPS重算: 000
[2026-07-26 16:24:01] 抓到 20 场
[2026-07-26 16:24:09] ✓ 11个数据文件已同步VPS(rsync -u, 仅推送更新过的)
[2026-07-26 16:24:41] VPS重算: 200
[2026-07-26 16:32:01] 抓到 20 场
[2026-07-26 16:32:06] ✓ 11个数据文件已同步VPS(rsync -u, 仅推送更新过的)
[2026-07-26 16:32:07] VPS重算: 200
[2026-07-26 16:48:01] 抓到 20 场
[2026-07-26 16:48:06] ✓ 11个数据文件已同步VPS(rsync -u, 仅推送更新过的)
[2026-07-26 16:48:38] VPS重算: 200
[2026-07-26 16:56:01] 抓到 20 场
[2026-07-26 16:56:05] ✓ 11个数据文件已同步VPS(rsync -u, 仅推送更新过的)
[2026-07-26 16:56:06] VPS重算: 200
[2026-07-26 17:00:01] 抓到 20 场
[2026-07-26 17:00:05] ✓ 11个数据文件已同步VPS(rsync -u, 仅推送更新过的)
[2026-07-26 17:00:37] VPS重算: 200
[2026-07-26 17:08:01] 抓到 20 场
[2026-07-26 17:08:06] ✓ 11个数据文件已同步VPS(rsync -u, 仅推送更新过的)
[2026-07-26 17:09:36] VPS重算: 000
[2026-07-26 17:24:01] 抓到 20 场
[2026-07-26 17:24:06] ✓ 11个数据文件已同步VPS(rsync -u, 仅推送更新过的)
[2026-07-26 17:24:06] VPS重算: 429
[2026-07-26 17:32:01] 抓到 20 场
[2026-07-26 17:32:06] ✓ 11个数据文件已同步VPS(rsync -u, 仅推送更新过的)
[2026-07-26 17:32:08] VPS重算: 200
[2026-07-26 17:40:01] 抓到 20 场
[2026-07-26 17:40:06] ✓ 11个数据文件已同步VPS(rsync -u, 仅推送更新过的)
[2026-07-26 17:40:38] VPS重算: 200
[2026-07-26 17:48:01] 抓到 20 场
[2026-07-26 17:48:06] ✓ 11个数据文件已同步VPS(rsync -u, 仅推送更新过的)
[2026-07-26 17:49:36] VPS重算: 000
[2026-07-26 17:56:01] 抓到 20 场
[2026-07-26 17:56:06] ✓ 11个数据文件已同步VPS(rsync -u, 仅推送更新过的)
[2026-07-26 17:56:06] VPS重算: 429
[2026-07-26 18:00:01] 抓到 20 场
[2026-07-26 18:00:07] ✓ 11个数据文件已同步VPS(rsync -u, 仅推送更新过的)
[2026-07-26 18:00:09] VPS重算: 200
[2026-07-26 18:08:01] 抓到 20 场
[2026-07-26 18:08:06] ✓ 11个数据文件已同步VPS(rsync -u, 仅推送更新过的)
[2026-07-26 18:08:06] VPS重算: 429
[2026-07-26 18:16:01] 抓到 20 场
[2026-07-26 18:16:06] ✓ 11个数据文件已同步VPS(rsync -u, 仅推送更新过的)
[2026-07-26 18:17:36] VPS重算: 000
[2026-07-26 18:24:01] 抓到 20 场
[2026-07-26 18:24:06] ✓ 11个数据文件已同步VPS(rsync -u, 仅推送更新过的)
[2026-07-26 18:24:07] VPS重算: 200
[2026-07-26 18:32:01] 抓到 16 场
[2026-07-26 18:32:06] ✓ 11个数据文件已同步VPS(rsync -u, 仅推送更新过的)
[2026-07-26 18:32:08] VPS重算: 200
[2026-07-26 18:40:01] 抓到 16 场
[2026-07-26 18:40:06] ✓ 11个数据文件已同步VPS(rsync -u, 仅推送更新过的)
[2026-07-26 18:41:07] VPS重算: 200
[2026-07-26 18:48:02] 抓到 16 场
[2026-07-26 18:48:07] ✓ 11个数据文件已同步VPS(rsync -u, 仅推送更新过的)
[2026-07-26 18:56:01]   ⚠ 体彩抓取失败(<urlopen error [Errno -3] Temporary failure in name resolution>), 回退缓存 odds_parsed.json (7分钟前)
[2026-07-26 18:56:01] 抓到 16 场
[2026-07-26 18:56:01] ✗ 推送失败(VPS不可达或免密未配)
[2026-07-26 19:00:01] 抓到 16 场
[2026-07-26 19:00:05] ✓ 11个数据文件已同步VPS(rsync -u, 仅推送更新过的)
[2026-07-26 19:01:35] VPS重算: 000
[2026-07-26 19:08:01] 抓到 16 场
[2026-07-26 19:08:07] ✓ 11个数据文件已同步VPS(rsync -u, 仅推送更新过的)
[2026-07-26 19:08:38] VPS重算: 200
[2026-07-26 19:40:01] 抓到 16 场
[2026-07-26 19:40:06] ✓ 11个数据文件已同步VPS(rsync -u, 仅推送更新过的)
[2026-07-26 19:40:37] VPS重算: 200
[2026-07-26 19:48:01] 抓到 16 场
[2026-07-26 19:48:07] ✓ 11个数据文件已同步VPS(rsync -u, 仅推送更新过的)
[2026-07-26 19:48:08] VPS重算: 200
[2026-07-26 19:56:01] 抓到 16 场
[2026-07-26 19:56:06] ✓ 11个数据文件已同步VPS(rsync -u, 仅推送更新过的)
[2026-07-26 19:56:07] VPS重算: 200
[2026-07-26 20:00:01] 抓到 16 场
[2026-07-26 20:00:05] ✓ 11个数据文件已同步VPS(rsync -u, 仅推送更新过的)
[2026-07-26 20:00:37] VPS重算: 200
[2026-07-26 20:08:01] 抓到 12 场
[2026-07-26 20:08:06] ✓ 11个数据文件已同步VPS(rsync -u, 仅推送更新过的)
[2026-07-26 20:08:37] VPS重算: 200
[2026-07-26 20:16:01] 抓到 12 场
[2026-07-26 20:16:07] ✓ 11个数据文件已同步VPS(rsync -u, 仅推送更新过的)
[2026-07-26 20:17:08] VPS重算: 200
[2026-07-26 20:24:01] 抓到 12 场
[2026-07-26 20:24:06] ✓ 11个数据文件已同步VPS(rsync -u, 仅推送更新过的)
[2026-07-26 20:24:08] VPS重算: 200
[2026-07-26 20:32:01] 抓到 11 场
[2026-07-26 20:32:06] ✓ 11个数据文件已同步VPS(rsync -u, 仅推送更新过的)
[2026-07-26 20:33:36] VPS重算: 000
[2026-07-26 20:40:01] 抓到 11 场
[2026-07-26 20:40:07] ✓ 11个数据文件已同步VPS(rsync -u, 仅推送更新过的)
[2026-07-26 20:41:37] VPS重算: 000
[2026-07-26 20:48:01] 抓到 11 场
[2026-07-26 20:48:06] ✓ 11个数据文件已同步VPS(rsync -u, 仅推送更新过的)
[2026-07-26 20:48:08] VPS重算: 200
[2026-07-26 20:56:01] 抓到 11 场
[2026-07-26 20:56:06] ✓ 11个数据文件已同步VPS(rsync -u, 仅推送更新过的)
[2026-07-26 20:56:36] VPS重算: 200
[2026-07-26 21:00:01] 抓到 11 场
[2026-07-26 21:00:06] ✓ 11个数据文件已同步VPS(rsync -u, 仅推送更新过的)
[2026-07-26 21:00:37] VPS重算: 200
[2026-07-26 21:08:01] 抓到 11 场
[2026-07-26 21:08:08] ✓ 11个数据文件已同步VPS(rsync -u, 仅推送更新过的)
[2026-07-26 21:09:38] VPS重算: 000
[2026-07-26 21:16:01] 抓到 11 场
[2026-07-26 21:16:06] ✓ 11个数据文件已同步VPS(rsync -u, 仅推送更新过的)
[2026-07-26 21:17:08] VPS重算: 200
[2026-07-26 21:24:01] 抓到 11 场
[2026-07-26 21:24:06] ✓ 11个数据文件已同步VPS(rsync -u, 仅推送更新过的)
[2026-07-26 21:24:07] VPS重算: 429
[2026-07-26 21:32:01] 抓到 11 场
[2026-07-26 21:32:06] ✓ 11个数据文件已同步VPS(rsync -u, 仅推送更新过的)
[2026-07-26 21:33:09] VPS重算: 200
[2026-07-26 21:40:01] 抓到 11 场
[2026-07-26 21:40:06] ✓ 11个数据文件已同步VPS(rsync -u, 仅推送更新过的)
[2026-07-26 21:41:36] VPS重算: 000
[2026-07-26 21:48:01] 抓到 11 场
[2026-07-26 21:48:06] ✓ 11个数据文件已同步VPS(rsync -u, 仅推送更新过的)
[2026-07-26 21:49:37] VPS重算: 000
[2026-07-26 21:56:01] 抓到 11 场
[2026-07-26 21:56:09] ✓ 11个数据文件已同步VPS(rsync -u, 仅推送更新过的)
[2026-07-26 21:56:11] VPS重算: 200
[2026-07-26 22:00:01] 抓到 10 场
[2026-07-26 22:00:06] ✓ 11个数据文件已同步VPS(rsync -u, 仅推送更新过的)
[2026-07-26 22:01:08] VPS重算: 200
[2026-07-26 22:08:01] 抓到 10 场
[2026-07-26 22:08:06] ✓ 11个数据文件已同步VPS(rsync -u, 仅推送更新过的)
[2026-07-26 22:09:36] VPS重算: 000
[2026-07-26 22:16:01] 抓到 10 场
[2026-07-26 22:16:07] ✓ 11个数据文件已同步VPS(rsync -u, 仅推送更新过的)
[2026-07-26 22:17:09] VPS重算: 200
[2026-07-26 22:24:01] 抓到 10 场
[2026-07-26 22:24:06] ✓ 11个数据文件已同步VPS(rsync -u, 仅推送更新过的)
[2026-07-26 22:24:08] VPS重算: 200
[2026-07-26 23:16:01] 抓到 5 场
[2026-07-26 23:16:06] ✓ 11个数据文件已同步VPS(rsync -u, 仅推送更新过的)
[2026-07-26 23:16:07] VPS重算: 200
[2026-07-26 23:24:01] 抓到 5 场
[2026-07-26 23:24:06] ✓ 11个数据文件已同步VPS(rsync -u, 仅推送更新过的)
[2026-07-26 23:24:07] VPS重算: 429
[2026-07-26 23:32:01] 抓到 5 场
[2026-07-26 23:32:06] ✓ 11个数据文件已同步VPS(rsync -u, 仅推送更新过的)
[2026-07-26 23:32:37] VPS重算: 200
[2026-07-26 23:40:02] 抓到 5 场
[2026-07-26 23:40:09] ✓ 11个数据文件已同步VPS(rsync -u, 仅推送更新过的)
[2026-07-26 23:40:40] VPS重算: 200
[2026-07-26 23:48:01] 抓到 5 场
[2026-07-26 23:48:09] ✓ 11个数据文件已同步VPS(rsync -u, 仅推送更新过的)
[2026-07-26 23:48:09] VPS重算: 429
[2026-07-26 23:56:01] 抓到 5 场
[2026-07-26 23:56:05] ✓ 11个数据文件已同步VPS(rsync -u, 仅推送更新过的)
[2026-07-26 23:56:07] VPS重算: 200
[2026-07-27 00:00:01] 抓到 5 场
[2026-07-27 00:00:07] ✓ 11个数据文件已同步VPS(rsync -u, 仅推送更新过的)
[2026-07-27 00:00:08] VPS重算: 200
[2026-07-27 00:08:01] 抓到 5 场
[2026-07-27 00:08:09] ✓ 11个数据文件已同步VPS(rsync -u, 仅推送更新过的)
[2026-07-27 00:08:10] VPS重算: 200
[2026-07-27 00:16:01] 抓到 5 场
[2026-07-27 00:16:05] ✓ 11个数据文件已同步VPS(rsync -u, 仅推送更新过的)
[2026-07-27 00:17:35] VPS重算: 000
[2026-07-27 00:24:01] 抓到 5 场
[2026-07-27 00:24:06] ✓ 11个数据文件已同步VPS(rsync -u, 仅推送更新过的)
[2026-07-27 00:25:36] VPS重算: 000
[2026-07-27 00:32:01] 抓到 5 场
[2026-07-27 00:32:05] ✓ 11个数据文件已同步VPS(rsync -u, 仅推送更新过的)
[2026-07-27 00:33:07] VPS重算: 200
[2026-07-27 00:40:01] 抓到 5 场
[2026-07-27 00:40:06] ✓ 11个数据文件已同步VPS(rsync -u, 仅推送更新过的)
[2026-07-27 00:40:06] VPS重算: 429
[2026-07-27 00:48:01] 抓到 5 场
[2026-07-27 00:48:05] ✓ 11个数据文件已同步VPS(rsync -u, 仅推送更新过的)
[2026-07-27 00:48:07] VPS重算: 200
[2026-07-27 00:56:01] 抓到 5 场
[2026-07-27 00:56:05] ✓ 11个数据文件已同步VPS(rsync -u, 仅推送更新过的)
[2026-07-27 00:56:07] VPS重算: 200
[2026-07-27 01:00:01] 抓到 5 场
[2026-07-27 01:00:06] ✓ 11个数据文件已同步VPS(rsync -u, 仅推送更新过的)
[2026-07-27 01:00:07] VPS重算: 200
[2026-07-27 01:08:01] 抓到 5 场
[2026-07-27 01:08:06] ✓ 11个数据文件已同步VPS(rsync -u, 仅推送更新过的)
[2026-07-27 01:08:07] VPS重算: 200
[2026-07-27 01:16:01] 抓到 4 场
[2026-07-27 01:16:05] ✓ 11个数据文件已同步VPS(rsync -u, 仅推送更新过的)
[2026-07-27 01:16:36] VPS重算: 200
[2026-07-27 01:24:01] 抓到 4 场
[2026-07-27 01:24:06] ✓ 11个数据文件已同步VPS(rsync -u, 仅推送更新过的)
[2026-07-27 01:24:07] VPS重算: 200
[2026-07-27 01:32:01] 抓到 4 场
[2026-07-27 01:32:06] ✓ 11个数据文件已同步VPS(rsync -u, 仅推送更新过的)
[2026-07-27 01:33:36] VPS重算: 000
[2026-07-27 01:40:01] 抓到 4 场
[2026-07-27 01:40:07] ✓ 11个数据文件已同步VPS(rsync -u, 仅推送更新过的)
[2026-07-27 01:41:37] VPS重算: 000
[2026-07-27 01:48:01] 抓到 4 场
[2026-07-27 01:48:05] ✓ 11个数据文件已同步VPS(rsync -u, 仅推送更新过的)
[2026-07-27 01:48:37] VPS重算: 200
[2026-07-27 01:56:01] 抓到 4 场
[2026-07-27 01:56:06] ✓ 11个数据文件已同步VPS(rsync -u, 仅推送更新过的)
[2026-07-27 01:56:08] VPS重算: 200
[2026-07-27 02:00:01] 抓到 4 场
[2026-07-27 02:00:05] ✓ 11个数据文件已同步VPS(rsync -u, 仅推送更新过的)
[2026-07-27 02:01:35] VPS重算: 000
[2026-07-27 02:08:01] 抓到 4 场
[2026-07-27 02:08:06] ✓ 11个数据文件已同步VPS(rsync -u, 仅推送更新过的)
[2026-07-27 02:08:37] VPS重算: 200
[2026-07-27 02:16:01] 抓到 4 场
[2026-07-27 02:16:05] ✓ 11个数据文件已同步VPS(rsync -u, 仅推送更新过的)
[2026-07-27 02:16:36] VPS重算: 200
[2026-07-27 02:24:01] 抓到 4 场
[2026-07-27 02:24:05] ✓ 11个数据文件已同步VPS(rsync -u, 仅推送更新过的)
[2026-07-27 02:24:06] VPS重算: 200
[2026-07-27 02:32:01] 抓到 4 场
[2026-07-27 02:32:06] ✓ 11个数据文件已同步VPS(rsync -u, 仅推送更新过的)
[2026-07-27 02:32:38] VPS重算: 200
[2026-07-27 02:40:01] 抓到 4 场
[2026-07-27 02:40:05] ✓ 11个数据文件已同步VPS(rsync -u, 仅推送更新过的)
[2026-07-27 02:40:37] VPS重算: 200
[2026-07-27 02:48:01] 抓到 4 场
[2026-07-27 02:48:06] ✓ 11个数据文件已同步VPS(rsync -u, 仅推送更新过的)
[2026-07-27 02:48:08] VPS重算: 200
[2026-07-27 02:56:01] 抓到 4 场
[2026-07-27 02:56:05] ✓ 11个数据文件已同步VPS(rsync -u, 仅推送更新过的)
[2026-07-27 02:57:35] VPS重算: 000
[2026-07-27 03:00:01] 抓到 4 场
[2026-07-27 03:00:05] ✓ 11个数据文件已同步VPS(rsync -u, 仅推送更新过的)
[2026-07-27 03:01:06] VPS重算: 200
[2026-07-27 03:08:01] 抓到 4 场
[2026-07-27 03:08:06] ✓ 11个数据文件已同步VPS(rsync -u, 仅推送更新过的)
[2026-07-27 03:08:38] VPS重算: 200
[2026-07-27 03:16:01] 抓到 4 场
[2026-07-27 03:16:06] ✓ 11个数据文件已同步VPS(rsync -u, 仅推送更新过的)
[2026-07-27 03:16:07] VPS重算: 200
[2026-07-27 03:24:01] 抓到 4 场
[2026-07-27 03:24:05] ✓ 11个数据文件已同步VPS(rsync -u, 仅推送更新过的)
[2026-07-27 03:24:07] VPS重算: 200
[2026-07-27 03:32:01] 抓到 4 场
[2026-07-27 03:32:05] ✓ 11个数据文件已同步VPS(rsync -u, 仅推送更新过的)
[2026-07-27 03:33:35] VPS重算: 000
[2026-07-27 03:40:01] 抓到 4 场
[2026-07-27 03:40:05] ✓ 11个数据文件已同步VPS(rsync -u, 仅推送更新过的)
[2026-07-27 03:40:07] VPS重算: 200
[2026-07-27 03:48:01] 抓到 4 场
[2026-07-27 03:48:05] ✓ 11个数据文件已同步VPS(rsync -u, 仅推送更新过的)
[2026-07-27 03:48:36] VPS重算: 200
[2026-07-27 03:56:01] 抓到 4 场
[2026-07-27 03:56:06] ✓ 11个数据文件已同步VPS(rsync -u, 仅推送更新过的)
[2026-07-27 03:57:07] VPS重算: 200
[2026-07-27 04:00:01] 抓到 4 场
[2026-07-27 04:00:05] ✓ 11个数据文件已同步VPS(rsync -u, 仅推送更新过的)
[2026-07-27 04:00:06] VPS重算: 200
[2026-07-27 04:08:01] 抓到 4 场
[2026-07-27 04:08:05] ✓ 11个数据文件已同步VPS(rsync -u, 仅推送更新过的)
[2026-07-27 04:08:06] VPS重算: 200
[2026-07-27 04:16:01] 抓到 4 场
[2026-07-27 04:16:06] ✓ 11个数据文件已同步VPS(rsync -u, 仅推送更新过的)
[2026-07-27 04:16:07] VPS重算: 200
[2026-07-27 04:24:01] 抓到 4 场
[2026-07-27 04:24:06] ✓ 11个数据文件已同步VPS(rsync -u, 仅推送更新过的)
[2026-07-27 04:25:07] VPS重算: 200
[2026-07-27 04:32:01] 抓到 4 场
[2026-07-27 04:32:05] ✓ 11个数据文件已同步VPS(rsync -u, 仅推送更新过的)
[2026-07-27 04:32:07] VPS重算: 200
[2026-07-27 04:40:01] 抓到 4 场
[2026-07-27 04:40:05] ✓ 11个数据文件已同步VPS(rsync -u, 仅推送更新过的)
[2026-07-27 04:40:07] VPS重算: 200
[2026-07-27 04:48:02] 抓到 4 场
[2026-07-27 04:48:06] ✓ 11个数据文件已同步VPS(rsync -u, 仅推送更新过的)
[2026-07-27 04:49:08] VPS重算: 200
[2026-07-27 04:56:01] 抓到 4 场
[2026-07-27 04:56:06] ✓ 11个数据文件已同步VPS(rsync -u, 仅推送更新过的)
[2026-07-27 04:56:07] VPS重算: 200
[2026-07-27 05:00:01] 抓到 4 场
[2026-07-27 05:00:06] ✓ 11个数据文件已同步VPS(rsync -u, 仅推送更新过的)
[2026-07-27 05:01:08] VPS重算: 200
[2026-07-27 05:08:01] 抓到 4 场
[2026-07-27 05:08:05] ✓ 11个数据文件已同步VPS(rsync -u, 仅推送更新过的)
[2026-07-27 05:09:06] VPS重算: 200
[2026-07-27 05:16:01] 抓到 4 场
[2026-07-27 05:16:06] ✓ 11个数据文件已同步VPS(rsync -u, 仅推送更新过的)
[2026-07-27 05:17:36] VPS重算: 000
[2026-07-27 05:24:01] 抓到 4 场
[2026-07-27 05:24:06] ✓ 11个数据文件已同步VPS(rsync -u, 仅推送更新过的)
[2026-07-27 05:24:07] VPS重算: 200
[2026-07-27 05:32:01] 抓到 2 场
[2026-07-27 05:32:05] ✓ 11个数据文件已同步VPS(rsync -u, 仅推送更新过的)
[2026-07-27 05:32:07] VPS重算: 200
[2026-07-27 05:40:01] 抓到 2 场
[2026-07-27 05:40:05] ✓ 11个数据文件已同步VPS(rsync -u, 仅推送更新过的)
[2026-07-27 05:40:07] VPS重算: 200
[2026-07-27 05:48:01] 抓到 2 场
[2026-07-27 05:48:05] ✓ 11个数据文件已同步VPS(rsync -u, 仅推送更新过的)
[2026-07-27 05:48:36] VPS重算: 200
[2026-07-27 05:56:01] 抓到 2 场
[2026-07-27 05:56:06] ✓ 11个数据文件已同步VPS(rsync -u, 仅推送更新过的)
[2026-07-27 05:56:08] VPS重算: 200
[2026-07-27 06:00:01] 抓到 2 场
[2026-07-27 06:00:05] ✓ 11个数据文件已同步VPS(rsync -u, 仅推送更新过的)
[2026-07-27 06:01:35] VPS重算: 000
[2026-07-27 06:08:01] 抓到 2 场
[2026-07-27 06:08:06] ✓ 11个数据文件已同步VPS(rsync -u, 仅推送更新过的)
[2026-07-27 06:08:37] VPS重算: 200
[2026-07-27 06:16:01] 抓到 2 场
[2026-07-27 06:16:05] ✓ 11个数据文件已同步VPS(rsync -u, 仅推送更新过的)
[2026-07-27 06:16:37] VPS重算: 200
[2026-07-27 06:24:01] 抓到 2 场
[2026-07-27 06:24:05] ✓ 11个数据文件已同步VPS(rsync -u, 仅推送更新过的)
[2026-07-27 06:25:07] VPS重算: 200
[2026-07-27 06:32:01] 抓到 2 场
[2026-07-27 06:32:05] ✓ 11个数据文件已同步VPS(rsync -u, 仅推送更新过的)
[2026-07-27 06:32:37] VPS重算: 200
[2026-07-27 06:40:01] 抓到 2 场
[2026-07-27 06:40:05] ✓ 11个数据文件已同步VPS(rsync -u, 仅推送更新过的)
[2026-07-27 06:41:06] VPS重算: 200
[2026-07-27 06:48:01] 抓到 2 场
[2026-07-27 06:48:05] ✓ 11个数据文件已同步VPS(rsync -u, 仅推送更新过的)
[2026-07-27 06:48:06] VPS重算: 200
[2026-07-27 06:56:01] 抓到 2 场
[2026-07-27 06:56:06] ✓ 11个数据文件已同步VPS(rsync -u, 仅推送更新过的)
[2026-07-27 06:56:36] VPS重算: 200
[2026-07-27 07:00:01] 抓到 2 场
[2026-07-27 07:00:05] ✓ 11个数据文件已同步VPS(rsync -u, 仅推送更新过的)
[2026-07-27 07:00:37] VPS重算: 200
[2026-07-27 07:08:01] 抓到 2 场
[2026-07-27 07:08:05] ✓ 11个数据文件已同步VPS(rsync -u, 仅推送更新过的)
[2026-07-27 07:08:06] VPS重算: 200
[2026-07-27 07:16:01] 抓到 2 场
[2026-07-27 07:16:05] ✓ 11个数据文件已同步VPS(rsync -u, 仅推送更新过的)
[2026-07-27 07:16:07] VPS重算: 200
[2026-07-27 07:24:01] 抓到 2 场
[2026-07-27 07:24:05] ✓ 11个数据文件已同步VPS(rsync -u, 仅推送更新过的)
[2026-07-27 07:25:07] VPS重算: 200
[2026-07-27 07:32:01] 抓到 2 场
[2026-07-27 07:32:06] ✓ 11个数据文件已同步VPS(rsync -u, 仅推送更新过的)
[2026-07-27 07:32:37] VPS重算: 200
[2026-07-27 07:40:01] 抓到 2 场
[2026-07-27 07:40:06] ✓ 11个数据文件已同步VPS(rsync -u, 仅推送更新过的)
[2026-07-27 07:40:07] VPS重算: 200
[2026-07-27 07:48:01] 抓到 2 场
[2026-07-27 07:48:05] ✓ 11个数据文件已同步VPS(rsync -u, 仅推送更新过的)
[2026-07-27 07:48:06] VPS重算: 429
[2026-07-27 07:56:01] 抓到 2 场
[2026-07-27 07:56:05] ✓ 11个数据文件已同步VPS(rsync -u, 仅推送更新过的)
[2026-07-27 07:57:06] VPS重算: 200
[2026-07-27 08:00:01] 抓到 2 场
[2026-07-27 08:00:06] ✓ 11个数据文件已同步VPS(rsync -u, 仅推送更新过的)
[2026-07-27 08:00:06] VPS重算: 429
[2026-07-27 08:08:01] 抓到 2 场
[2026-07-27 08:08:06] ✓ 11个数据文件已同步VPS(rsync -u, 仅推送更新过的)
[2026-07-27 08:09:36] VPS重算: 000
[2026-07-27 08:16:01] 抓到 2 场
[2026-07-27 08:16:05] ✓ 11个数据文件已同步VPS(rsync -u, 仅推送更新过的)
[2026-07-27 08:17:35] VPS重算: 000
[2026-07-27 08:24:01] 抓到 2 场
[2026-07-27 08:24:05] ✓ 11个数据文件已同步VPS(rsync -u, 仅推送更新过的)
[2026-07-27 08:24:07] VPS重算: 200
[2026-07-27 08:32:01] 抓到 2 场
[2026-07-27 08:32:05] ✓ 11个数据文件已同步VPS(rsync -u, 仅推送更新过的)
[2026-07-27 08:32:06] VPS重算: 429
[2026-07-27 08:40:01] 抓到 2 场
[2026-07-27 08:40:06] ✓ 11个数据文件已同步VPS(rsync -u, 仅推送更新过的)
[2026-07-27 08:40:37] VPS重算: 200
[2026-07-27 08:48:01] 抓到 2 场
[2026-07-27 08:48:06] ✓ 11个数据文件已同步VPS(rsync -u, 仅推送更新过的)
[2026-07-27 08:49:36] VPS重算: 000
[2026-07-27 08:56:01] 抓到 2 场
[2026-07-27 08:56:06] ✓ 11个数据文件已同步VPS(rsync -u, 仅推送更新过的)
[2026-07-27 08:57:36] VPS重算: 000
[2026-07-27 09:00:01] 抓到 2 场
[2026-07-27 09:00:05] ✓ 11个数据文件已同步VPS(rsync -u, 仅推送更新过的)
[2026-07-27 09:01:35] VPS重算: 000
[2026-07-27 09:08:01] 抓到 2 场
[2026-07-27 09:08:06] ✓ 11个数据文件已同步VPS(rsync -u, 仅推送更新过的)
[2026-07-27 09:08:08] VPS重算: 200
[2026-07-27 09:16:01] 抓到 2 场
[2026-07-27 09:16:06] ✓ 11个数据文件已同步VPS(rsync -u, 仅推送更新过的)
[2026-07-27 09:16:08] VPS重算: 200
[2026-07-27 09:24:01] 抓到 2 场
[2026-07-27 09:24:05] ✓ 11个数据文件已同步VPS(rsync -u, 仅推送更新过的)
[2026-07-27 09:24:07] VPS重算: 200
[2026-07-27 09:32:01] 抓到 2 场
[2026-07-27 09:32:06] ✓ 11个数据文件已同步VPS(rsync -u, 仅推送更新过的)
[2026-07-27 09:33:36] VPS重算: 000
[2026-07-27 09:40:01] 抓到 2 场
[2026-07-27 09:40:06] ✓ 11个数据文件已同步VPS(rsync -u, 仅推送更新过的)
[2026-07-27 09:40:37] VPS重算: 200
[2026-07-27 09:48:01] 抓到 2 场
[2026-07-27 09:48:06] ✓ 11个数据文件已同步VPS(rsync -u, 仅推送更新过的)
[2026-07-27 09:49:08] VPS重算: 200
[2026-07-27 09:56:01] 抓到 2 场
[2026-07-27 09:56:05] ✓ 11个数据文件已同步VPS(rsync -u, 仅推送更新过的)
[2026-07-27 09:56:06] VPS重算: 200
[2026-07-27 10:00:01] 抓到 2 场
[2026-07-27 10:00:05] ✓ 11个数据文件已同步VPS(rsync -u, 仅推送更新过的)
[2026-07-27 10:00:06] VPS重算: 200
[2026-07-27 10:08:01] 抓到 2 场
[2026-07-27 10:08:06] ✓ 11个数据文件已同步VPS(rsync -u, 仅推送更新过的)
[2026-07-27 10:08:08] VPS重算: 200
[2026-07-27 10:16:01] 抓到 2 场
[2026-07-27 10:16:05] ✓ 11个数据文件已同步VPS(rsync -u, 仅推送更新过的)
[2026-07-27 10:17:35] VPS重算: 000
[2026-07-27 10:24:01] 抓到 2 场
[2026-07-27 10:24:06] ✓ 11个数据文件已同步VPS(rsync -u, 仅推送更新过的)
[2026-07-27 10:24:07] VPS重算: 200
[2026-07-27 10:32:01] 抓到 2 场
[2026-07-27 10:32:06] ✓ 11个数据文件已同步VPS(rsync -u, 仅推送更新过的)
[2026-07-27 10:33:36] VPS重算: 000
[2026-07-27 10:40:02] 抓到 2 场
[2026-07-27 10:40:06] ✓ 11个数据文件已同步VPS(rsync -u, 仅推送更新过的)
[2026-07-27 10:40:07] VPS重算: 200
[2026-07-27 10:48:01] 抓到 2 场
[2026-07-27 10:48:06] ✓ 11个数据文件已同步VPS(rsync -u, 仅推送更新过的)
[2026-07-27 10:48:08] VPS重算: 200
[2026-07-27 10:56:01] 抓到 2 场
[2026-07-27 10:56:06] ✓ 11个数据文件已同步VPS(rsync -u, 仅推送更新过的)
[2026-07-27 10:57:36] VPS重算: 000
[2026-07-27 11:00:01] 抓到 2 场
[2026-07-27 11:00:05] ✓ 11个数据文件已同步VPS(rsync -u, 仅推送更新过的)
[2026-07-27 11:00:06] VPS重算: 200
[2026-07-27 11:08:01] 抓到 2 场
[2026-07-27 11:08:05] ✓ 11个数据文件已同步VPS(rsync -u, 仅推送更新过的)
[2026-07-27 11:08:37] VPS重算: 200
[2026-07-27 11:16:01] 抓到 2 场
[2026-07-27 11:16:05] ✓ 11个数据文件已同步VPS(rsync -u, 仅推送更新过的)
[2026-07-27 11:16:07] VPS重算: 200
[2026-07-27 11:24:01] 抓到 2 场
[2026-07-27 11:24:05] ✓ 11个数据文件已同步VPS(rsync -u, 仅推送更新过的)
[2026-07-27 11:24:37] VPS重算: 200
[2026-07-27 11:32:01] 抓到 2 场
[2026-07-27 11:32:06] ✓ 11个数据文件已同步VPS(rsync -u, 仅推送更新过的)
[2026-07-27 11:32:08] VPS重算: 200
[2026-07-27 11:40:01] 抓到 2 场
[2026-07-27 11:40:06] ✓ 11个数据文件已同步VPS(rsync -u, 仅推送更新过的)
[2026-07-27 11:40:37] VPS重算: 200
[2026-07-27 11:48:01] 抓到 2 场
[2026-07-27 11:48:05] ✓ 11个数据文件已同步VPS(rsync -u, 仅推送更新过的)
[2026-07-27 11:49:35] VPS重算: 000
[2026-07-27 11:56:01] 抓到 2 场
[2026-07-27 11:56:06] ✓ 11个数据文件已同步VPS(rsync -u, 仅推送更新过的)
[2026-07-27 11:57:07] VPS重算: 200
[2026-07-27 12:00:01] 抓到 2 场
[2026-07-27 12:00:05] ✓ 11个数据文件已同步VPS(rsync -u, 仅推送更新过的)
[2026-07-27 12:00:36] VPS重算: 200
[2026-07-27 12:08:01] 抓到 2 场
[2026-07-27 12:08:06] ✓ 11个数据文件已同步VPS(rsync -u, 仅推送更新过的)
[2026-07-27 12:08:07] VPS重算: 429
[2026-07-27 12:16:01] 抓到 2 场
[2026-07-27 12:16:06] ✓ 11个数据文件已同步VPS(rsync -u, 仅推送更新过的)
[2026-07-27 12:17:07] VPS重算: 200
[2026-07-27 12:24:01] 抓到 2 场
[2026-07-27 12:24:05] ✓ 11个数据文件已同步VPS(rsync -u, 仅推送更新过的)
[2026-07-27 12:25:07] VPS重算: 200
[2026-07-27 12:32:01] 抓到 2 场
[2026-07-27 12:32:05] ✓ 11个数据文件已同步VPS(rsync -u, 仅推送更新过的)
[2026-07-27 12:32:36] VPS重算: 200
[2026-07-27 12:40:01] 抓到 2 场
[2026-07-27 12:40:06] ✓ 11个数据文件已同步VPS(rsync -u, 仅推送更新过的)
[2026-07-27 12:40:07] VPS重算: 429
[2026-07-27 12:48:01] 抓到 2 场
[2026-07-27 12:48:06] ✓ 11个数据文件已同步VPS(rsync -u, 仅推送更新过的)
[2026-07-27 12:48:07] VPS重算: 200
[2026-07-27 12:56:01] 抓到 2 场
[2026-07-27 12:56:05] ✓ 11个数据文件已同步VPS(rsync -u, 仅推送更新过的)
[2026-07-27 12:56:06] VPS重算: 200
[2026-07-27 13:00:01] 抓到 2 场
[2026-07-27 13:00:05] ✓ 11个数据文件已同步VPS(rsync -u, 仅推送更新过的)
[2026-07-27 13:00:37] VPS重算: 200
[2026-07-27 13:08:01] 抓到 2 场
[2026-07-27 13:08:06] ✓ 11个数据文件已同步VPS(rsync -u, 仅推送更新过的)
[2026-07-27 13:09:36] VPS重算: 000
[2026-07-27 13:16:01] 抓到 2 场
[2026-07-27 13:16:06] ✓ 11个数据文件已同步VPS(rsync -u, 仅推送更新过的)
[2026-07-27 13:16:07] VPS重算: 200
[2026-07-27 13:24:01] 抓到 2 场
[2026-07-27 13:24:07] ✓ 11个数据文件已同步VPS(rsync -u, 仅推送更新过的)
[2026-07-27 13:24:38] VPS重算: 200
[2026-07-27 13:32:01] 抓到 2 场
[2026-07-27 13:32:06] ✓ 11个数据文件已同步VPS(rsync -u, 仅推送更新过的)
[2026-07-27 13:32:38] VPS重算: 200
[2026-07-27 13:40:01] 抓到 2 场
[2026-07-27 13:40:06] ✓ 11个数据文件已同步VPS(rsync -u, 仅推送更新过的)
[2026-07-27 13:41:07] VPS重算: 200
[2026-07-27 13:48:01] 抓到 2 场
[2026-07-27 13:48:05] ✓ 11个数据文件已同步VPS(rsync -u, 仅推送更新过的)
[2026-07-27 13:48:37] VPS重算: 200
[2026-07-27 13:56:01] 抓到 2 场
[2026-07-27 13:56:05] ✓ 11个数据文件已同步VPS(rsync -u, 仅推送更新过的)
[2026-07-27 13:56:37] VPS重算: 200
[2026-07-27 14:00:01] 抓到 2 场
[2026-07-27 14:00:05] ✓ 11个数据文件已同步VPS(rsync -u, 仅推送更新过的)
[2026-07-27 14:00:07] VPS重算: 200
[2026-07-27 14:08:01] 抓到 2 场
[2026-07-27 14:08:05] ✓ 11个数据文件已同步VPS(rsync -u, 仅推送更新过的)
[2026-07-27 14:09:35] VPS重算: 000
[2026-07-27 14:16:01] 抓到 2 场
[2026-07-27 14:16:06] ✓ 11个数据文件已同步VPS(rsync -u, 仅推送更新过的)
[2026-07-27 14:16:08] VPS重算: 200
[2026-07-27 14:24:01] 抓到 2 场
[2026-07-27 14:24:05] ✓ 11个数据文件已同步VPS(rsync -u, 仅推送更新过的)
[2026-07-27 14:24:06] VPS重算: 200
[2026-07-27 14:32:01] 抓到 2 场
[2026-07-27 14:32:05] ✓ 11个数据文件已同步VPS(rsync -u, 仅推送更新过的)
[2026-07-27 14:33:07] VPS重算: 200
[2026-07-27 14:40:01] 抓到 2 场
[2026-07-27 14:40:05] ✓ 11个数据文件已同步VPS(rsync -u, 仅推送更新过的)
[2026-07-27 14:40:07] VPS重算: 200
[2026-07-27 14:48:01] 抓到 2 场
[2026-07-27 14:48:06] ✓ 11个数据文件已同步VPS(rsync -u, 仅推送更新过的)
[2026-07-27 14:49:08] VPS重算: 200
[2026-07-27 14:56:01] 抓到 2 场
[2026-07-27 14:56:05] ✓ 11个数据文件已同步VPS(rsync -u, 仅推送更新过的)
[2026-07-27 14:56:36] VPS重算: 200
[2026-07-27 15:00:01] 抓到 2 场
[2026-07-27 15:00:05] ✓ 11个数据文件已同步VPS(rsync -u, 仅推送更新过的)
[2026-07-27 15:00:37] VPS重算: 200
[2026-07-27 15:08:01] 抓到 2 场
[2026-07-27 15:08:05] ✓ 11个数据文件已同步VPS(rsync -u, 仅推送更新过的)
[2026-07-27 15:08:06] VPS重算: 200
[2026-07-27 15:16:01] 抓到 2 场
[2026-07-27 15:16:06] ✓ 11个数据文件已同步VPS(rsync -u, 仅推送更新过的)
[2026-07-27 15:17:08] VPS重算: 200
[2026-07-27 15:24:01] 抓到 2 场
[2026-07-27 15:24:05] ✓ 11个数据文件已同步VPS(rsync -u, 仅推送更新过的)
[2026-07-27 15:25:06] VPS重算: 200
[2026-07-27 15:32:01] 抓到 2 场
[2026-07-27 15:32:06] ✓ 11个数据文件已同步VPS(rsync -u, 仅推送更新过的)
[2026-07-27 15:32:07] VPS重算: 200
[2026-07-27 15:40:01] 抓到 2 场
[2026-07-27 15:40:05] ✓ 11个数据文件已同步VPS(rsync -u, 仅推送更新过的)
[2026-07-27 15:41:07] VPS重算: 200
[2026-07-27 15:48:01] 抓到 2 场
[2026-07-27 15:48:06] ✓ 11个数据文件已同步VPS(rsync -u, 仅推送更新过的)
[2026-07-27 15:49:36] VPS重算: 000
[2026-07-27 15:56:01] 抓到 2 场
[2026-07-27 15:56:05] ✓ 11个数据文件已同步VPS(rsync -u, 仅推送更新过的)
[2026-07-27 15:56:07] VPS重算: 200
[2026-07-27 16:00:01] 抓到 2 场
[2026-07-27 16:00:05] ✓ 11个数据文件已同步VPS(rsync -u, 仅推送更新过的)
[2026-07-27 16:00:07] VPS重算: 200
[2026-07-27 16:08:01] 抓到 2 场
[2026-07-27 16:08:05] ✓ 11个数据文件已同步VPS(rsync -u, 仅推送更新过的)
[2026-07-27 16:09:06] VPS重算: 200
[2026-07-27 16:16:01] 抓到 2 场
[2026-07-27 16:16:06] ✓ 11个数据文件已同步VPS(rsync -u, 仅推送更新过的)
[2026-07-27 16:17:08] VPS重算: 200
[2026-07-27 16:24:01] 抓到 2 场
[2026-07-27 16:24:06] ✓ 11个数据文件已同步VPS(rsync -u, 仅推送更新过的)
[2026-07-27 16:24:37] VPS重算: 200
[2026-07-27 16:32:01] 抓到 2 场
[2026-07-27 16:32:05] ✓ 11个数据文件已同步VPS(rsync -u, 仅推送更新过的)
[2026-07-27 16:32:37] VPS重算: 200
[2026-07-27 16:40:01] 抓到 2 场
[2026-07-27 16:40:07] ✓ 11个数据文件已同步VPS(rsync -u, 仅推送更新过的)
[2026-07-27 16:40:09] VPS重算: 200
[2026-07-27 16:48:01] 抓到 2 场
[2026-07-27 16:48:05] ✓ 11个数据文件已同步VPS(rsync -u, 仅推送更新过的)
[2026-07-27 16:48:06] VPS重算: 200
[2026-07-27 16:56:01] 抓到 2 场
[2026-07-27 16:56:06] ✓ 11个数据文件已同步VPS(rsync -u, 仅推送更新过的)
[2026-07-27 16:56:37] VPS重算: 200
[2026-07-27 17:00:01] 抓到 2 场
[2026-07-27 17:00:04] ✓ 11个数据文件已同步VPS(rsync -u, 仅推送更新过的)
[2026-07-27 17:00:06] VPS重算: 200
[2026-07-27 17:08:01] 抓到 2 场
[2026-07-27 17:08:05] ✓ 11个数据文件已同步VPS(rsync -u, 仅推送更新过的)
[2026-07-27 17:08:06] VPS重算: 429
[2026-07-27 17:16:01] 抓到 2 场
[2026-07-27 17:16:06] ✓ 11个数据文件已同步VPS(rsync -u, 仅推送更新过的)
[2026-07-27 17:17:36] VPS重算: 000
[2026-07-27 17:24:01] 抓到 2 场
[2026-07-27 17:24:05] ✓ 11个数据文件已同步VPS(rsync -u, 仅推送更新过的)
[2026-07-27 17:25:35] VPS重算: 000
[2026-07-27 17:32:01] 抓到 2 场
[2026-07-27 17:32:07] ✓ 11个数据文件已同步VPS(rsync -u, 仅推送更新过的)
[2026-07-27 17:32:38] VPS重算: 200
[2026-07-27 17:40:01] 抓到 2 场
[2026-07-27 17:40:06] ✓ 11个数据文件已同步VPS(rsync -u, 仅推送更新过的)
[2026-07-27 17:40:07] VPS重算: 200
[2026-07-27 17:48:01] 抓到 2 场
[2026-07-27 17:48:06] ✓ 11个数据文件已同步VPS(rsync -u, 仅推送更新过的)
[2026-07-27 17:48:08] VPS重算: 200
[2026-07-27 17:56:01] 抓到 2 场
[2026-07-27 17:56:05] ✓ 11个数据文件已同步VPS(rsync -u, 仅推送更新过的)
[2026-07-27 17:56:06] VPS重算: 200
[2026-07-27 18:00:01] 抓到 2 场
[2026-07-27 18:00:05] ✓ 11个数据文件已同步VPS(rsync -u, 仅推送更新过的)
[2026-07-27 18:01:35] VPS重算: 000
[2026-07-27 18:08:01] 抓到 2 场
[2026-07-27 18:08:06] ✓ 11个数据文件已同步VPS(rsync -u, 仅推送更新过的)
[2026-07-27 18:08:08] VPS重算: 200
[2026-07-27 18:16:01] 抓到 2 场
[2026-07-27 18:16:06] ✓ 11个数据文件已同步VPS(rsync -u, 仅推送更新过的)
[2026-07-27 18:16:07] VPS重算: 200
[2026-07-27 18:24:01] 抓到 2 场
[2026-07-27 18:24:06] ✓ 11个数据文件已同步VPS(rsync -u, 仅推送更新过的)
[2026-07-27 18:25:36] VPS重算: 000
[2026-07-27 18:32:02] 抓到 2 场
[2026-07-27 18:32:06] ✓ 11个数据文件已同步VPS(rsync -u, 仅推送更新过的)
[2026-07-27 18:32:07] VPS重算: 429
[2026-07-27 18:40:01] 抓到 2 场
[2026-07-27 18:40:05] ✓ 11个数据文件已同步VPS(rsync -u, 仅推送更新过的)
[2026-07-27 18:40:07] VPS重算: 200
[2026-07-27 18:48:01] 抓到 2 场
[2026-07-27 18:48:43] ✓ 11个数据文件已同步VPS(rsync -u, 仅推送更新过的)
[2026-07-27 18:49:14] VPS重算: 200
[2026-07-27 18:56:01] 抓到 2 场
[2026-07-27 18:56:05] ✓ 11个数据文件已同步VPS(rsync -u, 仅推送更新过的)
[2026-07-27 18:57:07] VPS重算: 200
[2026-07-27 19:00:01] 抓到 2 场
[2026-07-27 19:00:06] ✓ 11个数据文件已同步VPS(rsync -u, 仅推送更新过的)
[2026-07-27 19:01:36] VPS重算: 000
[2026-07-27 19:08:02] 抓到 2 场
[2026-07-27 19:08:06] ✓ 11个数据文件已同步VPS(rsync -u, 仅推送更新过的)
[2026-07-27 19:08:38] VPS重算: 200
[2026-07-27 19:16:01] 抓到 2 场
[2026-07-27 19:16:05] ✓ 11个数据文件已同步VPS(rsync -u, 仅推送更新过的)
[2026-07-27 19:16:07] VPS重算: 200
[2026-07-27 23:40:01] 抓到 2 场
[2026-07-27 23:40:08] ✓ 11个数据文件已同步VPS(rsync -u, 仅推送更新过的)
[2026-07-27 23:40:10] VPS重算: 429
[2026-07-27 23:48:01] 抓到 2 场
[2026-07-27 23:48:06] ✓ 11个数据文件已同步VPS(rsync -u, 仅推送更新过的)
[2026-07-27 23:48:38] VPS重算: 200
[2026-07-27 23:56:01] 抓到 2 场
[2026-07-27 23:56:05] ✓ 11个数据文件已同步VPS(rsync -u, 仅推送更新过的)
[2026-07-27 23:57:35] VPS重算: 000
[2026-07-28 00:00:01] 抓到 2 场
[2026-07-28 00:00:06] ✓ 11个数据文件已同步VPS(rsync -u, 仅推送更新过的)
[2026-07-28 00:01:36] VPS重算: 000
[2026-07-28 00:08:01] 抓到 2 场
[2026-07-28 00:08:06] ✓ 11个数据文件已同步VPS(rsync -u, 仅推送更新过的)
[2026-07-28 00:08:09] VPS重算: 200
[2026-07-28 00:16:01] 抓到 2 场
[2026-07-28 00:16:13] ✓ 11个数据文件已同步VPS(rsync -u, 仅推送更新过的)
[2026-07-28 00:16:16] VPS重算: 200
[2026-07-28 00:24:01] 抓到 2 场
[2026-07-28 00:24:08] ✓ 11个数据文件已同步VPS(rsync -u, 仅推送更新过的)
[2026-07-28 00:24:09] VPS重算: 429
[2026-07-28 00:32:01] 抓到 2 场
[2026-07-28 00:32:08] ✓ 11个数据文件已同步VPS(rsync -u, 仅推送更新过的)
[2026-07-28 00:32:11] VPS重算: 200
[2026-07-28 00:40:01] 抓到 2 场
[2026-07-28 00:40:07] ✓ 11个数据文件已同步VPS(rsync -u, 仅推送更新过的)
[2026-07-28 00:40:39] VPS重算: 200
[2026-07-28 00:48:01] 抓到 2 场
[2026-07-28 00:48:07] ✓ 11个数据文件已同步VPS(rsync -u, 仅推送更新过的)
[2026-07-28 00:49:09] VPS重算: 200
[2026-07-28 00:56:01] 抓到 2 场
[2026-07-28 00:56:04] ✓ 11个数据文件已同步VPS(rsync -u, 仅推送更新过的)
[2026-07-28 00:56:08] VPS重算: 200
[2026-07-28 01:00:01] 抓到 2 场
[2026-07-28 01:00:06] ✓ 11个数据文件已同步VPS(rsync -u, 仅推送更新过的)
[2026-07-28 01:00:08] VPS重算: 200
[2026-07-28 01:08:01] 抓到 0 场
[2026-07-28 01:08:08] ✓ 11个数据文件已同步VPS(rsync -u, 仅推送更新过的)
[2026-07-28 01:08:39] VPS重算: 200
[2026-07-28 01:16:01] 抓到 0 场
[2026-07-28 01:16:06] ✓ 11个数据文件已同步VPS(rsync -u, 仅推送更新过的)
[2026-07-28 01:16:08] VPS重算: 200
[2026-07-28 01:24:01] 抓到 0 场
[2026-07-28 01:24:04] ✓ 11个数据文件已同步VPS(rsync -u, 仅推送更新过的)
[2026-07-28 01:24:37] VPS重算: 200
[2026-07-28 01:32:01] 抓到 0 场
[2026-07-28 01:32:07] ✓ 11个数据文件已同步VPS(rsync -u, 仅推送更新过的)
[2026-07-28 01:32:09] VPS重算: 200
[2026-07-28 01:40:01] 抓到 0 场
[2026-07-28 01:40:07] ✓ 11个数据文件已同步VPS(rsync -u, 仅推送更新过的)
[2026-07-28 01:41:37] VPS重算: 000
[2026-07-28 01:48:01] 抓到 0 场
[2026-07-28 01:48:05] ✓ 11个数据文件已同步VPS(rsync -u, 仅推送更新过的)
[2026-07-28 01:48:37] VPS重算: 200
[2026-07-28 01:56:01] 抓到 0 场
[2026-07-28 01:56:06] ✓ 11个数据文件已同步VPS(rsync -u, 仅推送更新过的)
[2026-07-28 01:56:08] VPS重算: 200
[2026-07-28 02:00:02] 抓到 0 场
[2026-07-28 02:00:08] ✓ 11个数据文件已同步VPS(rsync -u, 仅推送更新过的)
[2026-07-28 02:01:38] VPS重算: 000
[2026-07-28 02:08:01] 抓到 0 场
[2026-07-28 02:08:05] ✓ 11个数据文件已同步VPS(rsync -u, 仅推送更新过的)
[2026-07-28 02:08:37] VPS重算: 200
[2026-07-28 02:16:01] 抓到 0 场
[2026-07-28 02:16:05] ✓ 11个数据文件已同步VPS(rsync -u, 仅推送更新过的)
[2026-07-28 02:16:37] VPS重算: 200
[2026-07-28 02:24:01] 抓到 0 场
[2026-07-28 02:24:04] ✓ 11个数据文件已同步VPS(rsync -u, 仅推送更新过的)
[2026-07-28 02:24:36] VPS重算: 200
[2026-07-28 02:32:01] 抓到 0 场
[2026-07-28 02:32:06] ✓ 11个数据文件已同步VPS(rsync -u, 仅推送更新过的)
[2026-07-28 02:32:08] VPS重算: 200
[2026-07-28 02:40:01] 抓到 0 场
[2026-07-28 02:40:05] ✓ 11个数据文件已同步VPS(rsync -u, 仅推送更新过的)
[2026-07-28 02:40:36] VPS重算: 200
[2026-07-28 02:48:01] 抓到 0 场
[2026-07-28 02:48:05] ✓ 11个数据文件已同步VPS(rsync -u, 仅推送更新过的)
[2026-07-28 02:48:12] VPS重算: 200
[2026-07-28 02:56:01] 抓到 0 场
[2026-07-28 02:56:04] ✓ 11个数据文件已同步VPS(rsync -u, 仅推送更新过的)
[2026-07-28 02:56:39] VPS重算: 200
[2026-07-28 03:00:01] 抓到 0 场
[2026-07-28 03:00:05] ✓ 11个数据文件已同步VPS(rsync -u, 仅推送更新过的)
[2026-07-28 03:01:07] VPS重算: 200
[2026-07-28 03:08:01] 抓到 0 场
[2026-07-28 03:08:04] ✓ 11个数据文件已同步VPS(rsync -u, 仅推送更新过的)
[2026-07-28 03:08:36] VPS重算: 200
[2026-07-28 03:16:01] 抓到 0 场
[2026-07-28 03:16:05] ✓ 11个数据文件已同步VPS(rsync -u, 仅推送更新过的)
[2026-07-28 03:16:07] VPS重算: 200
[2026-07-28 03:24:01] 抓到 0 场
[2026-07-28 03:24:04] ✓ 11个数据文件已同步VPS(rsync -u, 仅推送更新过的)
[2026-07-28 03:24:06] VPS重算: 200
[2026-07-28 03:32:01] 抓到 0 场
[2026-07-28 03:32:06] ✓ 11个数据文件已同步VPS(rsync -u, 仅推送更新过的)
[2026-07-28 03:32:08] VPS重算: 200
[2026-07-28 03:40:01] 抓到 0 场
[2026-07-28 03:40:06] ✓ 11个数据文件已同步VPS(rsync -u, 仅推送更新过的)
[2026-07-28 03:40:38] VPS重算: 200
[2026-07-28 03:48:01] 抓到 0 场
[2026-07-28 03:48:05] ✓ 11个数据文件已同步VPS(rsync -u, 仅推送更新过的)
[2026-07-28 03:48:07] VPS重算: 200
[2026-07-28 03:56:01] 抓到 0 场
[2026-07-28 03:56:05] ✓ 11个数据文件已同步VPS(rsync -u, 仅推送更新过的)
[2026-07-28 03:56:06] VPS重算: 429
[2026-07-28 04:00:01] 抓到 0 场
[2026-07-28 04:00:05] ✓ 11个数据文件已同步VPS(rsync -u, 仅推送更新过的)
[2026-07-28 04:01:35] VPS重算: 000
[2026-07-28 04:08:01] 抓到 0 场
[2026-07-28 04:08:05] ✓ 11个数据文件已同步VPS(rsync -u, 仅推送更新过的)
[2026-07-28 04:09:35] VPS重算: 000
[2026-07-28 04:16:01] 抓到 0 场
[2026-07-28 04:16:05] ✓ 11个数据文件已同步VPS(rsync -u, 仅推送更新过的)
[2026-07-28 04:16:07] VPS重算: 200
[2026-07-28 04:24:01] 抓到 0 场
[2026-07-28 04:24:07] ✓ 11个数据文件已同步VPS(rsync -u, 仅推送更新过的)
[2026-07-28 04:24:09] VPS重算: 200
[2026-07-28 04:32:01] 抓到 0 场
[2026-07-28 04:32:05] ✓ 11个数据文件已同步VPS(rsync -u, 仅推送更新过的)
[2026-07-28 04:32:06] VPS重算: 429
[2026-07-28 04:40:01] 抓到 0 场
[2026-07-28 04:40:05] ✓ 11个数据文件已同步VPS(rsync -u, 仅推送更新过的)
[2026-07-28 04:41:06] VPS重算: 200
[2026-07-28 04:48:01] 抓到 0 场
[2026-07-28 04:48:04] ✓ 11个数据文件已同步VPS(rsync -u, 仅推送更新过的)
[2026-07-28 04:48:06] VPS重算: 200
[2026-07-28 04:56:01] 抓到 0 场
[2026-07-28 04:56:05] ✓ 11个数据文件已同步VPS(rsync -u, 仅推送更新过的)
[2026-07-28 04:56:07] VPS重算: 200
[2026-07-28 05:00:01] 抓到 0 场
[2026-07-28 05:00:05] ✓ 11个数据文件已同步VPS(rsync -u, 仅推送更新过的)
[2026-07-28 05:01:35] VPS重算: 000
[2026-07-28 05:08:01] 抓到 0 场
[2026-07-28 05:08:05] ✓ 11个数据文件已同步VPS(rsync -u, 仅推送更新过的)
[2026-07-28 05:09:07] VPS重算: 200
[2026-07-28 05:16:01] 抓到 0 场
[2026-07-28 05:16:04] ✓ 11个数据文件已同步VPS(rsync -u, 仅推送更新过的)
[2026-07-28 05:16:37] VPS重算: 200
[2026-07-28 05:24:01] 抓到 0 场
[2026-07-28 05:24:05] ✓ 11个数据文件已同步VPS(rsync -u, 仅推送更新过的)
[2026-07-28 05:25:06] VPS重算: 200
[2026-07-28 05:32:01] 抓到 0 场
[2026-07-28 05:32:06] ✓ 11个数据文件已同步VPS(rsync -u, 仅推送更新过的)
[2026-07-28 05:32:08] VPS重算: 200
[2026-07-28 05:40:01] 抓到 0 场
[2026-07-28 05:40:05] ✓ 11个数据文件已同步VPS(rsync -u, 仅推送更新过的)
[2026-07-28 05:40:37] VPS重算: 200
[2026-07-28 05:48:01] 抓到 0 场
[2026-07-28 05:48:05] ✓ 11个数据文件已同步VPS(rsync -u, 仅推送更新过的)
[2026-07-28 05:48:37] VPS重算: 200
[2026-07-28 05:56:01] 抓到 0 场
[2026-07-28 05:56:06] ✓ 11个数据文件已同步VPS(rsync -u, 仅推送更新过的)
[2026-07-28 05:56:07] VPS重算: 429
[2026-07-28 06:00:01] 抓到 0 场
[2026-07-28 06:00:04] ✓ 11个数据文件已同步VPS(rsync -u, 仅推送更新过的)
[2026-07-28 06:01:34] VPS重算: 000
[2026-07-28 06:08:01] 抓到 0 场
[2026-07-28 06:08:05] ✓ 11个数据文件已同步VPS(rsync -u, 仅推送更新过的)
[2026-07-28 06:08:39] VPS重算: 200
[2026-07-28 06:16:01] 抓到 0 场
[2026-07-28 06:16:12] ✓ 11个数据文件已同步VPS(rsync -u, 仅推送更新过的)
[2026-07-28 06:16:14] VPS重算: 200
[2026-07-28 06:24:01] 抓到 0 场
[2026-07-28 06:24:04] ✓ 11个数据文件已同步VPS(rsync -u, 仅推送更新过的)
[2026-07-28 06:24:36] VPS重算: 200
[2026-07-28 06:32:01] 抓到 0 场
[2026-07-28 06:32:05] ✓ 11个数据文件已同步VPS(rsync -u, 仅推送更新过的)
[2026-07-28 06:33:07] VPS重算: 200
[2026-07-28 06:40:01] 抓到 0 场
[2026-07-28 06:40:05] ✓ 11个数据文件已同步VPS(rsync -u, 仅推送更新过的)
[2026-07-28 06:40:37] VPS重算: 200
[2026-07-28 06:48:01] 抓到 0 场
[2026-07-28 06:48:05] ✓ 11个数据文件已同步VPS(rsync -u, 仅推送更新过的)
[2026-07-28 06:48:37] VPS重算: 200
[2026-07-28 06:56:01] 抓到 0 场
[2026-07-28 06:56:05] ✓ 11个数据文件已同步VPS(rsync -u, 仅推送更新过的)
[2026-07-28 06:56:37] VPS重算: 200
[2026-07-28 07:00:01] 抓到 0 场
[2026-07-28 07:00:05] ✓ 11个数据文件已同步VPS(rsync -u, 仅推送更新过的)
[2026-07-28 07:00:07] VPS重算: 200
[2026-07-28 07:08:01] 抓到 0 场
[2026-07-28 07:08:05] ✓ 11个数据文件已同步VPS(rsync -u, 仅推送更新过的)
[2026-07-28 07:09:07] VPS重算: 200
[2026-07-28 07:16:01] 抓到 0 场
[2026-07-28 07:16:05] ✓ 11个数据文件已同步VPS(rsync -u, 仅推送更新过的)
[2026-07-28 07:16:07] VPS重算: 200
[2026-07-28 07:24:01] 抓到 0 场
[2026-07-28 07:24:05] ✓ 11个数据文件已同步VPS(rsync -u, 仅推送更新过的)
[2026-07-28 07:24:07] VPS重算: 200
[2026-07-28 07:32:01] 抓到 0 场
[2026-07-28 07:32:05] ✓ 11个数据文件已同步VPS(rsync -u, 仅推送更新过的)
[2026-07-28 07:32:06] VPS重算: 429
[2026-07-28 07:40:01] 抓到 0 场
[2026-07-28 07:40:04] ✓ 11个数据文件已同步VPS(rsync -u, 仅推送更新过的)
[2026-07-28 07:40:06] VPS重算: 200
[2026-07-28 07:48:01] 抓到 0 场
[2026-07-28 07:48:05] ✓ 11个数据文件已同步VPS(rsync -u, 仅推送更新过的)
[2026-07-28 07:48:07] VPS重算: 200
[2026-07-28 07:56:01] 抓到 0 场
[2026-07-28 07:56:05] ✓ 11个数据文件已同步VPS(rsync -u, 仅推送更新过的)
[2026-07-28 07:57:07] VPS重算: 200
[2026-07-28 08:00:01] 抓到 0 场
[2026-07-28 08:00:04] ✓ 11个数据文件已同步VPS(rsync -u, 仅推送更新过的)
[2026-07-28 08:01:34] VPS重算: 000
[2026-07-28 08:08:01] 抓到 0 场
[2026-07-28 08:08:05] ✓ 11个数据文件已同步VPS(rsync -u, 仅推送更新过的)
[2026-07-28 08:08:07] VPS重算: 200
[2026-07-28 08:16:01] 抓到 0 场
[2026-07-28 08:16:05] ✓ 11个数据文件已同步VPS(rsync -u, 仅推送更新过的)
[2026-07-28 08:16:07] VPS重算: 200
[2026-07-28 08:24:01] 抓到 0 场
[2026-07-28 08:24:04] ✓ 11个数据文件已同步VPS(rsync -u, 仅推送更新过的)
[2026-07-28 08:24:37] VPS重算: 200
[2026-07-28 08:32:01] 抓到 0 场
[2026-07-28 08:32:06] ✓ 11个数据文件已同步VPS(rsync -u, 仅推送更新过的)
[2026-07-28 08:32:08] VPS重算: 200
[2026-07-28 08:40:01] 抓到 0 场
[2026-07-28 08:40:05] ✓ 11个数据文件已同步VPS(rsync -u, 仅推送更新过的)
[2026-07-28 08:40:37] VPS重算: 200
[2026-07-28 08:48:01] 抓到 0 场
[2026-07-28 08:48:08] ✓ 11个数据文件已同步VPS(rsync -u, 仅推送更新过的)
[2026-07-28 08:48:11] VPS重算: 200
[2026-07-28 08:56:01] 抓到 0 场
[2026-07-28 08:56:06] ✓ 11个数据文件已同步VPS(rsync -u, 仅推送更新过的)
[2026-07-28 08:56:08] VPS重算: 200
[2026-07-28 09:00:01] 抓到 0 场
[2026-07-28 09:00:05] ✓ 11个数据文件已同步VPS(rsync -u, 仅推送更新过的)
[2026-07-28 09:01:35] VPS重算: 000
[2026-07-28 09:08:01] 抓到 0 场
[2026-07-28 09:08:05] ✓ 11个数据文件已同步VPS(rsync -u, 仅推送更新过的)
[2026-07-28 09:08:07] VPS重算: 200
[2026-07-28 09:16:01] 抓到 0 场
[2026-07-28 09:16:05] ✓ 11个数据文件已同步VPS(rsync -u, 仅推送更新过的)
[2026-07-28 09:16:07] VPS重算: 200
[2026-07-28 09:24:01] 抓到 0 场
[2026-07-28 09:24:07] ✓ 11个数据文件已同步VPS(rsync -u, 仅推送更新过的)
[2026-07-28 09:24:09] VPS重算: 200
[2026-07-28 09:32:01] 抓到 0 场
[2026-07-28 09:32:06] ✓ 11个数据文件已同步VPS(rsync -u, 仅推送更新过的)
[2026-07-28 09:32:08] VPS重算: 200
[2026-07-28 09:40:01] 抓到 0 场
[2026-07-28 09:40:06] ✓ 11个数据文件已同步VPS(rsync -u, 仅推送更新过的)
[2026-07-28 09:40:07] VPS重算: 429
[2026-07-28 09:48:01] 抓到 0 场
[2026-07-28 09:48:05] ✓ 11个数据文件已同步VPS(rsync -u, 仅推送更新过的)
[2026-07-28 09:49:07] VPS重算: 200
[2026-07-28 09:56:01] 抓到 0 场
[2026-07-28 09:56:07] ✓ 11个数据文件已同步VPS(rsync -u, 仅推送更新过的)
[2026-07-28 09:56:09] VPS重算: 200
[2026-07-28 10:00:01] 抓到 0 场
[2026-07-28 10:00:06] ✓ 11个数据文件已同步VPS(rsync -u, 仅推送更新过的)
[2026-07-28 10:00:38] VPS重算: 200
[2026-07-28 10:08:01] 抓到 0 场
[2026-07-28 10:08:05] ✓ 11个数据文件已同步VPS(rsync -u, 仅推送更新过的)
[2026-07-28 10:08:07] VPS重算: 200
[2026-07-28 10:16:01] 抓到 0 场
[2026-07-28 10:16:05] ✓ 11个数据文件已同步VPS(rsync -u, 仅推送更新过的)
[2026-07-28 10:17:07] VPS重算: 200
[2026-07-28 10:24:01] 抓到 0 场
[2026-07-28 10:24:04] ✓ 11个数据文件已同步VPS(rsync -u, 仅推送更新过的)
[2026-07-28 10:24:06] VPS重算: 200
[2026-07-28 10:32:01] 抓到 0 场
[2026-07-28 10:32:05] ✓ 11个数据文件已同步VPS(rsync -u, 仅推送更新过的)
[2026-07-28 10:32:07] VPS重算: 200
[2026-07-28 10:40:01] 抓到 0 场
[2026-07-28 10:40:09] ✓ 11个数据文件已同步VPS(rsync -u, 仅推送更新过的)
[2026-07-28 10:40:11] VPS重算: 200
[2026-07-28 10:48:01] 抓到 0 场
[2026-07-28 10:48:05] ✓ 11个数据文件已同步VPS(rsync -u, 仅推送更新过的)
[2026-07-28 10:48:37] VPS重算: 200
[2026-07-28 10:56:01] 抓到 0 场
[2026-07-28 10:56:05] ✓ 11个数据文件已同步VPS(rsync -u, 仅推送更新过的)
[2026-07-28 10:56:07] VPS重算: 429
[2026-07-28 11:00:01] 抓到 0 场
[2026-07-28 11:00:05] ✓ 11个数据文件已同步VPS(rsync -u, 仅推送更新过的)
[2026-07-28 11:01:35] VPS重算: 000
[2026-07-28 11:08:01] 抓到 4 场
[2026-07-28 11:08:05] ✓ 11个数据文件已同步VPS(rsync -u, 仅推送更新过的)
[2026-07-28 11:09:35] VPS重算: 000
[2026-07-28 11:16:01] 抓到 4 场
[2026-07-28 11:16:06] ✓ 11个数据文件已同步VPS(rsync -u, 仅推送更新过的)
[2026-07-28 11:17:36] VPS重算: 000
[2026-07-28 11:24:01] 抓到 4 场
[2026-07-28 11:24:08] ✓ 11个数据文件已同步VPS(rsync -u, 仅推送更新过的)
[2026-07-28 11:25:10] VPS重算: 200
[2026-07-28 11:32:01] 抓到 4 场
[2026-07-28 11:32:06] ✓ 11个数据文件已同步VPS(rsync -u, 仅推送更新过的)
[2026-07-28 11:32:07] VPS重算: 429
[2026-07-28 11:40:01] 抓到 4 场
[2026-07-28 11:40:05] ✓ 11个数据文件已同步VPS(rsync -u, 仅推送更新过的)
[2026-07-28 11:40:37] VPS重算: 200
[2026-07-28 11:48:01] 抓到 4 场
[2026-07-28 11:48:06] ✓ 11个数据文件已同步VPS(rsync -u, 仅推送更新过的)
[2026-07-28 11:48:38] VPS重算: 200
[2026-07-28 11:56:01] 抓到 4 场
[2026-07-28 11:56:05] ✓ 11个数据文件已同步VPS(rsync -u, 仅推送更新过的)
[2026-07-28 11:56:07] VPS重算: 200
[2026-07-28 12:00:01] 抓到 4 场
[2026-07-28 12:00:06] ✓ 11个数据文件已同步VPS(rsync -u, 仅推送更新过的)
[2026-07-28 12:00:38] VPS重算: 200
[2026-07-28 12:08:01] 抓到 4 场
[2026-07-28 12:08:06] ✓ 11个数据文件已同步VPS(rsync -u, 仅推送更新过的)
[2026-07-28 12:08:08] VPS重算: 200
[2026-07-28 12:16:01] 抓到 4 场
[2026-07-28 12:16:06] ✓ 11个数据文件已同步VPS(rsync -u, 仅推送更新过的)
[2026-07-28 12:16:38] VPS重算: 200
[2026-07-28 12:24:01] 抓到 4 场
[2026-07-28 12:24:07] ✓ 11个数据文件已同步VPS(rsync -u, 仅推送更新过的)
[2026-07-28 12:25:37] VPS重算: 000
[2026-07-28 12:32:01] 抓到 4 场
[2026-07-28 12:32:09] ✓ 11个数据文件已同步VPS(rsync -u, 仅推送更新过的)
[2026-07-28 12:33:39] VPS重算: 000
[2026-07-28 12:40:01] 抓到 4 场
[2026-07-28 12:40:06] ✓ 11个数据文件已同步VPS(rsync -u, 仅推送更新过的)
[2026-07-28 12:40:08] VPS重算: 429
[2026-07-28 12:48:01] 抓到 4 场
[2026-07-28 12:48:06] ✓ 11个数据文件已同步VPS(rsync -u, 仅推送更新过的)
[2026-07-28 12:48:08] VPS重算: 200
[2026-07-28 12:56:01] 抓到 4 场
[2026-07-28 12:56:05] ✓ 11个数据文件已同步VPS(rsync -u, 仅推送更新过的)
[2026-07-28 12:56:07] VPS重算: 200
[2026-07-28 13:00:01] 抓到 4 场
[2026-07-28 13:00:06] ✓ 11个数据文件已同步VPS(rsync -u, 仅推送更新过的)
[2026-07-28 13:01:08] VPS重算: 200
[2026-07-28 13:08:01] 抓到 4 场
[2026-07-28 13:08:06] ✓ 11个数据文件已同步VPS(rsync -u, 仅推送更新过的)
[2026-07-28 13:08:09] VPS重算: 200
[2026-07-28 13:16:01] 抓到 4 场
[2026-07-28 13:16:07] ✓ 11个数据文件已同步VPS(rsync -u, 仅推送更新过的)
[2026-07-28 13:17:37] VPS重算: 000
[2026-07-28 13:24:01] 抓到 4 场
[2026-07-28 13:24:06] ✓ 11个数据文件已同步VPS(rsync -u, 仅推送更新过的)
[2026-07-28 13:24:08] VPS重算: 200
[2026-07-28 13:32:01] 抓到 4 场
[2026-07-28 13:32:06] ✓ 11个数据文件已同步VPS(rsync -u, 仅推送更新过的)
[2026-07-28 13:32:07] VPS重算: 200
[2026-07-28 13:40:01] 抓到 4 场
[2026-07-28 13:40:06] ✓ 11个数据文件已同步VPS(rsync -u, 仅推送更新过的)
[2026-07-28 13:40:08] VPS重算: 200
[2026-07-28 13:48:01] 抓到 4 场
[2026-07-28 13:48:12] ✓ 11个数据文件已同步VPS(rsync -u, 仅推送更新过的)
[2026-07-28 13:49:42] VPS重算: 000
[2026-07-28 13:56:01] 抓到 4 场
[2026-07-28 13:56:09] ✓ 11个数据文件已同步VPS(rsync -u, 仅推送更新过的)
[2026-07-28 13:56:11] VPS重算: 200
[2026-07-28 14:00:01] 抓到 4 场
[2026-07-28 14:00:12] ✓ 11个数据文件已同步VPS(rsync -u, 仅推送更新过的)
[2026-07-28 14:00:47] VPS重算: 200
[2026-07-28 14:08:01] 抓到 4 场
[2026-07-28 14:08:07] ✓ 11个数据文件已同步VPS(rsync -u, 仅推送更新过的)
[2026-07-28 14:08:39] VPS重算: 200
[2026-07-28 14:16:01] 抓到 4 场
[2026-07-28 14:16:12] ✓ 11个数据文件已同步VPS(rsync -u, 仅推送更新过的)
[2026-07-28 14:16:44] VPS重算: 200
[2026-07-28 14:24:01] 抓到 4 场
[2026-07-28 14:24:07] ✓ 11个数据文件已同步VPS(rsync -u, 仅推送更新过的)
[2026-07-28 14:24:09] VPS重算: 200
[2026-07-28 14:32:01] 抓到 4 场
[2026-07-28 14:32:07] ✓ 11个数据文件已同步VPS(rsync -u, 仅推送更新过的)
[2026-07-28 14:32:09] VPS重算: 200
[2026-07-28 14:40:01] 抓到 4 场
[2026-07-28 14:40:08] ✓ 11个数据文件已同步VPS(rsync -u, 仅推送更新过的)
[2026-07-28 14:40:10] VPS重算: 200
[2026-07-28 14:48:01] 抓到 4 场
[2026-07-28 14:48:06] ✓ 11个数据文件已同步VPS(rsync -u, 仅推送更新过的)
[2026-07-28 14:48:08] VPS重算: 200
[2026-07-28 14:56:01] 抓到 4 场
[2026-07-28 14:56:05] ✓ 11个数据文件已同步VPS(rsync -u, 仅推送更新过的)
[2026-07-28 14:56:07] VPS重算: 200
[2026-07-28 15:00:01] 抓到 4 场
[2026-07-28 15:00:07] ✓ 11个数据文件已同步VPS(rsync -u, 仅推送更新过的)
[2026-07-28 15:00:09] VPS重算: 200
[2026-07-28 15:08:01] 抓到 4 场
[2026-07-28 15:08:05] ✓ 11个数据文件已同步VPS(rsync -u, 仅推送更新过的)
[2026-07-28 15:08:07] VPS重算: 200
[2026-07-28 15:16:01] 抓到 4 场
[2026-07-28 15:16:06] ✓ 11个数据文件已同步VPS(rsync -u, 仅推送更新过的)
[2026-07-28 15:16:08] VPS重算: 200
[2026-07-28 15:24:01] 抓到 4 场
[2026-07-28 15:24:08] ✓ 11个数据文件已同步VPS(rsync -u, 仅推送更新过的)
[2026-07-28 15:24:11] VPS重算: 200
[2026-07-28 15:32:01] 抓到 4 场
[2026-07-28 15:32:10] ✓ 11个数据文件已同步VPS(rsync -u, 仅推送更新过的)
[2026-07-28 15:32:42] VPS重算: 200
[2026-07-28 15:40:01] 抓到 4 场
[2026-07-28 15:40:08] ✓ 11个数据文件已同步VPS(rsync -u, 仅推送更新过的)
[2026-07-28 15:40:10] VPS重算: 200
[2026-07-28 15:48:01] 抓到 4 场
[2026-07-28 15:48:05] ✓ 11个数据文件已同步VPS(rsync -u, 仅推送更新过的)
[2026-07-28 15:48:08] VPS重算: 200
[2026-07-28 15:56:01] 抓到 4 场
[2026-07-28 15:56:06] ✓ 11个数据文件已同步VPS(rsync -u, 仅推送更新过的)
[2026-07-28 15:56:09] VPS重算: 200
[2026-07-28 16:00:01] 抓到 4 场
[2026-07-28 16:00:08] ✓ 11个数据文件已同步VPS(rsync -u, 仅推送更新过的)
[2026-07-28 16:00:10] VPS重算: 200
[2026-07-28 16:08:01] 抓到 4 场
[2026-07-28 16:08:05] ✓ 11个数据文件已同步VPS(rsync -u, 仅推送更新过的)
[2026-07-28 16:08:37] VPS重算: 200
[2026-07-28 16:16:01] 抓到 4 场
[2026-07-28 16:16:09] ✓ 11个数据文件已同步VPS(rsync -u, 仅推送更新过的)
[2026-07-28 16:17:11] VPS重算: 200
[2026-07-28 16:24:01] 抓到 4 场
[2026-07-28 16:24:07] ✓ 11个数据文件已同步VPS(rsync -u, 仅推送更新过的)
[2026-07-28 16:25:38] VPS重算: 000
[2026-07-28 16:32:01] 抓到 4 场
[2026-07-28 16:32:12] ✓ 11个数据文件已同步VPS(rsync -u, 仅推送更新过的)
[2026-07-28 16:32:13] VPS重算: 429
[2026-07-28 16:40:01] 抓到 4 场
[2026-07-28 16:40:08] ✓ 11个数据文件已同步VPS(rsync -u, 仅推送更新过的)
[2026-07-28 16:40:40] VPS重算: 200
[2026-07-28 16:48:01] 抓到 4 场
[2026-07-28 16:48:06] ✓ 11个数据文件已同步VPS(rsync -u, 仅推送更新过的)
[2026-07-28 16:48:39] VPS重算: 200
[2026-07-28 16:56:01] 抓到 4 场
[2026-07-28 16:56:08] ✓ 11个数据文件已同步VPS(rsync -u, 仅推送更新过的)
[2026-07-28 16:56:11] VPS重算: 200
[2026-07-28 17:00:01] 抓到 4 场
[2026-07-28 17:00:08] ✓ 11个数据文件已同步VPS(rsync -u, 仅推送更新过的)
[2026-07-28 17:01:38] VPS重算: 000
[2026-07-28 17:08:01] 抓到 4 场
[2026-07-28 17:08:06] ✓ 11个数据文件已同步VPS(rsync -u, 仅推送更新过的)
[2026-07-28 17:09:08] VPS重算: 200
[2026-07-28 17:16:01] 抓到 4 场
[2026-07-28 17:16:18] ✓ 11个数据文件已同步VPS(rsync -u, 仅推送更新过的)
[2026-07-28 17:16:20] VPS重算: 200
[2026-07-28 17:24:01] 抓到 4 场
[2026-07-28 17:24:14] ✓ 11个数据文件已同步VPS(rsync -u, 仅推送更新过的)
[2026-07-28 17:24:16] VPS重算: 200
[2026-07-28 17:32:01] 抓到 4 场
[2026-07-28 17:32:16] ✓ 11个数据文件已同步VPS(rsync -u, 仅推送更新过的)
[2026-07-28 17:32:48] VPS重算: 200
[2026-07-28 17:40:01] 抓到 4 场
[2026-07-28 17:40:05] ✓ 11个数据文件已同步VPS(rsync -u, 仅推送更新过的)
[2026-07-28 17:40:08] VPS重算: 200
[2026-07-28 17:48:01] 抓到 4 场
[2026-07-28 17:48:11] ✓ 11个数据文件已同步VPS(rsync -u, 仅推送更新过的)
[2026-07-28 17:48:43] VPS重算: 200
[2026-07-28 17:56:01] 抓到 4 场
[2026-07-28 17:56:47] ✓ 11个数据文件已同步VPS(rsync -u, 仅推送更新过的)
[2026-07-28 17:56:49] VPS重算: 200
[2026-07-28 18:00:01] 抓到 4 场
[2026-07-28 18:00:05] ✓ 11个数据文件已同步VPS(rsync -u, 仅推送更新过的)
[2026-07-28 18:01:35] VPS重算: 000
[2026-07-28 18:08:01] 抓到 4 场
[2026-07-28 18:08:07] ✓ 11个数据文件已同步VPS(rsync -u, 仅推送更新过的)
[2026-07-28 18:09:37] VPS重算: 000
[2026-07-28 18:16:01] 抓到 4 场
[2026-07-28 18:16:06] ✓ 11个数据文件已同步VPS(rsync -u, 仅推送更新过的)
[2026-07-28 18:16:39] VPS重算: 200
[2026-07-28 18:24:02] 抓到 4 场
[2026-07-28 18:24:08] ✓ 11个数据文件已同步VPS(rsync -u, 仅推送更新过的)
[2026-07-28 18:24:10] VPS重算: 200
[2026-07-28 18:32:01] 抓到 4 场
[2026-07-28 18:32:07] ✓ 11个数据文件已同步VPS(rsync -u, 仅推送更新过的)
[2026-07-28 18:32:39] VPS重算: 200
[2026-07-28 18:40:01] 抓到 4 场
[2026-07-28 18:40:06] ✓ 11个数据文件已同步VPS(rsync -u, 仅推送更新过的)
[2026-07-28 18:40:09] VPS重算: 200
[2026-07-28 18:48:01] 抓到 4 场
[2026-07-28 18:48:06] ✓ 11个数据文件已同步VPS(rsync -u, 仅推送更新过的)
[2026-07-28 18:48:09] VPS重算: 200
[2026-07-28 18:56:01] 抓到 4 场
[2026-07-28 18:56:07] ✓ 11个数据文件已同步VPS(rsync -u, 仅推送更新过的)
[2026-07-28 18:56:09] VPS重算: 200
[2026-07-28 19:00:01] 抓到 4 场
[2026-07-28 19:00:06] ✓ 11个数据文件已同步VPS(rsync -u, 仅推送更新过的)
[2026-07-28 19:00:38] VPS重算: 200
[2026-07-28 19:08:02] 抓到 4 场
[2026-07-28 19:08:06] ✓ 11个数据文件已同步VPS(rsync -u, 仅推送更新过的)
[2026-07-28 19:08:38] VPS重算: 200
[2026-07-28 19:16:01] 抓到 4 场
[2026-07-28 19:16:06] ✓ 11个数据文件已同步VPS(rsync -u, 仅推送更新过的)
[2026-07-28 19:16:08] VPS重算: 200
[2026-07-28 19:24:01] 抓到 4 场
[2026-07-28 19:24:11] ✓ 11个数据文件已同步VPS(rsync -u, 仅推送更新过的)
[2026-07-28 19:25:14] VPS重算: 200
[2026-07-28 19:32:01] 抓到 4 场
[2026-07-28 19:32:07] ✓ 11个数据文件已同步VPS(rsync -u, 仅推送更新过的)
[2026-07-28 19:32:09] VPS重算: 200
[2026-07-28 19:40:01] 抓到 4 场
[2026-07-28 19:40:09] ✓ 11个数据文件已同步VPS(rsync -u, 仅推送更新过的)
[2026-07-28 19:40:11] VPS重算: 200
[2026-07-28 19:48:01] 抓到 4 场
[2026-07-28 19:48:07] ✓ 11个数据文件已同步VPS(rsync -u, 仅推送更新过的)
[2026-07-28 19:48:10] VPS重算: 200
[2026-07-28 19:56:01] 抓到 4 场
[2026-07-28 19:56:09] ✓ 11个数据文件已同步VPS(rsync -u, 仅推送更新过的)
[2026-07-28 19:56:12] VPS重算: 200
[2026-07-28 20:00:01] 抓到 4 场
[2026-07-28 20:00:04] ✓ 11个数据文件已同步VPS(rsync -u, 仅推送更新过的)
[2026-07-28 20:00:37] VPS重算: 200
[2026-07-28 20:08:01] 抓到 4 场
[2026-07-28 20:08:07] ✓ 11个数据文件已同步VPS(rsync -u, 仅推送更新过的)
[2026-07-28 20:08:09] VPS重算: 200
[2026-07-28 20:16:01] 抓到 4 场
[2026-07-28 20:16:07] ✓ 11个数据文件已同步VPS(rsync -u, 仅推送更新过的)
[2026-07-28 20:17:37] VPS重算: 000
[2026-07-28 20:24:01] 抓到 4 场
[2026-07-28 20:24:10] ✓ 11个数据文件已同步VPS(rsync -u, 仅推送更新过的)
[2026-07-28 20:24:42] VPS重算: 200
[2026-07-28 20:32:01] 抓到 4 场
[2026-07-28 20:32:06] ✓ 11个数据文件已同步VPS(rsync -u, 仅推送更新过的)
[2026-07-28 20:32:38] VPS重算: 200
[2026-07-28 20:40:01] 抓到 4 场
[2026-07-28 20:40:08] ✓ 11个数据文件已同步VPS(rsync -u, 仅推送更新过的)
[2026-07-28 20:41:38] VPS重算: 000
[2026-07-28 20:48:01] 抓到 4 场
[2026-07-28 20:48:13] ✓ 11个数据文件已同步VPS(rsync -u, 仅推送更新过的)
[2026-07-28 20:49:15] VPS重算: 200
[2026-07-28 20:56:01] 抓到 4 场
[2026-07-28 20:56:06] ✓ 11个数据文件已同步VPS(rsync -u, 仅推送更新过的)
[2026-07-28 20:57:09] VPS重算: 200
[2026-07-28 21:00:01] 抓到 4 场
[2026-07-28 21:00:12] ✓ 11个数据文件已同步VPS(rsync -u, 仅推送更新过的)
[2026-07-28 21:00:46] VPS重算: 200
[2026-07-28 21:08:01] 抓到 4 场
[2026-07-28 21:08:12] ✓ 11个数据文件已同步VPS(rsync -u, 仅推送更新过的)
[2026-07-28 21:08:44] VPS重算: 200
[2026-07-28 21:16:01] 抓到 4 场
[2026-07-28 21:16:06] ✓ 11个数据文件已同步VPS(rsync -u, 仅推送更新过的)
[2026-07-28 21:17:36] VPS重算: 000
[2026-07-28 21:24:01] 抓到 4 场
[2026-07-28 21:24:06] ✓ 11个数据文件已同步VPS(rsync -u, 仅推送更新过的)
[2026-07-28 21:24:08] VPS重算: 200
[2026-07-28 21:32:01] 抓到 4 场
[2026-07-28 21:32:07] ✓ 11个数据文件已同步VPS(rsync -u, 仅推送更新过的)
[2026-07-28 21:32:40] VPS重算: 200
[2026-07-28 21:40:01] 抓到 4 场
[2026-07-28 21:40:06] ✓ 11个数据文件已同步VPS(rsync -u, 仅推送更新过的)
[2026-07-28 21:40:11] VPS重算: 200
[2026-07-28 21:48:01] 抓到 4 场
[2026-07-28 21:48:07] ✓ 11个数据文件已同步VPS(rsync -u, 仅推送更新过的)
[2026-07-28 21:48:10] VPS重算: 200
[2026-07-28 21:56:01] 抓到 4 场
[2026-07-28 21:56:07] ✓ 11个数据文件已同步VPS(rsync -u, 仅推送更新过的)
[2026-07-28 21:56:10] VPS重算: 200
[2026-07-28 22:00:01] 抓到 4 场
[2026-07-28 22:00:08] ✓ 11个数据文件已同步VPS(rsync -u, 仅推送更新过的)
[2026-07-28 22:00:10] VPS重算: 200
[2026-07-28 22:08:01] 抓到 4 场
[2026-07-28 22:08:10] ✓ 11个数据文件已同步VPS(rsync -u, 仅推送更新过的)
[2026-07-28 22:08:11] VPS重算: 429
[2026-07-28 22:16:01] 抓到 4 场
[2026-07-28 22:16:06] ✓ 11个数据文件已同步VPS(rsync -u, 仅推送更新过的)
[2026-07-28 22:16:08] VPS重算: 200
[2026-07-28 22:24:01] 抓到 4 场
[2026-07-28 22:24:08] ✓ 11个数据文件已同步VPS(rsync -u, 仅推送更新过的)
[2026-07-28 22:25:38] VPS重算: 000
[2026-07-28 22:32:01] 抓到 4 场
[2026-07-28 22:32:08] ✓ 11个数据文件已同步VPS(rsync -u, 仅推送更新过的)
[2026-07-28 22:32:14] VPS重算: 200
[2026-07-28 22:40:01] 抓到 4 场
[2026-07-28 22:40:08] ✓ 11个数据文件已同步VPS(rsync -u, 仅推送更新过的)
[2026-07-28 22:40:11] VPS重算: 200
[2026-07-28 22:48:01] 抓到 4 场
[2026-07-28 22:48:05] ✓ 11个数据文件已同步VPS(rsync -u, 仅推送更新过的)
[2026-07-28 22:48:09] VPS重算: 200
[2026-07-28 22:56:01] 抓到 4 场
[2026-07-28 22:56:09] ✓ 11个数据文件已同步VPS(rsync -u, 仅推送更新过的)
[2026-07-28 22:56:42] VPS重算: 200
[2026-07-28 23:00:01] 抓到 4 场
[2026-07-28 23:00:06] ✓ 11个数据文件已同步VPS(rsync -u, 仅推送更新过的)
[2026-07-28 23:00:40] VPS重算: 200
[2026-07-28 23:08:01] 抓到 3 场
[2026-07-28 23:08:07] ✓ 11个数据文件已同步VPS(rsync -u, 仅推送更新过的)
[2026-07-28 23:09:37] VPS重算: 000
[2026-07-28 23:16:01] 抓到 3 场
[2026-07-28 23:16:07] ✓ 11个数据文件已同步VPS(rsync -u, 仅推送更新过的)
[2026-07-28 23:17:11] VPS重算: 200
[2026-07-28 23:24:01] 抓到 3 场
[2026-07-28 23:24:06] ✓ 11个数据文件已同步VPS(rsync -u, 仅推送更新过的)
[2026-07-28 23:25:08] VPS重算: 200
[2026-07-28 23:32:01] 抓到 3 场
[2026-07-28 23:32:06] ✓ 11个数据文件已同步VPS(rsync -u, 仅推送更新过的)
[2026-07-28 23:33:09] VPS重算: 200
[2026-07-28 23:40:01] 抓到 3 场
[2026-07-28 23:40:07] ✓ 11个数据文件已同步VPS(rsync -u, 仅推送更新过的)
[2026-07-28 23:41:09] VPS重算: 200
[2026-07-28 23:48:01] 抓到 3 场
[2026-07-28 23:48:08] ✓ 11个数据文件已同步VPS(rsync -u, 仅推送更新过的)
[2026-07-28 23:48:13] VPS重算: 200
[2026-07-28 23:56:01] 抓到 3 场
[2026-07-28 23:56:08] ✓ 11个数据文件已同步VPS(rsync -u, 仅推送更新过的)
[2026-07-28 23:56:40] VPS重算: 200
[2026-07-29 00:00:01] 抓到 3 场
[2026-07-29 00:00:06] ✓ 11个数据文件已同步VPS(rsync -u, 仅推送更新过的)
[2026-07-29 00:00:39] VPS重算: 200
[2026-07-29 00:08:01] 抓到 3 场
[2026-07-29 00:08:09] ✓ 11个数据文件已同步VPS(rsync -u, 仅推送更新过的)
[2026-07-29 00:08:12] VPS重算: 200
[2026-07-29 00:16:01] 抓到 3 场
[2026-07-29 00:16:07] ✓ 11个数据文件已同步VPS(rsync -u, 仅推送更新过的)
[2026-07-29 00:16:08] VPS重算: 429
[2026-07-29 00:24:01] 抓到 3 场
[2026-07-29 00:24:07] ✓ 11个数据文件已同步VPS(rsync -u, 仅推送更新过的)
[2026-07-29 00:25:37] VPS重算: 000
[2026-07-29 00:32:01] 抓到 3 场
[2026-07-29 00:32:07] ✓ 11个数据文件已同步VPS(rsync -u, 仅推送更新过的)
[2026-07-29 00:33:10] VPS重算: 200
[2026-07-29 00:40:01] 抓到 3 场
[2026-07-29 00:40:08] ✓ 11个数据文件已同步VPS(rsync -u, 仅推送更新过的)
[2026-07-29 00:40:10] VPS重算: 200
[2026-07-29 00:48:01] 抓到 3 场
[2026-07-29 00:48:05] ✓ 11个数据文件已同步VPS(rsync -u, 仅推送更新过的)
[2026-07-29 00:49:35] VPS重算: 000
[2026-07-29 00:56:01] 抓到 3 场
[2026-07-29 00:56:07] ✓ 11个数据文件已同步VPS(rsync -u, 仅推送更新过的)
[2026-07-29 00:56:10] VPS重算: 200
[2026-07-29 01:00:01] 抓到 3 场
[2026-07-29 01:00:05] ✓ 11个数据文件已同步VPS(rsync -u, 仅推送更新过的)
[2026-07-29 01:00:07] VPS重算: 200
[2026-07-29 01:08:01] 抓到 3 场
[2026-07-29 01:08:07] ✓ 11个数据文件已同步VPS(rsync -u, 仅推送更新过的)
[2026-07-29 01:08:39] VPS重算: 200
[2026-07-29 01:16:01] 抓到 3 场
[2026-07-29 01:16:06] ✓ 11个数据文件已同步VPS(rsync -u, 仅推送更新过的)
[2026-07-29 01:16:38] VPS重算: 200
[2026-07-29 01:24:01] 抓到 3 场
[2026-07-29 01:24:07] ✓ 11个数据文件已同步VPS(rsync -u, 仅推送更新过的)
[2026-07-29 01:24:39] VPS重算: 200
[2026-07-29 01:32:01] OSError: [Errno 28] No space left on device
[2026-07-29 01:32:01] 
[2026-07-29 01:32:01] During handling of the above exception, another exception occurred:
[2026-07-29 01:32:01] 
[2026-07-29 01:32:01] Traceback (most recent call last):
[2026-07-29 01:32:01]   File "<string>", line 4, in <module>
[2026-07-29 01:32:01]   File "/home/hetaisheng/soccerdata/wc_analysis/predict.py", line 216, in fetch_sporttery
[2026-07-29 01:32:01]     parsed_cache.write_text(
[2026-07-29 01:32:01]   File "/usr/lib/python3.12/pathlib.py", line 1049, in write_text
[2026-07-29 01:32:01]     with self.open(mode='w', encoding=encoding, errors=errors, newline=newline) as f:
[2026-07-29 01:32:01] OSError: [Errno 28] No space left on device
[2026-07-29 01:32:06] ✓ 11个数据文件已同步VPS(rsync -u, 仅推送更新过的)
[2026-07-29 01:32:08] VPS重算: 500
[2026-07-29 01:40:01] 抓到 3 场
[2026-07-29 01:40:07] ✓ 11个数据文件已同步VPS(rsync -u, 仅推送更新过的)
[2026-07-29 01:40:39] VPS重算: 200
[2026-07-29 01:48:01] 抓到 3 场
[2026-07-29 01:48:06] ✓ 11个数据文件已同步VPS(rsync -u, 仅推送更新过的)
[2026-07-29 01:49:08] VPS重算: 200
[2026-07-29 01:56:01] 抓到 3 场
[2026-07-29 01:56:05] ✓ 11个数据文件已同步VPS(rsync -u, 仅推送更新过的)
[2026-07-29 01:56:38] VPS重算: 200
[2026-07-29 02:00:01] 抓到 3 场
[2026-07-29 02:00:05] ✓ 11个数据文件已同步VPS(rsync -u, 仅推送更新过的)
[2026-07-29 02:00:07] VPS重算: 200
[2026-07-29 02:08:02] 抓到 3 场
[2026-07-29 02:08:06] ✓ 11个数据文件已同步VPS(rsync -u, 仅推送更新过的)
[2026-07-29 02:08:08] VPS重算: 200
[2026-07-29 02:16:01] 抓到 3 场
[2026-07-29 02:16:07] ✓ 11个数据文件已同步VPS(rsync -u, 仅推送更新过的)
[2026-07-29 02:16:09] VPS重算: 429
[2026-07-29 02:24:01] OSError: [Errno 28] No space left on device
[2026-07-29 02:24:01] 
[2026-07-29 02:24:01] During handling of the above exception, another exception occurred:
[2026-07-29 02:24:01] 
[2026-07-29 02:24:01] Traceback (most recent call last):
[2026-07-29 02:24:01]   File "<string>", line 4, in <module>
[2026-07-29 02:24:01]   File "/home/hetaisheng/soccerdata/wc_analysis/predict.py", line 216, in fetch_sporttery
[2026-07-29 02:24:01]     parsed_cache.write_text(
[2026-07-29 02:24:01]   File "/usr/lib/python3.12/pathlib.py", line 1049, in write_text
[2026-07-29 02:24:01]     with self.open(mode='w', encoding=encoding, errors=errors, newline=newline) as f:
[2026-07-29 02:24:01] OSError: [Errno 28] No space left on device
[2026-07-29 02:24:05] ✓ 11个数据文件已同步VPS(rsync -u, 仅推送更新过的)
[2026-07-29 02:25:35] VPS重算: 000
[2026-07-29 02:32:01] 抓到 3 场
[2026-07-29 02:32:06] ✓ 11个数据文件已同步VPS(rsync -u, 仅推送更新过的)
[2026-07-29 02:33:36] VPS重算: 000
[2026-07-29 02:40:01] 抓到 3 场
[2026-07-29 02:40:06] ✓ 11个数据文件已同步VPS(rsync -u, 仅推送更新过的)
[2026-07-29 02:40:08] VPS重算: 200
[2026-07-29 02:48:01] 抓到 2 场
[2026-07-29 02:48:07] ✓ 11个数据文件已同步VPS(rsync -u, 仅推送更新过的)
[2026-07-29 02:49:08] VPS重算: 200
[2026-07-29 02:56:01] 抓到 2 场
[2026-07-29 02:56:06] ✓ 11个数据文件已同步VPS(rsync -u, 仅推送更新过的)
[2026-07-29 02:57:07] VPS重算: 200
[2026-07-29 03:00:01] 抓到 2 场
[2026-07-29 03:00:06] ✓ 11个数据文件已同步VPS(rsync -u, 仅推送更新过的)
[2026-07-29 03:01:36] VPS重算: 000
[2026-07-29 03:08:01] 抓到 2 场
[2026-07-29 03:08:06] ✓ 11个数据文件已同步VPS(rsync -u, 仅推送更新过的)
[2026-07-29 03:08:08] VPS重算: 200
[2026-07-29 03:16:01] 抓到 2 场
[2026-07-29 03:16:14] ✓ 11个数据文件已同步VPS(rsync -u, 仅推送更新过的)
[2026-07-29 03:16:16] VPS重算: 200
[2026-07-29 03:24:01] 抓到 2 场
[2026-07-29 03:24:08] ✓ 11个数据文件已同步VPS(rsync -u, 仅推送更新过的)
[2026-07-29 03:24:09] VPS重算: 429
[2026-07-29 03:32:01] 抓到 2 场
[2026-07-29 03:32:15] ✓ 11个数据文件已同步VPS(rsync -u, 仅推送更新过的)
[2026-07-29 03:32:47] VPS重算: 200
[2026-07-29 03:40:01] 抓到 2 场
[2026-07-29 03:40:06] ✓ 11个数据文件已同步VPS(rsync -u, 仅推送更新过的)
[2026-07-29 03:40:08] VPS重算: 200
[2026-07-29 03:48:01] 抓到 2 场
[2026-07-29 03:48:09] ✓ 11个数据文件已同步VPS(rsync -u, 仅推送更新过的)
[2026-07-29 03:48:41] VPS重算: 200
[2026-07-29 03:56:01] 抓到 2 场
[2026-07-29 03:56:07] ✓ 11个数据文件已同步VPS(rsync -u, 仅推送更新过的)
[2026-07-29 03:56:43] VPS重算: 200
[2026-07-29 04:00:01] 抓到 2 场
[2026-07-29 04:00:05] ✓ 11个数据文件已同步VPS(rsync -u, 仅推送更新过的)
[2026-07-29 04:00:38] VPS重算: 200
[2026-07-29 04:08:01] 抓到 2 场
[2026-07-29 04:08:11] ✓ 11个数据文件已同步VPS(rsync -u, 仅推送更新过的)
[2026-07-29 04:08:42] VPS重算: 200
[2026-07-29 04:16:01] 抓到 2 场
[2026-07-29 04:16:07] ✓ 11个数据文件已同步VPS(rsync -u, 仅推送更新过的)
[2026-07-29 04:16:08] VPS重算: 429
[2026-07-29 04:24:01] 抓到 2 场
[2026-07-29 04:24:10] ✓ 11个数据文件已同步VPS(rsync -u, 仅推送更新过的)
[2026-07-29 04:24:12] VPS重算: 200
[2026-07-29 04:32:01] 抓到 2 场
[2026-07-29 04:32:11] ✓ 11个数据文件已同步VPS(rsync -u, 仅推送更新过的)
[2026-07-29 04:32:13] VPS重算: 200
[2026-07-29 04:40:01] 抓到 2 场
[2026-07-29 04:40:06] ✓ 11个数据文件已同步VPS(rsync -u, 仅推送更新过的)
[2026-07-29 04:41:09] VPS重算: 200
[2026-07-29 04:48:01] 抓到 2 场
[2026-07-29 04:48:06] ✓ 11个数据文件已同步VPS(rsync -u, 仅推送更新过的)
[2026-07-29 04:48:08] VPS重算: 200
[2026-07-29 04:56:01] 抓到 2 场
[2026-07-29 04:56:07] ✓ 11个数据文件已同步VPS(rsync -u, 仅推送更新过的)
[2026-07-29 04:56:09] VPS重算: 200
[2026-07-29 05:00:01] 抓到 2 场
[2026-07-29 05:00:05] ✓ 11个数据文件已同步VPS(rsync -u, 仅推送更新过的)
[2026-07-29 05:00:08] VPS重算: 200
[2026-07-29 05:08:01] 抓到 2 场
[2026-07-29 05:08:06] ✓ 11个数据文件已同步VPS(rsync -u, 仅推送更新过的)
[2026-07-29 05:08:07] VPS重算: 429
[2026-07-29 05:16:01] 抓到 2 场
[2026-07-29 05:16:06] ✓ 11个数据文件已同步VPS(rsync -u, 仅推送更新过的)
[2026-07-29 05:16:07] VPS重算: 200
[2026-07-29 05:24:01] 抓到 2 场
[2026-07-29 05:24:05] ✓ 11个数据文件已同步VPS(rsync -u, 仅推送更新过的)
[2026-07-29 05:24:37] VPS重算: 200
[2026-07-29 05:32:01] 抓到 2 场
[2026-07-29 05:32:05] ✓ 11个数据文件已同步VPS(rsync -u, 仅推送更新过的)
[2026-07-29 05:33:07] VPS重算: 200
[2026-07-29 05:40:01] 抓到 2 场
[2026-07-29 05:40:06] ✓ 11个数据文件已同步VPS(rsync -u, 仅推送更新过的)
[2026-07-29 05:40:08] VPS重算: 200
[2026-07-29 05:48:01] 抓到 2 场
[2026-07-29 05:48:06] ✓ 11个数据文件已同步VPS(rsync -u, 仅推送更新过的)
[2026-07-29 05:49:36] VPS重算: 000
[2026-07-29 05:56:01] 抓到 2 场
[2026-07-29 05:56:05] ✓ 11个数据文件已同步VPS(rsync -u, 仅推送更新过的)
[2026-07-29 05:56:07] VPS重算: 200
[2026-07-29 06:00:01] 抓到 2 场
[2026-07-29 06:00:05] ✓ 11个数据文件已同步VPS(rsync -u, 仅推送更新过的)
[2026-07-29 06:00:37] VPS重算: 200
[2026-07-29 06:08:01] 抓到 2 场
[2026-07-29 06:08:05] ✓ 11个数据文件已同步VPS(rsync -u, 仅推送更新过的)
[2026-07-29 06:08:07] VPS重算: 200
[2026-07-29 06:16:01] 抓到 2 场
[2026-07-29 06:16:06] ✓ 11个数据文件已同步VPS(rsync -u, 仅推送更新过的)
[2026-07-29 06:16:38] VPS重算: 200
[2026-07-29 06:24:01] 抓到 2 场
[2026-07-29 06:24:07] ✓ 11个数据文件已同步VPS(rsync -u, 仅推送更新过的)
[2026-07-29 06:25:37] VPS重算: 000
[2026-07-29 06:32:01] 抓到 2 场
[2026-07-29 06:32:07] ✓ 11个数据文件已同步VPS(rsync -u, 仅推送更新过的)
[2026-07-29 06:33:37] VPS重算: 000
[2026-07-29 06:40:01] 抓到 2 场
[2026-07-29 06:40:05] ✓ 11个数据文件已同步VPS(rsync -u, 仅推送更新过的)
[2026-07-29 06:41:06] VPS重算: 200
[2026-07-29 06:48:01] 抓到 2 场
[2026-07-29 06:48:06] ✓ 11个数据文件已同步VPS(rsync -u, 仅推送更新过的)
[2026-07-29 06:48:07] VPS重算: 200
[2026-07-29 06:56:02] 抓到 2 场
[2026-07-29 06:56:06] ✓ 11个数据文件已同步VPS(rsync -u, 仅推送更新过的)
[2026-07-29 06:57:07] VPS重算: 200
[2026-07-29 07:00:01] 抓到 2 场
[2026-07-29 07:00:06] ✓ 11个数据文件已同步VPS(rsync -u, 仅推送更新过的)
[2026-07-29 07:01:08] VPS重算: 200
[2026-07-29 07:08:01] 抓到 2 场
[2026-07-29 07:08:06] ✓ 11个数据文件已同步VPS(rsync -u, 仅推送更新过的)
[2026-07-29 07:08:37] VPS重算: 200
[2026-07-29 07:16:01] 抓到 2 场
[2026-07-29 07:16:05] ✓ 11个数据文件已同步VPS(rsync -u, 仅推送更新过的)
[2026-07-29 07:16:39] VPS重算: 200
[2026-07-29 07:24:01] 抓到 2 场
[2026-07-29 07:24:04] ✓ 11个数据文件已同步VPS(rsync -u, 仅推送更新过的)
[2026-07-29 07:24:36] VPS重算: 200
[2026-07-29 07:32:01] 抓到 2 场
[2026-07-29 07:32:06] ✓ 11个数据文件已同步VPS(rsync -u, 仅推送更新过的)
[2026-07-29 07:32:07] VPS重算: 429
[2026-07-29 07:40:01] 抓到 2 场
[2026-07-29 07:40:08] ✓ 11个数据文件已同步VPS(rsync -u, 仅推送更新过的)
[2026-07-29 07:40:10] VPS重算: 200
[2026-07-29 07:48:01] 抓到 2 场
[2026-07-29 07:48:06] ✓ 11个数据文件已同步VPS(rsync -u, 仅推送更新过的)
[2026-07-29 07:49:36] VPS重算: 000
[2026-07-29 07:56:01] 抓到 2 场
[2026-07-29 07:56:05] ✓ 11个数据文件已同步VPS(rsync -u, 仅推送更新过的)
[2026-07-29 07:57:35] VPS重算: 000
[2026-07-29 08:00:01] 抓到 2 场
[2026-07-29 08:16:01] 抓到 2 场
[2026-07-29 08:16:06] ✓ 11个数据文件已同步VPS(rsync -u, 仅推送更新过的)
[2026-07-29 08:16:07] VPS重算: 429
[2026-07-29 08:24:01] 抓到 2 场
[2026-07-29 08:24:05] ✓ 11个数据文件已同步VPS(rsync -u, 仅推送更新过的)
[2026-07-29 08:24:37] VPS重算: 200
[2026-07-29 08:32:01] 抓到 2 场
[2026-07-29 08:32:05] ✓ 11个数据文件已同步VPS(rsync -u, 仅推送更新过的)
[2026-07-29 08:32:06] VPS重算: 200
[2026-07-29 08:40:01] 抓到 2 场
[2026-07-29 08:40:04] ✓ 11个数据文件已同步VPS(rsync -u, 仅推送更新过的)
[2026-07-29 08:40:06] VPS重算: 200
[2026-07-29 08:48:01] 抓到 2 场
[2026-07-29 08:48:06] ✓ 11个数据文件已同步VPS(rsync -u, 仅推送更新过的)
[2026-07-29 08:49:36] VPS重算: 000
[2026-07-29 08:56:01] 抓到 2 场
[2026-07-29 08:56:05] ✓ 11个数据文件已同步VPS(rsync -u, 仅推送更新过的)
[2026-07-29 08:57:07] VPS重算: 200
[2026-07-29 09:00:01] 抓到 2 场
[2026-07-29 09:00:05] ✓ 11个数据文件已同步VPS(rsync -u, 仅推送更新过的)
[2026-07-29 09:00:07] VPS重算: 200
[2026-07-29 09:08:01] 抓到 2 场
[2026-07-29 09:08:07] ✓ 11个数据文件已同步VPS(rsync -u, 仅推送更新过的)
[2026-07-29 09:08:08] VPS重算: 429
[2026-07-29 09:16:01] 抓到 2 场
[2026-07-29 09:16:07] ✓ 11个数据文件已同步VPS(rsync -u, 仅推送更新过的)
[2026-07-29 09:16:39] VPS重算: 200
[2026-07-29 09:24:01] 抓到 2 场
[2026-07-29 09:24:07] ✓ 11个数据文件已同步VPS(rsync -u, 仅推送更新过的)
[2026-07-29 09:24:39] VPS重算: 200
[2026-07-29 09:32:01] 抓到 2 场
[2026-07-29 09:32:05] ✓ 11个数据文件已同步VPS(rsync -u, 仅推送更新过的)
[2026-07-29 09:32:07] VPS重算: 200
[2026-07-29 09:40:01] 抓到 2 场
[2026-07-29 09:40:06] ✓ 11个数据文件已同步VPS(rsync -u, 仅推送更新过的)
[2026-07-29 09:40:08] VPS重算: 200
[2026-07-29 09:48:01] 抓到 2 场
[2026-07-29 09:48:05] ✓ 11个数据文件已同步VPS(rsync -u, 仅推送更新过的)
[2026-07-29 09:48:37] VPS重算: 200
[2026-07-29 09:56:01] 抓到 2 场
[2026-07-29 09:56:06] ✓ 11个数据文件已同步VPS(rsync -u, 仅推送更新过的)
[2026-07-29 09:56:38] VPS重算: 200
[2026-07-29 10:00:01] 抓到 2 场
[2026-07-29 10:00:07] ✓ 11个数据文件已同步VPS(rsync -u, 仅推送更新过的)
[2026-07-29 10:00:39] VPS重算: 200
[2026-07-29 10:08:01] 抓到 2 场
[2026-07-29 10:08:05] ✓ 11个数据文件已同步VPS(rsync -u, 仅推送更新过的)
[2026-07-29 10:09:07] VPS重算: 200
[2026-07-29 10:16:01] 抓到 2 场
[2026-07-29 10:16:07] ✓ 11个数据文件已同步VPS(rsync -u, 仅推送更新过的)
[2026-07-29 10:16:38] VPS重算: 200
[2026-07-29 10:24:01] 抓到 2 场
[2026-07-29 10:24:08] ✓ 11个数据文件已同步VPS(rsync -u, 仅推送更新过的)
[2026-07-29 10:24:10] VPS重算: 200
[2026-07-29 10:32:01] 抓到 2 场
[2026-07-29 10:32:09] ✓ 11个数据文件已同步VPS(rsync -u, 仅推送更新过的)
[2026-07-29 10:32:10] VPS重算: 429
[2026-07-29 10:40:01] 抓到 2 场
[2026-07-29 10:40:06] ✓ 11个数据文件已同步VPS(rsync -u, 仅推送更新过的)
[2026-07-29 10:40:08] VPS重算: 200
[2026-07-29 10:48:01] 抓到 2 场
[2026-07-29 10:48:06] ✓ 11个数据文件已同步VPS(rsync -u, 仅推送更新过的)
[2026-07-29 10:48:09] VPS重算: 200
[2026-07-29 10:56:01] 抓到 2 场
[2026-07-29 10:56:07] ✓ 11个数据文件已同步VPS(rsync -u, 仅推送更新过的)
[2026-07-29 10:56:39] VPS重算: 200
[2026-07-29 11:00:01] 抓到 2 场
[2026-07-29 11:00:05] ✓ 11个数据文件已同步VPS(rsync -u, 仅推送更新过的)
[2026-07-29 11:00:07] VPS重算: 200
[2026-07-29 11:08:01] 抓到 6 场
[2026-07-29 11:08:08] ✓ 11个数据文件已同步VPS(rsync -u, 仅推送更新过的)
[2026-07-29 11:09:38] VPS重算: 000
[2026-07-29 11:16:01] 抓到 6 场
[2026-07-29 11:16:06] ✓ 11个数据文件已同步VPS(rsync -u, 仅推送更新过的)
[2026-07-29 11:16:41] VPS重算: 200
[2026-07-29 11:24:01] 抓到 6 场
[2026-07-29 11:24:07] ✓ 11个数据文件已同步VPS(rsync -u, 仅推送更新过的)
[2026-07-29 11:25:14] VPS重算: 200
[2026-07-29 11:32:01] 抓到 6 场
[2026-07-29 11:32:06] ✓ 11个数据文件已同步VPS(rsync -u, 仅推送更新过的)
[2026-07-29 11:32:08] VPS重算: 200
[2026-07-29 11:40:01] 抓到 6 场
[2026-07-29 11:40:05] ✓ 11个数据文件已同步VPS(rsync -u, 仅推送更新过的)
[2026-07-29 11:40:38] VPS重算: 200
[2026-07-29 11:48:01] 抓到 6 场
[2026-07-29 11:48:06] ✓ 11个数据文件已同步VPS(rsync -u, 仅推送更新过的)
[2026-07-29 11:48:38] VPS重算: 200
[2026-07-29 11:56:01] 抓到 6 场
[2026-07-29 11:56:06] ✓ 11个数据文件已同步VPS(rsync -u, 仅推送更新过的)
[2026-07-29 11:56:07] VPS重算: 429
[2026-07-29 12:00:01] 抓到 6 场
[2026-07-29 12:00:06] ✓ 11个数据文件已同步VPS(rsync -u, 仅推送更新过的)
[2026-07-29 12:00:38] VPS重算: 200
[2026-07-29 12:08:01] 抓到 6 场
[2026-07-29 12:08:07] ✓ 11个数据文件已同步VPS(rsync -u, 仅推送更新过的)
[2026-07-29 12:08:39] VPS重算: 200
[2026-07-29 12:16:01] 抓到 6 场
[2026-07-29 12:16:06] ✓ 11个数据文件已同步VPS(rsync -u, 仅推送更新过的)
[2026-07-29 12:16:08] VPS重算: 200
[2026-07-29 12:24:01] 抓到 6 场
[2026-07-29 12:24:06] ✓ 11个数据文件已同步VPS(rsync -u, 仅推送更新过的)
[2026-07-29 12:25:08] VPS重算: 200
[2026-07-29 12:32:01] 抓到 6 场
[2026-07-29 12:32:12] ✓ 11个数据文件已同步VPS(rsync -u, 仅推送更新过的)
[2026-07-29 12:32:44] VPS重算: 200
[2026-07-29 12:40:01] 抓到 6 场
[2026-07-29 12:40:07] ✓ 11个数据文件已同步VPS(rsync -u, 仅推送更新过的)
[2026-07-29 12:40:09] VPS重算: 200
[2026-07-29 12:48:01] 抓到 6 场
[2026-07-29 12:48:07] ✓ 11个数据文件已同步VPS(rsync -u, 仅推送更新过的)
[2026-07-29 12:48:10] VPS重算: 200
[2026-07-29 12:56:01] 抓到 6 场
[2026-07-29 12:56:13] ✓ 11个数据文件已同步VPS(rsync -u, 仅推送更新过的)
[2026-07-29 12:56:14] VPS重算: 200
[2026-07-29 13:00:01] 抓到 6 场
[2026-07-29 13:00:07] ✓ 11个数据文件已同步VPS(rsync -u, 仅推送更新过的)
[2026-07-29 13:01:09] VPS重算: 200
[2026-07-29 13:08:01] 抓到 6 场
[2026-07-29 13:08:07] ✓ 11个数据文件已同步VPS(rsync -u, 仅推送更新过的)
[2026-07-29 13:09:37] VPS重算: 000
[2026-07-29 13:16:01] 抓到 6 场
[2026-07-29 13:16:09] ✓ 11个数据文件已同步VPS(rsync -u, 仅推送更新过的)
[2026-07-29 13:16:41] VPS重算: 200
[2026-07-29 13:24:01] 抓到 6 场
[2026-07-29 13:24:07] ✓ 11个数据文件已同步VPS(rsync -u, 仅推送更新过的)
[2026-07-29 13:24:41] VPS重算: 200
[2026-07-29 13:32:01] 抓到 6 场
[2026-07-29 13:32:06] ✓ 11个数据文件已同步VPS(rsync -u, 仅推送更新过的)
[2026-07-29 13:32:11] VPS重算: 200
[2026-07-29 13:40:01] 抓到 6 场
[2026-07-29 13:40:07] ✓ 11个数据文件已同步VPS(rsync -u, 仅推送更新过的)
[2026-07-29 13:40:10] VPS重算: 200
[2026-07-29 13:48:02] 抓到 6 场
[2026-07-29 13:48:06] ✓ 11个数据文件已同步VPS(rsync -u, 仅推送更新过的)
[2026-07-29 13:48:08] VPS重算: 200
[2026-07-29 13:56:02] 抓到 6 场
[2026-07-29 13:56:07] ✓ 11个数据文件已同步VPS(rsync -u, 仅推送更新过的)
[2026-07-29 13:56:39] VPS重算: 200
[2026-07-29 14:00:01] 抓到 6 场
[2026-07-29 14:00:05] ✓ 11个数据文件已同步VPS(rsync -u, 仅推送更新过的)
[2026-07-29 14:00:07] VPS重算: 200
[2026-07-29 14:08:01] 抓到 6 场
[2026-07-29 14:08:09] ✓ 11个数据文件已同步VPS(rsync -u, 仅推送更新过的)
[2026-07-29 14:08:41] VPS重算: 200
[2026-07-29 14:16:01] 抓到 6 场
[2026-07-29 14:16:06] ✓ 11个数据文件已同步VPS(rsync -u, 仅推送更新过的)
[2026-07-29 14:16:39] VPS重算: 200
[2026-07-29 14:24:01] 抓到 6 场
[2026-07-29 14:24:07] ✓ 11个数据文件已同步VPS(rsync -u, 仅推送更新过的)
[2026-07-29 14:24:09] VPS重算: 200
[2026-07-29 14:32:01] 抓到 6 场
[2026-07-29 14:32:17] ✓ 11个数据文件已同步VPS(rsync -u, 仅推送更新过的)
[2026-07-29 14:32:49] VPS重算: 200
[2026-07-29 14:40:01] 抓到 6 场
[2026-07-29 14:40:05] ✓ 11个数据文件已同步VPS(rsync -u, 仅推送更新过的)
[2026-07-29 14:40:37] VPS重算: 200
[2026-07-29 14:48:01] 抓到 6 场
[2026-07-29 14:48:06] ✓ 11个数据文件已同步VPS(rsync -u, 仅推送更新过的)
[2026-07-29 14:48:38] VPS重算: 200
[2026-07-29 14:56:01] 抓到 6 场
[2026-07-29 14:56:07] ✓ 11个数据文件已同步VPS(rsync -u, 仅推送更新过的)
[2026-07-29 14:57:37] VPS重算: 000
[2026-07-29 15:00:01] 抓到 6 场
[2026-07-29 15:00:07] ✓ 11个数据文件已同步VPS(rsync -u, 仅推送更新过的)
[2026-07-29 15:00:41] VPS重算: 200
[2026-07-29 15:08:01] 抓到 6 场
[2026-07-29 15:08:08] ✓ 11个数据文件已同步VPS(rsync -u, 仅推送更新过的)
[2026-07-29 15:09:38] VPS重算: 000
[2026-07-29 15:16:01] 抓到 6 场
[2026-07-29 15:16:06] ✓ 11个数据文件已同步VPS(rsync -u, 仅推送更新过的)
[2026-07-29 15:16:09] VPS重算: 429
[2026-07-29 15:24:01] 抓到 6 场
[2026-07-29 15:24:07] ✓ 11个数据文件已同步VPS(rsync -u, 仅推送更新过的)
[2026-07-29 15:24:39] VPS重算: 200
[2026-07-29 15:32:01] 抓到 6 场
[2026-07-29 15:32:06] ✓ 11个数据文件已同步VPS(rsync -u, 仅推送更新过的)
[2026-07-29 15:33:09] VPS重算: 200
[2026-07-29 15:40:01] 抓到 6 场
[2026-07-29 15:40:09] ✓ 11个数据文件已同步VPS(rsync -u, 仅推送更新过的)
[2026-07-29 15:41:31] VPS重算: 200
[2026-07-29 15:48:01] 抓到 6 场
[2026-07-29 15:48:11] ✓ 11个数据文件已同步VPS(rsync -u, 仅推送更新过的)
[2026-07-29 15:48:12] VPS重算: 429
[2026-07-29 15:56:01] 抓到 6 场
[2026-07-29 15:56:06] ✓ 11个数据文件已同步VPS(rsync -u, 仅推送更新过的)
[2026-07-29 15:56:08] VPS重算: 200
[2026-07-29 16:00:01] 抓到 6 场
[2026-07-29 16:00:06] ✓ 11个数据文件已同步VPS(rsync -u, 仅推送更新过的)
[2026-07-29 16:01:08] VPS重算: 200
[2026-07-29 16:08:01] 抓到 6 场
[2026-07-29 16:08:09] ✓ 11个数据文件已同步VPS(rsync -u, 仅推送更新过的)
[2026-07-29 16:08:11] VPS重算: 200
[2026-07-29 16:16:01] 抓到 6 场
[2026-07-29 16:16:05] ✓ 11个数据文件已同步VPS(rsync -u, 仅推送更新过的)
[2026-07-29 16:16:08] VPS重算: 200
[2026-07-29 16:24:01] 抓到 6 场
[2026-07-29 16:24:09] ✓ 11个数据文件已同步VPS(rsync -u, 仅推送更新过的)
[2026-07-29 16:24:13] VPS重算: 200
[2026-07-29 16:32:01] 抓到 6 场
[2026-07-29 16:32:06] ✓ 11个数据文件已同步VPS(rsync -u, 仅推送更新过的)
[2026-07-29 16:32:09] VPS重算: 429
[2026-07-29 16:40:01] 抓到 6 场
[2026-07-29 16:40:10] ✓ 11个数据文件已同步VPS(rsync -u, 仅推送更新过的)
[2026-07-29 16:40:12] VPS重算: 200
[2026-07-29 16:48:01] 抓到 6 场
[2026-07-29 16:48:12] ✓ 11个数据文件已同步VPS(rsync -u, 仅推送更新过的)
[2026-07-29 16:48:44] VPS重算: 200
[2026-07-29 16:56:01] 抓到 6 场
[2026-07-29 16:56:07] ✓ 11个数据文件已同步VPS(rsync -u, 仅推送更新过的)
[2026-07-29 16:56:08] VPS重算: 200
[2026-07-29 17:00:01] 抓到 6 场
[2026-07-29 17:00:08] ✓ 11个数据文件已同步VPS(rsync -u, 仅推送更新过的)
[2026-07-29 17:00:10] VPS重算: 200
[2026-07-29 17:08:01] 抓到 6 场
[2026-07-29 17:08:06] ✓ 11个数据文件已同步VPS(rsync -u, 仅推送更新过的)
[2026-07-29 17:09:09] VPS重算: 200
[2026-07-29 17:16:01] 抓到 6 场
[2026-07-29 17:16:07] ✓ 11个数据文件已同步VPS(rsync -u, 仅推送更新过的)
[2026-07-29 17:16:08] VPS重算: 429
[2026-07-29 17:24:01] 抓到 6 场
[2026-07-29 17:24:06] ✓ 11个数据文件已同步VPS(rsync -u, 仅推送更新过的)
[2026-07-29 17:24:08] VPS重算: 200
[2026-07-29 17:32:01] 抓到 6 场
[2026-07-29 17:32:05] ✓ 11个数据文件已同步VPS(rsync -u, 仅推送更新过的)
[2026-07-29 17:33:35] VPS重算: 000
[2026-07-29 17:40:01] 抓到 6 场
[2026-07-29 17:40:07] ✓ 11个数据文件已同步VPS(rsync -u, 仅推送更新过的)
[2026-07-29 17:40:39] VPS重算: 200
[2026-07-29 17:48:01] 抓到 6 场
[2026-07-29 17:48:07] ✓ 11个数据文件已同步VPS(rsync -u, 仅推送更新过的)
[2026-07-29 17:49:37] VPS重算: 000
[2026-07-29 17:56:01] 抓到 6 场
[2026-07-29 17:56:06] ✓ 11个数据文件已同步VPS(rsync -u, 仅推送更新过的)
[2026-07-29 17:57:36] VPS重算: 000
[2026-07-29 18:00:01] 抓到 6 场
[2026-07-29 18:00:06] ✓ 11个数据文件已同步VPS(rsync -u, 仅推送更新过的)
[2026-07-29 18:00:38] VPS重算: 200
[2026-07-29 18:08:01] 抓到 6 场
[2026-07-29 18:08:05] ✓ 11个数据文件已同步VPS(rsync -u, 仅推送更新过的)
[2026-07-29 18:09:08] VPS重算: 200
[2026-07-29 18:16:01] 抓到 6 场
[2026-07-29 18:16:06] ✓ 11个数据文件已同步VPS(rsync -u, 仅推送更新过的)
[2026-07-29 18:16:08] VPS重算: 200
[2026-07-29 18:24:01] 抓到 6 场
[2026-07-29 18:24:07] ✓ 11个数据文件已同步VPS(rsync -u, 仅推送更新过的)
[2026-07-29 18:24:09] VPS重算: 200
[2026-07-29 18:32:01] 抓到 6 场
[2026-07-29 18:32:08] ✓ 11个数据文件已同步VPS(rsync -u, 仅推送更新过的)
[2026-07-29 18:32:09] VPS重算: 429
[2026-07-29 18:40:01] 抓到 6 场
[2026-07-29 18:40:07] ✓ 11个数据文件已同步VPS(rsync -u, 仅推送更新过的)
[2026-07-29 18:40:09] VPS重算: 200
[2026-07-29 18:48:01] 抓到 6 场
[2026-07-29 18:48:08] ✓ 11个数据文件已同步VPS(rsync -u, 仅推送更新过的)
[2026-07-29 18:49:10] VPS重算: 200
[2026-07-29 18:56:01] 抓到 6 场
[2026-07-29 18:56:07] ✓ 11个数据文件已同步VPS(rsync -u, 仅推送更新过的)
[2026-07-29 18:56:40] VPS重算: 200
[2026-07-29 19:00:01] 抓到 6 场
[2026-07-29 19:00:20] ✓ 11个数据文件已同步VPS(rsync -u, 仅推送更新过的)
[2026-07-29 19:00:22] VPS重算: 200
[2026-07-29 19:08:01] 抓到 6 场
[2026-07-29 19:08:07] ✓ 11个数据文件已同步VPS(rsync -u, 仅推送更新过的)
[2026-07-29 19:08:39] VPS重算: 200
[2026-07-29 19:16:01] 抓到 6 场
[2026-07-29 19:16:07] ✓ 11个数据文件已同步VPS(rsync -u, 仅推送更新过的)
[2026-07-29 19:17:11] VPS重算: 200
[2026-07-29 19:24:01] 抓到 6 场
[2026-07-29 19:24:08] ✓ 11个数据文件已同步VPS(rsync -u, 仅推送更新过的)
[2026-07-29 19:24:12] VPS重算: 200
[2026-07-29 19:32:01] 抓到 6 场
[2026-07-29 19:32:10] ✓ 11个数据文件已同步VPS(rsync -u, 仅推送更新过的)
[2026-07-29 19:32:12] VPS重算: 200
[2026-07-29 19:40:01] 抓到 6 场
[2026-07-29 19:40:07] ✓ 11个数据文件已同步VPS(rsync -u, 仅推送更新过的)
[2026-07-29 19:40:08] VPS重算: 200
[2026-07-29 19:48:01] 抓到 6 场
[2026-07-29 19:48:10] ✓ 11个数据文件已同步VPS(rsync -u, 仅推送更新过的)
[2026-07-29 19:48:12] VPS重算: 429
[2026-07-29 19:56:01] 抓到 6 场
[2026-07-29 19:56:07] ✓ 11个数据文件已同步VPS(rsync -u, 仅推送更新过的)
[2026-07-29 19:56:10] VPS重算: 200
[2026-07-29 20:00:01] 抓到 6 场
[2026-07-29 20:00:05] ✓ 11个数据文件已同步VPS(rsync -u, 仅推送更新过的)
[2026-07-29 20:01:08] VPS重算: 200
[2026-07-29 20:08:01] 抓到 6 场
[2026-07-29 20:08:06] ✓ 11个数据文件已同步VPS(rsync -u, 仅推送更新过的)
[2026-07-29 20:08:38] VPS重算: 200
[2026-07-29 20:16:01] 抓到 6 场
[2026-07-29 20:16:08] ✓ 11个数据文件已同步VPS(rsync -u, 仅推送更新过的)
[2026-07-29 20:17:38] VPS重算: 000
[2026-07-29 20:24:01] 抓到 6 场
[2026-07-29 20:24:06] ✓ 11个数据文件已同步VPS(rsync -u, 仅推送更新过的)
[2026-07-29 20:24:39] VPS重算: 200
[2026-07-29 20:32:01] 抓到 6 场
[2026-07-29 20:32:07] ✓ 11个数据文件已同步VPS(rsync -u, 仅推送更新过的)
[2026-07-29 20:33:37] VPS重算: 000
[2026-07-29 20:40:01] 抓到 6 场
[2026-07-29 20:40:07] ✓ 11个数据文件已同步VPS(rsync -u, 仅推送更新过的)
[2026-07-29 20:40:40] VPS重算: 200
[2026-07-29 20:48:01] 抓到 6 场
[2026-07-29 20:48:07] ✓ 11个数据文件已同步VPS(rsync -u, 仅推送更新过的)
[2026-07-29 20:48:09] VPS重算: 200
[2026-07-29 20:56:01] 抓到 6 场
[2026-07-29 20:56:08] ✓ 11个数据文件已同步VPS(rsync -u, 仅推送更新过的)
[2026-07-29 20:57:38] VPS重算: 000
[2026-07-29 21:00:01] 抓到 6 场
[2026-07-29 21:00:06] ✓ 11个数据文件已同步VPS(rsync -u, 仅推送更新过的)
[2026-07-29 21:00:37] VPS重算: 200
[2026-07-29 21:08:02] 抓到 6 场
[2026-07-29 21:08:09] ✓ 11个数据文件已同步VPS(rsync -u, 仅推送更新过的)
[2026-07-29 21:09:39] VPS重算: 000
[2026-07-29 21:16:01] 抓到 6 场
[2026-07-29 21:16:07] ✓ 11个数据文件已同步VPS(rsync -u, 仅推送更新过的)
[2026-07-29 21:17:25] VPS重算: 200
[2026-07-29 21:24:01] 抓到 6 场
[2026-07-29 21:24:07] ✓ 11个数据文件已同步VPS(rsync -u, 仅推送更新过的)
[2026-07-29 21:24:39] VPS重算: 200
[2026-07-29 21:32:01] 抓到 6 场
[2026-07-29 21:32:12] ✓ 11个数据文件已同步VPS(rsync -u, 仅推送更新过的)
[2026-07-29 21:32:46] VPS重算: 200
[2026-07-29 21:40:01] 抓到 6 场
[2026-07-29 21:40:11] ✓ 11个数据文件已同步VPS(rsync -u, 仅推送更新过的)
[2026-07-29 21:40:23] VPS重算: 200
[2026-07-29 21:48:01] 抓到 6 场
[2026-07-29 21:48:08] ✓ 11个数据文件已同步VPS(rsync -u, 仅推送更新过的)
[2026-07-29 21:48:10] VPS重算: 200
[2026-07-29 21:56:01] 抓到 6 场
[2026-07-29 21:56:08] ✓ 11个数据文件已同步VPS(rsync -u, 仅推送更新过的)
[2026-07-29 21:57:38] VPS重算: 000
[2026-07-29 22:00:01] 抓到 6 场
[2026-07-29 22:00:06] ✓ 11个数据文件已同步VPS(rsync -u, 仅推送更新过的)
[2026-07-29 22:00:08] VPS重算: 200
[2026-07-29 22:08:01] 抓到 6 场
[2026-07-29 22:08:10] ✓ 11个数据文件已同步VPS(rsync -u, 仅推送更新过的)
[2026-07-29 22:09:13] VPS重算: 200
[2026-07-29 22:16:01] 抓到 6 场
[2026-07-29 22:16:06] ✓ 11个数据文件已同步VPS(rsync -u, 仅推送更新过的)
[2026-07-29 22:16:09] VPS重算: 429
[2026-07-29 22:24:01] 抓到 6 场
[2026-07-29 22:24:08] ✓ 11个数据文件已同步VPS(rsync -u, 仅推送更新过的)
[2026-07-29 22:24:41] VPS重算: 200
[2026-07-29 22:32:01] 抓到 6 场
[2026-07-29 22:32:10] ✓ 11个数据文件已同步VPS(rsync -u, 仅推送更新过的)
[2026-07-29 22:32:41] VPS重算: 200
[2026-07-29 22:40:01] 抓到 6 场
[2026-07-29 22:40:06] ✓ 11个数据文件已同步VPS(rsync -u, 仅推送更新过的)
[2026-07-29 22:40:09] VPS重算: 200
[2026-07-29 22:48:01] 抓到 6 场
[2026-07-29 22:48:14] ✓ 11个数据文件已同步VPS(rsync -u, 仅推送更新过的)
[2026-07-29 22:48:46] VPS重算: 200
[2026-07-29 22:56:01] 抓到 6 场
[2026-07-29 22:56:12] ✓ 11个数据文件已同步VPS(rsync -u, 仅推送更新过的)
[2026-07-29 22:56:45] VPS重算: 200
[2026-07-29 23:00:01] 抓到 6 场
[2026-07-29 23:00:10] ✓ 11个数据文件已同步VPS(rsync -u, 仅推送更新过的)
[2026-07-29 23:01:40] VPS重算: 000
[2026-07-29 23:08:01] 抓到 5 场
[2026-07-29 23:08:06] ✓ 11个数据文件已同步VPS(rsync -u, 仅推送更新过的)
[2026-07-29 23:09:10] VPS重算: 200
[2026-07-29 23:16:01] 抓到 5 场
[2026-07-29 23:16:06] ✓ 11个数据文件已同步VPS(rsync -u, 仅推送更新过的)
[2026-07-29 23:16:08] VPS重算: 200
[2026-07-29 23:24:01] 抓到 5 场
[2026-07-29 23:24:08] ✓ 11个数据文件已同步VPS(rsync -u, 仅推送更新过的)
[2026-07-29 23:24:10] VPS重算: 200
[2026-07-29 23:32:01] 抓到 5 场
[2026-07-29 23:32:06] ✓ 11个数据文件已同步VPS(rsync -u, 仅推送更新过的)
[2026-07-29 23:32:10] VPS重算: 200
[2026-07-29 23:40:01] 抓到 5 场
[2026-07-29 23:40:06] ✓ 11个数据文件已同步VPS(rsync -u, 仅推送更新过的)
[2026-07-29 23:40:39] VPS重算: 200
[2026-07-29 23:48:01] 抓到 5 场
[2026-07-29 23:48:09] ✓ 11个数据文件已同步VPS(rsync -u, 仅推送更新过的)
[2026-07-29 23:48:40] VPS重算: 200
[2026-07-29 23:56:01] 抓到 5 场
[2026-07-29 23:56:09] ✓ 11个数据文件已同步VPS(rsync -u, 仅推送更新过的)
[2026-07-29 23:56:42] VPS重算: 200
[2026-07-30 00:00:01] 抓到 5 场
[2026-07-30 00:00:07] ✓ 11个数据文件已同步VPS(rsync -u, 仅推送更新过的)
[2026-07-30 00:00:39] VPS重算: 200
[2026-07-30 00:08:01] 抓到 5 场
[2026-07-30 00:08:06] ✓ 11个数据文件已同步VPS(rsync -u, 仅推送更新过的)
[2026-07-30 00:09:36] VPS重算: 000
[2026-07-30 00:16:01] 抓到 5 场
[2026-07-30 00:16:08] ✓ 11个数据文件已同步VPS(rsync -u, 仅推送更新过的)
[2026-07-30 00:16:40] VPS重算: 200
[2026-07-30 00:24:01] 抓到 5 场
[2026-07-30 00:24:06] ✓ 11个数据文件已同步VPS(rsync -u, 仅推送更新过的)
[2026-07-30 00:24:38] VPS重算: 200
[2026-07-30 00:32:01] 抓到 5 场
[2026-07-30 00:32:07] ✓ 11个数据文件已同步VPS(rsync -u, 仅推送更新过的)
[2026-07-30 00:32:09] VPS重算: 200
[2026-07-30 00:40:01] 抓到 5 场
[2026-07-30 00:40:05] ✓ 11个数据文件已同步VPS(rsync -u, 仅推送更新过的)
[2026-07-30 00:40:07] VPS重算: 200
[2026-07-30 00:48:01] 抓到 5 场
[2026-07-30 00:48:08] ✓ 11个数据文件已同步VPS(rsync -u, 仅推送更新过的)
[2026-07-30 00:48:10] VPS重算: 429
[2026-07-30 00:56:01] 抓到 5 场
[2026-07-30 00:56:16] ✓ 11个数据文件已同步VPS(rsync -u, 仅推送更新过的)
[2026-07-30 00:56:50] VPS重算: 200
[2026-07-30 01:00:01] 抓到 5 场
[2026-07-30 01:00:05] ✓ 11个数据文件已同步VPS(rsync -u, 仅推送更新过的)
[2026-07-30 01:01:35] VPS重算: 000
[2026-07-30 01:08:01] 抓到 4 场
[2026-07-30 01:08:06] ✓ 11个数据文件已同步VPS(rsync -u, 仅推送更新过的)
[2026-07-30 01:08:08] VPS重算: 200
[2026-07-30 01:16:01] 抓到 4 场
[2026-07-30 01:16:12] ✓ 11个数据文件已同步VPS(rsync -u, 仅推送更新过的)
[2026-07-30 01:16:14] VPS重算: 200
[2026-07-30 01:24:01] 抓到 4 场
[2026-07-30 01:24:05] ✓ 11个数据文件已同步VPS(rsync -u, 仅推送更新过的)
[2026-07-30 01:24:38] VPS重算: 200
[2026-07-30 01:32:01] 抓到 4 场
[2026-07-30 01:32:07] ✓ 11个数据文件已同步VPS(rsync -u, 仅推送更新过的)
[2026-07-30 01:32:08] VPS重算: 429
[2026-07-30 01:48:01] 抓到 4 场
[2026-07-30 01:48:05] ✓ 11个数据文件已同步VPS(rsync -u, 仅推送更新过的)
[2026-07-30 01:49:36] VPS重算: 000
[2026-07-30 01:56:01] 抓到 4 场
[2026-07-30 01:56:06] ✓ 11个数据文件已同步VPS(rsync -u, 仅推送更新过的)
[2026-07-30 01:57:08] VPS重算: 200
[2026-07-30 02:00:01] 抓到 4 场
[2026-07-30 02:00:07] ✓ 11个数据文件已同步VPS(rsync -u, 仅推送更新过的)
[2026-07-30 02:00:08] VPS重算: 200
[2026-07-30 02:08:01] 抓到 4 场
[2026-07-30 02:08:07] ✓ 11个数据文件已同步VPS(rsync -u, 仅推送更新过的)
[2026-07-30 02:08:40] VPS重算: 200
[2026-07-30 02:16:01] 抓到 4 场
[2026-07-30 02:16:06] ✓ 11个数据文件已同步VPS(rsync -u, 仅推送更新过的)
[2026-07-30 02:16:07] VPS重算: 200
[2026-07-30 02:24:01] 抓到 4 场
[2026-07-30 02:24:06] ✓ 11个数据文件已同步VPS(rsync -u, 仅推送更新过的)
[2026-07-30 02:24:08] VPS重算: 200
[2026-07-30 02:32:01] 抓到 4 场
[2026-07-30 02:32:07] ✓ 11个数据文件已同步VPS(rsync -u, 仅推送更新过的)
[2026-07-30 02:32:09] VPS重算: 200
[2026-07-30 02:40:01] 抓到 4 场
[2026-07-30 02:40:06] ✓ 11个数据文件已同步VPS(rsync -u, 仅推送更新过的)
[2026-07-30 02:40:08] VPS重算: 200
[2026-07-30 02:48:01] 抓到 4 场
[2026-07-30 02:48:11] ✓ 11个数据文件已同步VPS(rsync -u, 仅推送更新过的)
[2026-07-30 02:49:13] VPS重算: 200
[2026-07-30 02:56:01] 抓到 4 场
[2026-07-30 02:56:05] ✓ 11个数据文件已同步VPS(rsync -u, 仅推送更新过的)
[2026-07-30 02:56:08] VPS重算: 200
[2026-07-30 03:00:01] 抓到 4 场
[2026-07-30 03:00:06] ✓ 11个数据文件已同步VPS(rsync -u, 仅推送更新过的)
[2026-07-30 03:01:37] VPS重算: 000
[2026-07-30 03:08:01] 抓到 4 场
[2026-07-30 03:08:06] ✓ 11个数据文件已同步VPS(rsync -u, 仅推送更新过的)
[2026-07-30 03:08:07] VPS重算: 429
[2026-07-30 03:16:01] 抓到 4 场
[2026-07-30 03:16:05] ✓ 11个数据文件已同步VPS(rsync -u, 仅推送更新过的)
[2026-07-30 03:16:07] VPS重算: 200
[2026-07-30 03:24:01] 抓到 4 场
[2026-07-30 03:24:06] ✓ 11个数据文件已同步VPS(rsync -u, 仅推送更新过的)
[2026-07-30 03:24:38] VPS重算: 200
[2026-07-30 03:32:01] 抓到 4 场
[2026-07-30 03:32:06] ✓ 11个数据文件已同步VPS(rsync -u, 仅推送更新过的)
[2026-07-30 03:32:08] VPS重算: 200
[2026-07-30 03:40:01] 抓到 4 场
[2026-07-30 03:40:06] ✓ 11个数据文件已同步VPS(rsync -u, 仅推送更新过的)
[2026-07-30 03:40:08] VPS重算: 200
[2026-07-30 03:48:01] 抓到 4 场
[2026-07-30 03:48:05] ✓ 11个数据文件已同步VPS(rsync -u, 仅推送更新过的)
[2026-07-30 03:49:35] VPS重算: 000
[2026-07-30 03:56:01] 抓到 4 场
[2026-07-30 03:56:05] ✓ 11个数据文件已同步VPS(rsync -u, 仅推送更新过的)
[2026-07-30 03:57:35] VPS重算: 000
[2026-07-30 04:00:01] 抓到 4 场
[2026-07-30 04:00:04] ✓ 11个数据文件已同步VPS(rsync -u, 仅推送更新过的)
[2026-07-30 04:00:06] VPS重算: 200
[2026-07-30 04:08:01] 抓到 4 场
[2026-07-30 04:08:06] ✓ 11个数据文件已同步VPS(rsync -u, 仅推送更新过的)
[2026-07-30 04:09:36] VPS重算: 000
[2026-07-30 04:16:01] 抓到 4 场
[2026-07-30 04:16:05] ✓ 11个数据文件已同步VPS(rsync -u, 仅推送更新过的)
[2026-07-30 04:16:07] VPS重算: 200
[2026-07-30 04:24:01] 抓到 4 场
[2026-07-30 04:24:06] ✓ 11个数据文件已同步VPS(rsync -u, 仅推送更新过的)
[2026-07-30 04:24:07] VPS重算: 429
[2026-07-30 04:32:01] 抓到 4 场
[2026-07-30 04:32:05] ✓ 11个数据文件已同步VPS(rsync -u, 仅推送更新过的)
[2026-07-30 04:32:06] VPS重算: 200
[2026-07-30 04:40:01] 抓到 4 场
[2026-07-30 04:40:06] ✓ 11个数据文件已同步VPS(rsync -u, 仅推送更新过的)
[2026-07-30 04:41:07] VPS重算: 200
[2026-07-30 04:48:01] 抓到 4 场
[2026-07-30 04:48:05] ✓ 11个数据文件已同步VPS(rsync -u, 仅推送更新过的)
[2026-07-30 04:48:07] VPS重算: 200
[2026-07-30 04:56:01] 抓到 4 场
[2026-07-30 04:56:06] ✓ 11个数据文件已同步VPS(rsync -u, 仅推送更新过的)
[2026-07-30 04:56:07] VPS重算: 200
[2026-07-30 05:00:01] 抓到 4 场
[2026-07-30 05:00:06] ✓ 11个数据文件已同步VPS(rsync -u, 仅推送更新过的)
[2026-07-30 05:00:09] VPS重算: 200
[2026-07-30 05:08:01] 抓到 4 场
[2026-07-30 05:08:05] ✓ 11个数据文件已同步VPS(rsync -u, 仅推送更新过的)
[2026-07-30 05:08:06] VPS重算: 429
[2026-07-30 05:16:01] 抓到 4 场
[2026-07-30 05:16:06] ✓ 11个数据文件已同步VPS(rsync -u, 仅推送更新过的)
[2026-07-30 05:16:08] VPS重算: 200
[2026-07-30 05:24:01] 抓到 4 场
[2026-07-30 05:24:05] ✓ 11个数据文件已同步VPS(rsync -u, 仅推送更新过的)
[2026-07-30 05:24:37] VPS重算: 200
[2026-07-30 05:32:01] 抓到 4 场
[2026-07-30 05:32:07] ✓ 11个数据文件已同步VPS(rsync -u, 仅推送更新过的)
[2026-07-30 05:33:37] VPS重算: 000
[2026-07-30 05:40:01] 抓到 4 场
[2026-07-30 05:40:05] ✓ 11个数据文件已同步VPS(rsync -u, 仅推送更新过的)
[2026-07-30 05:40:37] VPS重算: 200
[2026-07-30 05:48:01] 抓到 4 场
[2026-07-30 05:48:05] ✓ 11个数据文件已同步VPS(rsync -u, 仅推送更新过的)
[2026-07-30 05:48:38] VPS重算: 200
[2026-07-30 05:56:01] 抓到 4 场
[2026-07-30 05:56:05] ✓ 11个数据文件已同步VPS(rsync -u, 仅推送更新过的)
[2026-07-30 05:56:07] VPS重算: 200
[2026-07-30 06:00:01] 抓到 4 场
[2026-07-30 06:00:05] ✓ 11个数据文件已同步VPS(rsync -u, 仅推送更新过的)
[2026-07-30 06:01:35] VPS重算: 000
[2026-07-30 06:08:01] 抓到 4 场
[2026-07-30 06:08:05] ✓ 11个数据文件已同步VPS(rsync -u, 仅推送更新过的)
[2026-07-30 06:08:37] VPS重算: 200
[2026-07-30 06:16:01] 抓到 4 场
[2026-07-30 06:16:06] ✓ 11个数据文件已同步VPS(rsync -u, 仅推送更新过的)
[2026-07-30 06:16:38] VPS重算: 200
[2026-07-30 06:24:01] 抓到 4 场
[2026-07-30 06:24:05] ✓ 11个数据文件已同步VPS(rsync -u, 仅推送更新过的)
[2026-07-30 06:25:35] VPS重算: 000
[2026-07-30 06:32:01] 抓到 2 场
[2026-07-30 06:32:05] ✓ 11个数据文件已同步VPS(rsync -u, 仅推送更新过的)
[2026-07-30 06:33:35] VPS重算: 000
[2026-07-30 06:40:01] 抓到 2 场
[2026-07-30 06:40:05] ✓ 11个数据文件已同步VPS(rsync -u, 仅推送更新过的)
[2026-07-30 06:40:07] VPS重算: 200
[2026-07-30 06:48:01] 抓到 2 场
[2026-07-30 06:48:05] ✓ 11个数据文件已同步VPS(rsync -u, 仅推送更新过的)
[2026-07-30 06:49:07] VPS重算: 200
[2026-07-30 06:56:01] 抓到 2 场
[2026-07-30 06:56:05] ✓ 11个数据文件已同步VPS(rsync -u, 仅推送更新过的)
[2026-07-30 06:57:07] VPS重算: 200
[2026-07-30 07:00:01] 抓到 2 场
[2026-07-30 07:00:06] ✓ 11个数据文件已同步VPS(rsync -u, 仅推送更新过的)
[2026-07-30 07:00:39] VPS重算: 200
[2026-07-30 07:08:01] 抓到 2 场
[2026-07-30 07:08:05] ✓ 11个数据文件已同步VPS(rsync -u, 仅推送更新过的)
[2026-07-30 07:08:07] VPS重算: 200
[2026-07-30 07:16:01] 抓到 2 场
[2026-07-30 07:16:05] ✓ 11个数据文件已同步VPS(rsync -u, 仅推送更新过的)
[2026-07-30 07:16:07] VPS重算: 200
[2026-07-30 07:24:01] 抓到 2 场
[2026-07-30 07:24:06] ✓ 11个数据文件已同步VPS(rsync -u, 仅推送更新过的)
[2026-07-30 07:25:36] VPS重算: 000
[2026-07-30 07:32:01] 抓到 2 场
[2026-07-30 07:32:06] ✓ 11个数据文件已同步VPS(rsync -u, 仅推送更新过的)
[2026-07-30 07:32:08] VPS重算: 200
[2026-07-30 07:40:01] 抓到 2 场
[2026-07-30 07:40:06] ✓ 11个数据文件已同步VPS(rsync -u, 仅推送更新过的)
[2026-07-30 07:40:08] VPS重算: 200
[2026-07-30 07:48:01] 抓到 2 场
[2026-07-30 07:48:05] ✓ 11个数据文件已同步VPS(rsync -u, 仅推送更新过的)
[2026-07-30 07:49:35] VPS重算: 000
[2026-07-30 07:56:01] 抓到 2 场
[2026-07-30 07:56:05] ✓ 11个数据文件已同步VPS(rsync -u, 仅推送更新过的)
[2026-07-30 07:56:37] VPS重算: 200
[2026-07-30 08:00:01] 抓到 2 场
[2026-07-30 08:00:04] ✓ 11个数据文件已同步VPS(rsync -u, 仅推送更新过的)
[2026-07-30 08:00:36] VPS重算: 200
[2026-07-30 08:08:01] 抓到 2 场
[2026-07-30 08:08:06] ✓ 11个数据文件已同步VPS(rsync -u, 仅推送更新过的)
[2026-07-30 08:08:08] VPS重算: 200
[2026-07-30 08:16:01] 抓到 2 场
[2026-07-30 08:16:05] ✓ 11个数据文件已同步VPS(rsync -u, 仅推送更新过的)
[2026-07-30 08:16:37] VPS重算: 200
[2026-07-30 08:24:01] 抓到 2 场
[2026-07-30 08:24:05] ✓ 11个数据文件已同步VPS(rsync -u, 仅推送更新过的)
[2026-07-30 08:25:07] VPS重算: 200
[2026-07-30 08:32:01] 抓到 0 场
[2026-07-30 08:32:05] ✓ 11个数据文件已同步VPS(rsync -u, 仅推送更新过的)
[2026-07-30 08:33:35] VPS重算: 000
[2026-07-30 08:40:01] 抓到 0 场
[2026-07-30 08:40:06] ✓ 11个数据文件已同步VPS(rsync -u, 仅推送更新过的)
[2026-07-30 08:40:08] VPS重算: 200
[2026-07-30 08:48:01] 抓到 0 场
[2026-07-30 08:48:06] ✓ 11个数据文件已同步VPS(rsync -u, 仅推送更新过的)
[2026-07-30 08:48:07] VPS重算: 429
[2026-07-30 08:56:01] 抓到 0 场
[2026-07-30 08:56:06] ✓ 11个数据文件已同步VPS(rsync -u, 仅推送更新过的)
[2026-07-30 08:56:38] VPS重算: 200
[2026-07-30 09:00:01] 抓到 0 场
[2026-07-30 09:00:04] ✓ 11个数据文件已同步VPS(rsync -u, 仅推送更新过的)
[2026-07-30 09:00:07] VPS重算: 200
[2026-07-30 09:08:01] 抓到 0 场
[2026-07-30 09:08:06] ✓ 11个数据文件已同步VPS(rsync -u, 仅推送更新过的)
[2026-07-30 09:08:08] VPS重算: 200
[2026-07-30 09:16:01] 抓到 0 场
[2026-07-30 09:16:06] ✓ 11个数据文件已同步VPS(rsync -u, 仅推送更新过的)
[2026-07-30 09:16:38] VPS重算: 200
[2026-07-30 09:24:01] 抓到 0 场
[2026-07-30 09:24:04] ✓ 11个数据文件已同步VPS(rsync -u, 仅推送更新过的)
[2026-07-30 09:25:34] VPS重算: 000
[2026-07-30 09:32:01] 抓到 0 场
[2026-07-30 09:32:06] ✓ 11个数据文件已同步VPS(rsync -u, 仅推送更新过的)
[2026-07-30 09:32:38] VPS重算: 200
[2026-07-30 09:40:01] 抓到 0 场
[2026-07-30 09:40:05] ✓ 11个数据文件已同步VPS(rsync -u, 仅推送更新过的)
[2026-07-30 09:40:07] VPS重算: 200
[2026-07-30 09:48:01] 抓到 0 场
[2026-07-30 09:48:04] ✓ 11个数据文件已同步VPS(rsync -u, 仅推送更新过的)
[2026-07-30 09:48:06] VPS重算: 200
[2026-07-30 09:56:01] 抓到 0 场
[2026-07-30 09:56:07] ✓ 11个数据文件已同步VPS(rsync -u, 仅推送更新过的)
[2026-07-30 09:57:37] VPS重算: 000
[2026-07-30 10:00:01] 抓到 0 场
[2026-07-30 10:00:06] ✓ 11个数据文件已同步VPS(rsync -u, 仅推送更新过的)
[2026-07-30 10:00:08] VPS重算: 200
[2026-07-30 10:08:01] 抓到 0 场
[2026-07-30 10:08:05] ✓ 11个数据文件已同步VPS(rsync -u, 仅推送更新过的)
[2026-07-30 10:08:07] VPS重算: 200
[2026-07-30 10:16:01] 抓到 0 场
[2026-07-30 10:16:05] ✓ 11个数据文件已同步VPS(rsync -u, 仅推送更新过的)
[2026-07-30 10:16:37] VPS重算: 200
[2026-07-30 10:24:01] 抓到 0 场
[2026-07-30 10:24:06] ✓ 11个数据文件已同步VPS(rsync -u, 仅推送更新过的)
[2026-07-30 10:24:38] VPS重算: 200
[2026-07-30 10:32:01] 抓到 0 场
[2026-07-30 10:32:05] ✓ 11个数据文件已同步VPS(rsync -u, 仅推送更新过的)
[2026-07-30 10:32:06] VPS重算: 200
[2026-07-30 10:40:01] 抓到 0 场
[2026-07-30 10:40:06] ✓ 11个数据文件已同步VPS(rsync -u, 仅推送更新过的)
[2026-07-30 10:41:08] VPS重算: 200
[2026-07-30 10:48:01] 抓到 0 场
[2026-07-30 10:48:07] ✓ 11个数据文件已同步VPS(rsync -u, 仅推送更新过的)
[2026-07-30 10:48:39] VPS重算: 200
[2026-07-30 10:56:01] 抓到 0 场
[2026-07-30 10:56:05] ✓ 11个数据文件已同步VPS(rsync -u, 仅推送更新过的)
[2026-07-30 10:56:07] VPS重算: 200
[2026-07-30 11:00:01] 抓到 0 场
[2026-07-30 11:00:06] ✓ 11个数据文件已同步VPS(rsync -u, 仅推送更新过的)
[2026-07-30 11:01:36] VPS重算: 000
[2026-07-30 11:08:02] 抓到 6 场
[2026-07-30 11:08:06] ✓ 11个数据文件已同步VPS(rsync -u, 仅推送更新过的)
[2026-07-30 11:09:36] VPS重算: 000
[2026-07-30 11:16:01] 抓到 6 场
[2026-07-30 11:16:06] ✓ 11个数据文件已同步VPS(rsync -u, 仅推送更新过的)
[2026-07-30 11:16:08] VPS重算: 429
[2026-07-30 11:24:01] 抓到 6 场
[2026-07-30 11:24:06] ✓ 11个数据文件已同步VPS(rsync -u, 仅推送更新过的)
[2026-07-30 11:25:09] VPS重算: 200
[2026-07-30 11:32:01] 抓到 6 场
[2026-07-30 11:32:06] ✓ 11个数据文件已同步VPS(rsync -u, 仅推送更新过的)
[2026-07-30 11:32:38] VPS重算: 200
[2026-07-30 11:40:01] 抓到 6 场
[2026-07-30 11:40:06] ✓ 11个数据文件已同步VPS(rsync -u, 仅推送更新过的)
[2026-07-30 11:40:38] VPS重算: 200
[2026-07-30 11:48:01] 抓到 6 场
[2026-07-30 11:48:07] ✓ 11个数据文件已同步VPS(rsync -u, 仅推送更新过的)
[2026-07-30 11:48:09] VPS重算: 200
[2026-07-30 11:56:01] 抓到 6 场
[2026-07-30 11:56:07] ✓ 11个数据文件已同步VPS(rsync -u, 仅推送更新过的)
[2026-07-30 11:56:09] VPS重算: 200
[2026-07-30 12:00:01] 抓到 6 场
[2026-07-30 12:00:07] ✓ 11个数据文件已同步VPS(rsync -u, 仅推送更新过的)
[2026-07-30 12:01:37] VPS重算: 000
[2026-07-30 12:08:01] 抓到 6 场
[2026-07-30 12:08:06] ✓ 11个数据文件已同步VPS(rsync -u, 仅推送更新过的)
[2026-07-30 12:08:39] VPS重算: 200
[2026-07-30 12:16:01] 抓到 6 场
[2026-07-30 12:16:09] ✓ 11个数据文件已同步VPS(rsync -u, 仅推送更新过的)
[2026-07-30 12:16:12] VPS重算: 200
[2026-07-30 12:24:01] 抓到 6 场
[2026-07-30 12:24:06] ✓ 11个数据文件已同步VPS(rsync -u, 仅推送更新过的)
[2026-07-30 12:24:07] VPS重算: 200
[2026-07-30 12:32:01] 抓到 6 场
[2026-07-30 12:32:10] ✓ 11个数据文件已同步VPS(rsync -u, 仅推送更新过的)
[2026-07-30 12:32:12] VPS重算: 200
[2026-07-30 12:40:01] 抓到 6 场
[2026-07-30 12:40:08] ✓ 11个数据文件已同步VPS(rsync -u, 仅推送更新过的)
[2026-07-30 12:41:38] VPS重算: 000
[2026-07-30 12:48:01] 抓到 6 场
[2026-07-30 12:48:06] ✓ 11个数据文件已同步VPS(rsync -u, 仅推送更新过的)
[2026-07-30 12:48:08] VPS重算: 200
[2026-07-30 12:56:01] 抓到 6 场
[2026-07-30 12:56:05] ✓ 11个数据文件已同步VPS(rsync -u, 仅推送更新过的)
[2026-07-30 12:56:08] VPS重算: 200
[2026-07-30 13:00:01] 抓到 6 场
[2026-07-30 13:00:06] ✓ 11个数据文件已同步VPS(rsync -u, 仅推送更新过的)
[2026-07-30 13:00:39] VPS重算: 200
[2026-07-30 13:08:01] 抓到 9 场
[2026-07-30 13:08:08] ✓ 11个数据文件已同步VPS(rsync -u, 仅推送更新过的)
[2026-07-30 13:08:10] VPS重算: 200
[2026-07-30 13:16:01] 抓到 9 场
[2026-07-30 13:16:05] ✓ 11个数据文件已同步VPS(rsync -u, 仅推送更新过的)
[2026-07-30 13:16:09] VPS重算: 200
[2026-07-30 13:24:01] 抓到 9 场
[2026-07-30 13:24:06] ✓ 11个数据文件已同步VPS(rsync -u, 仅推送更新过的)
[2026-07-30 13:24:38] VPS重算: 200
[2026-07-30 13:32:01] 抓到 9 场
[2026-07-30 13:32:07] ✓ 11个数据文件已同步VPS(rsync -u, 仅推送更新过的)
[2026-07-30 13:32:26] VPS重算: 200
[2026-07-30 13:40:01] 抓到 9 场
[2026-07-30 13:40:11] ✓ 11个数据文件已同步VPS(rsync -u, 仅推送更新过的)
[2026-07-30 13:40:43] VPS重算: 200
[2026-07-30 13:48:01] 抓到 9 场
[2026-07-30 13:48:05] ✓ 11个数据文件已同步VPS(rsync -u, 仅推送更新过的)
[2026-07-30 13:48:09] VPS重算: 200
[2026-07-30 13:56:01] 抓到 9 场
[2026-07-30 13:56:07] ✓ 11个数据文件已同步VPS(rsync -u, 仅推送更新过的)
[2026-07-30 13:57:06] VPS重算: 200
[2026-07-30 14:00:01] 抓到 9 场
[2026-07-30 14:00:05] ✓ 11个数据文件已同步VPS(rsync -u, 仅推送更新过的)
[2026-07-30 14:00:08] VPS重算: 200
[2026-07-30 14:08:01] 抓到 9 场
[2026-07-30 14:08:05] ✓ 11个数据文件已同步VPS(rsync -u, 仅推送更新过的)
[2026-07-30 14:09:36] VPS重算: 000
[2026-07-30 14:16:01] 抓到 9 场
[2026-07-30 14:16:06] ✓ 11个数据文件已同步VPS(rsync -u, 仅推送更新过的)
[2026-07-30 14:16:28] VPS重算: 522
[2026-07-30 14:24:01] 抓到 9 场
[2026-07-30 14:24:06] ✓ 11个数据文件已同步VPS(rsync -u, 仅推送更新过的)
[2026-07-30 14:24:11] VPS重算: 200
[2026-07-30 14:32:01] 抓到 9 场
[2026-07-30 14:32:10] ✓ 11个数据文件已同步VPS(rsync -u, 仅推送更新过的)
[2026-07-30 14:33:12] VPS重算: 200
[2026-07-30 14:40:01] 抓到 9 场
[2026-07-30 14:40:08] ✓ 11个数据文件已同步VPS(rsync -u, 仅推送更新过的)
[2026-07-30 14:40:12] VPS重算: 200
[2026-07-30 14:48:01] 抓到 9 场
[2026-07-30 14:48:07] ✓ 11个数据文件已同步VPS(rsync -u, 仅推送更新过的)
[2026-07-30 14:48:09] VPS重算: 200
[2026-07-30 14:56:01] 抓到 9 场
[2026-07-30 14:56:07] ✓ 11个数据文件已同步VPS(rsync -u, 仅推送更新过的)
[2026-07-30 14:56:08] VPS重算: 429
[2026-07-30 15:00:01] 抓到 9 场
[2026-07-30 15:00:08] ✓ 11个数据文件已同步VPS(rsync -u, 仅推送更新过的)
[2026-07-30 15:01:26] VPS重算: 520
[2026-07-30 15:08:01] 抓到 9 场
[2026-07-30 15:08:06] ✓ 11个数据文件已同步VPS(rsync -u, 仅推送更新过的)
[2026-07-30 15:08:21] VPS重算: 200
[2026-07-30 15:16:01] 抓到 9 场
[2026-07-30 15:16:08] ✓ 11个数据文件已同步VPS(rsync -u, 仅推送更新过的)
[2026-07-30 15:16:29] VPS重算: 522
[2026-07-30 15:24:01] 抓到 9 场
[2026-07-30 15:24:10] ✓ 11个数据文件已同步VPS(rsync -u, 仅推送更新过的)
[2026-07-30 15:24:13] VPS重算: 200
[2026-07-30 15:32:01] 抓到 9 场
[2026-07-30 15:32:08] ✓ 11个数据文件已同步VPS(rsync -u, 仅推送更新过的)
[2026-07-30 15:32:12] VPS重算: 200
[2026-07-30 15:40:01] 抓到 9 场
[2026-07-30 15:40:07] ✓ 11个数据文件已同步VPS(rsync -u, 仅推送更新过的)
[2026-07-30 15:40:39] VPS重算: 200
[2026-07-30 15:48:01] 抓到 9 场
[2026-07-30 15:48:07] ✓ 11个数据文件已同步VPS(rsync -u, 仅推送更新过的)
[2026-07-30 15:48:11] VPS重算: 200
[2026-07-30 15:56:01] 抓到 9 场
[2026-07-30 15:56:05] ✓ 11个数据文件已同步VPS(rsync -u, 仅推送更新过的)
[2026-07-30 15:56:07] VPS重算: 200
[2026-07-30 16:00:01] 抓到 9 场
[2026-07-30 16:00:07] ✓ 11个数据文件已同步VPS(rsync -u, 仅推送更新过的)
[2026-07-30 16:01:09] VPS重算: 200
[2026-07-30 16:08:01] 抓到 9 场
[2026-07-30 16:08:07] ✓ 11个数据文件已同步VPS(rsync -u, 仅推送更新过的)
[2026-07-30 16:08:40] VPS重算: 200
[2026-07-30 16:16:01] 抓到 9 场
[2026-07-30 16:16:07] ✓ 11个数据文件已同步VPS(rsync -u, 仅推送更新过的)
[2026-07-30 16:16:40] VPS重算: 200
[2026-07-30 16:24:01] 抓到 9 场
[2026-07-30 16:24:07] ✓ 11个数据文件已同步VPS(rsync -u, 仅推送更新过的)
[2026-07-30 16:24:08] VPS重算: 429
[2026-07-30 16:32:01] 抓到 9 场
[2026-07-30 16:32:10] ✓ 11个数据文件已同步VPS(rsync -u, 仅推送更新过的)
[2026-07-30 16:32:52] VPS重算: 520
[2026-07-30 16:40:01] 抓到 9 场
[2026-07-30 16:40:08] ✓ 11个数据文件已同步VPS(rsync -u, 仅推送更新过的)
[2026-07-30 16:41:38] VPS重算: 000
[2026-07-30 16:48:01] 抓到 9 场
[2026-07-30 16:48:07] ✓ 11个数据文件已同步VPS(rsync -u, 仅推送更新过的)
[2026-07-30 16:49:09] VPS重算: 200
[2026-07-30 16:56:01] 抓到 9 场
[2026-07-30 16:56:06] ✓ 11个数据文件已同步VPS(rsync -u, 仅推送更新过的)
[2026-07-30 16:56:07] VPS重算: 429
[2026-07-30 17:00:01] 抓到 9 场
[2026-07-30 17:00:09] ✓ 11个数据文件已同步VPS(rsync -u, 仅推送更新过的)
[2026-07-30 17:00:40] VPS重算: 200
[2026-07-30 17:08:01] 抓到 9 场
[2026-07-30 17:08:06] ✓ 11个数据文件已同步VPS(rsync -u, 仅推送更新过的)
[2026-07-30 17:08:38] VPS重算: 200
[2026-07-30 17:16:01] 抓到 9 场
[2026-07-30 17:16:13] ✓ 11个数据文件已同步VPS(rsync -u, 仅推送更新过的)
[2026-07-30 17:16:45] VPS重算: 200
[2026-07-30 17:24:01] 抓到 9 场
[2026-07-30 17:24:07] ✓ 11个数据文件已同步VPS(rsync -u, 仅推送更新过的)
[2026-07-30 17:25:09] VPS重算: 200
[2026-07-30 17:32:01] 抓到 9 场
[2026-07-30 17:32:06] ✓ 11个数据文件已同步VPS(rsync -u, 仅推送更新过的)
[2026-07-30 17:32:09] VPS重算: 200
[2026-07-30 17:40:01] 抓到 9 场
[2026-07-30 17:40:12] ✓ 11个数据文件已同步VPS(rsync -u, 仅推送更新过的)
[2026-07-30 17:40:14] VPS重算: 200
[2026-07-30 17:48:01] 抓到 9 场
[2026-07-30 17:48:08] ✓ 11个数据文件已同步VPS(rsync -u, 仅推送更新过的)
[2026-07-30 17:48:09] VPS重算: 429
[2026-07-30 17:56:01] 抓到 9 场
[2026-07-30 17:56:08] ✓ 11个数据文件已同步VPS(rsync -u, 仅推送更新过的)
[2026-07-30 17:57:10] VPS重算: 200
[2026-07-30 18:00:01] 抓到 9 场
[2026-07-30 18:00:06] ✓ 11个数据文件已同步VPS(rsync -u, 仅推送更新过的)
[2026-07-30 18:01:09] VPS重算: 200
[2026-07-30 18:08:01] 抓到 9 场
[2026-07-30 18:08:07] ✓ 11个数据文件已同步VPS(rsync -u, 仅推送更新过的)
[2026-07-30 18:08:09] VPS重算: 200
[2026-07-30 18:16:01] 抓到 9 场
[2026-07-30 18:16:05] ✓ 11个数据文件已同步VPS(rsync -u, 仅推送更新过的)
[2026-07-30 18:16:07] VPS重算: 200
[2026-07-30 18:24:01] 抓到 9 场
[2026-07-30 18:24:10] ✓ 11个数据文件已同步VPS(rsync -u, 仅推送更新过的)
[2026-07-30 18:25:40] VPS重算: 000
[2026-07-30 18:32:01] 抓到 9 场
[2026-07-30 18:32:07] ✓ 11个数据文件已同步VPS(rsync -u, 仅推送更新过的)
[2026-07-30 18:32:38] VPS重算: 200
[2026-07-30 18:40:01] 抓到 9 场
[2026-07-30 18:40:07] ✓ 11个数据文件已同步VPS(rsync -u, 仅推送更新过的)
[2026-07-30 18:40:09] VPS重算: 200
[2026-07-30 18:48:01] 抓到 9 场
[2026-07-30 18:48:07] ✓ 11个数据文件已同步VPS(rsync -u, 仅推送更新过的)
[2026-07-30 18:48:09] VPS重算: 200
[2026-07-30 18:56:01] 抓到 9 场
[2026-07-30 18:56:08] ✓ 11个数据文件已同步VPS(rsync -u, 仅推送更新过的)
[2026-07-30 18:56:11] VPS重算: 200
[2026-07-30 19:00:01] 抓到 9 场
[2026-07-30 19:00:05] ✓ 11个数据文件已同步VPS(rsync -u, 仅推送更新过的)
[2026-07-30 19:01:35] VPS重算: 000
[2026-07-30 19:08:01] 抓到 9 场
[2026-07-30 19:08:07] ✓ 11个数据文件已同步VPS(rsync -u, 仅推送更新过的)
[2026-07-30 19:09:37] VPS重算: 000
[2026-07-30 19:16:01] 抓到 9 场
[2026-07-30 19:16:07] ✓ 11个数据文件已同步VPS(rsync -u, 仅推送更新过的)
[2026-07-30 19:16:39] VPS重算: 200
[2026-07-30 19:24:01] 抓到 9 场
[2026-07-30 19:24:07] ✓ 11个数据文件已同步VPS(rsync -u, 仅推送更新过的)
[2026-07-30 19:24:09] VPS重算: 200
[2026-07-30 19:32:01] 抓到 9 场
[2026-07-30 19:32:08] ✓ 11个数据文件已同步VPS(rsync -u, 仅推送更新过的)
[2026-07-30 19:32:40] VPS重算: 200
[2026-07-30 19:40:01] 抓到 9 场
[2026-07-30 19:40:06] ✓ 11个数据文件已同步VPS(rsync -u, 仅推送更新过的)
[2026-07-30 19:41:09] VPS重算: 200
[2026-07-30 19:48:01] 抓到 9 场
[2026-07-30 19:48:07] ✓ 11个数据文件已同步VPS(rsync -u, 仅推送更新过的)
[2026-07-30 19:49:09] VPS重算: 200
[2026-07-30 19:56:01] 抓到 9 场
[2026-07-30 19:56:07] ✓ 11个数据文件已同步VPS(rsync -u, 仅推送更新过的)
[2026-07-30 19:56:40] VPS重算: 200
[2026-07-30 20:00:01] 抓到 9 场
[2026-07-30 20:00:06] ✓ 11个数据文件已同步VPS(rsync -u, 仅推送更新过的)
[2026-07-30 20:00:08] VPS重算: 200
[2026-07-30 20:08:01] 抓到 9 场
[2026-07-30 20:08:22] ✓ 11个数据文件已同步VPS(rsync -u, 仅推送更新过的)
[2026-07-30 20:08:55] VPS重算: 200
[2026-07-30 20:16:01] 抓到 9 场
[2026-07-30 20:16:06] ✓ 11个数据文件已同步VPS(rsync -u, 仅推送更新过的)
[2026-07-30 20:16:08] VPS重算: 200
[2026-07-30 20:24:01] 抓到 9 场
[2026-07-30 20:24:10] ✓ 11个数据文件已同步VPS(rsync -u, 仅推送更新过的)
[2026-07-30 20:24:42] VPS重算: 200
[2026-07-30 20:32:01] 抓到 9 场
[2026-07-30 20:32:07] ✓ 11个数据文件已同步VPS(rsync -u, 仅推送更新过的)
[2026-07-30 20:33:38] VPS重算: 000
[2026-07-30 20:40:01] 抓到 9 场
[2026-07-30 20:40:08] ✓ 11个数据文件已同步VPS(rsync -u, 仅推送更新过的)
[2026-07-30 20:40:42] VPS重算: 200
[2026-07-30 20:48:01] 抓到 9 场
[2026-07-30 20:48:07] ✓ 11个数据文件已同步VPS(rsync -u, 仅推送更新过的)
[2026-07-30 20:48:08] VPS重算: 429
[2026-07-30 20:56:01] 抓到 9 场
[2026-07-30 20:56:07] ✓ 11个数据文件已同步VPS(rsync -u, 仅推送更新过的)
[2026-07-30 20:56:39] VPS重算: 200
[2026-07-30 21:00:01] 抓到 9 场
[2026-07-30 21:00:05] ✓ 11个数据文件已同步VPS(rsync -u, 仅推送更新过的)
[2026-07-30 21:01:35] VPS重算: 000
[2026-07-30 21:08:01] 抓到 9 场
[2026-07-30 21:08:09] ✓ 11个数据文件已同步VPS(rsync -u, 仅推送更新过的)
[2026-07-30 21:09:14] VPS重算: 200
[2026-07-30 21:16:01] 抓到 9 场
[2026-07-30 21:16:07] ✓ 11个数据文件已同步VPS(rsync -u, 仅推送更新过的)
[2026-07-30 21:16:40] VPS重算: 200
[2026-07-30 21:24:01] 抓到 9 场
[2026-07-30 21:24:07] ✓ 11个数据文件已同步VPS(rsync -u, 仅推送更新过的)
[2026-07-30 21:24:09] VPS重算: 200
[2026-07-30 21:32:01] 抓到 9 场
[2026-07-30 21:32:08] ✓ 11个数据文件已同步VPS(rsync -u, 仅推送更新过的)
[2026-07-30 21:32:11] VPS重算: 200
[2026-07-30 21:40:01] 抓到 9 场
[2026-07-30 21:40:07] ✓ 11个数据文件已同步VPS(rsync -u, 仅推送更新过的)
[2026-07-30 21:41:09] VPS重算: 200
[2026-07-30 21:48:01] 抓到 9 场
[2026-07-30 21:48:07] ✓ 11个数据文件已同步VPS(rsync -u, 仅推送更新过的)
[2026-07-30 21:48:10] VPS重算: 200
[2026-07-30 21:56:01] 抓到 9 场
[2026-07-30 21:56:05] ✓ 11个数据文件已同步VPS(rsync -u, 仅推送更新过的)
[2026-07-30 21:57:36] VPS重算: 000
[2026-07-30 22:00:01] 抓到 9 场
[2026-07-30 22:00:06] ✓ 11个数据文件已同步VPS(rsync -u, 仅推送更新过的)
[2026-07-30 22:00:40] VPS重算: 200
[2026-07-30 22:08:01] 抓到 9 场
[2026-07-30 22:08:07] ✓ 11个数据文件已同步VPS(rsync -u, 仅推送更新过的)
[2026-07-30 22:09:37] VPS重算: 000
[2026-07-30 22:16:01] 抓到 9 场
[2026-07-30 22:16:08] ✓ 11个数据文件已同步VPS(rsync -u, 仅推送更新过的)
[2026-07-30 22:17:12] VPS重算: 200
[2026-07-30 22:24:01] 抓到 9 场
[2026-07-30 22:24:06] ✓ 11个数据文件已同步VPS(rsync -u, 仅推送更新过的)
[2026-07-30 22:24:41] VPS重算: 200
[2026-07-30 22:32:01] 抓到 9 场
[2026-07-30 22:32:09] ✓ 11个数据文件已同步VPS(rsync -u, 仅推送更新过的)
[2026-07-30 22:33:39] VPS重算: 000
[2026-07-30 22:40:01] 抓到 9 场
[2026-07-30 22:40:09] ✓ 11个数据文件已同步VPS(rsync -u, 仅推送更新过的)
[2026-07-30 22:41:39] VPS重算: 000
[2026-07-30 22:48:02] 抓到 9 场
[2026-07-30 22:48:08] ✓ 11个数据文件已同步VPS(rsync -u, 仅推送更新过的)
[2026-07-30 22:48:12] VPS重算: 200
[2026-07-30 22:56:01] 抓到 9 场
[2026-07-30 22:56:06] ✓ 11个数据文件已同步VPS(rsync -u, 仅推送更新过的)
[2026-07-30 22:56:08] VPS重算: 429
[2026-07-30 23:00:01] 抓到 9 场
[2026-07-30 23:00:07] ✓ 11个数据文件已同步VPS(rsync -u, 仅推送更新过的)
[2026-07-30 23:01:37] VPS重算: 000
[2026-07-30 23:08:01] 抓到 9 场
[2026-07-30 23:08:09] ✓ 11个数据文件已同步VPS(rsync -u, 仅推送更新过的)
[2026-07-30 23:08:11] VPS重算: 200
[2026-07-30 23:16:01] 抓到 9 场
[2026-07-30 23:16:06] ✓ 11个数据文件已同步VPS(rsync -u, 仅推送更新过的)
[2026-07-30 23:16:38] VPS重算: 200
[2026-07-30 23:24:01] 抓到 9 场
[2026-07-30 23:24:26] ✓ 11个数据文件已同步VPS(rsync -u, 仅推送更新过的)
[2026-07-30 23:25:56] VPS重算: 000
[2026-07-30 23:32:01] 抓到 9 场
[2026-07-30 23:32:16] ✓ 11个数据文件已同步VPS(rsync -u, 仅推送更新过的)
[2026-07-30 23:32:21] VPS重算: 000
[2026-07-30 23:40:01] 抓到 9 场
[2026-07-30 23:40:12] ✓ 11个数据文件已同步VPS(rsync -u, 仅推送更新过的)
[2026-07-30 23:40:14] VPS重算: 429
[2026-07-30 23:48:01] 抓到 9 场
[2026-07-30 23:48:09] ✓ 11个数据文件已同步VPS(rsync -u, 仅推送更新过的)
[2026-07-30 23:49:39] VPS重算: 000
[2026-07-31 00:16:01] 抓到 9 场
[2026-07-31 00:16:07] ✓ 11个数据文件已同步VPS(rsync -u, 仅推送更新过的)
[2026-07-31 00:16:10] VPS重算: 200
[2026-07-31 00:24:01] 抓到 9 场
[2026-07-31 00:24:07] ✓ 11个数据文件已同步VPS(rsync -u, 仅推送更新过的)
[2026-07-31 00:24:09] VPS重算: 429
[2026-07-31 00:32:01] 抓到 9 场
[2026-07-31 00:32:09] ✓ 11个数据文件已同步VPS(rsync -u, 仅推送更新过的)
[2026-07-31 00:33:10] VPS重算: 200
[2026-07-31 00:40:01] 抓到 9 场
[2026-07-31 00:40:07] ✓ 11个数据文件已同步VPS(rsync -u, 仅推送更新过的)
[2026-07-31 00:41:10] VPS重算: 200
[2026-07-31 00:48:01] 抓到 9 场
[2026-07-31 00:48:05] ✓ 11个数据文件已同步VPS(rsync -u, 仅推送更新过的)
[2026-07-31 00:48:07] VPS重算: 200
[2026-07-31 00:56:01] 抓到 9 场
[2026-07-31 00:56:10] ✓ 11个数据文件已同步VPS(rsync -u, 仅推送更新过的)
[2026-07-31 00:57:13] VPS重算: 200
[2026-07-31 01:00:01] 抓到 9 场
[2026-07-31 01:00:06] ✓ 11个数据文件已同步VPS(rsync -u, 仅推送更新过的)
[2026-07-31 01:01:36] VPS重算: 000
[2026-07-31 01:08:01] 抓到 7 场
[2026-07-31 01:08:07] ✓ 11个数据文件已同步VPS(rsync -u, 仅推送更新过的)
[2026-07-31 01:09:10] VPS重算: 200
[2026-07-31 01:16:01] 抓到 7 场
[2026-07-31 01:16:08] ✓ 11个数据文件已同步VPS(rsync -u, 仅推送更新过的)
[2026-07-31 01:16:09] VPS重算: 429
[2026-07-31 01:24:01] 抓到 7 场
[2026-07-31 01:24:07] ✓ 11个数据文件已同步VPS(rsync -u, 仅推送更新过的)
[2026-07-31 01:24:09] VPS重算: 200
[2026-07-31 01:32:01] 抓到 7 场
[2026-07-31 01:32:08] ✓ 11个数据文件已同步VPS(rsync -u, 仅推送更新过的)
[2026-07-31 01:32:41] VPS重算: 200
[2026-07-31 01:40:01] 抓到 7 场
[2026-07-31 01:40:05] ✓ 11个数据文件已同步VPS(rsync -u, 仅推送更新过的)
[2026-07-31 01:40:37] VPS重算: 200
[2026-07-31 01:48:01] 抓到 7 场
[2026-07-31 01:48:06] ✓ 11个数据文件已同步VPS(rsync -u, 仅推送更新过的)
[2026-07-31 01:49:36] VPS重算: 000
[2026-07-31 01:56:01] 抓到 7 场
[2026-07-31 01:56:05] ✓ 11个数据文件已同步VPS(rsync -u, 仅推送更新过的)
[2026-07-31 01:57:35] VPS重算: 000
[2026-07-31 02:00:01] 抓到 7 场
[2026-07-31 02:00:05] ✓ 11个数据文件已同步VPS(rsync -u, 仅推送更新过的)
[2026-07-31 02:00:37] VPS重算: 200
[2026-07-31 02:08:01] 抓到 7 场
[2026-07-31 02:08:06] ✓ 11个数据文件已同步VPS(rsync -u, 仅推送更新过的)
[2026-07-31 02:08:08] VPS重算: 200
[2026-07-31 02:16:01] 抓到 7 场
[2026-07-31 02:16:06] ✓ 11个数据文件已同步VPS(rsync -u, 仅推送更新过的)
[2026-07-31 02:16:38] VPS重算: 200
[2026-07-31 02:24:01] 抓到 7 场
[2026-07-31 02:24:06] ✓ 11个数据文件已同步VPS(rsync -u, 仅推送更新过的)
[2026-07-31 02:24:38] VPS重算: 200
[2026-07-31 02:32:01] 抓到 5 场
[2026-07-31 02:32:06] ✓ 11个数据文件已同步VPS(rsync -u, 仅推送更新过的)
[2026-07-31 02:32:08] VPS重算: 200
[2026-07-31 02:40:01] 抓到 5 场
[2026-07-31 02:40:06] ✓ 11个数据文件已同步VPS(rsync -u, 仅推送更新过的)
[2026-07-31 02:40:08] VPS重算: 429
[2026-07-31 02:48:01] 抓到 5 场
[2026-07-31 02:48:06] ✓ 11个数据文件已同步VPS(rsync -u, 仅推送更新过的)
[2026-07-31 02:48:08] VPS重算: 200
[2026-07-31 02:56:01] 抓到 5 场
[2026-07-31 02:56:06] ✓ 11个数据文件已同步VPS(rsync -u, 仅推送更新过的)
[2026-07-31 02:57:36] VPS重算: 000
[2026-07-31 03:00:01] 抓到 5 场
[2026-07-31 03:00:05] ✓ 11个数据文件已同步VPS(rsync -u, 仅推送更新过的)
[2026-07-31 03:00:07] VPS重算: 200
[2026-07-31 03:08:01] 抓到 4 场
[2026-07-31 03:08:05] ✓ 11个数据文件已同步VPS(rsync -u, 仅推送更新过的)
[2026-07-31 03:09:35] VPS重算: 000
[2026-07-31 03:16:01] 抓到 4 场
[2026-07-31 03:16:06] ✓ 11个数据文件已同步VPS(rsync -u, 仅推送更新过的)
[2026-07-31 03:16:08] VPS重算: 200
[2026-07-31 03:24:01] 抓到 4 场
[2026-07-31 03:24:06] ✓ 11个数据文件已同步VPS(rsync -u, 仅推送更新过的)
[2026-07-31 03:25:36] VPS重算: 000
[2026-07-31 03:32:01] 抓到 4 场
[2026-07-31 03:32:05] ✓ 11个数据文件已同步VPS(rsync -u, 仅推送更新过的)
[2026-07-31 03:32:07] VPS重算: 200
[2026-07-31 03:40:01] 抓到 4 场
[2026-07-31 03:40:05] ✓ 11个数据文件已同步VPS(rsync -u, 仅推送更新过的)
[2026-07-31 03:41:35] VPS重算: 000
[2026-07-31 03:48:01] 抓到 4 场
[2026-07-31 03:48:05] ✓ 11个数据文件已同步VPS(rsync -u, 仅推送更新过的)
[2026-07-31 03:48:37] VPS重算: 200
[2026-07-31 03:56:01] 抓到 4 场
[2026-07-31 03:56:05] ✓ 11个数据文件已同步VPS(rsync -u, 仅推送更新过的)
[2026-07-31 03:56:37] VPS重算: 200
[2026-07-31 04:00:01] 抓到 4 场
[2026-07-31 04:00:04] ✓ 11个数据文件已同步VPS(rsync -u, 仅推送更新过的)
[2026-07-31 04:00:36] VPS重算: 200
[2026-07-31 04:08:01] 抓到 4 场
[2026-07-31 04:08:06] ✓ 11个数据文件已同步VPS(rsync -u, 仅推送更新过的)
[2026-07-31 04:09:08] VPS重算: 200
[2026-07-31 04:16:01] 抓到 4 场
[2026-07-31 04:16:05] ✓ 11个数据文件已同步VPS(rsync -u, 仅推送更新过的)
[2026-07-31 04:16:07] VPS重算: 200
[2026-07-31 04:24:01] 抓到 4 场
[2026-07-31 04:24:05] ✓ 11个数据文件已同步VPS(rsync -u, 仅推送更新过的)
[2026-07-31 04:24:06] VPS重算: 429
[2026-07-31 04:32:01] 抓到 4 场
[2026-07-31 04:32:05] ✓ 11个数据文件已同步VPS(rsync -u, 仅推送更新过的)
[2026-07-31 04:33:06] VPS重算: 200
[2026-07-31 04:40:01] 抓到 4 场
[2026-07-31 04:40:05] ✓ 11个数据文件已同步VPS(rsync -u, 仅推送更新过的)
[2026-07-31 04:40:07] VPS重算: 200
[2026-07-31 04:48:02] 抓到 4 场
[2026-07-31 04:48:05] ✓ 11个数据文件已同步VPS(rsync -u, 仅推送更新过的)
[2026-07-31 04:49:07] VPS重算: 200
[2026-07-31 04:56:01] 抓到 4 场
[2026-07-31 04:56:06] ✓ 11个数据文件已同步VPS(rsync -u, 仅推送更新过的)
[2026-07-31 04:56:08] VPS重算: 200
[2026-07-31 05:00:01] 抓到 4 场
[2026-07-31 05:00:05] ✓ 11个数据文件已同步VPS(rsync -u, 仅推送更新过的)
[2026-07-31 05:00:07] VPS重算: 200
[2026-07-31 05:08:01] 抓到 4 场
[2026-07-31 05:08:05] ✓ 11个数据文件已同步VPS(rsync -u, 仅推送更新过的)
[2026-07-31 05:08:07] VPS重算: 200
[2026-07-31 05:16:01] 抓到 4 场
[2026-07-31 05:16:06] ✓ 11个数据文件已同步VPS(rsync -u, 仅推送更新过的)
[2026-07-31 05:17:08] VPS重算: 200
[2026-07-31 05:24:02] 抓到 4 场
[2026-07-31 05:24:06] ✓ 11个数据文件已同步VPS(rsync -u, 仅推送更新过的)
[2026-07-31 05:25:36] VPS重算: 000
[2026-07-31 05:32:01] 抓到 4 场
[2026-07-31 05:32:05] ✓ 11个数据文件已同步VPS(rsync -u, 仅推送更新过的)
[2026-07-31 05:32:37] VPS重算: 200
[2026-07-31 05:40:01] 抓到 4 场
[2026-07-31 05:40:05] ✓ 11个数据文件已同步VPS(rsync -u, 仅推送更新过的)
[2026-07-31 05:40:07] VPS重算: 200
[2026-07-31 05:48:01] 抓到 4 场
[2026-07-31 05:48:05] ✓ 11个数据文件已同步VPS(rsync -u, 仅推送更新过的)
[2026-07-31 05:49:35] VPS重算: 000
[2026-07-31 05:56:01] 抓到 4 场
[2026-07-31 05:56:06] ✓ 11个数据文件已同步VPS(rsync -u, 仅推送更新过的)
[2026-07-31 05:57:07] VPS重算: 200
[2026-07-31 06:00:01] 抓到 4 场
[2026-07-31 06:00:05] ✓ 11个数据文件已同步VPS(rsync -u, 仅推送更新过的)
[2026-07-31 06:01:35] VPS重算: 000
[2026-07-31 06:08:01] 抓到 4 场
[2026-07-31 06:08:05] ✓ 11个数据文件已同步VPS(rsync -u, 仅推送更新过的)
[2026-07-31 06:08:37] VPS重算: 200
[2026-07-31 06:16:01] 抓到 4 场
[2026-07-31 06:16:05] ✓ 11个数据文件已同步VPS(rsync -u, 仅推送更新过的)
[2026-07-31 06:17:35] VPS重算: 000
[2026-07-31 06:24:01] 抓到 4 场
[2026-07-31 06:24:05] ✓ 11个数据文件已同步VPS(rsync -u, 仅推送更新过的)
[2026-07-31 06:24:06] VPS重算: 200
[2026-07-31 06:32:01] 抓到 3 场
[2026-07-31 06:32:06] ✓ 11个数据文件已同步VPS(rsync -u, 仅推送更新过的)
[2026-07-31 06:33:08] VPS重算: 200
[2026-07-31 06:40:01] 抓到 3 场
[2026-07-31 06:40:05] ✓ 11个数据文件已同步VPS(rsync -u, 仅推送更新过的)
[2026-07-31 06:40:07] VPS重算: 200
[2026-07-31 06:48:01] 抓到 3 场
[2026-07-31 06:48:05] ✓ 11个数据文件已同步VPS(rsync -u, 仅推送更新过的)
[2026-07-31 06:49:07] VPS重算: 200
[2026-07-31 06:56:01] 抓到 3 场
[2026-07-31 06:56:05] ✓ 11个数据文件已同步VPS(rsync -u, 仅推送更新过的)
[2026-07-31 06:57:08] VPS重算: 200
[2026-07-31 07:00:01] 抓到 3 场
[2026-07-31 07:00:05] ✓ 11个数据文件已同步VPS(rsync -u, 仅推送更新过的)
[2026-07-31 07:00:07] VPS重算: 200
[2026-07-31 07:08:01] 抓到 3 场
[2026-07-31 07:08:05] ✓ 11个数据文件已同步VPS(rsync -u, 仅推送更新过的)
[2026-07-31 07:09:35] VPS重算: 000
[2026-07-31 07:16:01] 抓到 3 场
[2026-07-31 07:16:05] ✓ 11个数据文件已同步VPS(rsync -u, 仅推送更新过的)
[2026-07-31 07:16:07] VPS重算: 200
[2026-07-31 07:24:01] 抓到 3 场
[2026-07-31 07:24:05] ✓ 11个数据文件已同步VPS(rsync -u, 仅推送更新过的)
[2026-07-31 07:25:35] VPS重算: 000
[2026-07-31 07:32:01] 抓到 3 场
[2026-07-31 07:32:06] ✓ 11个数据文件已同步VPS(rsync -u, 仅推送更新过的)
[2026-07-31 07:32:38] VPS重算: 200
[2026-07-31 07:40:01] 抓到 3 场
[2026-07-31 07:40:05] ✓ 11个数据文件已同步VPS(rsync -u, 仅推送更新过的)
[2026-07-31 07:40:37] VPS重算: 200
[2026-07-31 07:48:01] 抓到 3 场
[2026-07-31 07:48:05] ✓ 11个数据文件已同步VPS(rsync -u, 仅推送更新过的)
[2026-07-31 07:48:37] VPS重算: 200
[2026-07-31 07:56:01] 抓到 3 场
[2026-07-31 07:56:05] ✓ 11个数据文件已同步VPS(rsync -u, 仅推送更新过的)
[2026-07-31 07:57:07] VPS重算: 200
[2026-07-31 08:00:01] 抓到 3 场
[2026-07-31 08:00:05] ✓ 11个数据文件已同步VPS(rsync -u, 仅推送更新过的)
[2026-07-31 08:01:35] VPS重算: 000
[2026-07-31 08:08:01] 抓到 3 场
[2026-07-31 08:08:06] ✓ 11个数据文件已同步VPS(rsync -u, 仅推送更新过的)
[2026-07-31 08:09:36] VPS重算: 000
[2026-07-31 08:16:01] 抓到 3 场
[2026-07-31 08:16:05] ✓ 11个数据文件已同步VPS(rsync -u, 仅推送更新过的)
[2026-07-31 08:17:07] VPS重算: 200
[2026-07-31 08:24:01] 抓到 3 场
[2026-07-31 08:24:05] ✓ 11个数据文件已同步VPS(rsync -u, 仅推送更新过的)
[2026-07-31 08:24:06] VPS重算: 200
[2026-07-31 08:32:01] 抓到 3 场
[2026-07-31 08:32:05] ✓ 11个数据文件已同步VPS(rsync -u, 仅推送更新过的)
[2026-07-31 08:32:07] VPS重算: 200
[2026-07-31 08:40:01] 抓到 3 场
[2026-07-31 08:40:05] ✓ 11个数据文件已同步VPS(rsync -u, 仅推送更新过的)
[2026-07-31 08:41:35] VPS重算: 000
[2026-07-31 08:48:01] 抓到 3 场
[2026-07-31 08:48:06] ✓ 11个数据文件已同步VPS(rsync -u, 仅推送更新过的)
[2026-07-31 08:48:38] VPS重算: 200
[2026-07-31 08:56:01] 抓到 3 场
[2026-07-31 08:56:05] ✓ 11个数据文件已同步VPS(rsync -u, 仅推送更新过的)
[2026-07-31 08:56:08] VPS重算: 200
[2026-07-31 09:00:01] 抓到 3 场
[2026-07-31 09:00:06] ✓ 11个数据文件已同步VPS(rsync -u, 仅推送更新过的)
[2026-07-31 09:01:36] VPS重算: 000
[2026-07-31 09:08:01] 抓到 3 场
[2026-07-31 09:08:06] ✓ 11个数据文件已同步VPS(rsync -u, 仅推送更新过的)
[2026-07-31 09:08:38] VPS重算: 200
[2026-07-31 09:16:01] 抓到 3 场
[2026-07-31 09:16:06] ✓ 11个数据文件已同步VPS(rsync -u, 仅推送更新过的)
[2026-07-31 09:16:38] VPS重算: 200
[2026-07-31 09:24:01] 抓到 3 场
[2026-07-31 09:24:07] ✓ 11个数据文件已同步VPS(rsync -u, 仅推送更新过的)
[2026-07-31 09:24:09] VPS重算: 200
[2026-07-31 09:32:01] 抓到 3 场
[2026-07-31 09:32:08] ✓ 11个数据文件已同步VPS(rsync -u, 仅推送更新过的)
[2026-07-31 09:33:38] VPS重算: 000
[2026-07-31 09:40:01] 抓到 3 场
[2026-07-31 09:40:06] ✓ 11个数据文件已同步VPS(rsync -u, 仅推送更新过的)
[2026-07-31 09:41:08] VPS重算: 200
[2026-07-31 09:48:01] 抓到 3 场
[2026-07-31 09:48:07] ✓ 11个数据文件已同步VPS(rsync -u, 仅推送更新过的)
[2026-07-31 09:48:38] VPS重算: 200
[2026-07-31 09:56:01] 抓到 3 场
[2026-07-31 09:56:07] ✓ 11个数据文件已同步VPS(rsync -u, 仅推送更新过的)
[2026-07-31 09:56:09] VPS重算: 200
[2026-07-31 10:00:01] 抓到 3 场
[2026-07-31 10:00:07] ✓ 11个数据文件已同步VPS(rsync -u, 仅推送更新过的)
[2026-07-31 10:00:09] VPS重算: 200
[2026-07-31 10:08:01] 抓到 3 场
[2026-07-31 10:08:05] ✓ 11个数据文件已同步VPS(rsync -u, 仅推送更新过的)
[2026-07-31 10:08:08] VPS重算: 429
[2026-07-31 10:16:01] 抓到 3 场
[2026-07-31 10:16:07] ✓ 11个数据文件已同步VPS(rsync -u, 仅推送更新过的)
[2026-07-31 10:16:38] VPS重算: 200
[2026-07-31 10:24:01] 抓到 3 场
[2026-07-31 10:24:05] ✓ 11个数据文件已同步VPS(rsync -u, 仅推送更新过的)
[2026-07-31 10:24:07] VPS重算: 429
[2026-07-31 10:32:01] 抓到 3 场
[2026-07-31 10:32:06] ✓ 11个数据文件已同步VPS(rsync -u, 仅推送更新过的)
[2026-07-31 10:32:07] VPS重算: 200
[2026-07-31 10:40:01] 抓到 3 场
[2026-07-31 10:40:07] ✓ 11个数据文件已同步VPS(rsync -u, 仅推送更新过的)
[2026-07-31 10:41:37] VPS重算: 000
[2026-07-31 10:48:01] 抓到 3 场
[2026-07-31 10:48:05] ✓ 11个数据文件已同步VPS(rsync -u, 仅推送更新过的)
[2026-07-31 10:48:07] VPS重算: 200
[2026-07-31 10:56:01] 抓到 3 场
[2026-07-31 10:56:05] ✓ 11个数据文件已同步VPS(rsync -u, 仅推送更新过的)
[2026-07-31 10:57:35] VPS重算: 000
[2026-07-31 11:00:01] 抓到 3 场
[2026-07-31 11:00:06] ✓ 11个数据文件已同步VPS(rsync -u, 仅推送更新过的)
[2026-07-31 11:01:08] VPS重算: 200
[2026-07-31 11:08:01] 抓到 9 场
[2026-07-31 11:08:06] ✓ 11个数据文件已同步VPS(rsync -u, 仅推送更新过的)
[2026-07-31 11:08:38] VPS重算: 200
[2026-07-31 11:16:01] 抓到 9 场
[2026-07-31 11:16:07] ✓ 11个数据文件已同步VPS(rsync -u, 仅推送更新过的)
[2026-07-31 11:17:09] VPS重算: 200
[2026-07-31 11:24:01] 抓到 9 场
[2026-07-31 11:24:07] ✓ 11个数据文件已同步VPS(rsync -u, 仅推送更新过的)
[2026-07-31 11:25:37] VPS重算: 000
[2026-07-31 11:32:01] 抓到 9 场
[2026-07-31 11:32:06] ✓ 11个数据文件已同步VPS(rsync -u, 仅推送更新过的)
[2026-07-31 11:32:38] VPS重算: 200
[2026-07-31 11:40:01] 抓到 9 场
[2026-07-31 11:40:07] ✓ 11个数据文件已同步VPS(rsync -u, 仅推送更新过的)
[2026-07-31 11:41:37] VPS重算: 000
[2026-07-31 11:48:01] 抓到 9 场
[2026-07-31 11:48:07] ✓ 11个数据文件已同步VPS(rsync -u, 仅推送更新过的)
[2026-07-31 11:48:08] VPS重算: 200
[2026-07-31 11:56:01] 抓到 9 场
[2026-07-31 11:56:07] ✓ 11个数据文件已同步VPS(rsync -u, 仅推送更新过的)
[2026-07-31 11:56:39] VPS重算: 200
[2026-07-31 12:00:01] 抓到 9 场
[2026-07-31 12:00:05] ✓ 11个数据文件已同步VPS(rsync -u, 仅推送更新过的)
[2026-07-31 12:00:06] VPS重算: 429
[2026-07-31 12:08:01] 抓到 9 场
[2026-07-31 12:08:07] ✓ 11个数据文件已同步VPS(rsync -u, 仅推送更新过的)
[2026-07-31 12:09:37] VPS重算: 000
[2026-07-31 12:16:01] 抓到 9 场
[2026-07-31 12:16:07] ✓ 11个数据文件已同步VPS(rsync -u, 仅推送更新过的)
[2026-07-31 12:16:39] VPS重算: 200
[2026-07-31 12:24:01] 抓到 9 场
[2026-07-31 12:24:05] ✓ 11个数据文件已同步VPS(rsync -u, 仅推送更新过的)
[2026-07-31 12:25:35] VPS重算: 000
[2026-07-31 12:32:01] 抓到 9 场
[2026-07-31 12:32:05] ✓ 11个数据文件已同步VPS(rsync -u, 仅推送更新过的)
[2026-07-31 12:33:07] VPS重算: 200
[2026-07-31 12:40:01] 抓到 9 场
[2026-07-31 12:40:07] ✓ 11个数据文件已同步VPS(rsync -u, 仅推送更新过的)
[2026-07-31 12:40:11] VPS重算: 200
[2026-07-31 12:48:01] 抓到 9 场
[2026-07-31 12:48:06] ✓ 11个数据文件已同步VPS(rsync -u, 仅推送更新过的)
[2026-07-31 12:48:08] VPS重算: 200
[2026-07-31 12:56:01] 抓到 9 场
[2026-07-31 12:56:06] ✓ 11个数据文件已同步VPS(rsync -u, 仅推送更新过的)
[2026-07-31 12:57:36] VPS重算: 000
[2026-07-31 13:00:01] 抓到 9 场
[2026-07-31 13:00:06] ✓ 11个数据文件已同步VPS(rsync -u, 仅推送更新过的)
[2026-07-31 13:00:08] VPS重算: 200
[2026-07-31 13:08:01] 抓到 9 场
[2026-07-31 13:08:07] ✓ 11个数据文件已同步VPS(rsync -u, 仅推送更新过的)
[2026-07-31 13:09:37] VPS重算: 000
[2026-07-31 13:16:01] 抓到 9 场
[2026-07-31 13:16:05] ✓ 11个数据文件已同步VPS(rsync -u, 仅推送更新过的)
[2026-07-31 13:16:07] VPS重算: 200
[2026-07-31 13:24:01] 抓到 9 场
[2026-07-31 13:24:07] ✓ 11个数据文件已同步VPS(rsync -u, 仅推送更新过的)
[2026-07-31 13:25:37] VPS重算: 000
[2026-07-31 13:32:01] 抓到 9 场
[2026-07-31 13:32:07] ✓ 11个数据文件已同步VPS(rsync -u, 仅推送更新过的)
[2026-07-31 13:33:08] VPS重算: 200
[2026-07-31 13:40:01] 抓到 9 场
[2026-07-31 13:40:08] ✓ 11个数据文件已同步VPS(rsync -u, 仅推送更新过的)
[2026-07-31 13:41:12] VPS重算: 200
[2026-07-31 13:48:01] 抓到 9 场
[2026-07-31 13:48:05] ✓ 11个数据文件已同步VPS(rsync -u, 仅推送更新过的)
[2026-07-31 13:48:37] VPS重算: 200
[2026-07-31 13:56:01] 抓到 9 场
[2026-07-31 13:56:06] ✓ 11个数据文件已同步VPS(rsync -u, 仅推送更新过的)
[2026-07-31 13:56:08] VPS重算: 429
[2026-07-31 14:00:01] 抓到 9 场
[2026-07-31 14:00:12] ✓ 11个数据文件已同步VPS(rsync -u, 仅推送更新过的)
[2026-07-31 14:01:42] VPS重算: 000
[2026-07-31 14:08:01] 抓到 9 场
[2026-07-31 14:08:06] ✓ 11个数据文件已同步VPS(rsync -u, 仅推送更新过的)
[2026-07-31 14:09:11] VPS重算: 200
[2026-07-31 14:16:01] 抓到 9 场
[2026-07-31 14:16:08] ✓ 11个数据文件已同步VPS(rsync -u, 仅推送更新过的)
[2026-07-31 14:17:38] VPS重算: 000
[2026-07-31 14:24:01] 抓到 9 场
[2026-07-31 14:24:08] ✓ 11个数据文件已同步VPS(rsync -u, 仅推送更新过的)
[2026-07-31 14:24:10] VPS重算: 200
[2026-07-31 14:32:01] 抓到 9 场
[2026-07-31 14:32:08] ✓ 11个数据文件已同步VPS(rsync -u, 仅推送更新过的)
[2026-07-31 14:33:09] VPS重算: 200
[2026-07-31 14:40:01] 抓到 9 场
[2026-07-31 14:40:06] ✓ 11个数据文件已同步VPS(rsync -u, 仅推送更新过的)
[2026-07-31 14:41:36] VPS重算: 000
[2026-07-31 14:48:01] 抓到 9 场
[2026-07-31 14:48:07] ✓ 11个数据文件已同步VPS(rsync -u, 仅推送更新过的)
[2026-07-31 14:48:09] VPS重算: 200
[2026-07-31 14:56:01] 抓到 9 场
[2026-07-31 14:56:06] ✓ 11个数据文件已同步VPS(rsync -u, 仅推送更新过的)
[2026-07-31 14:56:09] VPS重算: 200
[2026-07-31 15:00:01] 抓到 9 场
[2026-07-31 15:00:07] ✓ 11个数据文件已同步VPS(rsync -u, 仅推送更新过的)
[2026-07-31 15:00:08] VPS重算: 429
[2026-07-31 15:08:01] 抓到 9 场
[2026-07-31 15:08:06] ✓ 11个数据文件已同步VPS(rsync -u, 仅推送更新过的)
[2026-07-31 15:08:40] VPS重算: 200
[2026-07-31 15:16:01] 抓到 9 场
[2026-07-31 15:16:07] ✓ 11个数据文件已同步VPS(rsync -u, 仅推送更新过的)
[2026-07-31 15:16:09] VPS重算: 200
[2026-07-31 15:24:01] 抓到 9 场
[2026-07-31 15:24:06] ✓ 11个数据文件已同步VPS(rsync -u, 仅推送更新过的)
[2026-07-31 15:24:09] VPS重算: 200
[2026-07-31 15:32:01] 抓到 9 场
[2026-07-31 15:32:06] ✓ 11个数据文件已同步VPS(rsync -u, 仅推送更新过的)
[2026-07-31 15:33:09] VPS重算: 200
[2026-07-31 15:40:01] 抓到 9 场
[2026-07-31 15:40:08] ✓ 11个数据文件已同步VPS(rsync -u, 仅推送更新过的)
[2026-07-31 15:41:38] VPS重算: 000
[2026-07-31 15:48:01] 抓到 9 场
[2026-07-31 15:48:05] ✓ 11个数据文件已同步VPS(rsync -u, 仅推送更新过的)
[2026-07-31 15:49:35] VPS重算: 000
[2026-07-31 15:56:01] 抓到 9 场
[2026-07-31 15:56:07] ✓ 11个数据文件已同步VPS(rsync -u, 仅推送更新过的)
[2026-07-31 15:56:11] VPS重算: 200
[2026-07-31 16:00:01] 抓到 9 场
[2026-07-31 16:00:08] ✓ 11个数据文件已同步VPS(rsync -u, 仅推送更新过的)
[2026-07-31 16:00:39] VPS重算: 200
[2026-07-31 16:08:01] 抓到 9 场
[2026-07-31 16:08:08] ✓ 11个数据文件已同步VPS(rsync -u, 仅推送更新过的)
[2026-07-31 16:08:40] VPS重算: 200
[2026-07-31 16:16:01] 抓到 9 场
[2026-07-31 16:16:06] ✓ 11个数据文件已同步VPS(rsync -u, 仅推送更新过的)
[2026-07-31 16:17:08] VPS重算: 200
[2026-07-31 16:24:01] 抓到 9 场
[2026-07-31 16:24:06] ✓ 11个数据文件已同步VPS(rsync -u, 仅推送更新过的)
[2026-07-31 16:24:08] VPS重算: 200
[2026-07-31 16:32:01] 抓到 9 场
[2026-07-31 16:32:06] ✓ 11个数据文件已同步VPS(rsync -u, 仅推送更新过的)
[2026-07-31 16:32:09] VPS重算: 200
[2026-07-31 16:40:01] 抓到 9 场
[2026-07-31 16:40:06] ✓ 11个数据文件已同步VPS(rsync -u, 仅推送更新过的)
[2026-07-31 16:40:08] VPS重算: 200
[2026-07-31 16:48:01] 抓到 9 场
[2026-07-31 16:48:09] ✓ 11个数据文件已同步VPS(rsync -u, 仅推送更新过的)
[2026-07-31 16:48:11] VPS重算: 200
[2026-07-31 16:56:01] 抓到 9 场
[2026-07-31 16:56:07] ✓ 11个数据文件已同步VPS(rsync -u, 仅推送更新过的)
[2026-07-31 16:56:10] VPS重算: 200
[2026-07-31 17:00:01] 抓到 9 场
[2026-07-31 17:00:06] ✓ 11个数据文件已同步VPS(rsync -u, 仅推送更新过的)
[2026-07-31 17:00:08] VPS重算: 200
[2026-07-31 17:08:01] 抓到 9 场
[2026-07-31 17:08:06] ✓ 11个数据文件已同步VPS(rsync -u, 仅推送更新过的)
[2026-07-31 17:08:10] VPS重算: 200
[2026-07-31 17:16:01] 抓到 9 场
[2026-07-31 17:16:07] ✓ 11个数据文件已同步VPS(rsync -u, 仅推送更新过的)
[2026-07-31 17:16:10] VPS重算: 200
[2026-07-31 17:24:01] 抓到 9 场
[2026-07-31 17:24:07] ✓ 11个数据文件已同步VPS(rsync -u, 仅推送更新过的)
[2026-07-31 17:24:09] VPS重算: 200
[2026-07-31 17:32:01] 抓到 9 场
[2026-07-31 17:32:08] ✓ 11个数据文件已同步VPS(rsync -u, 仅推送更新过的)
[2026-07-31 17:32:11] VPS重算: 200
[2026-07-31 17:40:01] 抓到 9 场
[2026-07-31 17:40:09] ✓ 11个数据文件已同步VPS(rsync -u, 仅推送更新过的)
[2026-07-31 17:40:11] VPS重算: 200
[2026-07-31 17:48:01] 抓到 9 场
[2026-07-31 17:48:10] ✓ 11个数据文件已同步VPS(rsync -u, 仅推送更新过的)
[2026-07-31 17:48:14] VPS重算: 200
[2026-07-31 17:56:01] 抓到 9 场
[2026-07-31 17:56:06] ✓ 11个数据文件已同步VPS(rsync -u, 仅推送更新过的)
[2026-07-31 17:56:08] VPS重算: 200
[2026-07-31 18:00:01] 抓到 9 场
[2026-07-31 18:00:05] ✓ 11个数据文件已同步VPS(rsync -u, 仅推送更新过的)
[2026-07-31 18:00:08] VPS重算: 200
[2026-07-31 18:08:01] 抓到 9 场
[2026-07-31 18:08:05] ✓ 11个数据文件已同步VPS(rsync -u, 仅推送更新过的)
[2026-07-31 18:08:07] VPS重算: 200
[2026-07-31 18:16:02] 抓到 9 场
[2026-07-31 18:16:06] ✓ 11个数据文件已同步VPS(rsync -u, 仅推送更新过的)
[2026-07-31 18:16:08] VPS重算: 200
[2026-07-31 18:24:01] 抓到 9 场
[2026-07-31 18:24:07] ✓ 11个数据文件已同步VPS(rsync -u, 仅推送更新过的)
[2026-07-31 18:24:09] VPS重算: 200
[2026-07-31 18:32:01] 抓到 9 场
[2026-07-31 18:32:08] ✓ 11个数据文件已同步VPS(rsync -u, 仅推送更新过的)
[2026-07-31 18:32:10] VPS重算: 200
[2026-07-31 18:40:01] 抓到 9 场
[2026-07-31 18:40:10] ✓ 11个数据文件已同步VPS(rsync -u, 仅推送更新过的)
[2026-07-31 18:40:12] VPS重算: 200
[2026-07-31 18:48:01] 抓到 9 场
[2026-07-31 18:48:06] ✓ 11个数据文件已同步VPS(rsync -u, 仅推送更新过的)
[2026-07-31 18:48:08] VPS重算: 200
[2026-07-31 18:56:01] 抓到 9 场
[2026-07-31 18:56:07] ✓ 11个数据文件已同步VPS(rsync -u, 仅推送更新过的)
[2026-07-31 18:56:09] VPS重算: 200
[2026-07-31 19:00:01] 抓到 9 场
[2026-07-31 19:00:05] ✓ 11个数据文件已同步VPS(rsync -u, 仅推送更新过的)
[2026-07-31 19:00:07] VPS重算: 200
[2026-07-31 19:08:01] 抓到 9 场
[2026-07-31 19:08:07] ✓ 11个数据文件已同步VPS(rsync -u, 仅推送更新过的)
[2026-07-31 19:08:09] VPS重算: 200
[2026-07-31 19:16:01] 抓到 9 场
[2026-07-31 19:16:07] ✓ 11个数据文件已同步VPS(rsync -u, 仅推送更新过的)
[2026-07-31 19:16:10] VPS重算: 200
[2026-07-31 19:24:01] 抓到 9 场
[2026-07-31 19:24:07] ✓ 11个数据文件已同步VPS(rsync -u, 仅推送更新过的)
[2026-07-31 19:24:11] VPS重算: 200
[2026-07-31 19:32:01] 抓到 9 场
[2026-07-31 19:32:06] ✓ 11个数据文件已同步VPS(rsync -u, 仅推送更新过的)
[2026-07-31 19:32:08] VPS重算: 200
[2026-07-31 19:40:01] 抓到 9 场
[2026-07-31 19:40:06] ✓ 11个数据文件已同步VPS(rsync -u, 仅推送更新过的)
[2026-07-31 19:40:09] VPS重算: 200
[2026-07-31 19:48:01] 抓到 9 场
[2026-07-31 19:48:07] ✓ 11个数据文件已同步VPS(rsync -u, 仅推送更新过的)
[2026-07-31 19:48:09] VPS重算: 200
[2026-07-31 19:56:01] 抓到 9 场
[2026-07-31 19:56:06] ✓ 11个数据文件已同步VPS(rsync -u, 仅推送更新过的)
[2026-07-31 19:56:08] VPS重算: 200
[2026-07-31 20:00:01] 抓到 9 场
[2026-07-31 20:00:16] ✓ 11个数据文件已同步VPS(rsync -u, 仅推送更新过的)
[2026-07-31 20:00:18] VPS重算: 200
[2026-07-31 20:08:01] 抓到 9 场
[2026-07-31 20:08:06] ✓ 11个数据文件已同步VPS(rsync -u, 仅推送更新过的)
[2026-07-31 20:08:08] VPS重算: 200
[2026-07-31 20:16:01] 抓到 9 场
[2026-07-31 20:16:07] ✓ 11个数据文件已同步VPS(rsync -u, 仅推送更新过的)
[2026-07-31 20:16:11] VPS重算: 200
[2026-07-31 20:24:01] 抓到 9 场
[2026-07-31 20:24:07] ✓ 11个数据文件已同步VPS(rsync -u, 仅推送更新过的)
[2026-07-31 20:24:10] VPS重算: 200
[2026-07-31 20:32:01] 抓到 9 场
[2026-07-31 20:32:07] ✓ 11个数据文件已同步VPS(rsync -u, 仅推送更新过的)
[2026-07-31 20:32:11] VPS重算: 200
[2026-07-31 20:40:01] Traceback (most recent call last):
[2026-07-31 20:40:01]   File "<string>", line 4, in <module>
[2026-07-31 20:40:01]   File "/home/hetaisheng/soccerdata/wc_analysis/predict.py", line 216, in fetch_sporttery
[2026-07-31 20:40:01]     parsed_cache.write_text(
[2026-07-31 20:40:01]   File "/usr/lib/python3.12/pathlib.py", line 1049, in write_text
[2026-07-31 20:40:01]     with self.open(mode='w', encoding=encoding, errors=errors, newline=newline) as f:
[2026-07-31 20:40:01] OSError: [Errno 28] No space left on device
[2026-07-31 20:40:06] ✓ 11个数据文件已同步VPS(rsync -u, 仅推送更新过的)
[2026-07-31 20:40:09] VPS重算: 500
[2026-07-31 20:48:01] 抓到 9 场
[2026-07-31 20:48:08] ✓ 11个数据文件已同步VPS(rsync -u, 仅推送更新过的)
[2026-07-31 20:48:10] VPS重算: 200
[2026-07-31 20:56:01] 抓到 9 场
[2026-07-31 20:56:06] ✓ 11个数据文件已同步VPS(rsync -u, 仅推送更新过的)
[2026-07-31 20:56:08] VPS重算: 200
[2026-07-31 21:00:01] 抓到 9 场
[2026-07-31 21:00:07] ✓ 11个数据文件已同步VPS(rsync -u, 仅推送更新过的)
[2026-07-31 21:00:10] VPS重算: 200
[2026-07-31 21:08:01] 抓到 9 场
[2026-07-31 21:08:07] ✓ 11个数据文件已同步VPS(rsync -u, 仅推送更新过的)
[2026-07-31 21:08:10] VPS重算: 200
[2026-07-31 21:16:01] 抓到 9 场
[2026-07-31 21:16:10] ✓ 11个数据文件已同步VPS(rsync -u, 仅推送更新过的)
[2026-07-31 21:16:12] VPS重算: 200
[2026-07-31 21:24:01] 抓到 9 场
[2026-07-31 21:24:06] ✓ 11个数据文件已同步VPS(rsync -u, 仅推送更新过的)
[2026-07-31 21:24:08] VPS重算: 200
[2026-07-31 21:32:01] 抓到 9 场
[2026-07-31 21:32:07] ✓ 11个数据文件已同步VPS(rsync -u, 仅推送更新过的)
[2026-07-31 21:32:09] VPS重算: 200
[2026-07-31 21:40:01] 抓到 9 场
[2026-07-31 21:40:07] ✓ 11个数据文件已同步VPS(rsync -u, 仅推送更新过的)
[2026-07-31 21:40:12] VPS重算: 200
[2026-07-31 21:48:01] 抓到 9 场
[2026-07-31 21:48:07] ✓ 11个数据文件已同步VPS(rsync -u, 仅推送更新过的)
[2026-07-31 21:48:09] VPS重算: 200
[2026-07-31 21:56:01] 抓到 9 场
[2026-07-31 21:56:08] ✓ 11个数据文件已同步VPS(rsync -u, 仅推送更新过的)
[2026-07-31 21:56:09] VPS重算: 200
[2026-07-31 22:00:01] 抓到 9 场
[2026-07-31 22:00:07] ✓ 11个数据文件已同步VPS(rsync -u, 仅推送更新过的)
[2026-07-31 22:00:09] VPS重算: 200
[2026-07-31 22:08:02] 抓到 9 场
[2026-07-31 22:08:07] ✓ 11个数据文件已同步VPS(rsync -u, 仅推送更新过的)
[2026-07-31 22:08:09] VPS重算: 200
[2026-07-31 22:16:01] 抓到 9 场
[2026-07-31 22:16:08] ✓ 11个数据文件已同步VPS(rsync -u, 仅推送更新过的)
[2026-07-31 22:16:11] VPS重算: 200
[2026-07-31 22:24:01] 抓到 9 场
[2026-07-31 22:24:07] ✓ 11个数据文件已同步VPS(rsync -u, 仅推送更新过的)
[2026-07-31 22:24:10] VPS重算: 200
[2026-07-31 22:32:01] 抓到 9 场
[2026-07-31 22:32:09] ✓ 11个数据文件已同步VPS(rsync -u, 仅推送更新过的)
[2026-07-31 22:32:13] VPS重算: 200
[2026-07-31 22:40:01] 抓到 9 场
[2026-07-31 22:40:07] ✓ 11个数据文件已同步VPS(rsync -u, 仅推送更新过的)
[2026-07-31 22:40:10] VPS重算: 200
[2026-07-31 22:48:01] 抓到 9 场
[2026-07-31 22:48:11] ✓ 11个数据文件已同步VPS(rsync -u, 仅推送更新过的)
[2026-07-31 22:48:13] VPS重算: 200
[2026-07-31 22:56:01] 抓到 9 场
[2026-07-31 22:56:09] ✓ 11个数据文件已同步VPS(rsync -u, 仅推送更新过的)
[2026-07-31 22:56:12] VPS重算: 200
[2026-07-31 23:00:01] 抓到 9 场
[2026-07-31 23:00:07] ✓ 11个数据文件已同步VPS(rsync -u, 仅推送更新过的)
[2026-07-31 23:00:09] VPS重算: 200
[2026-07-31 23:08:01] 抓到 9 场
[2026-07-31 23:08:08] ✓ 11个数据文件已同步VPS(rsync -u, 仅推送更新过的)
[2026-07-31 23:08:11] VPS重算: 200
[2026-07-31 23:16:01] 抓到 9 场
[2026-07-31 23:16:07] ✓ 11个数据文件已同步VPS(rsync -u, 仅推送更新过的)
[2026-07-31 23:16:11] VPS重算: 200
[2026-07-31 23:24:01] 抓到 9 场
[2026-07-31 23:24:06] ✓ 11个数据文件已同步VPS(rsync -u, 仅推送更新过的)
[2026-07-31 23:24:08] VPS重算: 200
[2026-07-31 23:32:01] 抓到 9 场
[2026-07-31 23:32:08] ✓ 11个数据文件已同步VPS(rsync -u, 仅推送更新过的)
[2026-07-31 23:32:11] VPS重算: 200
[2026-07-31 23:40:01] 抓到 9 场
[2026-07-31 23:40:09] ✓ 11个数据文件已同步VPS(rsync -u, 仅推送更新过的)
[2026-07-31 23:40:12] VPS重算: 200
[2026-07-31 23:48:01] 抓到 9 场
[2026-07-31 23:48:07] ✓ 11个数据文件已同步VPS(rsync -u, 仅推送更新过的)
[2026-07-31 23:48:08] VPS重算: 200
[2026-07-31 23:56:01] 抓到 9 场
[2026-07-31 23:56:07] ✓ 11个数据文件已同步VPS(rsync -u, 仅推送更新过的)
[2026-07-31 23:56:09] VPS重算: 200
[2026-08-01 00:00:01] 抓到 9 场
[2026-08-01 00:00:07] ✓ 11个数据文件已同步VPS(rsync -u, 仅推送更新过的)
[2026-08-01 00:00:09] VPS重算: 200
[2026-08-01 00:08:01] 抓到 9 场
[2026-08-01 00:08:07] ✓ 11个数据文件已同步VPS(rsync -u, 仅推送更新过的)
[2026-08-01 00:08:12] VPS重算: 200
[2026-08-01 00:16:01] 抓到 9 场
[2026-08-01 00:16:05] ✓ 11个数据文件已同步VPS(rsync -u, 仅推送更新过的)
[2026-08-01 00:16:07] VPS重算: 200
[2026-08-01 00:24:01] 抓到 9 场
[2026-08-01 00:24:07] ✓ 11个数据文件已同步VPS(rsync -u, 仅推送更新过的)
[2026-08-01 00:24:09] VPS重算: 200
[2026-08-01 00:32:01] 抓到 9 场
[2026-08-01 00:32:07] ✓ 11个数据文件已同步VPS(rsync -u, 仅推送更新过的)
[2026-08-01 00:32:10] VPS重算: 200
[2026-08-01 00:40:01] 抓到 9 场
[2026-08-01 00:40:09] ✓ 11个数据文件已同步VPS(rsync -u, 仅推送更新过的)
[2026-08-01 00:40:11] VPS重算: 200
[2026-08-01 00:48:01] 抓到 9 场
[2026-08-01 00:48:06] ✓ 11个数据文件已同步VPS(rsync -u, 仅推送更新过的)
[2026-08-01 00:48:08] VPS重算: 200
[2026-08-01 00:56:01] 抓到 9 场
[2026-08-01 00:56:06] ✓ 11个数据文件已同步VPS(rsync -u, 仅推送更新过的)
[2026-08-01 00:56:08] VPS重算: 200
[2026-08-01 01:00:01] 抓到 9 场
[2026-08-01 01:00:07] ✓ 11个数据文件已同步VPS(rsync -u, 仅推送更新过的)
[2026-08-01 01:00:10] VPS重算: 200
[2026-08-01 01:08:01] 抓到 8 场
[2026-08-01 01:08:06] ✓ 11个数据文件已同步VPS(rsync -u, 仅推送更新过的)
[2026-08-01 01:08:09] VPS重算: 200
[2026-08-01 01:16:01] 抓到 8 场
[2026-08-01 01:16:06] ✓ 11个数据文件已同步VPS(rsync -u, 仅推送更新过的)
[2026-08-01 01:16:08] VPS重算: 200
[2026-08-01 01:24:01] 抓到 8 场
[2026-08-01 01:24:07] ✓ 11个数据文件已同步VPS(rsync -u, 仅推送更新过的)
[2026-08-01 01:24:08] VPS重算: 200
[2026-08-01 01:32:01] 抓到 8 场
[2026-08-01 01:32:07] ✓ 11个数据文件已同步VPS(rsync -u, 仅推送更新过的)
[2026-08-01 01:32:09] VPS重算: 200
[2026-08-01 01:40:01] 抓到 8 场
[2026-08-01 01:40:05] ✓ 11个数据文件已同步VPS(rsync -u, 仅推送更新过的)
[2026-08-01 01:40:07] VPS重算: 200
[2026-08-01 01:48:01] 抓到 8 场
[2026-08-01 01:48:05] ✓ 11个数据文件已同步VPS(rsync -u, 仅推送更新过的)
[2026-08-01 01:48:07] VPS重算: 200
[2026-08-01 01:56:01] 抓到 8 场
[2026-08-01 01:56:06] ✓ 11个数据文件已同步VPS(rsync -u, 仅推送更新过的)
[2026-08-01 01:56:08] VPS重算: 200
[2026-08-01 02:00:01] 抓到 8 场
[2026-08-01 02:00:07] ✓ 11个数据文件已同步VPS(rsync -u, 仅推送更新过的)
[2026-08-01 02:00:09] VPS重算: 200
[2026-08-01 02:08:01] 抓到 8 场
[2026-08-01 02:08:08] ✓ 11个数据文件已同步VPS(rsync -u, 仅推送更新过的)
[2026-08-01 02:08:11] VPS重算: 200
[2026-08-01 02:16:01] 抓到 8 场
[2026-08-01 02:16:06] ✓ 11个数据文件已同步VPS(rsync -u, 仅推送更新过的)
[2026-08-01 02:16:08] VPS重算: 200
[2026-08-01 02:24:01] 抓到 8 场
[2026-08-01 02:24:06] ✓ 11个数据文件已同步VPS(rsync -u, 仅推送更新过的)
[2026-08-01 02:24:08] VPS重算: 200
[2026-08-01 02:32:01] 抓到 8 场
[2026-08-01 02:32:05] ✓ 11个数据文件已同步VPS(rsync -u, 仅推送更新过的)
[2026-08-01 02:32:07] VPS重算: 200
[2026-08-01 02:40:01] 抓到 8 场
[2026-08-01 02:40:11] ✓ 11个数据文件已同步VPS(rsync -u, 仅推送更新过的)
[2026-08-01 02:40:14] VPS重算: 200
[2026-08-01 02:48:01] 抓到 8 场
[2026-08-01 02:48:05] ✓ 11个数据文件已同步VPS(rsync -u, 仅推送更新过的)
[2026-08-01 02:48:07] VPS重算: 200
[2026-08-01 02:56:01] 抓到 8 场
[2026-08-01 02:56:05] ✓ 11个数据文件已同步VPS(rsync -u, 仅推送更新过的)
[2026-08-01 02:56:07] VPS重算: 200
[2026-08-01 03:00:01] 抓到 8 场
[2026-08-01 03:00:05] ✓ 11个数据文件已同步VPS(rsync -u, 仅推送更新过的)
[2026-08-01 03:00:06] VPS重算: 200
[2026-08-01 03:08:01] 抓到 7 场
[2026-08-01 03:08:08] ✓ 11个数据文件已同步VPS(rsync -u, 仅推送更新过的)
[2026-08-01 03:08:09] VPS重算: 200
[2026-08-01 03:16:01] 抓到 7 场
[2026-08-01 03:16:06] ✓ 11个数据文件已同步VPS(rsync -u, 仅推送更新过的)
[2026-08-01 03:16:12] VPS重算: 200
[2026-08-01 03:24:01] 抓到 7 场
[2026-08-01 03:24:06] ✓ 11个数据文件已同步VPS(rsync -u, 仅推送更新过的)
[2026-08-01 03:24:08] VPS重算: 200
[2026-08-01 03:32:01] 抓到 7 场
[2026-08-01 03:32:07] ✓ 11个数据文件已同步VPS(rsync -u, 仅推送更新过的)
[2026-08-01 03:32:09] VPS重算: 200
[2026-08-01 03:40:01] 抓到 7 场
[2026-08-01 03:40:06] ✓ 11个数据文件已同步VPS(rsync -u, 仅推送更新过的)
[2026-08-01 03:40:08] VPS重算: 200
[2026-08-01 03:48:01] 抓到 7 场
[2026-08-01 03:48:06] ✓ 11个数据文件已同步VPS(rsync -u, 仅推送更新过的)
[2026-08-01 03:48:08] VPS重算: 200
[2026-08-01 03:56:01] 抓到 7 场
[2026-08-01 03:56:05] ✓ 11个数据文件已同步VPS(rsync -u, 仅推送更新过的)
[2026-08-01 03:56:07] VPS重算: 200
[2026-08-01 04:00:02] 抓到 7 场
[2026-08-01 04:00:06] ✓ 11个数据文件已同步VPS(rsync -u, 仅推送更新过的)
[2026-08-01 04:00:08] VPS重算: 200
[2026-08-01 04:08:01] 抓到 7 场
[2026-08-01 04:08:06] ✓ 11个数据文件已同步VPS(rsync -u, 仅推送更新过的)
[2026-08-01 04:08:07] VPS重算: 200
[2026-08-01 04:16:01] 抓到 7 场
[2026-08-01 04:16:05] ✓ 11个数据文件已同步VPS(rsync -u, 仅推送更新过的)
[2026-08-01 04:16:07] VPS重算: 200
[2026-08-01 04:24:01] 抓到 7 场
[2026-08-01 04:24:05] ✓ 11个数据文件已同步VPS(rsync -u, 仅推送更新过的)
[2026-08-01 04:24:07] VPS重算: 200
[2026-08-01 04:32:01] 抓到 7 场
[2026-08-01 04:32:06] ✓ 11个数据文件已同步VPS(rsync -u, 仅推送更新过的)
[2026-08-01 04:32:08] VPS重算: 200
[2026-08-01 04:40:01] 抓到 7 场
[2026-08-01 04:40:06] ✓ 11个数据文件已同步VPS(rsync -u, 仅推送更新过的)
[2026-08-01 04:40:08] VPS重算: 200
[2026-08-01 04:48:01] 抓到 7 场
[2026-08-01 04:48:05] ✓ 11个数据文件已同步VPS(rsync -u, 仅推送更新过的)
[2026-08-01 04:48:07] VPS重算: 200
[2026-08-01 04:56:01] 抓到 7 场
[2026-08-01 04:56:06] ✓ 11个数据文件已同步VPS(rsync -u, 仅推送更新过的)
[2026-08-01 04:56:08] VPS重算: 200
[2026-08-01 05:00:01] 抓到 7 场
[2026-08-01 05:00:05] ✓ 11个数据文件已同步VPS(rsync -u, 仅推送更新过的)
[2026-08-01 05:00:08] VPS重算: 200
[2026-08-01 05:08:01] 抓到 7 场
[2026-08-01 05:08:05] ✓ 11个数据文件已同步VPS(rsync -u, 仅推送更新过的)
[2026-08-01 05:08:07] VPS重算: 200
[2026-08-01 05:16:01] 抓到 7 场
[2026-08-01 05:16:05] ✓ 11个数据文件已同步VPS(rsync -u, 仅推送更新过的)
[2026-08-01 05:16:07] VPS重算: 200
[2026-08-01 05:24:01] 抓到 7 场
[2026-08-01 05:24:06] ✓ 11个数据文件已同步VPS(rsync -u, 仅推送更新过的)
[2026-08-01 05:24:13] VPS重算: 200
[2026-08-01 05:32:01] 抓到 7 场
[2026-08-01 05:32:07] ✓ 11个数据文件已同步VPS(rsync -u, 仅推送更新过的)
[2026-08-01 05:32:08] VPS重算: 200
[2026-08-01 05:40:02] 抓到 7 场
[2026-08-01 05:40:06] ✓ 11个数据文件已同步VPS(rsync -u, 仅推送更新过的)
[2026-08-01 05:40:08] VPS重算: 200
[2026-08-01 05:48:01] 抓到 7 场
[2026-08-01 05:48:05] ✓ 11个数据文件已同步VPS(rsync -u, 仅推送更新过的)
[2026-08-01 05:48:07] VPS重算: 200
[2026-08-01 05:56:01] 抓到 7 场
[2026-08-01 05:56:06] ✓ 11个数据文件已同步VPS(rsync -u, 仅推送更新过的)
[2026-08-01 05:56:08] VPS重算: 200
[2026-08-01 06:00:01] 抓到 7 场
[2026-08-01 06:00:05] ✓ 11个数据文件已同步VPS(rsync -u, 仅推送更新过的)
[2026-08-01 06:00:08] VPS重算: 200
[2026-08-01 06:08:01] 抓到 7 场
[2026-08-01 06:08:05] ✓ 11个数据文件已同步VPS(rsync -u, 仅推送更新过的)
[2026-08-01 06:08:07] VPS重算: 200
[2026-08-01 06:16:01] 抓到 7 场
[2026-08-01 06:16:06] ✓ 11个数据文件已同步VPS(rsync -u, 仅推送更新过的)
[2026-08-01 06:16:08] VPS重算: 200
[2026-08-01 06:24:01] 抓到 7 场
[2026-08-01 06:24:08] ✓ 11个数据文件已同步VPS(rsync -u, 仅推送更新过的)
[2026-08-01 06:24:10] VPS重算: 200
[2026-08-01 06:32:01] 抓到 7 场
[2026-08-01 06:32:05] ✓ 11个数据文件已同步VPS(rsync -u, 仅推送更新过的)
[2026-08-01 06:32:07] VPS重算: 200
[2026-08-01 06:40:01] 抓到 7 场
[2026-08-01 06:40:05] ✓ 11个数据文件已同步VPS(rsync -u, 仅推送更新过的)
[2026-08-01 06:40:07] VPS重算: 200
[2026-08-01 06:48:01] 抓到 7 场
[2026-08-01 06:48:07] ✓ 11个数据文件已同步VPS(rsync -u, 仅推送更新过的)
[2026-08-01 06:48:08] VPS重算: 200
[2026-08-01 06:56:01] 抓到 7 场
[2026-08-01 06:56:11] ✓ 11个数据文件已同步VPS(rsync -u, 仅推送更新过的)
[2026-08-01 06:56:13] VPS重算: 200
[2026-08-01 07:00:01] 抓到 7 场
[2026-08-01 07:00:06] ✓ 11个数据文件已同步VPS(rsync -u, 仅推送更新过的)
[2026-08-01 07:00:08] VPS重算: 200
[2026-08-01 07:08:01] 抓到 7 场
[2026-08-01 07:08:05] ✓ 11个数据文件已同步VPS(rsync -u, 仅推送更新过的)
[2026-08-01 07:08:07] VPS重算: 200
[2026-08-01 07:16:01] 抓到 7 场
[2026-08-01 07:16:05] ✓ 11个数据文件已同步VPS(rsync -u, 仅推送更新过的)
[2026-08-01 07:16:07] VPS重算: 200
[2026-08-01 07:24:01] 抓到 7 场
[2026-08-01 07:24:05] ✓ 11个数据文件已同步VPS(rsync -u, 仅推送更新过的)
[2026-08-01 07:24:07] VPS重算: 200
[2026-08-01 07:32:01] 抓到 6 场
[2026-08-01 07:32:05] ✓ 11个数据文件已同步VPS(rsync -u, 仅推送更新过的)
[2026-08-01 07:32:07] VPS重算: 200
[2026-08-01 07:40:01] 抓到 6 场
[2026-08-01 07:40:05] ✓ 11个数据文件已同步VPS(rsync -u, 仅推送更新过的)
[2026-08-01 07:40:07] VPS重算: 200
[2026-08-01 07:48:01] 抓到 6 场
[2026-08-01 07:48:05] ✓ 11个数据文件已同步VPS(rsync -u, 仅推送更新过的)
[2026-08-01 07:48:07] VPS重算: 200
[2026-08-01 07:56:01] 抓到 6 场
[2026-08-01 07:56:05] ✓ 11个数据文件已同步VPS(rsync -u, 仅推送更新过的)
[2026-08-01 07:56:07] VPS重算: 200
[2026-08-01 08:00:01] 抓到 6 场
[2026-08-01 08:00:05] ✓ 11个数据文件已同步VPS(rsync -u, 仅推送更新过的)
[2026-08-01 08:00:07] VPS重算: 200
[2026-08-01 08:08:01] 抓到 6 场
[2026-08-01 08:08:06] ✓ 11个数据文件已同步VPS(rsync -u, 仅推送更新过的)
[2026-08-01 08:08:08] VPS重算: 200
[2026-08-01 08:16:01] 抓到 6 场
[2026-08-01 08:16:05] ✓ 11个数据文件已同步VPS(rsync -u, 仅推送更新过的)
[2026-08-01 08:16:07] VPS重算: 200
[2026-08-01 08:24:01] 抓到 6 场
[2026-08-01 08:24:05] ✓ 11个数据文件已同步VPS(rsync -u, 仅推送更新过的)
[2026-08-01 08:24:08] VPS重算: 200
[2026-08-01 08:32:01] 抓到 6 场
[2026-08-01 08:32:05] ✓ 11个数据文件已同步VPS(rsync -u, 仅推送更新过的)
[2026-08-01 08:32:07] VPS重算: 200
[2026-08-01 08:40:01] 抓到 6 场
[2026-08-01 08:40:05] ✓ 11个数据文件已同步VPS(rsync -u, 仅推送更新过的)
[2026-08-01 08:40:07] VPS重算: 200
[2026-08-01 08:48:01] 抓到 6 场
[2026-08-01 08:48:05] ✓ 11个数据文件已同步VPS(rsync -u, 仅推送更新过的)
[2026-08-01 08:48:06] VPS重算: 200
[2026-08-01 08:56:01] 抓到 6 场
[2026-08-01 08:56:05] ✓ 11个数据文件已同步VPS(rsync -u, 仅推送更新过的)
[2026-08-01 08:56:08] VPS重算: 200
[2026-08-01 09:00:01] 抓到 6 场
[2026-08-01 09:00:05] ✓ 11个数据文件已同步VPS(rsync -u, 仅推送更新过的)
[2026-08-01 09:00:07] VPS重算: 200
[2026-08-01 09:08:01] 抓到 6 场
[2026-08-01 09:08:05] ✓ 11个数据文件已同步VPS(rsync -u, 仅推送更新过的)
[2026-08-01 09:08:08] VPS重算: 200
[2026-08-01 09:16:01] 抓到 6 场
[2026-08-01 09:16:07] ✓ 11个数据文件已同步VPS(rsync -u, 仅推送更新过的)
[2026-08-01 09:16:09] VPS重算: 200
[2026-08-01 09:24:01] 抓到 6 场
[2026-08-01 09:24:05] ✓ 11个数据文件已同步VPS(rsync -u, 仅推送更新过的)
[2026-08-01 09:24:08] VPS重算: 200
[2026-08-01 09:32:01] 抓到 6 场
[2026-08-01 09:32:07] ✓ 11个数据文件已同步VPS(rsync -u, 仅推送更新过的)
[2026-08-01 09:32:08] VPS重算: 200
[2026-08-01 09:40:01] 抓到 6 场
[2026-08-01 09:40:06] ✓ 11个数据文件已同步VPS(rsync -u, 仅推送更新过的)
[2026-08-01 09:40:08] VPS重算: 200
[2026-08-01 09:48:01] 抓到 6 场
[2026-08-01 09:48:07] ✓ 11个数据文件已同步VPS(rsync -u, 仅推送更新过的)
[2026-08-01 09:48:09] VPS重算: 200
[2026-08-01 09:56:01] 抓到 6 场
[2026-08-01 09:56:06] ✓ 11个数据文件已同步VPS(rsync -u, 仅推送更新过的)
[2026-08-01 09:56:08] VPS重算: 200
[2026-08-01 10:00:01] 抓到 6 场
[2026-08-01 10:00:06] ✓ 11个数据文件已同步VPS(rsync -u, 仅推送更新过的)
[2026-08-01 10:00:08] VPS重算: 200
[2026-08-01 10:08:01] 抓到 6 场
[2026-08-01 10:08:07] ✓ 11个数据文件已同步VPS(rsync -u, 仅推送更新过的)
[2026-08-01 10:08:09] VPS重算: 200
[2026-08-01 10:16:01] 抓到 6 场
[2026-08-01 10:16:06] ✓ 11个数据文件已同步VPS(rsync -u, 仅推送更新过的)
[2026-08-01 10:16:08] VPS重算: 200
[2026-08-01 10:24:01] 抓到 6 场
[2026-08-01 10:24:09] ✓ 11个数据文件已同步VPS(rsync -u, 仅推送更新过的)
[2026-08-01 10:24:11] VPS重算: 200
[2026-08-01 10:32:01] 抓到 6 场
[2026-08-01 10:32:07] ✓ 11个数据文件已同步VPS(rsync -u, 仅推送更新过的)
[2026-08-01 10:32:10] VPS重算: 200
[2026-08-01 10:40:01] 抓到 6 场
[2026-08-01 10:40:06] ✓ 11个数据文件已同步VPS(rsync -u, 仅推送更新过的)
[2026-08-01 10:40:09] VPS重算: 200
[2026-08-01 10:48:01] 抓到 6 场
[2026-08-01 10:48:05] ✓ 11个数据文件已同步VPS(rsync -u, 仅推送更新过的)
[2026-08-01 10:48:08] VPS重算: 200
[2026-08-01 10:56:01] 抓到 6 场
[2026-08-01 10:56:07] ✓ 11个数据文件已同步VPS(rsync -u, 仅推送更新过的)
[2026-08-01 10:56:09] VPS重算: 200
[2026-08-01 11:00:01] 抓到 6 场
[2026-08-01 11:00:05] ✓ 11个数据文件已同步VPS(rsync -u, 仅推送更新过的)
[2026-08-01 11:00:07] VPS重算: 200
[2026-08-01 11:08:01] 抓到 34 场
[2026-08-01 11:08:07] ✓ 11个数据文件已同步VPS(rsync -u, 仅推送更新过的)
[2026-08-01 11:08:09] VPS重算: 200
[2026-08-01 11:16:01] 抓到 34 场
[2026-08-01 11:16:08] ✓ 11个数据文件已同步VPS(rsync -u, 仅推送更新过的)
[2026-08-01 11:16:09] VPS重算: 200
[2026-08-01 11:24:01] 抓到 34 场
[2026-08-01 11:24:06] ✓ 11个数据文件已同步VPS(rsync -u, 仅推送更新过的)
[2026-08-01 11:24:08] VPS重算: 200
[2026-08-01 11:32:01] 抓到 34 场
[2026-08-01 11:32:08] ✓ 11个数据文件已同步VPS(rsync -u, 仅推送更新过的)
[2026-08-01 11:32:10] VPS重算: 200
[2026-08-01 11:40:01] 抓到 34 场
[2026-08-01 11:40:06] ✓ 11个数据文件已同步VPS(rsync -u, 仅推送更新过的)
[2026-08-01 11:40:08] VPS重算: 200
[2026-08-01 11:48:01] 抓到 34 场
[2026-08-01 11:48:06] ✓ 11个数据文件已同步VPS(rsync -u, 仅推送更新过的)
[2026-08-01 11:48:08] VPS重算: 200
[2026-08-01 11:56:01] 抓到 34 场
[2026-08-01 11:56:06] ✓ 11个数据文件已同步VPS(rsync -u, 仅推送更新过的)
[2026-08-01 11:56:09] VPS重算: 200
[2026-08-01 12:00:01] 抓到 34 场
[2026-08-01 12:00:06] ✓ 11个数据文件已同步VPS(rsync -u, 仅推送更新过的)
[2026-08-01 12:00:08] VPS重算: 200
[2026-08-01 12:08:01] 抓到 34 场
[2026-08-01 12:08:07] ✓ 11个数据文件已同步VPS(rsync -u, 仅推送更新过的)
[2026-08-01 12:08:10] VPS重算: 200
[2026-08-01 12:16:01] 抓到 34 场
[2026-08-01 12:16:07] ✓ 11个数据文件已同步VPS(rsync -u, 仅推送更新过的)
[2026-08-01 12:16:09] VPS重算: 200
[2026-08-01 12:24:01] 抓到 34 场
[2026-08-01 12:24:07] ✓ 11个数据文件已同步VPS(rsync -u, 仅推送更新过的)
[2026-08-01 12:24:10] VPS重算: 200
[2026-08-01 12:32:01] 抓到 34 场
[2026-08-01 12:32:08] ✓ 11个数据文件已同步VPS(rsync -u, 仅推送更新过的)
[2026-08-01 12:32:11] VPS重算: 200
[2026-08-01 12:40:01] 抓到 34 场
[2026-08-01 12:40:08] ✓ 11个数据文件已同步VPS(rsync -u, 仅推送更新过的)
[2026-08-01 12:40:10] VPS重算: 200
[2026-08-01 12:48:01] 抓到 34 场
[2026-08-01 12:48:07] ✓ 11个数据文件已同步VPS(rsync -u, 仅推送更新过的)
[2026-08-01 12:48:09] VPS重算: 200
[2026-08-01 12:56:01] 抓到 34 场
[2026-08-01 12:56:07] ✓ 11个数据文件已同步VPS(rsync -u, 仅推送更新过的)
[2026-08-01 12:56:10] VPS重算: 200
[2026-08-01 13:00:01] 抓到 34 场
[2026-08-01 13:00:05] ✓ 11个数据文件已同步VPS(rsync -u, 仅推送更新过的)
[2026-08-01 13:00:07] VPS重算: 200
[2026-08-01 13:08:01] 抓到 34 场
[2026-08-01 13:08:08] ✓ 11个数据文件已同步VPS(rsync -u, 仅推送更新过的)
[2026-08-01 13:08:12] VPS重算: 200
[2026-08-01 13:16:01] 抓到 34 场
[2026-08-01 13:16:06] ✓ 11个数据文件已同步VPS(rsync -u, 仅推送更新过的)
[2026-08-01 13:16:09] VPS重算: 200
[2026-08-01 13:24:01] 抓到 34 场
[2026-08-01 13:24:10] ✓ 11个数据文件已同步VPS(rsync -u, 仅推送更新过的)
[2026-08-01 13:24:13] VPS重算: 200
[2026-08-01 13:32:01] 抓到 34 场
[2026-08-01 13:32:08] ✓ 11个数据文件已同步VPS(rsync -u, 仅推送更新过的)
[2026-08-01 13:32:12] VPS重算: 200
[2026-08-01 13:40:01] 抓到 34 场
[2026-08-01 13:40:08] ✓ 11个数据文件已同步VPS(rsync -u, 仅推送更新过的)
[2026-08-01 13:40:10] VPS重算: 200
[2026-08-01 13:48:01] 抓到 34 场
[2026-08-01 13:48:06] ✓ 11个数据文件已同步VPS(rsync -u, 仅推送更新过的)
[2026-08-01 13:48:09] VPS重算: 200
[2026-08-01 13:56:01] 抓到 34 场
[2026-08-01 13:56:08] ✓ 11个数据文件已同步VPS(rsync -u, 仅推送更新过的)
[2026-08-01 13:56:10] VPS重算: 200
[2026-08-01 14:00:01] 抓到 34 场
[2026-08-01 14:00:07] ✓ 11个数据文件已同步VPS(rsync -u, 仅推送更新过的)
[2026-08-01 14:00:09] VPS重算: 200
[2026-08-01 14:08:01] 抓到 34 场
[2026-08-01 14:08:07] ✓ 11个数据文件已同步VPS(rsync -u, 仅推送更新过的)
[2026-08-01 14:08:10] VPS重算: 200
[2026-08-01 14:16:01] 抓到 34 场
[2026-08-01 14:16:10] ✓ 11个数据文件已同步VPS(rsync -u, 仅推送更新过的)
[2026-08-01 14:16:12] VPS重算: 200
[2026-08-01 14:24:01] 抓到 34 场
[2026-08-01 14:24:06] ✓ 11个数据文件已同步VPS(rsync -u, 仅推送更新过的)
[2026-08-01 14:24:08] VPS重算: 200
[2026-08-01 14:32:01] 抓到 34 场
[2026-08-01 14:32:07] ✓ 11个数据文件已同步VPS(rsync -u, 仅推送更新过的)
[2026-08-01 14:32:10] VPS重算: 200
[2026-08-01 14:40:01] 抓到 34 场
[2026-08-01 14:40:08] ✓ 11个数据文件已同步VPS(rsync -u, 仅推送更新过的)
[2026-08-01 14:40:11] VPS重算: 200
[2026-08-01 14:48:01] 抓到 34 场
[2026-08-01 14:48:06] ✓ 11个数据文件已同步VPS(rsync -u, 仅推送更新过的)
[2026-08-01 14:48:08] VPS重算: 200
[2026-08-01 14:56:01] 抓到 34 场
[2026-08-01 14:56:09] ✓ 11个数据文件已同步VPS(rsync -u, 仅推送更新过的)
[2026-08-01 14:56:12] VPS重算: 200
[2026-08-01 15:00:01] 抓到 34 场
[2026-08-01 15:00:06] ✓ 11个数据文件已同步VPS(rsync -u, 仅推送更新过的)
[2026-08-01 15:00:09] VPS重算: 200
[2026-08-01 15:08:01] 抓到 34 场
[2026-08-01 15:08:12] ✓ 11个数据文件已同步VPS(rsync -u, 仅推送更新过的)
[2026-08-01 15:08:14] VPS重算: 200
[2026-08-01 15:16:01] 抓到 34 场
[2026-08-01 15:16:07] ✓ 11个数据文件已同步VPS(rsync -u, 仅推送更新过的)
[2026-08-01 15:16:09] VPS重算: 200
[2026-08-01 15:24:01] 抓到 34 场
[2026-08-01 15:24:11] ✓ 11个数据文件已同步VPS(rsync -u, 仅推送更新过的)
[2026-08-01 15:24:13] VPS重算: 200
[2026-08-01 15:32:01] 抓到 34 场
[2026-08-01 15:32:06] ✓ 11个数据文件已同步VPS(rsync -u, 仅推送更新过的)
[2026-08-01 15:32:09] VPS重算: 200
[2026-08-01 15:40:01] 抓到 34 场
[2026-08-01 15:40:08] ✓ 11个数据文件已同步VPS(rsync -u, 仅推送更新过的)
[2026-08-01 15:40:10] VPS重算: 200
[2026-08-01 15:48:01] 抓到 34 场
[2026-08-01 15:48:12] ✓ 11个数据文件已同步VPS(rsync -u, 仅推送更新过的)
[2026-08-01 15:48:14] VPS重算: 200
[2026-08-01 15:56:01] 抓到 34 场
[2026-08-01 15:56:10] ✓ 11个数据文件已同步VPS(rsync -u, 仅推送更新过的)
[2026-08-01 15:56:16] VPS重算: 200
[2026-08-01 16:00:01] 抓到 34 场
[2026-08-01 16:00:09] ✓ 11个数据文件已同步VPS(rsync -u, 仅推送更新过的)
[2026-08-01 16:00:12] VPS重算: 200
[2026-08-01 16:08:02] 抓到 34 场
[2026-08-01 16:08:08] ✓ 11个数据文件已同步VPS(rsync -u, 仅推送更新过的)
[2026-08-01 16:08:15] VPS重算: 200
[2026-08-01 16:16:01] 抓到 34 场
[2026-08-01 16:16:07] ✓ 11个数据文件已同步VPS(rsync -u, 仅推送更新过的)
[2026-08-01 16:16:09] VPS重算: 200
[2026-08-01 16:24:01] 抓到 34 场
[2026-08-01 16:24:09] ✓ 11个数据文件已同步VPS(rsync -u, 仅推送更新过的)
[2026-08-01 16:24:13] VPS重算: 200
[2026-08-01 16:32:01] 抓到 34 场
[2026-08-01 16:32:09] ✓ 11个数据文件已同步VPS(rsync -u, 仅推送更新过的)
[2026-08-01 16:32:11] VPS重算: 200
[2026-08-01 16:40:01] 抓到 34 场
[2026-08-01 16:40:07] ✓ 11个数据文件已同步VPS(rsync -u, 仅推送更新过的)
[2026-08-01 16:40:12] VPS重算: 200
[2026-08-01 16:48:01] 抓到 34 场
[2026-08-01 16:48:11] ✓ 11个数据文件已同步VPS(rsync -u, 仅推送更新过的)
[2026-08-01 16:48:14] VPS重算: 200
[2026-08-01 16:56:01] 抓到 34 场
[2026-08-01 16:56:09] ✓ 11个数据文件已同步VPS(rsync -u, 仅推送更新过的)
[2026-08-01 16:56:11] VPS重算: 200
[2026-08-01 17:00:01] 抓到 34 场
[2026-08-01 17:00:05] ✓ 11个数据文件已同步VPS(rsync -u, 仅推送更新过的)
[2026-08-01 17:00:07] VPS重算: 200
[2026-08-01 17:08:01] 抓到 34 场
[2026-08-01 17:08:09] ✓ 11个数据文件已同步VPS(rsync -u, 仅推送更新过的)
[2026-08-01 17:08:13] VPS重算: 200
[2026-08-01 17:16:02] 抓到 34 场
[2026-08-01 17:16:06] ✓ 11个数据文件已同步VPS(rsync -u, 仅推送更新过的)
[2026-08-01 17:16:08] VPS重算: 200
[2026-08-01 17:24:01] 抓到 34 场
[2026-08-01 17:24:07] ✓ 11个数据文件已同步VPS(rsync -u, 仅推送更新过的)
[2026-08-01 17:24:09] VPS重算: 200
[2026-08-01 17:32:01] 抓到 34 场
[2026-08-01 17:32:07] ✓ 11个数据文件已同步VPS(rsync -u, 仅推送更新过的)
[2026-08-01 17:32:09] VPS重算: 200
[2026-08-01 17:40:01] 抓到 34 场
[2026-08-01 17:40:13] ✓ 11个数据文件已同步VPS(rsync -u, 仅推送更新过的)
[2026-08-01 17:40:15] VPS重算: 200
[2026-08-01 17:48:01] 抓到 34 场
[2026-08-01 17:48:26] ✓ 11个数据文件已同步VPS(rsync -u, 仅推送更新过的)
[2026-08-01 17:48:29] VPS重算: 200
[2026-08-01 17:56:01] 抓到 34 场
[2026-08-01 17:56:13] ✓ 11个数据文件已同步VPS(rsync -u, 仅推送更新过的)
[2026-08-01 17:56:16] VPS重算: 200
[2026-08-01 18:00:01] 抓到 34 场
[2026-08-01 18:00:06] ✓ 11个数据文件已同步VPS(rsync -u, 仅推送更新过的)
[2026-08-01 18:00:09] VPS重算: 200
[2026-08-01 18:08:01] 抓到 34 场
[2026-08-01 18:08:08] ✓ 11个数据文件已同步VPS(rsync -u, 仅推送更新过的)
[2026-08-01 18:08:10] VPS重算: 200
[2026-08-01 18:16:01] 抓到 34 场
[2026-08-01 18:16:09] ✓ 11个数据文件已同步VPS(rsync -u, 仅推送更新过的)
[2026-08-01 18:16:11] VPS重算: 200
[2026-08-01 18:24:01] 抓到 34 场
[2026-08-01 18:24:08] ✓ 11个数据文件已同步VPS(rsync -u, 仅推送更新过的)
[2026-08-01 18:24:12] VPS重算: 200
[2026-08-01 18:32:01] 抓到 31 场
[2026-08-01 18:32:06] ✓ 11个数据文件已同步VPS(rsync -u, 仅推送更新过的)
[2026-08-01 18:32:09] VPS重算: 200
[2026-08-01 18:40:01] 抓到 31 场
[2026-08-01 18:40:08] ✓ 11个数据文件已同步VPS(rsync -u, 仅推送更新过的)
[2026-08-01 18:40:10] VPS重算: 200
[2026-08-01 18:48:01] 抓到 31 场
[2026-08-01 18:48:08] ✓ 11个数据文件已同步VPS(rsync -u, 仅推送更新过的)
[2026-08-01 18:48:10] VPS重算: 200
[2026-08-01 18:56:01] 抓到 31 场
[2026-08-01 18:56:11] ✓ 11个数据文件已同步VPS(rsync -u, 仅推送更新过的)
[2026-08-01 18:56:15] VPS重算: 200
[2026-08-01 19:00:01] 抓到 31 场
[2026-08-01 19:00:07] ✓ 11个数据文件已同步VPS(rsync -u, 仅推送更新过的)
[2026-08-01 19:00:40] VPS重算: 200
[2026-08-01 19:08:01] 抓到 31 场
[2026-08-01 19:08:07] ✓ 11个数据文件已同步VPS(rsync -u, 仅推送更新过的)
[2026-08-01 19:08:10] VPS重算: 200
[2026-08-01 19:16:01] 抓到 31 场
[2026-08-01 19:16:09] ✓ 11个数据文件已同步VPS(rsync -u, 仅推送更新过的)
[2026-08-01 19:16:12] VPS重算: 200
[2026-08-01 19:24:01] 抓到 31 场
[2026-08-01 19:24:19] ✓ 11个数据文件已同步VPS(rsync -u, 仅推送更新过的)
[2026-08-01 19:24:27] VPS重算: 200
[2026-08-01 19:32:01] 抓到 31 场
[2026-08-01 19:32:06] ✓ 11个数据文件已同步VPS(rsync -u, 仅推送更新过的)
[2026-08-01 19:32:08] VPS重算: 200
[2026-08-01 19:40:01] 抓到 31 场
[2026-08-01 19:40:07] ✓ 11个数据文件已同步VPS(rsync -u, 仅推送更新过的)
[2026-08-01 19:40:09] VPS重算: 200
[2026-08-01 19:48:01] 抓到 31 场
[2026-08-01 19:48:06] ✓ 11个数据文件已同步VPS(rsync -u, 仅推送更新过的)
[2026-08-01 19:48:10] VPS重算: 200
[2026-08-01 19:56:01] 抓到 31 场
[2026-08-01 19:56:19] ✓ 11个数据文件已同步VPS(rsync -u, 仅推送更新过的)
[2026-08-01 19:56:22] VPS重算: 200
[2026-08-01 20:00:01] 抓到 31 场
[2026-08-01 20:00:08] ✓ 11个数据文件已同步VPS(rsync -u, 仅推送更新过的)
[2026-08-01 20:00:11] VPS重算: 200
[2026-08-01 20:08:01] 抓到 30 场
[2026-08-01 20:08:14] ✓ 11个数据文件已同步VPS(rsync -u, 仅推送更新过的)
[2026-08-01 20:08:17] VPS重算: 200
[2026-08-01 20:16:01] 抓到 30 场
[2026-08-01 20:16:08] ✓ 11个数据文件已同步VPS(rsync -u, 仅推送更新过的)
[2026-08-01 20:16:10] VPS重算: 200
[2026-08-01 20:24:01] 抓到 30 场
[2026-08-01 20:25:43] ✓ 11个数据文件已同步VPS(rsync -u, 仅推送更新过的)
[2026-08-01 20:25:46] VPS重算: 200
[2026-08-01 20:32:01] 抓到 30 场
[2026-08-01 20:32:06] ✓ 11个数据文件已同步VPS(rsync -u, 仅推送更新过的)
[2026-08-01 20:32:08] VPS重算: 200
[2026-08-01 20:40:01] 抓到 30 场
[2026-08-01 20:40:07] ✓ 11个数据文件已同步VPS(rsync -u, 仅推送更新过的)
[2026-08-01 20:40:10] VPS重算: 200
[2026-08-01 20:48:01] 抓到 30 场
[2026-08-01 20:48:07] ✓ 11个数据文件已同步VPS(rsync -u, 仅推送更新过的)
[2026-08-01 20:48:10] VPS重算: 200
[2026-08-01 20:56:01] 抓到 30 场
[2026-08-01 20:56:07] ✓ 11个数据文件已同步VPS(rsync -u, 仅推送更新过的)
[2026-08-01 20:56:10] VPS重算: 200
[2026-08-01 21:00:01] 抓到 30 场
[2026-08-01 21:00:06] ✓ 11个数据文件已同步VPS(rsync -u, 仅推送更新过的)
[2026-08-01 21:00:08] VPS重算: 200
[2026-08-01 21:08:01] 抓到 29 场
[2026-08-01 21:08:07] ✓ 11个数据文件已同步VPS(rsync -u, 仅推送更新过的)
[2026-08-01 21:08:09] VPS重算: 200
[2026-08-01 21:16:01] 抓到 29 场
[2026-08-01 21:16:07] ✓ 11个数据文件已同步VPS(rsync -u, 仅推送更新过的)
[2026-08-01 21:16:11] VPS重算: 200
[2026-08-01 21:24:01] 抓到 29 场
[2026-08-01 21:24:07] ✓ 11个数据文件已同步VPS(rsync -u, 仅推送更新过的)
[2026-08-01 21:24:09] VPS重算: 200
[2026-08-01 21:32:01] 抓到 29 场
[2026-08-01 21:32:08] ✓ 11个数据文件已同步VPS(rsync -u, 仅推送更新过的)
[2026-08-01 21:32:10] VPS重算: 200
[2026-08-01 21:40:01] 抓到 29 场
[2026-08-01 21:40:10] ✓ 11个数据文件已同步VPS(rsync -u, 仅推送更新过的)
[2026-08-01 21:40:12] VPS重算: 200
[2026-08-01 21:48:01] 抓到 29 场
[2026-08-01 21:48:08] ✓ 11个数据文件已同步VPS(rsync -u, 仅推送更新过的)
[2026-08-01 21:48:12] VPS重算: 200
[2026-08-01 21:56:01] 抓到 29 场
[2026-08-01 21:56:07] ✓ 11个数据文件已同步VPS(rsync -u, 仅推送更新过的)
[2026-08-01 21:56:11] VPS重算: 200
[2026-08-01 22:00:01] 抓到 29 场
[2026-08-01 22:00:06] ✓ 11个数据文件已同步VPS(rsync -u, 仅推送更新过的)
[2026-08-01 22:00:09] VPS重算: 200
[2026-08-01 22:08:01] 抓到 28 场
[2026-08-01 22:08:07] ✓ 11个数据文件已同步VPS(rsync -u, 仅推送更新过的)
[2026-08-01 22:08:10] VPS重算: 200
[2026-08-01 22:16:01] 抓到 28 场
[2026-08-01 22:16:08] ✓ 11个数据文件已同步VPS(rsync -u, 仅推送更新过的)
[2026-08-01 22:16:13] VPS重算: 200
[2026-08-01 22:24:01] 抓到 28 场
[2026-08-01 22:24:07] ✓ 11个数据文件已同步VPS(rsync -u, 仅推送更新过的)
[2026-08-01 22:24:10] VPS重算: 200
[2026-08-01 22:32:01] 抓到 28 场
[2026-08-01 22:32:10] ✓ 11个数据文件已同步VPS(rsync -u, 仅推送更新过的)
[2026-08-01 22:32:14] VPS重算: 200
[2026-08-01 22:40:01] 抓到 28 场
[2026-08-01 22:40:07] ✓ 11个数据文件已同步VPS(rsync -u, 仅推送更新过的)
[2026-08-01 22:40:10] VPS重算: 200
[2026-08-01 22:48:01] 抓到 28 场
[2026-08-01 22:48:08] ✓ 11个数据文件已同步VPS(rsync -u, 仅推送更新过的)
[2026-08-01 22:48:12] VPS重算: 200
[2026-08-01 22:56:01] 抓到 28 场
[2026-08-01 22:56:11] ✓ 11个数据文件已同步VPS(rsync -u, 仅推送更新过的)
[2026-08-01 22:56:16] VPS重算: 200
[2026-08-01 23:00:02] 抓到 28 场
[2026-08-01 23:00:07] ✓ 11个数据文件已同步VPS(rsync -u, 仅推送更新过的)
[2026-08-01 23:00:10] VPS重算: 200
[2026-08-01 23:08:01] 抓到 27 场
[2026-08-01 23:08:09] ✓ 11个数据文件已同步VPS(rsync -u, 仅推送更新过的)
[2026-08-01 23:08:14] VPS重算: 200
[2026-08-01 23:16:01] 抓到 27 场
[2026-08-01 23:16:09] ✓ 11个数据文件已同步VPS(rsync -u, 仅推送更新过的)
[2026-08-01 23:16:11] VPS重算: 200
[2026-08-01 23:24:01] 抓到 27 场
[2026-08-01 23:24:09] ✓ 11个数据文件已同步VPS(rsync -u, 仅推送更新过的)
[2026-08-01 23:24:12] VPS重算: 200
[2026-08-01 23:32:01] 抓到 27 场
[2026-08-01 23:32:12] ✓ 11个数据文件已同步VPS(rsync -u, 仅推送更新过的)
[2026-08-01 23:32:14] VPS重算: 200
[2026-08-01 23:40:01] 抓到 27 场
[2026-08-01 23:40:07] ✓ 11个数据文件已同步VPS(rsync -u, 仅推送更新过的)
[2026-08-01 23:40:10] VPS重算: 200
[2026-08-01 23:48:01] 抓到 27 场
[2026-08-01 23:48:08] ✓ 11个数据文件已同步VPS(rsync -u, 仅推送更新过的)
[2026-08-01 23:48:13] VPS重算: 200
[2026-08-01 23:56:01] 抓到 27 场
[2026-08-01 23:56:07] ✓ 11个数据文件已同步VPS(rsync -u, 仅推送更新过的)
[2026-08-01 23:56:10] VPS重算: 200
[2026-08-02 00:00:01] 抓到 27 场
[2026-08-02 00:00:07] ✓ 11个数据文件已同步VPS(rsync -u, 仅推送更新过的)
[2026-08-02 00:00:11] VPS重算: 200
[2026-08-02 00:08:01] 抓到 25 场
[2026-08-02 00:08:07] ✓ 11个数据文件已同步VPS(rsync -u, 仅推送更新过的)
[2026-08-02 00:08:10] VPS重算: 200
[2026-08-02 00:16:01] 抓到 25 场
[2026-08-02 00:16:07] ✓ 11个数据文件已同步VPS(rsync -u, 仅推送更新过的)
[2026-08-02 00:16:10] VPS重算: 200
[2026-08-02 00:24:01] 抓到 25 场
[2026-08-02 00:24:06] ✓ 11个数据文件已同步VPS(rsync -u, 仅推送更新过的)
[2026-08-02 00:24:10] VPS重算: 200
[2026-08-02 00:32:01] 抓到 25 场
[2026-08-02 00:32:06] ✓ 11个数据文件已同步VPS(rsync -u, 仅推送更新过的)
[2026-08-02 00:32:09] VPS重算: 200
[2026-08-02 00:40:01] 抓到 25 场
[2026-08-02 00:40:06] ✓ 11个数据文件已同步VPS(rsync -u, 仅推送更新过的)
[2026-08-02 00:40:08] VPS重算: 200
[2026-08-02 00:48:01] 抓到 25 场
[2026-08-02 00:48:07] ✓ 11个数据文件已同步VPS(rsync -u, 仅推送更新过的)
[2026-08-02 00:48:09] VPS重算: 200
[2026-08-02 00:56:01] 抓到 25 场
[2026-08-02 00:56:08] ✓ 11个数据文件已同步VPS(rsync -u, 仅推送更新过的)
[2026-08-02 00:56:11] VPS重算: 200
[2026-08-02 01:00:01] 抓到 25 场
[2026-08-02 01:00:05] ✓ 11个数据文件已同步VPS(rsync -u, 仅推送更新过的)
[2026-08-02 01:00:08] VPS重算: 200
[2026-08-02 01:08:01] 抓到 25 场
[2026-08-02 01:08:07] ✓ 11个数据文件已同步VPS(rsync -u, 仅推送更新过的)
[2026-08-02 01:08:09] VPS重算: 200
[2026-08-02 01:16:01] 抓到 25 场
[2026-08-02 01:16:06] ✓ 11个数据文件已同步VPS(rsync -u, 仅推送更新过的)
[2026-08-02 01:16:08] VPS重算: 200
[2026-08-02 01:24:01] 抓到 25 场
[2026-08-02 01:24:06] ✓ 11个数据文件已同步VPS(rsync -u, 仅推送更新过的)
[2026-08-02 01:24:08] VPS重算: 200
[2026-08-02 01:32:01] 抓到 25 场
[2026-08-02 01:32:07] ✓ 11个数据文件已同步VPS(rsync -u, 仅推送更新过的)
[2026-08-02 01:32:10] VPS重算: 200
[2026-08-02 01:40:01] 抓到 25 场
[2026-08-02 01:40:06] ✓ 11个数据文件已同步VPS(rsync -u, 仅推送更新过的)
[2026-08-02 01:40:08] VPS重算: 200
[2026-08-02 01:48:01] 抓到 25 场
[2026-08-02 01:48:08] ✓ 11个数据文件已同步VPS(rsync -u, 仅推送更新过的)
[2026-08-02 01:48:10] VPS重算: 200
[2026-08-02 01:56:01] 抓到 25 场
[2026-08-02 01:56:06] ✓ 11个数据文件已同步VPS(rsync -u, 仅推送更新过的)
[2026-08-02 01:56:09] VPS重算: 200
[2026-08-02 02:00:01] 抓到 25 场
[2026-08-02 02:00:05] ✓ 11个数据文件已同步VPS(rsync -u, 仅推送更新过的)
[2026-08-02 02:00:07] VPS重算: 200
[2026-08-02 02:08:01] 抓到 25 场
[2026-08-02 02:08:05] ✓ 11个数据文件已同步VPS(rsync -u, 仅推送更新过的)
[2026-08-02 02:08:07] VPS重算: 200
[2026-08-02 02:16:01] 抓到 25 场
[2026-08-02 02:16:06] ✓ 11个数据文件已同步VPS(rsync -u, 仅推送更新过的)
[2026-08-02 02:16:08] VPS重算: 200
[2026-08-02 02:24:01] 抓到 25 场
[2026-08-02 02:24:06] ✓ 11个数据文件已同步VPS(rsync -u, 仅推送更新过的)
[2026-08-02 02:24:08] VPS重算: 200
[2026-08-02 02:32:01] 抓到 25 场
[2026-08-02 02:32:05] ✓ 11个数据文件已同步VPS(rsync -u, 仅推送更新过的)
[2026-08-02 02:32:08] VPS重算: 200
[2026-08-02 02:40:01] 抓到 25 场
[2026-08-02 02:40:05] ✓ 11个数据文件已同步VPS(rsync -u, 仅推送更新过的)
[2026-08-02 02:40:07] VPS重算: 200
[2026-08-02 02:48:01] 抓到 25 场
[2026-08-02 02:48:06] ✓ 11个数据文件已同步VPS(rsync -u, 仅推送更新过的)
[2026-08-02 02:48:08] VPS重算: 200
[2026-08-02 02:56:01] 抓到 25 场
[2026-08-02 02:56:06] ✓ 11个数据文件已同步VPS(rsync -u, 仅推送更新过的)
[2026-08-02 02:56:07] VPS重算: 200
[2026-08-02 03:00:01] 抓到 25 场
[2026-08-02 03:00:05] ✓ 11个数据文件已同步VPS(rsync -u, 仅推送更新过的)
[2026-08-02 03:00:07] VPS重算: 200
[2026-08-02 03:08:01] 抓到 25 场
[2026-08-02 03:08:07] ✓ 11个数据文件已同步VPS(rsync -u, 仅推送更新过的)
[2026-08-02 03:08:09] VPS重算: 200
[2026-08-02 03:16:01] 抓到 25 场
[2026-08-02 03:16:06] ✓ 11个数据文件已同步VPS(rsync -u, 仅推送更新过的)
[2026-08-02 03:16:08] VPS重算: 200
[2026-08-02 03:24:01] 抓到 25 场
[2026-08-02 03:24:05] ✓ 11个数据文件已同步VPS(rsync -u, 仅推送更新过的)
[2026-08-02 03:24:07] VPS重算: 200
[2026-08-02 03:32:01] 抓到 25 场
[2026-08-02 03:32:05] ✓ 11个数据文件已同步VPS(rsync -u, 仅推送更新过的)
[2026-08-02 03:32:07] VPS重算: 200
[2026-08-02 03:40:01] 抓到 25 场
[2026-08-02 03:40:05] ✓ 11个数据文件已同步VPS(rsync -u, 仅推送更新过的)
[2026-08-02 03:40:07] VPS重算: 200
[2026-08-02 03:48:01] 抓到 25 场
[2026-08-02 03:48:05] ✓ 11个数据文件已同步VPS(rsync -u, 仅推送更新过的)
[2026-08-02 03:48:07] VPS重算: 200
[2026-08-02 03:56:02] 抓到 25 场
[2026-08-02 03:56:06] ✓ 11个数据文件已同步VPS(rsync -u, 仅推送更新过的)
[2026-08-02 03:56:08] VPS重算: 200
[2026-08-02 04:00:01] 抓到 25 场
[2026-08-02 04:00:06] ✓ 11个数据文件已同步VPS(rsync -u, 仅推送更新过的)
[2026-08-02 04:00:08] VPS重算: 200
[2026-08-02 04:08:01] 抓到 25 场
[2026-08-02 04:08:06] ✓ 11个数据文件已同步VPS(rsync -u, 仅推送更新过的)
[2026-08-02 04:08:07] VPS重算: 200
[2026-08-02 04:16:01] 抓到 25 场
[2026-08-02 04:16:06] ✓ 11个数据文件已同步VPS(rsync -u, 仅推送更新过的)
[2026-08-02 04:16:08] VPS重算: 200
[2026-08-02 04:24:01] 抓到 25 场
[2026-08-02 04:24:05] ✓ 11个数据文件已同步VPS(rsync -u, 仅推送更新过的)
[2026-08-02 04:24:07] VPS重算: 200
[2026-08-02 04:32:01] 抓到 25 场
[2026-08-02 04:32:06] ✓ 11个数据文件已同步VPS(rsync -u, 仅推送更新过的)
[2026-08-02 04:32:07] VPS重算: 200
[2026-08-02 04:40:01] 抓到 25 场
[2026-08-02 04:40:06] ✓ 11个数据文件已同步VPS(rsync -u, 仅推送更新过的)
[2026-08-02 04:40:08] VPS重算: 200
[2026-08-02 04:48:01] 抓到 25 场
[2026-08-02 04:48:05] ✓ 11个数据文件已同步VPS(rsync -u, 仅推送更新过的)
[2026-08-02 04:48:07] VPS重算: 200
[2026-08-02 04:56:01] 抓到 25 场
[2026-08-02 04:56:05] ✓ 11个数据文件已同步VPS(rsync -u, 仅推送更新过的)
[2026-08-02 04:56:07] VPS重算: 200
[2026-08-02 05:00:01] 抓到 25 场
[2026-08-02 05:00:05] ✓ 11个数据文件已同步VPS(rsync -u, 仅推送更新过的)
[2026-08-02 05:00:06] VPS重算: 200
[2026-08-02 05:08:01] 抓到 25 场
[2026-08-02 05:08:06] ✓ 11个数据文件已同步VPS(rsync -u, 仅推送更新过的)
[2026-08-02 05:08:07] VPS重算: 200
[2026-08-02 05:16:01] 抓到 25 场
[2026-08-02 05:16:06] ✓ 11个数据文件已同步VPS(rsync -u, 仅推送更新过的)
[2026-08-02 05:16:08] VPS重算: 200
[2026-08-02 05:24:01] 抓到 25 场
[2026-08-02 05:24:05] ✓ 11个数据文件已同步VPS(rsync -u, 仅推送更新过的)
[2026-08-02 05:24:07] VPS重算: 200
[2026-08-02 05:32:01] 抓到 25 场
[2026-08-02 05:32:06] ✓ 11个数据文件已同步VPS(rsync -u, 仅推送更新过的)
[2026-08-02 05:32:07] VPS重算: 200
[2026-08-02 05:40:01] 抓到 25 场
[2026-08-02 05:40:07] ✓ 11个数据文件已同步VPS(rsync -u, 仅推送更新过的)
[2026-08-02 05:40:09] VPS重算: 200
[2026-08-02 05:48:01] 抓到 25 场
[2026-08-02 05:48:06] ✓ 11个数据文件已同步VPS(rsync -u, 仅推送更新过的)
[2026-08-02 05:48:09] VPS重算: 200
[2026-08-02 05:56:01] 抓到 25 场
[2026-08-02 05:56:06] ✓ 11个数据文件已同步VPS(rsync -u, 仅推送更新过的)
[2026-08-02 05:56:07] VPS重算: 200
[2026-08-02 06:00:01] 抓到 25 场
[2026-08-02 06:00:05] ✓ 11个数据文件已同步VPS(rsync -u, 仅推送更新过的)
[2026-08-02 06:00:06] VPS重算: 200
[2026-08-02 06:08:01] 抓到 25 场
[2026-08-02 06:08:06] ✓ 11个数据文件已同步VPS(rsync -u, 仅推送更新过的)
[2026-08-02 06:08:08] VPS重算: 200
[2026-08-02 06:16:01] 抓到 25 场
[2026-08-02 06:16:05] ✓ 11个数据文件已同步VPS(rsync -u, 仅推送更新过的)
[2026-08-02 06:16:07] VPS重算: 200
[2026-08-02 06:24:01] 抓到 25 场
[2026-08-02 06:24:06] ✓ 11个数据文件已同步VPS(rsync -u, 仅推送更新过的)
[2026-08-02 06:24:08] VPS重算: 200
[2026-08-02 06:32:01] 抓到 25 场
[2026-08-02 06:32:06] ✓ 11个数据文件已同步VPS(rsync -u, 仅推送更新过的)
[2026-08-02 06:32:08] VPS重算: 200
[2026-08-02 06:40:01] 抓到 25 场
[2026-08-02 06:40:06] ✓ 11个数据文件已同步VPS(rsync -u, 仅推送更新过的)
[2026-08-02 06:40:08] VPS重算: 200
[2026-08-02 06:48:01] 抓到 25 场
[2026-08-02 06:48:06] ✓ 11个数据文件已同步VPS(rsync -u, 仅推送更新过的)
[2026-08-02 06:48:08] VPS重算: 200
[2026-08-02 06:56:01] 抓到 25 场
[2026-08-02 06:56:05] ✓ 11个数据文件已同步VPS(rsync -u, 仅推送更新过的)
[2026-08-02 06:56:07] VPS重算: 200
[2026-08-02 07:00:01] 抓到 25 场
[2026-08-02 07:00:05] ✓ 11个数据文件已同步VPS(rsync -u, 仅推送更新过的)
[2026-08-02 07:00:07] VPS重算: 200
[2026-08-02 07:08:01] 抓到 25 场
[2026-08-02 07:08:05] ✓ 11个数据文件已同步VPS(rsync -u, 仅推送更新过的)
[2026-08-02 07:08:07] VPS重算: 200
[2026-08-02 07:16:01] 抓到 25 场
[2026-08-02 07:16:05] ✓ 11个数据文件已同步VPS(rsync -u, 仅推送更新过的)
[2026-08-02 07:16:08] VPS重算: 200
[2026-08-02 07:24:01] 抓到 25 场
[2026-08-02 07:24:05] ✓ 11个数据文件已同步VPS(rsync -u, 仅推送更新过的)
[2026-08-02 07:24:07] VPS重算: 200
[2026-08-02 07:32:01] 抓到 23 场
[2026-08-02 07:32:05] ✓ 11个数据文件已同步VPS(rsync -u, 仅推送更新过的)
[2026-08-02 07:32:07] VPS重算: 200
[2026-08-02 07:40:01] 抓到 23 场
[2026-08-02 07:40:06] ✓ 11个数据文件已同步VPS(rsync -u, 仅推送更新过的)
[2026-08-02 07:40:07] VPS重算: 200
[2026-08-02 07:48:01] 抓到 23 场
[2026-08-02 07:48:06] ✓ 11个数据文件已同步VPS(rsync -u, 仅推送更新过的)
[2026-08-02 07:48:08] VPS重算: 200
[2026-08-02 07:56:01] 抓到 23 场
[2026-08-02 07:56:05] ✓ 11个数据文件已同步VPS(rsync -u, 仅推送更新过的)
[2026-08-02 07:56:07] VPS重算: 200
[2026-08-02 08:00:01] 抓到 23 场
[2026-08-02 08:00:05] ✓ 11个数据文件已同步VPS(rsync -u, 仅推送更新过的)
[2026-08-02 08:00:07] VPS重算: 200
[2026-08-02 08:08:01] 抓到 22 场
[2026-08-02 08:08:05] ✓ 11个数据文件已同步VPS(rsync -u, 仅推送更新过的)
[2026-08-02 08:08:07] VPS重算: 200
[2026-08-02 08:16:01] 抓到 22 场
[2026-08-02 08:16:05] ✓ 11个数据文件已同步VPS(rsync -u, 仅推送更新过的)
[2026-08-02 08:16:07] VPS重算: 200
[2026-08-02 08:24:01] 抓到 22 场
[2026-08-02 08:24:06] ✓ 11个数据文件已同步VPS(rsync -u, 仅推送更新过的)
[2026-08-02 08:24:08] VPS重算: 200
[2026-08-02 08:32:01] 抓到 20 场
[2026-08-02 08:32:05] ✓ 11个数据文件已同步VPS(rsync -u, 仅推送更新过的)
[2026-08-02 08:32:07] VPS重算: 200
[2026-08-02 08:40:01] 抓到 20 场
[2026-08-02 08:40:06] ✓ 11个数据文件已同步VPS(rsync -u, 仅推送更新过的)
[2026-08-02 08:40:08] VPS重算: 200
[2026-08-02 08:48:01] 抓到 20 场
[2026-08-02 08:48:07] ✓ 11个数据文件已同步VPS(rsync -u, 仅推送更新过的)
[2026-08-02 08:48:09] VPS重算: 200
[2026-08-02 08:56:01] 抓到 20 场
[2026-08-02 08:56:05] ✓ 11个数据文件已同步VPS(rsync -u, 仅推送更新过的)
[2026-08-02 08:56:07] VPS重算: 200
[2026-08-02 09:00:01] 抓到 20 场
[2026-08-02 09:00:06] ✓ 11个数据文件已同步VPS(rsync -u, 仅推送更新过的)
[2026-08-02 09:00:07] VPS重算: 200
[2026-08-02 09:08:01] 抓到 20 场
[2026-08-02 09:08:07] ✓ 11个数据文件已同步VPS(rsync -u, 仅推送更新过的)
[2026-08-02 09:08:09] VPS重算: 200
[2026-08-02 09:16:01] 抓到 20 场
[2026-08-02 09:16:06] ✓ 11个数据文件已同步VPS(rsync -u, 仅推送更新过的)
[2026-08-02 09:16:08] VPS重算: 200
[2026-08-02 09:24:01] 抓到 20 场
[2026-08-02 09:24:05] ✓ 11个数据文件已同步VPS(rsync -u, 仅推送更新过的)
[2026-08-02 09:24:07] VPS重算: 200
[2026-08-02 09:32:01] 抓到 20 场
[2026-08-02 09:32:06] ✓ 11个数据文件已同步VPS(rsync -u, 仅推送更新过的)
[2026-08-02 09:32:09] VPS重算: 200
[2026-08-02 09:40:01] 抓到 20 场
[2026-08-02 09:40:06] ✓ 11个数据文件已同步VPS(rsync -u, 仅推送更新过的)
[2026-08-02 09:40:09] VPS重算: 200
[2026-08-02 09:48:01] 抓到 20 场
[2026-08-02 09:48:12] ✓ 11个数据文件已同步VPS(rsync -u, 仅推送更新过的)
[2026-08-02 09:48:18] VPS重算: 200
[2026-08-02 09:56:01] 抓到 20 场
[2026-08-02 09:56:06] ✓ 11个数据文件已同步VPS(rsync -u, 仅推送更新过的)
[2026-08-02 09:56:08] VPS重算: 200
[2026-08-02 10:00:01] 抓到 20 场
[2026-08-02 10:00:04] ✓ 11个数据文件已同步VPS(rsync -u, 仅推送更新过的)
[2026-08-02 10:00:07] VPS重算: 200
[2026-08-02 10:08:01] 抓到 20 场
[2026-08-02 10:08:06] ✓ 11个数据文件已同步VPS(rsync -u, 仅推送更新过的)
[2026-08-02 10:08:08] VPS重算: 200
[2026-08-02 10:16:01] 抓到 20 场
[2026-08-02 10:16:06] ✓ 11个数据文件已同步VPS(rsync -u, 仅推送更新过的)
[2026-08-02 10:16:08] VPS重算: 200
[2026-08-02 10:24:01] 抓到 20 场
[2026-08-02 10:24:09] ✓ 11个数据文件已同步VPS(rsync -u, 仅推送更新过的)
[2026-08-02 10:24:11] VPS重算: 200
[2026-08-02 10:32:01] 抓到 19 场
[2026-08-02 10:32:06] ✓ 11个数据文件已同步VPS(rsync -u, 仅推送更新过的)
[2026-08-02 10:32:09] VPS重算: 200
[2026-08-02 10:40:01] 抓到 19 场
[2026-08-02 10:40:06] ✓ 11个数据文件已同步VPS(rsync -u, 仅推送更新过的)
[2026-08-02 10:40:08] VPS重算: 200
[2026-08-02 10:48:01] 抓到 18 场
[2026-08-02 10:48:06] ✓ 11个数据文件已同步VPS(rsync -u, 仅推送更新过的)
[2026-08-02 10:48:08] VPS重算: 200
[2026-08-02 10:56:01] 抓到 18 场
[2026-08-02 10:56:08] ✓ 11个数据文件已同步VPS(rsync -u, 仅推送更新过的)
[2026-08-02 10:56:11] VPS重算: 200
[2026-08-02 11:00:01] 抓到 18 场
[2026-08-02 11:00:05] ✓ 11个数据文件已同步VPS(rsync -u, 仅推送更新过的)
[2026-08-02 11:00:07] VPS重算: 200
[2026-08-02 11:08:01] 抓到 18 场
[2026-08-02 11:08:06] ✓ 11个数据文件已同步VPS(rsync -u, 仅推送更新过的)
[2026-08-02 11:08:10] VPS重算: 200
[2026-08-02 11:16:01] 抓到 18 场
[2026-08-02 11:16:06] ✓ 11个数据文件已同步VPS(rsync -u, 仅推送更新过的)
[2026-08-02 11:16:08] VPS重算: 200
[2026-08-02 11:24:01] 抓到 18 场
[2026-08-02 11:24:05] ✓ 11个数据文件已同步VPS(rsync -u, 仅推送更新过的)
[2026-08-02 11:24:08] VPS重算: 200
[2026-08-02 11:32:02] 抓到 18 场
[2026-08-02 11:32:07] ✓ 11个数据文件已同步VPS(rsync -u, 仅推送更新过的)
[2026-08-02 11:32:09] VPS重算: 200
[2026-08-02 11:40:01] 抓到 18 场
[2026-08-02 11:40:06] ✓ 11个数据文件已同步VPS(rsync -u, 仅推送更新过的)
[2026-08-02 11:40:09] VPS重算: 200
[2026-08-02 11:48:01] 抓到 18 场
[2026-08-02 11:48:06] ✓ 11个数据文件已同步VPS(rsync -u, 仅推送更新过的)
[2026-08-02 11:48:08] VPS重算: 200
[2026-08-02 11:56:01] 抓到 18 场
[2026-08-02 11:56:06] ✓ 11个数据文件已同步VPS(rsync -u, 仅推送更新过的)
[2026-08-02 11:56:08] VPS重算: 200
[2026-08-02 12:00:01] 抓到 18 场
[2026-08-02 12:00:05] ✓ 11个数据文件已同步VPS(rsync -u, 仅推送更新过的)
[2026-08-02 12:00:07] VPS重算: 200
[2026-08-02 12:08:01] 抓到 18 场
[2026-08-02 12:08:06] ✓ 11个数据文件已同步VPS(rsync -u, 仅推送更新过的)
[2026-08-02 12:08:08] VPS重算: 200
[2026-08-02 12:16:01] 抓到 18 场
[2026-08-02 12:16:07] ✓ 11个数据文件已同步VPS(rsync -u, 仅推送更新过的)
[2026-08-02 12:16:10] VPS重算: 200
[2026-08-02 12:24:01] 抓到 18 场
[2026-08-02 12:24:08] ✓ 11个数据文件已同步VPS(rsync -u, 仅推送更新过的)
[2026-08-02 12:24:09] VPS重算: 200
[2026-08-02 12:32:01] 抓到 18 场
[2026-08-02 12:32:08] ✓ 11个数据文件已同步VPS(rsync -u, 仅推送更新过的)
[2026-08-02 12:32:10] VPS重算: 200
[2026-08-02 12:40:01] 抓到 18 场
[2026-08-02 12:40:06] ✓ 11个数据文件已同步VPS(rsync -u, 仅推送更新过的)
[2026-08-02 12:40:08] VPS重算: 200
[2026-08-02 12:48:02] 抓到 18 场
[2026-08-02 12:48:08] ✓ 11个数据文件已同步VPS(rsync -u, 仅推送更新过的)
[2026-08-02 12:48:10] VPS重算: 200
[2026-08-02 12:56:01] 抓到 18 场
[2026-08-02 12:56:08] ✓ 11个数据文件已同步VPS(rsync -u, 仅推送更新过的)
[2026-08-02 12:56:11] VPS重算: 200
[2026-08-02 13:00:01] 抓到 18 场
[2026-08-02 13:00:10] ✓ 11个数据文件已同步VPS(rsync -u, 仅推送更新过的)
[2026-08-02 13:00:12] VPS重算: 200
[2026-08-02 13:08:02] 抓到 18 场
[2026-08-02 13:08:07] ✓ 11个数据文件已同步VPS(rsync -u, 仅推送更新过的)
[2026-08-02 13:08:11] VPS重算: 200
[2026-08-02 13:16:01] 抓到 18 场
[2026-08-02 13:16:12] ✓ 11个数据文件已同步VPS(rsync -u, 仅推送更新过的)
[2026-08-02 13:16:15] VPS重算: 200
[2026-08-02 13:24:01] 抓到 18 场
[2026-08-02 13:24:07] ✓ 11个数据文件已同步VPS(rsync -u, 仅推送更新过的)
[2026-08-02 13:24:09] VPS重算: 200
[2026-08-02 13:32:01] 抓到 18 场
[2026-08-02 13:32:07] ✓ 11个数据文件已同步VPS(rsync -u, 仅推送更新过的)
[2026-08-02 13:32:11] VPS重算: 200
[2026-08-02 13:40:01] 抓到 18 场
[2026-08-02 13:40:07] ✓ 11个数据文件已同步VPS(rsync -u, 仅推送更新过的)
[2026-08-02 13:40:09] VPS重算: 200
[2026-08-02 13:48:01] 抓到 18 场
[2026-08-02 13:48:06] ✓ 11个数据文件已同步VPS(rsync -u, 仅推送更新过的)
[2026-08-02 13:48:09] VPS重算: 200
[2026-08-02 13:56:01] 抓到 18 场
[2026-08-02 13:56:06] ✓ 11个数据文件已同步VPS(rsync -u, 仅推送更新过的)
[2026-08-02 13:56:10] VPS重算: 200
[2026-08-02 14:00:01] 抓到 18 场
[2026-08-02 14:00:06] ✓ 11个数据文件已同步VPS(rsync -u, 仅推送更新过的)
[2026-08-02 14:00:10] VPS重算: 200
[2026-08-02 14:08:01] 抓到 18 场
[2026-08-02 14:08:07] ✓ 11个数据文件已同步VPS(rsync -u, 仅推送更新过的)
[2026-08-02 14:08:09] VPS重算: 200
[2026-08-02 14:16:01] 抓到 18 场
[2026-08-02 14:16:08] ✓ 11个数据文件已同步VPS(rsync -u, 仅推送更新过的)
[2026-08-02 14:16:10] VPS重算: 200
[2026-08-02 14:24:01] 抓到 18 场
[2026-08-02 14:24:08] ✓ 11个数据文件已同步VPS(rsync -u, 仅推送更新过的)
[2026-08-02 14:24:10] VPS重算: 200
[2026-08-02 14:32:01] 抓到 18 场
[2026-08-02 14:32:08] ✓ 11个数据文件已同步VPS(rsync -u, 仅推送更新过的)
[2026-08-02 14:32:11] VPS重算: 200
[2026-08-02 14:40:01] 抓到 18 场
[2026-08-02 14:40:06] ✓ 11个数据文件已同步VPS(rsync -u, 仅推送更新过的)
[2026-08-02 14:40:10] VPS重算: 200
[2026-08-02 14:48:01] 抓到 18 场
[2026-08-02 14:48:07] ✓ 11个数据文件已同步VPS(rsync -u, 仅推送更新过的)
[2026-08-02 14:48:09] VPS重算: 200
[2026-08-02 14:56:01] 抓到 18 场
[2026-08-02 14:56:07] ✓ 11个数据文件已同步VPS(rsync -u, 仅推送更新过的)
[2026-08-02 14:56:09] VPS重算: 200
[2026-08-02 15:00:01] 抓到 18 场
[2026-08-02 15:00:05] ✓ 11个数据文件已同步VPS(rsync -u, 仅推送更新过的)
[2026-08-02 15:00:07] VPS重算: 200
[2026-08-02 15:08:02] 抓到 18 场
[2026-08-02 15:08:07] ✓ 11个数据文件已同步VPS(rsync -u, 仅推送更新过的)
[2026-08-02 15:08:10] VPS重算: 200
[2026-08-02 15:16:01] 抓到 18 场
[2026-08-02 15:16:07] ✓ 11个数据文件已同步VPS(rsync -u, 仅推送更新过的)
[2026-08-02 15:16:10] VPS重算: 200
[2026-08-02 15:24:01] 抓到 18 场
[2026-08-02 15:24:08] ✓ 11个数据文件已同步VPS(rsync -u, 仅推送更新过的)
[2026-08-02 15:24:10] VPS重算: 200
[2026-08-02 15:32:01] 抓到 18 场
[2026-08-02 15:32:08] ✓ 11个数据文件已同步VPS(rsync -u, 仅推送更新过的)
[2026-08-02 15:32:11] VPS重算: 200
[2026-08-02 15:40:01] 抓到 18 场
[2026-08-02 15:40:07] ✓ 11个数据文件已同步VPS(rsync -u, 仅推送更新过的)
[2026-08-02 15:40:09] VPS重算: 200
[2026-08-02 15:48:01] 抓到 18 场
[2026-08-02 15:48:06] ✓ 11个数据文件已同步VPS(rsync -u, 仅推送更新过的)
[2026-08-02 15:48:08] VPS重算: 200
[2026-08-02 15:56:01] 抓到 18 场
[2026-08-02 15:56:05] ✓ 11个数据文件已同步VPS(rsync -u, 仅推送更新过的)
[2026-08-02 15:56:10] VPS重算: 200
[2026-08-02 16:00:01] 抓到 18 场
[2026-08-02 16:00:06] ✓ 11个数据文件已同步VPS(rsync -u, 仅推送更新过的)
[2026-08-02 16:00:09] VPS重算: 200
[2026-08-02 16:08:01] 抓到 18 场
[2026-08-02 16:08:07] ✓ 11个数据文件已同步VPS(rsync -u, 仅推送更新过的)
[2026-08-02 16:08:09] VPS重算: 200
[2026-08-02 16:16:01] 抓到 18 场
[2026-08-02 16:16:07] ✓ 11个数据文件已同步VPS(rsync -u, 仅推送更新过的)
[2026-08-02 16:16:11] VPS重算: 200
[2026-08-02 16:24:01] 抓到 18 场
[2026-08-02 16:24:08] ✓ 11个数据文件已同步VPS(rsync -u, 仅推送更新过的)
[2026-08-02 16:24:09] VPS重算: 429
[2026-08-02 16:32:01] 抓到 18 场
[2026-08-02 16:32:08] ✓ 11个数据文件已同步VPS(rsync -u, 仅推送更新过的)
[2026-08-02 16:32:12] VPS重算: 200
[2026-08-02 16:40:01] 抓到 18 场
[2026-08-02 16:40:08] ✓ 11个数据文件已同步VPS(rsync -u, 仅推送更新过的)
[2026-08-02 16:40:12] VPS重算: 200
[2026-08-02 16:48:01] 抓到 18 场
[2026-08-02 16:48:09] ✓ 11个数据文件已同步VPS(rsync -u, 仅推送更新过的)
[2026-08-02 16:48:15] VPS重算: 200
[2026-08-02 16:56:01] 抓到 18 场
[2026-08-02 16:56:09] ✓ 11个数据文件已同步VPS(rsync -u, 仅推送更新过的)
[2026-08-02 16:56:12] VPS重算: 200
[2026-08-02 17:00:01] 抓到 18 场
[2026-08-02 17:00:09] ✓ 11个数据文件已同步VPS(rsync -u, 仅推送更新过的)
[2026-08-02 17:00:12] VPS重算: 200
[2026-08-02 17:08:01] 抓到 18 场
[2026-08-02 17:08:09] ✓ 11个数据文件已同步VPS(rsync -u, 仅推送更新过的)
[2026-08-02 17:08:12] VPS重算: 200
[2026-08-02 17:16:01] 抓到 18 场
[2026-08-02 17:16:06] ✓ 11个数据文件已同步VPS(rsync -u, 仅推送更新过的)
[2026-08-02 17:16:08] VPS重算: 200
[2026-08-02 17:24:01] 抓到 18 场
[2026-08-02 17:24:08] ✓ 11个数据文件已同步VPS(rsync -u, 仅推送更新过的)
[2026-08-02 17:24:10] VPS重算: 200
[2026-08-02 17:32:01] 抓到 18 场
[2026-08-02 17:32:06] ✓ 11个数据文件已同步VPS(rsync -u, 仅推送更新过的)
[2026-08-02 17:32:09] VPS重算: 200
[2026-08-02 17:40:01] 抓到 18 场
[2026-08-02 17:40:08] ✓ 11个数据文件已同步VPS(rsync -u, 仅推送更新过的)
[2026-08-02 17:40:10] VPS重算: 200
[2026-08-02 17:48:01] 抓到 18 场
[2026-08-02 17:48:05] ✓ 11个数据文件已同步VPS(rsync -u, 仅推送更新过的)
[2026-08-02 17:48:07] VPS重算: 200
[2026-08-02 17:56:01] 抓到 18 场
[2026-08-02 17:56:06] ✓ 11个数据文件已同步VPS(rsync -u, 仅推送更新过的)
[2026-08-02 17:56:08] VPS重算: 200
[2026-08-02 18:00:01] 抓到 18 场
[2026-08-02 18:00:06] ✓ 11个数据文件已同步VPS(rsync -u, 仅推送更新过的)
[2026-08-02 18:00:12] VPS重算: 200
[2026-08-02 18:08:01] 抓到 18 场
[2026-08-02 18:08:07] ✓ 11个数据文件已同步VPS(rsync -u, 仅推送更新过的)
[2026-08-02 18:08:09] VPS重算: 200
[2026-08-02 18:16:01]   ⚠ 体彩抓取失败(<urlopen error [Errno 101] Network is unreachable>), 回退缓存 odds_parsed.json (7分钟前)
[2026-08-02 18:16:01] 抓到 18 场
[2026-08-02 18:16:07] ✓ 11个数据文件已同步VPS(rsync -u, 仅推送更新过的)
[2026-08-02 18:16:09] VPS重算: 200
[2026-08-02 18:24:01] 抓到 18 场
[2026-08-02 18:24:07] ✓ 11个数据文件已同步VPS(rsync -u, 仅推送更新过的)
[2026-08-02 18:24:09] VPS重算: 200
[2026-08-02 18:32:01] 抓到 15 场
[2026-08-02 18:32:05] ✓ 11个数据文件已同步VPS(rsync -u, 仅推送更新过的)
[2026-08-02 18:32:08] VPS重算: 200
[2026-08-02 18:40:01] 抓到 15 场
[2026-08-02 18:40:07] ✓ 11个数据文件已同步VPS(rsync -u, 仅推送更新过的)
[2026-08-02 18:40:10] VPS重算: 200
[2026-08-02 18:48:01] 抓到 15 场
[2026-08-02 18:48:06] ✓ 11个数据文件已同步VPS(rsync -u, 仅推送更新过的)
[2026-08-02 18:48:09] VPS重算: 200
[2026-08-02 18:56:01] 抓到 15 场
[2026-08-02 18:56:07] ✓ 11个数据文件已同步VPS(rsync -u, 仅推送更新过的)
[2026-08-02 18:56:12] VPS重算: 200
[2026-08-02 19:00:01] 抓到 15 场
[2026-08-02 19:00:09] ✓ 11个数据文件已同步VPS(rsync -u, 仅推送更新过的)
[2026-08-02 19:00:11] VPS重算: 200
[2026-08-02 19:08:01] 抓到 15 场
[2026-08-02 19:08:07] ✓ 11个数据文件已同步VPS(rsync -u, 仅推送更新过的)
[2026-08-02 19:08:09] VPS重算: 200
[2026-08-02 19:16:01] 抓到 15 场
[2026-08-02 19:16:08] ✓ 11个数据文件已同步VPS(rsync -u, 仅推送更新过的)
[2026-08-02 19:16:12] VPS重算: 200
[2026-08-02 19:24:01] 抓到 15 场
[2026-08-02 19:24:07] ✓ 11个数据文件已同步VPS(rsync -u, 仅推送更新过的)
[2026-08-02 19:24:11] VPS重算: 200
[2026-08-02 19:32:01] 抓到 15 场
[2026-08-02 19:32:07] ✓ 11个数据文件已同步VPS(rsync -u, 仅推送更新过的)
[2026-08-02 19:32:09] VPS重算: 200
[2026-08-02 19:40:01] 抓到 15 场
[2026-08-02 19:40:08] ✓ 11个数据文件已同步VPS(rsync -u, 仅推送更新过的)
[2026-08-02 19:40:11] VPS重算: 200
[2026-08-02 19:48:01] 抓到 15 场
[2026-08-02 19:48:06] ✓ 11个数据文件已同步VPS(rsync -u, 仅推送更新过的)
[2026-08-02 19:48:10] VPS重算: 200
[2026-08-02 19:56:01] 抓到 15 场
[2026-08-02 19:56:07] ✓ 11个数据文件已同步VPS(rsync -u, 仅推送更新过的)
[2026-08-02 19:56:09] VPS重算: 200
[2026-08-02 20:00:02] 抓到 15 场
[2026-08-02 20:00:08] ✓ 11个数据文件已同步VPS(rsync -u, 仅推送更新过的)
[2026-08-02 20:00:12] VPS重算: 200
[2026-08-02 20:08:01] 抓到 12 场
[2026-08-02 20:08:05] ✓ 11个数据文件已同步VPS(rsync -u, 仅推送更新过的)
[2026-08-02 20:08:07] VPS重算: 200
[2026-08-02 20:16:02] 抓到 12 场
[2026-08-02 20:16:08] ✓ 11个数据文件已同步VPS(rsync -u, 仅推送更新过的)
[2026-08-02 20:16:10] VPS重算: 200
[2026-08-02 20:24:01] 抓到 12 场
[2026-08-02 20:24:08] ✓ 11个数据文件已同步VPS(rsync -u, 仅推送更新过的)
[2026-08-02 20:24:09] VPS重算: 200
[2026-08-02 20:32:01] 抓到 12 场
[2026-08-02 20:32:06] ✓ 11个数据文件已同步VPS(rsync -u, 仅推送更新过的)
[2026-08-02 20:32:08] VPS重算: 200
[2026-08-02 20:40:01] 抓到 12 场
[2026-08-02 20:40:07] ✓ 11个数据文件已同步VPS(rsync -u, 仅推送更新过的)
[2026-08-02 20:40:09] VPS重算: 200
[2026-08-02 20:48:01] 抓到 12 场
[2026-08-02 20:48:07] ✓ 11个数据文件已同步VPS(rsync -u, 仅推送更新过的)
[2026-08-02 20:48:11] VPS重算: 200
[2026-08-02 20:56:01] 抓到 12 场
[2026-08-02 20:56:07] ✓ 11个数据文件已同步VPS(rsync -u, 仅推送更新过的)
[2026-08-02 20:56:08] VPS重算: 200
[2026-08-02 21:00:01] 抓到 12 场
[2026-08-02 21:00:06] ✓ 11个数据文件已同步VPS(rsync -u, 仅推送更新过的)
[2026-08-02 21:00:08] VPS重算: 200
[2026-08-02 21:08:01] 抓到 12 场
[2026-08-02 21:08:09] ✓ 11个数据文件已同步VPS(rsync -u, 仅推送更新过的)
[2026-08-02 21:08:11] VPS重算: 200
[2026-08-02 21:16:01] 抓到 12 场
[2026-08-02 21:16:07] ✓ 11个数据文件已同步VPS(rsync -u, 仅推送更新过的)
[2026-08-02 21:16:09] VPS重算: 200
[2026-08-02 21:24:01] 抓到 12 场
[2026-08-02 21:24:10] ✓ 11个数据文件已同步VPS(rsync -u, 仅推送更新过的)
[2026-08-02 21:24:12] VPS重算: 200
[2026-08-02 21:32:01] 抓到 12 场
[2026-08-02 21:32:07] ✓ 11个数据文件已同步VPS(rsync -u, 仅推送更新过的)
[2026-08-02 21:32:10] VPS重算: 200
[2026-08-02 21:40:01] 抓到 12 场
[2026-08-02 21:40:08] ✓ 11个数据文件已同步VPS(rsync -u, 仅推送更新过的)
[2026-08-02 21:40:10] VPS重算: 200
[2026-08-02 21:48:02] 抓到 12 场
[2026-08-02 21:48:07] ✓ 11个数据文件已同步VPS(rsync -u, 仅推送更新过的)
[2026-08-02 21:48:11] VPS重算: 200
[2026-08-02 21:56:01] 抓到 12 场
[2026-08-02 21:56:07] ✓ 11个数据文件已同步VPS(rsync -u, 仅推送更新过的)
[2026-08-02 21:56:08] VPS重算: 200
[2026-08-02 22:00:01] 抓到 12 场
[2026-08-02 22:00:06] ✓ 11个数据文件已同步VPS(rsync -u, 仅推送更新过的)
[2026-08-02 22:00:10] VPS重算: 200
[2026-08-02 22:08:01] 抓到 11 场
[2026-08-02 22:08:07] ✓ 11个数据文件已同步VPS(rsync -u, 仅推送更新过的)
[2026-08-02 22:08:10] VPS重算: 200
[2026-08-02 22:16:01] 抓到 11 场
[2026-08-02 22:16:06] ✓ 11个数据文件已同步VPS(rsync -u, 仅推送更新过的)
[2026-08-02 22:16:10] VPS重算: 200
[2026-08-02 22:24:01] 抓到 11 场
[2026-08-02 22:24:07] ✓ 11个数据文件已同步VPS(rsync -u, 仅推送更新过的)
[2026-08-02 22:24:09] VPS重算: 200
[2026-08-02 22:32:01] 抓到 10 场
[2026-08-02 22:32:07] ✓ 11个数据文件已同步VPS(rsync -u, 仅推送更新过的)
[2026-08-02 22:32:10] VPS重算: 200
[2026-08-02 22:40:01] 抓到 10 场
[2026-08-02 22:40:07] ✓ 11个数据文件已同步VPS(rsync -u, 仅推送更新过的)
[2026-08-02 22:40:09] VPS重算: 200
[2026-08-02 22:48:01] 抓到 10 场
[2026-08-02 22:48:10] ✓ 11个数据文件已同步VPS(rsync -u, 仅推送更新过的)
[2026-08-02 22:48:12] VPS重算: 200
[2026-08-02 22:56:01] 抓到 10 场
[2026-08-02 22:56:09] ✓ 11个数据文件已同步VPS(rsync -u, 仅推送更新过的)
[2026-08-02 22:56:12] VPS重算: 200
[2026-08-02 23:00:02] 抓到 10 场
[2026-08-02 23:00:06] ✓ 11个数据文件已同步VPS(rsync -u, 仅推送更新过的)
[2026-08-02 23:00:12] VPS重算: 200
[2026-08-02 23:08:01] 抓到 7 场
[2026-08-02 23:08:07] ✓ 11个数据文件已同步VPS(rsync -u, 仅推送更新过的)
[2026-08-02 23:08:10] VPS重算: 200
[2026-08-02 23:16:01] 抓到 7 场
[2026-08-02 23:16:09] ✓ 11个数据文件已同步VPS(rsync -u, 仅推送更新过的)
[2026-08-02 23:16:15] VPS重算: 200
[2026-08-02 23:24:01] 抓到 7 场
[2026-08-02 23:24:07] ✓ 11个数据文件已同步VPS(rsync -u, 仅推送更新过的)
[2026-08-02 23:24:09] VPS重算: 200
[2026-08-02 23:32:01] 抓到 7 场
[2026-08-02 23:32:07] ✓ 11个数据文件已同步VPS(rsync -u, 仅推送更新过的)
[2026-08-02 23:32:10] VPS重算: 200
[2026-08-02 23:40:01] 抓到 7 场
[2026-08-02 23:40:10] ✓ 11个数据文件已同步VPS(rsync -u, 仅推送更新过的)
[2026-08-02 23:40:13] VPS重算: 200
[2026-08-02 23:48:01] 抓到 7 场
[2026-08-02 23:48:08] ✓ 11个数据文件已同步VPS(rsync -u, 仅推送更新过的)
[2026-08-02 23:48:12] VPS重算: 200
[2026-08-02 23:56:01] 抓到 7 场
[2026-08-02 23:56:07] ✓ 11个数据文件已同步VPS(rsync -u, 仅推送更新过的)
[2026-08-02 23:56:10] VPS重算: 200
[2026-08-03 00:00:01] 抓到 7 场
[2026-08-03 00:00:07] ✓ 11个数据文件已同步VPS(rsync -u, 仅推送更新过的)
[2026-08-03 00:00:10] VPS重算: 200
[2026-08-03 00:08:01] 抓到 7 场
[2026-08-03 00:08:09] ✓ 11个数据文件已同步VPS(rsync -u, 仅推送更新过的)
[2026-08-03 00:08:12] VPS重算: 200
[2026-08-03 00:16:01] 抓到 7 场
[2026-08-03 00:16:06] ✓ 11个数据文件已同步VPS(rsync -u, 仅推送更新过的)
[2026-08-03 00:16:09] VPS重算: 200
[2026-08-03 00:24:01] 抓到 7 场
[2026-08-03 00:24:08] ✓ 11个数据文件已同步VPS(rsync -u, 仅推送更新过的)
[2026-08-03 00:24:10] VPS重算: 200
[2026-08-03 00:32:01] 抓到 7 场
[2026-08-03 00:32:07] ✓ 11个数据文件已同步VPS(rsync -u, 仅推送更新过的)
[2026-08-03 00:32:12] VPS重算: 200
[2026-08-03 00:40:01] 抓到 7 场
[2026-08-03 00:40:08] ✓ 11个数据文件已同步VPS(rsync -u, 仅推送更新过的)
[2026-08-03 00:40:10] VPS重算: 200
[2026-08-03 00:48:01] 抓到 7 场
[2026-08-03 00:48:07] ✓ 11个数据文件已同步VPS(rsync -u, 仅推送更新过的)
[2026-08-03 00:48:10] VPS重算: 200
[2026-08-03 00:56:01] 抓到 7 场
[2026-08-03 00:56:07] ✓ 11个数据文件已同步VPS(rsync -u, 仅推送更新过的)
[2026-08-03 00:56:08] VPS重算: 200
[2026-08-03 01:00:01] 抓到 7 场
[2026-08-03 01:00:06] ✓ 11个数据文件已同步VPS(rsync -u, 仅推送更新过的)
[2026-08-03 01:00:09] VPS重算: 200
[2026-08-03 01:08:01] 抓到 7 场
[2026-08-03 01:08:05] ✓ 11个数据文件已同步VPS(rsync -u, 仅推送更新过的)
[2026-08-03 01:08:07] VPS重算: 200
[2026-08-03 01:16:01] 抓到 6 场
[2026-08-03 01:16:07] ✓ 11个数据文件已同步VPS(rsync -u, 仅推送更新过的)
[2026-08-03 01:16:10] VPS重算: 200
[2026-08-03 01:24:01] 抓到 6 场
[2026-08-03 01:24:07] ✓ 11个数据文件已同步VPS(rsync -u, 仅推送更新过的)
[2026-08-03 01:24:09] VPS重算: 200
[2026-08-03 01:32:01] 抓到 6 场
[2026-08-03 01:32:06] ✓ 11个数据文件已同步VPS(rsync -u, 仅推送更新过的)
[2026-08-03 01:32:08] VPS重算: 200
[2026-08-03 01:40:01] 抓到 6 场
[2026-08-03 01:40:06] ✓ 11个数据文件已同步VPS(rsync -u, 仅推送更新过的)
[2026-08-03 01:40:08] VPS重算: 200
[2026-08-03 01:48:01] 抓到 6 场
[2026-08-03 01:48:05] ✓ 11个数据文件已同步VPS(rsync -u, 仅推送更新过的)
[2026-08-03 01:48:08] VPS重算: 200
[2026-08-03 01:56:01] 抓到 6 场
[2026-08-03 01:56:07] ✓ 11个数据文件已同步VPS(rsync -u, 仅推送更新过的)
[2026-08-03 01:56:10] VPS重算: 200
[2026-08-03 02:00:01] 抓到 6 场
[2026-08-03 02:00:05] ✓ 11个数据文件已同步VPS(rsync -u, 仅推送更新过的)
[2026-08-03 02:00:08] VPS重算: 200
[2026-08-03 02:08:01] 抓到 6 场
[2026-08-03 02:08:05] ✓ 11个数据文件已同步VPS(rsync -u, 仅推送更新过的)
[2026-08-03 02:08:06] VPS重算: 200
[2026-08-03 02:16:01] 抓到 6 场
[2026-08-03 02:16:06] ✓ 11个数据文件已同步VPS(rsync -u, 仅推送更新过的)
[2026-08-03 02:16:08] VPS重算: 200
[2026-08-03 02:24:01] 抓到 6 场
[2026-08-03 02:24:11] ✓ 11个数据文件已同步VPS(rsync -u, 仅推送更新过的)
[2026-08-03 02:24:14] VPS重算: 200
[2026-08-03 02:32:01] 抓到 6 场
[2026-08-03 02:32:06] ✓ 11个数据文件已同步VPS(rsync -u, 仅推送更新过的)
[2026-08-03 02:32:08] VPS重算: 200
[2026-08-03 02:40:01] 抓到 6 场
[2026-08-03 02:40:06] ✓ 11个数据文件已同步VPS(rsync -u, 仅推送更新过的)
[2026-08-03 02:40:08] VPS重算: 200
[2026-08-03 02:48:01] 抓到 6 场
[2026-08-03 02:48:05] ✓ 11个数据文件已同步VPS(rsync -u, 仅推送更新过的)
[2026-08-03 02:48:07] VPS重算: 200
[2026-08-03 02:56:01] 抓到 6 场
[2026-08-03 02:56:05] ✓ 11个数据文件已同步VPS(rsync -u, 仅推送更新过的)
[2026-08-03 02:56:07] VPS重算: 200
[2026-08-03 03:00:01] 抓到 6 场
[2026-08-03 03:00:05] ✓ 11个数据文件已同步VPS(rsync -u, 仅推送更新过的)
[2026-08-03 03:00:07] VPS重算: 200
[2026-08-03 03:08:01] 抓到 6 场
[2026-08-03 03:08:06] ✓ 11个数据文件已同步VPS(rsync -u, 仅推送更新过的)
[2026-08-03 03:08:07] VPS重算: 200
[2026-08-03 03:16:01] 抓到 6 场
[2026-08-03 03:16:06] ✓ 11个数据文件已同步VPS(rsync -u, 仅推送更新过的)
[2026-08-03 03:16:08] VPS重算: 200
[2026-08-03 03:24:01] 抓到 6 场
[2026-08-03 03:24:05] ✓ 11个数据文件已同步VPS(rsync -u, 仅推送更新过的)
[2026-08-03 03:24:07] VPS重算: 200
[2026-08-03 03:32:01] 抓到 6 场
[2026-08-03 03:32:06] ✓ 11个数据文件已同步VPS(rsync -u, 仅推送更新过的)
[2026-08-03 03:32:07] VPS重算: 200
[2026-08-03 03:40:01] 抓到 6 场
[2026-08-03 03:40:06] ✓ 11个数据文件已同步VPS(rsync -u, 仅推送更新过的)
[2026-08-03 03:40:08] VPS重算: 200
[2026-08-03 03:48:01] 抓到 6 场
[2026-08-03 03:48:06] ✓ 11个数据文件已同步VPS(rsync -u, 仅推送更新过的)
[2026-08-03 03:48:08] VPS重算: 200
[2026-08-03 03:56:01] 抓到 6 场
[2026-08-03 03:56:05] ✓ 11个数据文件已同步VPS(rsync -u, 仅推送更新过的)
[2026-08-03 03:56:07] VPS重算: 200
[2026-08-03 04:00:01] 抓到 6 场
[2026-08-03 04:00:05] ✓ 11个数据文件已同步VPS(rsync -u, 仅推送更新过的)
[2026-08-03 04:00:07] VPS重算: 200
[2026-08-03 04:08:02] 抓到 6 场
[2026-08-03 04:08:06] ✓ 11个数据文件已同步VPS(rsync -u, 仅推送更新过的)
[2026-08-03 04:08:08] VPS重算: 200
[2026-08-03 04:16:01] 抓到 6 场
[2026-08-03 04:16:06] ✓ 11个数据文件已同步VPS(rsync -u, 仅推送更新过的)
[2026-08-03 04:16:08] VPS重算: 200
[2026-08-03 04:24:01] 抓到 6 场
[2026-08-03 04:24:05] ✓ 11个数据文件已同步VPS(rsync -u, 仅推送更新过的)
[2026-08-03 04:24:07] VPS重算: 200
[2026-08-03 04:32:01] 抓到 6 场
[2026-08-03 04:32:05] ✓ 11个数据文件已同步VPS(rsync -u, 仅推送更新过的)
[2026-08-03 04:32:07] VPS重算: 200
[2026-08-03 04:40:01] 抓到 6 场
[2026-08-03 04:40:06] ✓ 11个数据文件已同步VPS(rsync -u, 仅推送更新过的)
[2026-08-03 04:40:08] VPS重算: 200
[2026-08-03 04:48:01] 抓到 6 场
[2026-08-03 04:48:05] ✓ 11个数据文件已同步VPS(rsync -u, 仅推送更新过的)
[2026-08-03 04:48:07] VPS重算: 200
[2026-08-03 04:56:01] 抓到 6 场
[2026-08-03 04:56:05] ✓ 11个数据文件已同步VPS(rsync -u, 仅推送更新过的)
[2026-08-03 04:56:07] VPS重算: 200
[2026-08-03 05:00:01] 抓到 6 场
[2026-08-03 05:00:04] ✓ 11个数据文件已同步VPS(rsync -u, 仅推送更新过的)
[2026-08-03 05:00:06] VPS重算: 200
[2026-08-03 05:08:01] 抓到 5 场
[2026-08-03 05:08:06] ✓ 11个数据文件已同步VPS(rsync -u, 仅推送更新过的)
[2026-08-03 05:08:09] VPS重算: 200
[2026-08-03 05:16:01] 抓到 5 场
[2026-08-03 05:16:06] ✓ 11个数据文件已同步VPS(rsync -u, 仅推送更新过的)
[2026-08-03 05:16:07] VPS重算: 200
[2026-08-03 05:24:01] 抓到 5 场
[2026-08-03 05:24:05] ✓ 11个数据文件已同步VPS(rsync -u, 仅推送更新过的)
[2026-08-03 05:24:06] VPS重算: 200
[2026-08-03 05:32:01] 抓到 5 场
[2026-08-03 05:32:05] ✓ 11个数据文件已同步VPS(rsync -u, 仅推送更新过的)
[2026-08-03 05:32:07] VPS重算: 200
[2026-08-03 05:40:01] 抓到 5 场
[2026-08-03 05:40:05] ✓ 11个数据文件已同步VPS(rsync -u, 仅推送更新过的)
[2026-08-03 05:40:07] VPS重算: 200
[2026-08-03 05:48:01] 抓到 5 场
[2026-08-03 05:48:05] ✓ 11个数据文件已同步VPS(rsync -u, 仅推送更新过的)
[2026-08-03 05:48:07] VPS重算: 200
[2026-08-03 05:56:01] 抓到 5 场
[2026-08-03 05:56:05] ✓ 11个数据文件已同步VPS(rsync -u, 仅推送更新过的)
[2026-08-03 05:56:07] VPS重算: 200
[2026-08-03 06:00:02] 抓到 5 场
[2026-08-03 06:00:05] ✓ 11个数据文件已同步VPS(rsync -u, 仅推送更新过的)
[2026-08-03 06:00:07] VPS重算: 200
[2026-08-03 06:08:01] 抓到 5 场
[2026-08-03 06:08:05] ✓ 11个数据文件已同步VPS(rsync -u, 仅推送更新过的)
[2026-08-03 06:08:07] VPS重算: 200
[2026-08-03 06:16:01] 抓到 5 场
[2026-08-03 06:16:05] ✓ 11个数据文件已同步VPS(rsync -u, 仅推送更新过的)
[2026-08-03 06:16:07] VPS重算: 200
[2026-08-03 06:24:01] 抓到 5 场
[2026-08-03 06:24:05] ✓ 11个数据文件已同步VPS(rsync -u, 仅推送更新过的)
[2026-08-03 06:24:07] VPS重算: 200
[2026-08-03 06:32:01] 抓到 4 场
[2026-08-03 06:32:05] ✓ 11个数据文件已同步VPS(rsync -u, 仅推送更新过的)
[2026-08-03 06:32:07] VPS重算: 200
[2026-08-03 06:40:01] 抓到 4 场
[2026-08-03 06:40:05] ✓ 11个数据文件已同步VPS(rsync -u, 仅推送更新过的)
[2026-08-03 06:40:07] VPS重算: 200
[2026-08-03 06:48:01] 抓到 4 场
[2026-08-03 06:48:05] ✓ 11个数据文件已同步VPS(rsync -u, 仅推送更新过的)
[2026-08-03 06:48:07] VPS重算: 200
[2026-08-03 06:56:01] 抓到 4 场
[2026-08-03 06:56:05] ✓ 11个数据文件已同步VPS(rsync -u, 仅推送更新过的)
[2026-08-03 06:56:07] VPS重算: 200
[2026-08-03 07:00:01] 抓到 4 场
[2026-08-03 07:00:04] ✓ 11个数据文件已同步VPS(rsync -u, 仅推送更新过的)
[2026-08-03 07:00:06] VPS重算: 200
[2026-08-03 07:08:01] 抓到 4 场
[2026-08-03 07:08:05] ✓ 11个数据文件已同步VPS(rsync -u, 仅推送更新过的)
[2026-08-03 07:08:07] VPS重算: 200
[2026-08-03 07:16:01] 抓到 4 场
[2026-08-03 07:16:05] ✓ 11个数据文件已同步VPS(rsync -u, 仅推送更新过的)
[2026-08-03 07:16:07] VPS重算: 200
[2026-08-03 07:24:01] 抓到 4 场
[2026-08-03 07:24:05] ✓ 11个数据文件已同步VPS(rsync -u, 仅推送更新过的)
[2026-08-03 07:24:07] VPS重算: 200
[2026-08-03 07:32:01] 抓到 4 场
[2026-08-03 07:32:05] ✓ 11个数据文件已同步VPS(rsync -u, 仅推送更新过的)
[2026-08-03 07:32:07] VPS重算: 200
[2026-08-03 07:40:01] 抓到 4 场
[2026-08-03 07:40:05] ✓ 11个数据文件已同步VPS(rsync -u, 仅推送更新过的)
[2026-08-03 07:40:07] VPS重算: 200
[2026-08-03 07:48:01] 抓到 4 场
[2026-08-03 07:48:05] ✓ 11个数据文件已同步VPS(rsync -u, 仅推送更新过的)
[2026-08-03 07:48:07] VPS重算: 200
[2026-08-03 07:56:01] 抓到 4 场
[2026-08-03 07:56:06] ✓ 11个数据文件已同步VPS(rsync -u, 仅推送更新过的)
[2026-08-03 07:56:08] VPS重算: 200
[2026-08-03 08:00:01] 抓到 4 场
[2026-08-03 08:00:05] ✓ 11个数据文件已同步VPS(rsync -u, 仅推送更新过的)
[2026-08-03 08:00:07] VPS重算: 200
[2026-08-03 08:08:01] 抓到 4 场
[2026-08-03 08:08:05] ✓ 11个数据文件已同步VPS(rsync -u, 仅推送更新过的)
[2026-08-03 08:08:06] VPS重算: 200
[2026-08-03 08:16:01] 抓到 4 场
[2026-08-03 08:16:06] ✓ 11个数据文件已同步VPS(rsync -u, 仅推送更新过的)
[2026-08-03 08:16:08] VPS重算: 200
[2026-08-03 08:24:01] 抓到 4 场
[2026-08-03 08:24:05] ✓ 11个数据文件已同步VPS(rsync -u, 仅推送更新过的)
[2026-08-03 08:24:07] VPS重算: 200
[2026-08-03 08:32:01] 抓到 4 场
[2026-08-03 08:32:05] ✓ 11个数据文件已同步VPS(rsync -u, 仅推送更新过的)
[2026-08-03 08:32:07] VPS重算: 200
[2026-08-03 08:40:01] 抓到 4 场
[2026-08-03 08:40:06] ✓ 11个数据文件已同步VPS(rsync -u, 仅推送更新过的)
[2026-08-03 08:40:07] VPS重算: 200
[2026-08-03 08:48:01] 抓到 4 场
[2026-08-03 08:48:05] ✓ 11个数据文件已同步VPS(rsync -u, 仅推送更新过的)
[2026-08-03 08:48:07] VPS重算: 200
[2026-08-03 08:56:01] 抓到 4 场
[2026-08-03 08:56:06] ✓ 11个数据文件已同步VPS(rsync -u, 仅推送更新过的)
[2026-08-03 08:56:08] VPS重算: 200
[2026-08-03 09:00:01] 抓到 4 场
[2026-08-03 09:00:05] ✓ 11个数据文件已同步VPS(rsync -u, 仅推送更新过的)
[2026-08-03 09:00:08] VPS重算: 200
[2026-08-03 09:08:01] 抓到 4 场
[2026-08-03 09:08:06] ✓ 11个数据文件已同步VPS(rsync -u, 仅推送更新过的)
[2026-08-03 09:08:07] VPS重算: 200
[2026-08-03 09:16:01] 抓到 4 场
[2026-08-03 09:16:05] ✓ 11个数据文件已同步VPS(rsync -u, 仅推送更新过的)
[2026-08-03 09:16:09] VPS重算: 200
[2026-08-03 09:24:01] 抓到 4 场
[2026-08-03 09:24:07] ✓ 11个数据文件已同步VPS(rsync -u, 仅推送更新过的)
[2026-08-03 09:24:10] VPS重算: 200
[2026-08-03 09:32:01] 抓到 4 场
[2026-08-03 09:32:06] ✓ 11个数据文件已同步VPS(rsync -u, 仅推送更新过的)
[2026-08-03 09:32:08] VPS重算: 200
[2026-08-03 09:40:01] 抓到 4 场
[2026-08-03 09:40:07] ✓ 11个数据文件已同步VPS(rsync -u, 仅推送更新过的)
[2026-08-03 09:40:09] VPS重算: 200
[2026-08-03 09:48:01] 抓到 4 场
[2026-08-03 09:48:08] ✓ 11个数据文件已同步VPS(rsync -u, 仅推送更新过的)
[2026-08-03 09:48:10] VPS重算: 200
[2026-08-03 09:56:01] 抓到 4 场
[2026-08-03 09:56:06] ✓ 11个数据文件已同步VPS(rsync -u, 仅推送更新过的)
[2026-08-03 09:56:08] VPS重算: 200
[2026-08-03 10:00:01] 抓到 4 场
[2026-08-03 10:00:05] ✓ 11个数据文件已同步VPS(rsync -u, 仅推送更新过的)
[2026-08-03 10:00:07] VPS重算: 200
[2026-08-03 10:08:01] 抓到 4 场
[2026-08-03 10:08:05] ✓ 11个数据文件已同步VPS(rsync -u, 仅推送更新过的)
[2026-08-03 10:08:36] VPS重算: 200
[2026-08-03 10:16:01] 抓到 4 场
[2026-08-03 10:16:06] ✓ 11个数据文件已同步VPS(rsync -u, 仅推送更新过的)
[2026-08-03 10:16:09] VPS重算: 200
[2026-08-03 10:24:01] 抓到 4 场
[2026-08-03 10:24:07] ✓ 11个数据文件已同步VPS(rsync -u, 仅推送更新过的)
[2026-08-03 10:24:10] VPS重算: 200
[2026-08-03 10:32:01] 抓到 4 场
[2026-08-03 10:32:05] ✓ 11个数据文件已同步VPS(rsync -u, 仅推送更新过的)
[2026-08-03 10:32:08] VPS重算: 200
[2026-08-03 10:40:01] 抓到 4 场
[2026-08-03 10:40:05] ✓ 11个数据文件已同步VPS(rsync -u, 仅推送更新过的)
[2026-08-03 10:40:06] VPS重算: 200
[2026-08-03 10:48:01] 抓到 4 场
[2026-08-03 10:48:07] ✓ 11个数据文件已同步VPS(rsync -u, 仅推送更新过的)
[2026-08-03 10:48:09] VPS重算: 200
[2026-08-03 10:56:01] 抓到 4 场
[2026-08-03 10:56:06] ✓ 11个数据文件已同步VPS(rsync -u, 仅推送更新过的)
[2026-08-03 10:56:08] VPS重算: 200
[2026-08-03 11:00:01] 抓到 4 场
[2026-08-03 11:00:06] ✓ 11个数据文件已同步VPS(rsync -u, 仅推送更新过的)
[2026-08-03 11:00:09] VPS重算: 200
[2026-08-03 11:08:01] 抓到 4 场
[2026-08-03 11:08:16] ✓ 11个数据文件已同步VPS(rsync -u, 仅推送更新过的)
[2026-08-03 11:08:18] VPS重算: 200
[2026-08-03 11:16:01] 抓到 4 场
[2026-08-03 11:16:06] ✓ 11个数据文件已同步VPS(rsync -u, 仅推送更新过的)
[2026-08-03 11:16:08] VPS重算: 200
[2026-08-03 11:24:01] 抓到 4 场
[2026-08-03 11:24:06] ✓ 11个数据文件已同步VPS(rsync -u, 仅推送更新过的)
[2026-08-03 11:24:10] VPS重算: 200
[2026-08-03 11:32:01] 抓到 4 场
[2026-08-03 11:32:05] ✓ 11个数据文件已同步VPS(rsync -u, 仅推送更新过的)
[2026-08-03 11:32:09] VPS重算: 200
[2026-08-03 11:40:01] 抓到 4 场
[2026-08-03 11:40:06] ✓ 11个数据文件已同步VPS(rsync -u, 仅推送更新过的)
[2026-08-03 11:40:08] VPS重算: 200
[2026-08-03 11:48:01] 抓到 4 场
[2026-08-03 11:48:09] ✓ 11个数据文件已同步VPS(rsync -u, 仅推送更新过的)
[2026-08-03 11:48:13] VPS重算: 200
[2026-08-03 11:56:01] 抓到 4 场
[2026-08-03 11:56:06] ✓ 11个数据文件已同步VPS(rsync -u, 仅推送更新过的)
[2026-08-03 11:56:08] VPS重算: 200
[2026-08-03 12:00:01] 抓到 4 场
[2026-08-03 12:00:07] ✓ 11个数据文件已同步VPS(rsync -u, 仅推送更新过的)
[2026-08-03 12:00:09] VPS重算: 200
[2026-08-03 12:08:01] 抓到 4 场
[2026-08-03 12:08:05] ✓ 11个数据文件已同步VPS(rsync -u, 仅推送更新过的)
[2026-08-03 12:08:07] VPS重算: 200
[2026-08-03 12:16:01] 抓到 4 场
[2026-08-03 12:16:05] ✓ 11个数据文件已同步VPS(rsync -u, 仅推送更新过的)
[2026-08-03 12:16:07] VPS重算: 200
[2026-08-03 12:24:01] 抓到 4 场
[2026-08-03 12:24:09] ✓ 11个数据文件已同步VPS(rsync -u, 仅推送更新过的)
[2026-08-03 12:24:11] VPS重算: 200
[2026-08-03 12:32:01] 抓到 4 场
[2026-08-03 12:32:07] ✓ 11个数据文件已同步VPS(rsync -u, 仅推送更新过的)
[2026-08-03 12:32:09] VPS重算: 200
[2026-08-03 12:40:01] 抓到 4 场
[2026-08-03 12:40:07] ✓ 11个数据文件已同步VPS(rsync -u, 仅推送更新过的)
[2026-08-03 12:40:11] VPS重算: 200
[2026-08-03 12:48:01] 抓到 4 场
[2026-08-03 12:48:08] ✓ 11个数据文件已同步VPS(rsync -u, 仅推送更新过的)
[2026-08-03 12:48:11] VPS重算: 200
[2026-08-03 12:56:01] 抓到 4 场
[2026-08-03 12:56:07] ✓ 11个数据文件已同步VPS(rsync -u, 仅推送更新过的)
[2026-08-03 12:56:10] VPS重算: 200
[2026-08-03 13:00:01] 抓到 4 场
[2026-08-03 13:00:13] ✓ 11个数据文件已同步VPS(rsync -u, 仅推送更新过的)
[2026-08-03 13:00:14] VPS重算: 200
[2026-08-03 13:08:01] 抓到 4 场
[2026-08-03 13:08:06] ✓ 11个数据文件已同步VPS(rsync -u, 仅推送更新过的)
[2026-08-03 13:08:09] VPS重算: 200
[2026-08-03 13:16:01] 抓到 4 场
[2026-08-03 13:16:06] ✓ 11个数据文件已同步VPS(rsync -u, 仅推送更新过的)
[2026-08-03 13:16:08] VPS重算: 200
[2026-08-03 13:24:01] 抓到 4 场
[2026-08-03 13:24:07] ✓ 11个数据文件已同步VPS(rsync -u, 仅推送更新过的)
[2026-08-03 13:24:14] VPS重算: 200
[2026-08-03 13:32:01] 抓到 4 场
[2026-08-03 13:32:10] ✓ 11个数据文件已同步VPS(rsync -u, 仅推送更新过的)
[2026-08-03 13:32:14] VPS重算: 200
[2026-08-03 13:40:02] 抓到 4 场
[2026-08-03 13:40:07] ✓ 11个数据文件已同步VPS(rsync -u, 仅推送更新过的)
[2026-08-03 13:40:10] VPS重算: 200
[2026-08-03 13:48:01] 抓到 4 场
[2026-08-03 13:48:07] ✓ 11个数据文件已同步VPS(rsync -u, 仅推送更新过的)
[2026-08-03 13:48:09] VPS重算: 200
[2026-08-03 13:56:01] 抓到 4 场
[2026-08-03 13:56:07] ✓ 11个数据文件已同步VPS(rsync -u, 仅推送更新过的)
[2026-08-03 13:56:09] VPS重算: 200
[2026-08-03 14:00:01] 抓到 4 场
[2026-08-03 14:00:07] ✓ 11个数据文件已同步VPS(rsync -u, 仅推送更新过的)
[2026-08-03 14:00:10] VPS重算: 200
[2026-08-03 14:08:01] 抓到 4 场
[2026-08-03 14:08:10] ✓ 11个数据文件已同步VPS(rsync -u, 仅推送更新过的)
[2026-08-03 14:08:42] VPS重算: 200
[2026-08-03 14:16:01] 抓到 4 场
[2026-08-03 14:16:06] ✓ 11个数据文件已同步VPS(rsync -u, 仅推送更新过的)
[2026-08-03 14:16:08] VPS重算: 200
[2026-08-03 14:24:01] 抓到 4 场
[2026-08-03 14:24:06] ✓ 11个数据文件已同步VPS(rsync -u, 仅推送更新过的)
[2026-08-03 14:25:36] VPS重算: 000
[2026-08-03 14:32:01] 抓到 4 场
[2026-08-03 14:32:08] ✓ 11个数据文件已同步VPS(rsync -u, 仅推送更新过的)
[2026-08-03 14:33:38] VPS重算: 000
[2026-08-03 14:40:01] 抓到 4 场
[2026-08-03 14:40:08] ✓ 11个数据文件已同步VPS(rsync -u, 仅推送更新过的)
[2026-08-03 14:41:11] VPS重算: 200
[2026-08-03 14:48:01] 抓到 4 场
[2026-08-03 14:48:07] ✓ 11个数据文件已同步VPS(rsync -u, 仅推送更新过的)
[2026-08-03 14:48:09] VPS重算: 200
[2026-08-03 14:56:01] 抓到 4 场
[2026-08-03 14:56:06] ✓ 11个数据文件已同步VPS(rsync -u, 仅推送更新过的)
[2026-08-03 14:56:08] VPS重算: 200
[2026-08-03 15:00:01] 抓到 4 场
[2026-08-03 15:00:06] ✓ 11个数据文件已同步VPS(rsync -u, 仅推送更新过的)
[2026-08-03 15:00:09] VPS重算: 200
[2026-08-03 15:08:01] 抓到 4 场
[2026-08-03 15:08:05] ✓ 11个数据文件已同步VPS(rsync -u, 仅推送更新过的)
[2026-08-03 15:08:37] VPS重算: 200
[2026-08-03 15:16:01] 抓到 4 场
[2026-08-03 15:16:07] ✓ 11个数据文件已同步VPS(rsync -u, 仅推送更新过的)
[2026-08-03 15:16:09] VPS重算: 200
[2026-08-03 15:24:01] 抓到 4 场
[2026-08-03 15:24:05] ✓ 11个数据文件已同步VPS(rsync -u, 仅推送更新过的)
[2026-08-03 15:24:09] VPS重算: 200
[2026-08-03 15:32:01] 抓到 4 场
[2026-08-03 15:32:08] ✓ 11个数据文件已同步VPS(rsync -u, 仅推送更新过的)
[2026-08-03 15:32:41] VPS重算: 200
[2026-08-03 15:40:01] 抓到 4 场
[2026-08-03 15:40:07] ✓ 11个数据文件已同步VPS(rsync -u, 仅推送更新过的)
[2026-08-03 15:40:13] VPS重算: 200
[2026-08-03 15:48:01] 抓到 4 场
[2026-08-03 15:48:06] ✓ 11个数据文件已同步VPS(rsync -u, 仅推送更新过的)
[2026-08-03 15:48:08] VPS重算: 200
[2026-08-03 15:56:01] 抓到 4 场
[2026-08-03 15:56:06] ✓ 11个数据文件已同步VPS(rsync -u, 仅推送更新过的)
[2026-08-03 15:56:09] VPS重算: 200
[2026-08-03 16:00:01] 抓到 4 场
[2026-08-03 16:00:07] ✓ 11个数据文件已同步VPS(rsync -u, 仅推送更新过的)
[2026-08-03 16:00:10] VPS重算: 200
[2026-08-03 16:08:01] 抓到 4 场
[2026-08-03 16:08:06] ✓ 11个数据文件已同步VPS(rsync -u, 仅推送更新过的)
[2026-08-03 16:08:09] VPS重算: 200
[2026-08-03 16:16:01] 抓到 4 场
[2026-08-03 16:16:13] ✓ 11个数据文件已同步VPS(rsync -u, 仅推送更新过的)
[2026-08-03 16:16:15] VPS重算: 200
[2026-08-03 16:24:01] 抓到 4 场
[2026-08-03 16:24:07] ✓ 11个数据文件已同步VPS(rsync -u, 仅推送更新过的)
[2026-08-03 16:24:10] VPS重算: 200
[2026-08-03 16:32:01] 抓到 4 场
[2026-08-03 16:32:08] ✓ 11个数据文件已同步VPS(rsync -u, 仅推送更新过的)
[2026-08-03 16:32:10] VPS重算: 200
[2026-08-03 16:40:01] 抓到 4 场
[2026-08-03 16:40:07] ✓ 11个数据文件已同步VPS(rsync -u, 仅推送更新过的)
[2026-08-03 16:40:08] VPS重算: 200
[2026-08-03 16:48:01] 抓到 4 场
[2026-08-03 16:48:06] ✓ 11个数据文件已同步VPS(rsync -u, 仅推送更新过的)
[2026-08-03 16:48:19] VPS重算: 200
[2026-08-03 16:56:01] 抓到 4 场
[2026-08-03 16:56:08] ✓ 11个数据文件已同步VPS(rsync -u, 仅推送更新过的)
[2026-08-03 16:56:10] VPS重算: 200
[2026-08-03 17:00:01] 抓到 4 场
[2026-08-03 17:00:09] ✓ 11个数据文件已同步VPS(rsync -u, 仅推送更新过的)
[2026-08-03 17:00:11] VPS重算: 200
[2026-08-03 17:08:01] 抓到 4 场
[2026-08-03 17:08:07] ✓ 11个数据文件已同步VPS(rsync -u, 仅推送更新过的)
[2026-08-03 17:08:11] VPS重算: 200
[2026-08-03 20:08:01] 抓到 4 场
[2026-08-03 20:08:07] ✓ 11个数据文件已同步VPS(rsync -u, 仅推送更新过的)
[2026-08-03 20:08:09] VPS重算: 200
[2026-08-03 20:16:01] 抓到 4 场
[2026-08-03 20:16:06] ✓ 11个数据文件已同步VPS(rsync -u, 仅推送更新过的)
[2026-08-03 20:16:09] VPS重算: 200
[2026-08-03 20:24:01] 抓到 4 场
[2026-08-03 20:25:00] ✓ 11个数据文件已同步VPS(rsync -u, 仅推送更新过的)
[2026-08-03 20:25:02] VPS重算: 200
[2026-08-03 20:32:01] 抓到 4 场
[2026-08-03 20:32:06] ✓ 11个数据文件已同步VPS(rsync -u, 仅推送更新过的)
[2026-08-03 20:32:09] VPS重算: 200
[2026-08-03 20:40:01] 抓到 4 场
[2026-08-03 20:40:08] ✓ 11个数据文件已同步VPS(rsync -u, 仅推送更新过的)
[2026-08-03 20:40:10] VPS重算: 200
[2026-08-03 20:48:01] 抓到 4 场
[2026-08-03 20:48:06] ✓ 11个数据文件已同步VPS(rsync -u, 仅推送更新过的)
[2026-08-03 20:48:08] VPS重算: 200
[2026-08-03 20:56:01] 抓到 4 场
[2026-08-03 20:56:08] ✓ 11个数据文件已同步VPS(rsync -u, 仅推送更新过的)
[2026-08-03 20:56:10] VPS重算: 200
[2026-08-03 21:00:02] 抓到 4 场
[2026-08-03 21:00:06] ✓ 11个数据文件已同步VPS(rsync -u, 仅推送更新过的)
[2026-08-03 21:00:09] VPS重算: 200
[2026-08-03 21:08:01] 抓到 4 场
[2026-08-03 21:08:06] ✓ 11个数据文件已同步VPS(rsync -u, 仅推送更新过的)
[2026-08-03 21:08:09] VPS重算: 200
[2026-08-03 21:16:01] 抓到 4 场
[2026-08-03 21:16:06] ✓ 11个数据文件已同步VPS(rsync -u, 仅推送更新过的)
[2026-08-03 21:16:09] VPS重算: 200
[2026-08-03 21:24:01] 抓到 4 场
[2026-08-03 21:24:07] ✓ 11个数据文件已同步VPS(rsync -u, 仅推送更新过的)
[2026-08-03 21:24:09] VPS重算: 200
[2026-08-03 21:32:01] 抓到 4 场
[2026-08-03 21:32:13] ✓ 11个数据文件已同步VPS(rsync -u, 仅推送更新过的)
[2026-08-03 21:32:17] VPS重算: 200
[2026-08-03 21:40:01] 抓到 4 场
[2026-08-03 21:40:09] ✓ 11个数据文件已同步VPS(rsync -u, 仅推送更新过的)
[2026-08-03 21:40:12] VPS重算: 200
[2026-08-03 21:48:01] 抓到 4 场
[2026-08-03 21:48:05] ✓ 11个数据文件已同步VPS(rsync -u, 仅推送更新过的)
[2026-08-03 21:48:14] VPS重算: 200
[2026-08-03 21:56:01] 抓到 4 场
[2026-08-03 21:56:07] ✓ 11个数据文件已同步VPS(rsync -u, 仅推送更新过的)
[2026-08-03 21:56:09] VPS重算: 200
[2026-08-03 22:00:01] 抓到 4 场
[2026-08-03 22:00:07] ✓ 11个数据文件已同步VPS(rsync -u, 仅推送更新过的)
[2026-08-03 22:00:09] VPS重算: 200
[2026-08-03 22:08:01] 抓到 4 场
[2026-08-03 22:08:53] ✓ 11个数据文件已同步VPS(rsync -u, 仅推送更新过的)
[2026-08-03 22:08:55] VPS重算: 200
[2026-08-03 22:16:01] 抓到 4 场
[2026-08-03 22:16:08] ✓ 11个数据文件已同步VPS(rsync -u, 仅推送更新过的)
[2026-08-03 22:16:11] VPS重算: 200
[2026-08-03 22:24:01] 抓到 4 场
[2026-08-03 22:24:07] ✓ 11个数据文件已同步VPS(rsync -u, 仅推送更新过的)
[2026-08-03 22:24:11] VPS重算: 200
[2026-08-03 22:32:01] 抓到 4 场
[2026-08-03 22:32:05] ✓ 11个数据文件已同步VPS(rsync -u, 仅推送更新过的)
[2026-08-03 22:32:07] VPS重算: 200
[2026-08-03 22:40:01] 抓到 4 场
[2026-08-03 22:40:09] ✓ 11个数据文件已同步VPS(rsync -u, 仅推送更新过的)
[2026-08-03 22:40:13] VPS重算: 200
[2026-08-03 22:48:01] 抓到 4 场
[2026-08-03 22:48:07] ✓ 11个数据文件已同步VPS(rsync -u, 仅推送更新过的)
[2026-08-03 22:48:09] VPS重算: 200
[2026-08-03 22:56:01] 抓到 4 场
[2026-08-03 22:56:10] ✓ 11个数据文件已同步VPS(rsync -u, 仅推送更新过的)
[2026-08-03 22:56:14] VPS重算: 200
[2026-08-03 23:00:01] 抓到 4 场
[2026-08-03 23:00:07] ✓ 11个数据文件已同步VPS(rsync -u, 仅推送更新过的)
[2026-08-03 23:00:11] VPS重算: 200
[2026-08-03 23:08:01] 抓到 4 场
[2026-08-03 23:08:07] ✓ 11个数据文件已同步VPS(rsync -u, 仅推送更新过的)
[2026-08-03 23:08:10] VPS重算: 200
[2026-08-03 23:16:01] 抓到 4 场
[2026-08-03 23:16:07] ✓ 11个数据文件已同步VPS(rsync -u, 仅推送更新过的)
[2026-08-03 23:16:10] VPS重算: 200
[2026-08-03 23:24:01] 抓到 4 场
[2026-08-03 23:24:06] ✓ 11个数据文件已同步VPS(rsync -u, 仅推送更新过的)
[2026-08-03 23:24:10] VPS重算: 200
[2026-08-03 23:32:01] 抓到 4 场
[2026-08-03 23:32:07] ✓ 11个数据文件已同步VPS(rsync -u, 仅推送更新过的)
[2026-08-03 23:32:09] VPS重算: 200
[2026-08-03 23:40:01] 抓到 4 场
[2026-08-03 23:40:09] ✓ 11个数据文件已同步VPS(rsync -u, 仅推送更新过的)
[2026-08-03 23:40:13] VPS重算: 200
[2026-08-03 23:48:01] 抓到 4 场
[2026-08-03 23:48:09] ✓ 11个数据文件已同步VPS(rsync -u, 仅推送更新过的)
[2026-08-03 23:48:11] VPS重算: 200
[2026-08-03 23:56:01] 抓到 4 场
[2026-08-03 23:56:09] ✓ 11个数据文件已同步VPS(rsync -u, 仅推送更新过的)
[2026-08-03 23:56:11] VPS重算: 200
[2026-08-04 00:00:01] 抓到 4 场
[2026-08-04 00:00:08] ✓ 11个数据文件已同步VPS(rsync -u, 仅推送更新过的)
[2026-08-04 00:00:11] VPS重算: 200
[2026-08-04 00:08:01] 抓到 3 场
[2026-08-04 00:08:06] ✓ 11个数据文件已同步VPS(rsync -u, 仅推送更新过的)
[2026-08-04 00:08:10] VPS重算: 200
[2026-08-04 00:16:01] 抓到 3 场
[2026-08-04 00:16:09] ✓ 11个数据文件已同步VPS(rsync -u, 仅推送更新过的)
[2026-08-04 00:16:11] VPS重算: 200
[2026-08-04 00:24:01] 抓到 3 场
[2026-08-04 00:24:06] ✓ 11个数据文件已同步VPS(rsync -u, 仅推送更新过的)
[2026-08-04 00:24:09] VPS重算: 200
[2026-08-04 00:32:01] 抓到 3 场
[2026-08-04 00:32:13] ✓ 11个数据文件已同步VPS(rsync -u, 仅推送更新过的)
[2026-08-04 00:32:15] VPS重算: 200
[2026-08-04 00:40:01] 抓到 3 场
[2026-08-04 00:40:09] ✓ 11个数据文件已同步VPS(rsync -u, 仅推送更新过的)
[2026-08-04 00:40:12] VPS重算: 200
[2026-08-04 00:48:01] 抓到 3 场
[2026-08-04 00:48:05] ✓ 11个数据文件已同步VPS(rsync -u, 仅推送更新过的)
[2026-08-04 00:48:07] VPS重算: 200
[2026-08-04 00:56:01] 抓到 3 场
[2026-08-04 00:56:07] ✓ 11个数据文件已同步VPS(rsync -u, 仅推送更新过的)
[2026-08-04 00:56:09] VPS重算: 200
[2026-08-04 01:00:01] 抓到 3 场
[2026-08-04 01:00:06] ✓ 11个数据文件已同步VPS(rsync -u, 仅推送更新过的)
[2026-08-04 01:00:09] VPS重算: 200
[2026-08-04 01:08:01] 抓到 1 场
[2026-08-04 01:08:06] ✓ 11个数据文件已同步VPS(rsync -u, 仅推送更新过的)
[2026-08-04 01:08:08] VPS重算: 200
[2026-08-04 01:16:01] 抓到 1 场
[2026-08-04 01:16:05] ✓ 11个数据文件已同步VPS(rsync -u, 仅推送更新过的)
[2026-08-04 01:16:08] VPS重算: 200
[2026-08-04 01:24:01] 抓到 1 场
[2026-08-04 01:24:06] ✓ 11个数据文件已同步VPS(rsync -u, 仅推送更新过的)
[2026-08-04 01:24:08] VPS重算: 200
[2026-08-04 01:32:01] 抓到 1 场
[2026-08-04 01:33:29] ✓ 11个数据文件已同步VPS(rsync -u, 仅推送更新过的)
[2026-08-04 01:33:31] VPS重算: 200
[2026-08-04 01:40:01] 抓到 1 场
[2026-08-04 01:40:07] ✓ 11个数据文件已同步VPS(rsync -u, 仅推送更新过的)
[2026-08-04 01:40:09] VPS重算: 200
[2026-08-04 01:48:01] 抓到 1 场
[2026-08-04 01:48:06] ✓ 11个数据文件已同步VPS(rsync -u, 仅推送更新过的)
[2026-08-04 01:48:07] VPS重算: 200
[2026-08-04 01:56:01] 抓到 1 场
[2026-08-04 01:56:06] ✓ 11个数据文件已同步VPS(rsync -u, 仅推送更新过的)
[2026-08-04 01:56:07] VPS重算: 200
[2026-08-04 02:00:01] 抓到 1 场
[2026-08-04 02:00:05] ✓ 11个数据文件已同步VPS(rsync -u, 仅推送更新过的)
[2026-08-04 02:00:07] VPS重算: 200
[2026-08-04 02:08:01] 抓到 1 场
[2026-08-04 02:08:06] ✓ 11个数据文件已同步VPS(rsync -u, 仅推送更新过的)
[2026-08-04 02:08:07] VPS重算: 200
[2026-08-04 02:16:01] 抓到 1 场
[2026-08-04 02:16:05] ✓ 11个数据文件已同步VPS(rsync -u, 仅推送更新过的)
[2026-08-04 02:16:07] VPS重算: 200
[2026-08-04 02:24:01] 抓到 1 场
[2026-08-04 02:24:06] ✓ 11个数据文件已同步VPS(rsync -u, 仅推送更新过的)
[2026-08-04 02:24:08] VPS重算: 200
[2026-08-04 02:32:01] 抓到 1 场
[2026-08-04 02:32:05] ✓ 11个数据文件已同步VPS(rsync -u, 仅推送更新过的)
[2026-08-04 02:32:06] VPS重算: 200
[2026-08-04 02:40:02] 抓到 1 场
[2026-08-04 02:40:06] ✓ 11个数据文件已同步VPS(rsync -u, 仅推送更新过的)
[2026-08-04 02:40:08] VPS重算: 200
[2026-08-04 02:48:01] 抓到 1 场
[2026-08-04 02:48:05] ✓ 11个数据文件已同步VPS(rsync -u, 仅推送更新过的)
[2026-08-04 02:48:07] VPS重算: 200
[2026-08-04 02:56:01] 抓到 1 场
[2026-08-04 02:56:05] ✓ 11个数据文件已同步VPS(rsync -u, 仅推送更新过的)
[2026-08-04 02:56:07] VPS重算: 200
[2026-08-04 03:00:01] 抓到 1 场
[2026-08-04 03:00:05] ✓ 11个数据文件已同步VPS(rsync -u, 仅推送更新过的)
[2026-08-04 03:00:07] VPS重算: 200
[2026-08-04 03:08:01] 抓到 1 场
[2026-08-04 03:08:06] ✓ 11个数据文件已同步VPS(rsync -u, 仅推送更新过的)
[2026-08-04 03:08:08] VPS重算: 200
[2026-08-04 03:16:01] 抓到 1 场
[2026-08-04 03:16:05] ✓ 11个数据文件已同步VPS(rsync -u, 仅推送更新过的)
[2026-08-04 03:16:06] VPS重算: 200
[2026-08-04 03:24:01] 抓到 1 场
[2026-08-04 03:24:06] ✓ 11个数据文件已同步VPS(rsync -u, 仅推送更新过的)
[2026-08-04 03:24:07] VPS重算: 200
[2026-08-04 03:32:01] 抓到 1 场
[2026-08-04 03:33:11] ✓ 11个数据文件已同步VPS(rsync -u, 仅推送更新过的)
[2026-08-04 03:33:16] VPS重算: 200
[2026-08-04 03:40:01] 抓到 1 场
[2026-08-04 03:40:06] ✓ 11个数据文件已同步VPS(rsync -u, 仅推送更新过的)
[2026-08-04 03:40:07] VPS重算: 200
[2026-08-04 03:48:01] 抓到 1 场
[2026-08-04 03:48:06] ✓ 11个数据文件已同步VPS(rsync -u, 仅推送更新过的)
[2026-08-04 03:48:07] VPS重算: 200
[2026-08-04 03:56:01] 抓到 1 场
[2026-08-04 03:56:06] ✓ 11个数据文件已同步VPS(rsync -u, 仅推送更新过的)
[2026-08-04 03:56:07] VPS重算: 200
[2026-08-04 04:00:01] 抓到 1 场
[2026-08-04 04:00:05] ✓ 11个数据文件已同步VPS(rsync -u, 仅推送更新过的)
[2026-08-04 04:00:06] VPS重算: 200
[2026-08-04 04:08:01] 抓到 1 场
[2026-08-04 04:08:05] ✓ 11个数据文件已同步VPS(rsync -u, 仅推送更新过的)
[2026-08-04 04:08:07] VPS重算: 200
[2026-08-04 04:16:01] 抓到 1 场
[2026-08-04 04:16:06] ✓ 11个数据文件已同步VPS(rsync -u, 仅推送更新过的)
[2026-08-04 04:16:08] VPS重算: 200
[2026-08-04 04:24:01] 抓到 1 场
[2026-08-04 04:24:05] ✓ 11个数据文件已同步VPS(rsync -u, 仅推送更新过的)
[2026-08-04 04:24:07] VPS重算: 200
[2026-08-04 04:32:01] 抓到 1 场
[2026-08-04 04:32:05] ✓ 11个数据文件已同步VPS(rsync -u, 仅推送更新过的)
[2026-08-04 04:32:07] VPS重算: 200
[2026-08-04 04:40:01] 抓到 1 场
[2026-08-04 04:40:08] ✓ 11个数据文件已同步VPS(rsync -u, 仅推送更新过的)
[2026-08-04 04:40:11] VPS重算: 200
[2026-08-04 04:48:01] 抓到 1 场
[2026-08-04 04:48:05] ✓ 11个数据文件已同步VPS(rsync -u, 仅推送更新过的)
[2026-08-04 04:48:07] VPS重算: 200
[2026-08-04 04:56:01] 抓到 1 场
[2026-08-04 04:56:05] ✓ 11个数据文件已同步VPS(rsync -u, 仅推送更新过的)
[2026-08-04 04:56:06] VPS重算: 200
[2026-08-04 05:00:01] 抓到 1 场
[2026-08-04 05:00:05] ✓ 11个数据文件已同步VPS(rsync -u, 仅推送更新过的)
[2026-08-04 05:00:07] VPS重算: 200
[2026-08-04 05:08:01] 抓到 1 场
[2026-08-04 05:08:05] ✓ 11个数据文件已同步VPS(rsync -u, 仅推送更新过的)
[2026-08-04 05:08:07] VPS重算: 200
[2026-08-04 05:16:01] 抓到 1 场
[2026-08-04 05:16:05] ✓ 11个数据文件已同步VPS(rsync -u, 仅推送更新过的)
[2026-08-04 05:16:06] VPS重算: 200
[2026-08-04 05:24:01] 抓到 1 场
[2026-08-04 05:24:05] ✓ 11个数据文件已同步VPS(rsync -u, 仅推送更新过的)
[2026-08-04 05:24:07] VPS重算: 200
[2026-08-04 05:32:01] 抓到 1 场
[2026-08-04 05:32:05] ✓ 11个数据文件已同步VPS(rsync -u, 仅推送更新过的)
[2026-08-04 05:32:07] VPS重算: 200
[2026-08-04 05:40:01] 抓到 1 场
[2026-08-04 05:40:06] ✓ 11个数据文件已同步VPS(rsync -u, 仅推送更新过的)
[2026-08-04 05:40:07] VPS重算: 200
[2026-08-04 05:48:01] 抓到 1 场
[2026-08-04 05:48:05] ✓ 11个数据文件已同步VPS(rsync -u, 仅推送更新过的)
[2026-08-04 05:48:07] VPS重算: 200
[2026-08-04 05:56:01] 抓到 1 场
[2026-08-04 05:56:05] ✓ 11个数据文件已同步VPS(rsync -u, 仅推送更新过的)
[2026-08-04 05:56:07] VPS重算: 200
[2026-08-04 06:00:01] 抓到 1 场
[2026-08-04 06:00:05] ✓ 11个数据文件已同步VPS(rsync -u, 仅推送更新过的)
[2026-08-04 06:00:06] VPS重算: 200
[2026-08-04 06:08:01] 抓到 1 场
[2026-08-04 06:08:05] ✓ 11个数据文件已同步VPS(rsync -u, 仅推送更新过的)
[2026-08-04 06:08:07] VPS重算: 200
[2026-08-04 06:16:01] 抓到 1 场
[2026-08-04 06:16:05] ✓ 11个数据文件已同步VPS(rsync -u, 仅推送更新过的)
[2026-08-04 06:16:06] VPS重算: 200
[2026-08-04 06:24:01] 抓到 1 场
[2026-08-04 06:24:05] ✓ 11个数据文件已同步VPS(rsync -u, 仅推送更新过的)
[2026-08-04 06:24:06] VPS重算: 200
[2026-08-04 06:32:01] 抓到 1 场
[2026-08-04 06:32:05] ✓ 11个数据文件已同步VPS(rsync -u, 仅推送更新过的)
[2026-08-04 06:32:07] VPS重算: 200
[2026-08-04 06:40:01] 抓到 1 场
[2026-08-04 06:40:05] ✓ 11个数据文件已同步VPS(rsync -u, 仅推送更新过的)
[2026-08-04 06:40:07] VPS重算: 200
[2026-08-04 06:48:01] 抓到 1 场
[2026-08-04 06:48:05] ✓ 11个数据文件已同步VPS(rsync -u, 仅推送更新过的)
[2026-08-04 06:48:07] VPS重算: 200
[2026-08-04 06:56:01] 抓到 1 场
[2026-08-04 06:56:05] ✓ 11个数据文件已同步VPS(rsync -u, 仅推送更新过的)
[2026-08-04 06:56:06] VPS重算: 200
[2026-08-04 07:00:01] 抓到 1 场
[2026-08-04 07:00:08] ✓ 11个数据文件已同步VPS(rsync -u, 仅推送更新过的)
[2026-08-04 07:00:09] VPS重算: 200
[2026-08-04 07:08:01] 抓到 1 场
[2026-08-04 07:08:05] ✓ 11个数据文件已同步VPS(rsync -u, 仅推送更新过的)
[2026-08-04 07:08:07] VPS重算: 200
[2026-08-04 07:16:01] 抓到 1 场
[2026-08-04 07:16:05] ✓ 11个数据文件已同步VPS(rsync -u, 仅推送更新过的)
[2026-08-04 07:16:08] VPS重算: 200
[2026-08-04 07:24:01] 抓到 1 场
[2026-08-04 07:24:05] ✓ 11个数据文件已同步VPS(rsync -u, 仅推送更新过的)
[2026-08-04 07:24:07] VPS重算: 200
[2026-08-04 07:32:01] 抓到 1 场
[2026-08-04 07:32:05] ✓ 11个数据文件已同步VPS(rsync -u, 仅推送更新过的)
[2026-08-04 07:32:07] VPS重算: 200
[2026-08-04 07:40:01] 抓到 1 场
[2026-08-04 07:40:05] ✓ 11个数据文件已同步VPS(rsync -u, 仅推送更新过的)
[2026-08-04 07:40:07] VPS重算: 200
[2026-08-04 07:48:01] 抓到 1 场
[2026-08-04 07:48:05] ✓ 11个数据文件已同步VPS(rsync -u, 仅推送更新过的)
[2026-08-04 07:48:07] VPS重算: 200
[2026-08-04 07:56:01] 抓到 1 场
[2026-08-04 07:56:05] ✓ 11个数据文件已同步VPS(rsync -u, 仅推送更新过的)
[2026-08-04 07:56:07] VPS重算: 200
[2026-08-04 08:00:01] 抓到 1 场
[2026-08-04 08:00:06] ✓ 11个数据文件已同步VPS(rsync -u, 仅推送更新过的)
[2026-08-04 08:00:07] VPS重算: 200
[2026-08-04 08:08:01] 抓到 0 场
[2026-08-04 08:08:05] ✓ 11个数据文件已同步VPS(rsync -u, 仅推送更新过的)
[2026-08-04 08:08:07] VPS重算: 200
[2026-08-04 08:16:01] 抓到 0 场
[2026-08-04 08:16:05] ✓ 11个数据文件已同步VPS(rsync -u, 仅推送更新过的)
[2026-08-04 08:16:07] VPS重算: 200
[2026-08-04 08:24:01] 抓到 0 场
[2026-08-04 08:24:06] ✓ 11个数据文件已同步VPS(rsync -u, 仅推送更新过的)
[2026-08-04 08:24:09] VPS重算: 200
[2026-08-04 08:32:01] 抓到 0 场
[2026-08-04 08:32:05] ✓ 11个数据文件已同步VPS(rsync -u, 仅推送更新过的)
[2026-08-04 08:32:06] VPS重算: 200
[2026-08-04 08:40:01] 抓到 0 场
[2026-08-04 08:40:06] ✓ 11个数据文件已同步VPS(rsync -u, 仅推送更新过的)
[2026-08-04 08:40:08] VPS重算: 200
[2026-08-04 08:48:01] 抓到 0 场
[2026-08-04 08:48:06] ✓ 11个数据文件已同步VPS(rsync -u, 仅推送更新过的)
[2026-08-04 08:48:07] VPS重算: 200
[2026-08-04 08:56:01] 抓到 0 场
[2026-08-04 08:56:08] ✓ 11个数据文件已同步VPS(rsync -u, 仅推送更新过的)
[2026-08-04 08:56:11] VPS重算: 200
[2026-08-04 09:00:01] 抓到 0 场
[2026-08-04 09:00:05] ✓ 11个数据文件已同步VPS(rsync -u, 仅推送更新过的)
[2026-08-04 09:00:07] VPS重算: 200
[2026-08-04 09:08:01] 抓到 0 场
[2026-08-04 09:08:06] ✓ 11个数据文件已同步VPS(rsync -u, 仅推送更新过的)
[2026-08-04 09:08:08] VPS重算: 200
[2026-08-04 09:16:01] 抓到 0 场
[2026-08-04 09:16:07] ✓ 11个数据文件已同步VPS(rsync -u, 仅推送更新过的)
[2026-08-04 09:16:09] VPS重算: 200
[2026-08-04 09:24:01] 抓到 0 场
[2026-08-04 09:24:07] ✓ 11个数据文件已同步VPS(rsync -u, 仅推送更新过的)
[2026-08-04 09:24:08] VPS重算: 200
[2026-08-04 09:32:01] 抓到 0 场
[2026-08-04 09:32:07] ✓ 11个数据文件已同步VPS(rsync -u, 仅推送更新过的)
[2026-08-04 09:32:09] VPS重算: 200
[2026-08-04 09:40:01] 抓到 0 场
[2026-08-04 09:40:06] ✓ 11个数据文件已同步VPS(rsync -u, 仅推送更新过的)
[2026-08-04 09:40:09] VPS重算: 200
[2026-08-04 09:48:01] 抓到 0 场
[2026-08-04 09:48:04] ✓ 11个数据文件已同步VPS(rsync -u, 仅推送更新过的)
[2026-08-04 09:48:06] VPS重算: 200
[2026-08-04 09:56:01] 抓到 0 场
[2026-08-04 09:56:06] ✓ 11个数据文件已同步VPS(rsync -u, 仅推送更新过的)
[2026-08-04 09:56:08] VPS重算: 200
[2026-08-04 10:00:01] 抓到 0 场
[2026-08-04 10:00:05] ✓ 11个数据文件已同步VPS(rsync -u, 仅推送更新过的)
[2026-08-04 10:00:07] VPS重算: 200
[2026-08-04 10:08:01] 抓到 0 场
[2026-08-04 10:08:06] ✓ 11个数据文件已同步VPS(rsync -u, 仅推送更新过的)
[2026-08-04 10:08:08] VPS重算: 200
[2026-08-04 10:16:01] 抓到 0 场
[2026-08-04 10:16:05] ✓ 11个数据文件已同步VPS(rsync -u, 仅推送更新过的)
[2026-08-04 10:16:08] VPS重算: 200
[2026-08-04 10:24:01] 抓到 0 场
[2026-08-04 10:24:05] ✓ 11个数据文件已同步VPS(rsync -u, 仅推送更新过的)
[2026-08-04 10:24:07] VPS重算: 200
[2026-08-04 10:32:01] 抓到 0 场
[2026-08-04 10:32:05] ✓ 11个数据文件已同步VPS(rsync -u, 仅推送更新过的)
[2026-08-04 10:32:07] VPS重算: 200
[2026-08-04 10:40:01] 抓到 0 场
[2026-08-04 10:40:05] ✓ 11个数据文件已同步VPS(rsync -u, 仅推送更新过的)
[2026-08-04 10:40:07] VPS重算: 200
[2026-08-04 10:48:01] 抓到 0 场
[2026-08-04 10:48:06] ✓ 11个数据文件已同步VPS(rsync -u, 仅推送更新过的)
[2026-08-04 10:48:08] VPS重算: 200
[2026-08-04 10:56:01] 抓到 0 场
[2026-08-04 10:56:08] ✓ 11个数据文件已同步VPS(rsync -u, 仅推送更新过的)
[2026-08-04 10:56:11] VPS重算: 200
[2026-08-04 11:00:01] 抓到 0 场
[2026-08-04 11:00:05] ✓ 11个数据文件已同步VPS(rsync -u, 仅推送更新过的)
[2026-08-04 11:00:08] VPS重算: 200
[2026-08-04 11:08:01] 抓到 7 场
[2026-08-04 11:08:06] ✓ 11个数据文件已同步VPS(rsync -u, 仅推送更新过的)
[2026-08-04 11:08:08] VPS重算: 200
[2026-08-04 11:16:02] 抓到 7 场
[2026-08-04 11:16:07] ✓ 11个数据文件已同步VPS(rsync -u, 仅推送更新过的)
[2026-08-04 11:16:10] VPS重算: 200
[2026-08-04 11:24:01] 抓到 7 场
[2026-08-04 11:24:05] ✓ 11个数据文件已同步VPS(rsync -u, 仅推送更新过的)
[2026-08-04 11:24:08] VPS重算: 200
[2026-08-04 11:32:01] 抓到 7 场
[2026-08-04 11:32:05] ✓ 11个数据文件已同步VPS(rsync -u, 仅推送更新过的)
[2026-08-04 11:32:07] VPS重算: 200
[2026-08-04 11:40:01] 抓到 7 场
[2026-08-04 11:40:07] ✓ 11个数据文件已同步VPS(rsync -u, 仅推送更新过的)
[2026-08-04 11:40:10] VPS重算: 200
[2026-08-04 11:48:01] 抓到 7 场
[2026-08-04 11:48:06] ✓ 11个数据文件已同步VPS(rsync -u, 仅推送更新过的)
[2026-08-04 11:48:08] VPS重算: 200
[2026-08-04 11:56:01] 抓到 7 场
[2026-08-04 11:56:05] ✓ 11个数据文件已同步VPS(rsync -u, 仅推送更新过的)
[2026-08-04 11:56:07] VPS重算: 200
[2026-08-04 12:00:01] 抓到 7 场
[2026-08-04 12:00:07] ✓ 11个数据文件已同步VPS(rsync -u, 仅推送更新过的)
[2026-08-04 12:00:09] VPS重算: 200
[2026-08-04 12:08:01] 抓到 7 场
[2026-08-04 12:08:06] ✓ 11个数据文件已同步VPS(rsync -u, 仅推送更新过的)
[2026-08-04 12:08:08] VPS重算: 200
[2026-08-04 12:16:01] 抓到 7 场
[2026-08-04 12:16:07] ✓ 11个数据文件已同步VPS(rsync -u, 仅推送更新过的)
[2026-08-04 12:16:09] VPS重算: 200
[2026-08-04 12:24:01] 抓到 7 场
[2026-08-04 12:24:07] ✓ 11个数据文件已同步VPS(rsync -u, 仅推送更新过的)
[2026-08-04 12:24:09] VPS重算: 200
[2026-08-04 12:32:01] 抓到 7 场
[2026-08-04 12:32:06] ✓ 11个数据文件已同步VPS(rsync -u, 仅推送更新过的)
[2026-08-04 12:32:08] VPS重算: 200
[2026-08-04 12:40:01] 抓到 7 场
[2026-08-04 12:40:07] ✓ 11个数据文件已同步VPS(rsync -u, 仅推送更新过的)
[2026-08-04 12:40:11] VPS重算: 200
[2026-08-04 12:48:01] 抓到 7 场
[2026-08-04 12:48:07] ✓ 11个数据文件已同步VPS(rsync -u, 仅推送更新过的)
[2026-08-04 12:48:09] VPS重算: 200
[2026-08-04 12:56:01] 抓到 7 场
[2026-08-04 12:56:08] ✓ 11个数据文件已同步VPS(rsync -u, 仅推送更新过的)
[2026-08-04 12:56:11] VPS重算: 200
[2026-08-04 13:00:01] 抓到 7 场
[2026-08-04 13:00:06] ✓ 11个数据文件已同步VPS(rsync -u, 仅推送更新过的)
[2026-08-04 13:00:09] VPS重算: 200
[2026-08-04 13:08:01] 抓到 7 场
[2026-08-04 13:08:07] ✓ 11个数据文件已同步VPS(rsync -u, 仅推送更新过的)
[2026-08-04 13:08:09] VPS重算: 200
[2026-08-04 13:16:01] 抓到 7 场
[2026-08-04 13:16:06] ✓ 11个数据文件已同步VPS(rsync -u, 仅推送更新过的)
[2026-08-04 13:16:08] VPS重算: 200
[2026-08-04 13:24:01] 抓到 7 场
[2026-08-04 13:24:06] ✓ 11个数据文件已同步VPS(rsync -u, 仅推送更新过的)
[2026-08-04 13:24:11] VPS重算: 200
[2026-08-04 13:32:01] 抓到 7 场
[2026-08-04 13:32:08] ✓ 11个数据文件已同步VPS(rsync -u, 仅推送更新过的)
[2026-08-04 13:32:12] VPS重算: 200
[2026-08-04 13:40:01] 抓到 7 场
[2026-08-04 13:40:09] ✓ 11个数据文件已同步VPS(rsync -u, 仅推送更新过的)
[2026-08-04 13:40:11] VPS重算: 200
[2026-08-04 13:48:01] 抓到 7 场
[2026-08-04 13:48:05] ✓ 11个数据文件已同步VPS(rsync -u, 仅推送更新过的)
[2026-08-04 13:48:10] VPS重算: 200
[2026-08-04 13:56:01] 抓到 7 场
[2026-08-04 13:56:07] ✓ 11个数据文件已同步VPS(rsync -u, 仅推送更新过的)
[2026-08-04 13:56:09] VPS重算: 200
[2026-08-04 14:00:01] 抓到 7 场
[2026-08-04 14:00:06] ✓ 11个数据文件已同步VPS(rsync -u, 仅推送更新过的)
[2026-08-04 14:00:08] VPS重算: 200
[2026-08-04 14:08:01] 抓到 7 场
[2026-08-04 14:08:09] ✓ 11个数据文件已同步VPS(rsync -u, 仅推送更新过的)
[2026-08-04 14:08:13] VPS重算: 200
[2026-08-04 14:16:01] 抓到 7 场
[2026-08-04 14:16:07] ✓ 11个数据文件已同步VPS(rsync -u, 仅推送更新过的)
[2026-08-04 14:16:09] VPS重算: 200
[2026-08-04 14:24:01] 抓到 7 场
[2026-08-04 14:24:07] ✓ 11个数据文件已同步VPS(rsync -u, 仅推送更新过的)
[2026-08-04 14:24:10] VPS重算: 200
[2026-08-04 14:32:01] 抓到 7 场
[2026-08-04 14:32:07] ✓ 11个数据文件已同步VPS(rsync -u, 仅推送更新过的)
[2026-08-04 14:32:09] VPS重算: 200
[2026-08-04 14:40:01] 抓到 7 场
[2026-08-04 14:40:07] ✓ 11个数据文件已同步VPS(rsync -u, 仅推送更新过的)
[2026-08-04 14:40:10] VPS重算: 200
[2026-08-04 14:48:01] 抓到 7 场
[2026-08-04 14:48:07] ✓ 11个数据文件已同步VPS(rsync -u, 仅推送更新过的)
[2026-08-04 14:48:10] VPS重算: 200
[2026-08-04 14:56:01] 抓到 7 场
[2026-08-04 14:56:08] ✓ 11个数据文件已同步VPS(rsync -u, 仅推送更新过的)
[2026-08-04 14:56:11] VPS重算: 200
[2026-08-04 15:00:01] 抓到 7 场
[2026-08-04 15:00:07] ✓ 11个数据文件已同步VPS(rsync -u, 仅推送更新过的)
[2026-08-04 15:00:09] VPS重算: 200
[2026-08-04 15:08:01] 抓到 7 场
[2026-08-04 15:08:06] ✓ 11个数据文件已同步VPS(rsync -u, 仅推送更新过的)
[2026-08-04 15:08:09] VPS重算: 200
[2026-08-04 15:16:01] 抓到 7 场
[2026-08-04 15:16:07] ✓ 11个数据文件已同步VPS(rsync -u, 仅推送更新过的)
[2026-08-04 15:16:12] VPS重算: 200
[2026-08-04 15:24:01] 抓到 7 场
[2026-08-04 15:24:09] ✓ 11个数据文件已同步VPS(rsync -u, 仅推送更新过的)
[2026-08-04 15:24:12] VPS重算: 200
[2026-08-04 15:32:01] 抓到 7 场
[2026-08-04 15:32:05] ✓ 11个数据文件已同步VPS(rsync -u, 仅推送更新过的)
[2026-08-04 15:32:07] VPS重算: 200
[2026-08-04 15:40:01] 抓到 7 场
[2026-08-04 15:40:18] ✗ 推送失败(VPS不可达或免密未配)
[2026-08-04 15:48:01] 抓到 7 场
[2026-08-04 15:48:09] ✓ 11个数据文件已同步VPS(rsync -u, 仅推送更新过的)
[2026-08-04 15:48:13] VPS重算: 200
[2026-08-04 15:56:01] 抓到 7 场
[2026-08-04 15:56:09] ✓ 11个数据文件已同步VPS(rsync -u, 仅推送更新过的)
[2026-08-04 15:56:11] VPS重算: 200
[2026-08-04 16:00:01] 抓到 7 场
[2026-08-04 16:00:08] ✓ 11个数据文件已同步VPS(rsync -u, 仅推送更新过的)
[2026-08-04 16:00:13] VPS重算: 200
[2026-08-04 16:08:01] 抓到 7 场
[2026-08-04 16:08:15] ✓ 11个数据文件已同步VPS(rsync -u, 仅推送更新过的)
[2026-08-04 16:08:19] VPS重算: 200
[2026-08-04 16:40:01] 抓到 7 场
[2026-08-04 16:40:12] ✓ 11个数据文件已同步VPS(rsync -u, 仅推送更新过的)
[2026-08-04 16:40:16] VPS重算: 200
[2026-08-04 16:48:01] 抓到 7 场
[2026-08-04 16:48:06] ✓ 11个数据文件已同步VPS(rsync -u, 仅推送更新过的)
[2026-08-04 16:48:08] VPS重算: 200
[2026-08-04 16:56:01] 抓到 7 场
[2026-08-04 16:56:07] ✓ 11个数据文件已同步VPS(rsync -u, 仅推送更新过的)
[2026-08-04 16:56:11] VPS重算: 200
[2026-08-04 17:00:01] 抓到 7 场
[2026-08-04 17:00:06] ✓ 11个数据文件已同步VPS(rsync -u, 仅推送更新过的)
[2026-08-04 17:00:09] VPS重算: 200
[2026-08-04 17:08:01] 抓到 7 场
[2026-08-04 17:08:09] ✓ 11个数据文件已同步VPS(rsync -u, 仅推送更新过的)
[2026-08-04 17:08:11] VPS重算: 200
[2026-08-04 17:16:01] 抓到 7 场
[2026-08-04 17:16:10] ✓ 11个数据文件已同步VPS(rsync -u, 仅推送更新过的)
[2026-08-04 17:16:12] VPS重算: 200
[2026-08-04 17:24:01] 抓到 7 场
[2026-08-04 17:24:10] ✓ 11个数据文件已同步VPS(rsync -u, 仅推送更新过的)
[2026-08-04 17:24:12] VPS重算: 200
[2026-08-04 17:32:01] 抓到 7 场
[2026-08-04 17:32:07] ✓ 11个数据文件已同步VPS(rsync -u, 仅推送更新过的)
[2026-08-04 17:32:09] VPS重算: 200
[2026-08-04 17:40:01] 抓到 7 场
[2026-08-04 17:40:07] ✓ 11个数据文件已同步VPS(rsync -u, 仅推送更新过的)
[2026-08-04 17:40:09] VPS重算: 200
[2026-08-04 17:48:01] 抓到 7 场
[2026-08-04 17:48:07] ✓ 11个数据文件已同步VPS(rsync -u, 仅推送更新过的)
[2026-08-04 17:48:09] VPS重算: 200
[2026-08-04 17:56:01] 抓到 7 场
[2026-08-04 17:56:08] ✓ 11个数据文件已同步VPS(rsync -u, 仅推送更新过的)
[2026-08-04 17:56:09] VPS重算: 200
[2026-08-04 18:00:01] 抓到 7 场
[2026-08-04 18:00:08] ✓ 11个数据文件已同步VPS(rsync -u, 仅推送更新过的)
[2026-08-04 18:00:10] VPS重算: 200
[2026-08-04 18:08:01] 抓到 7 场
[2026-08-04 18:08:07] ✓ 11个数据文件已同步VPS(rsync -u, 仅推送更新过的)
[2026-08-04 18:08:09] VPS重算: 200
[2026-08-04 18:16:01] 抓到 7 场
[2026-08-04 18:16:07] ✓ 11个数据文件已同步VPS(rsync -u, 仅推送更新过的)
[2026-08-04 18:16:09] VPS重算: 200
[2026-08-04 18:24:01] 抓到 7 场
[2026-08-04 18:24:07] ✓ 11个数据文件已同步VPS(rsync -u, 仅推送更新过的)
[2026-08-04 18:24:08] VPS重算: 200
[2026-08-04 18:32:01] 抓到 7 场
[2026-08-04 18:32:08] ✓ 11个数据文件已同步VPS(rsync -u, 仅推送更新过的)
[2026-08-04 18:32:11] VPS重算: 200
[2026-08-04 18:40:01] 抓到 7 场
[2026-08-04 18:40:07] ✓ 11个数据文件已同步VPS(rsync -u, 仅推送更新过的)
[2026-08-04 18:40:10] VPS重算: 200
[2026-08-04 18:48:01] 抓到 7 场
[2026-08-04 18:48:07] ✓ 11个数据文件已同步VPS(rsync -u, 仅推送更新过的)
[2026-08-04 18:48:09] VPS重算: 200
[2026-08-04 18:56:01] 抓到 7 场
[2026-08-04 18:56:07] ✓ 11个数据文件已同步VPS(rsync -u, 仅推送更新过的)
[2026-08-04 18:56:10] VPS重算: 200
[2026-08-04 19:00:01] 抓到 7 场
[2026-08-04 19:00:06] ✓ 11个数据文件已同步VPS(rsync -u, 仅推送更新过的)
[2026-08-04 19:00:08] VPS重算: 200
[2026-08-04 19:08:01] 抓到 7 场
[2026-08-04 19:08:06] ✓ 11个数据文件已同步VPS(rsync -u, 仅推送更新过的)
[2026-08-04 19:08:08] VPS重算: 200
[2026-08-04 19:16:01] 抓到 7 场
[2026-08-04 19:16:06] ✓ 11个数据文件已同步VPS(rsync -u, 仅推送更新过的)
[2026-08-04 19:16:09] VPS重算: 200
[2026-08-04 19:24:02] 抓到 7 场
[2026-08-04 19:24:07] ✓ 11个数据文件已同步VPS(rsync -u, 仅推送更新过的)
[2026-08-04 19:24:10] VPS重算: 200
[2026-08-04 19:32:01] 抓到 7 场
[2026-08-04 19:32:05] ✓ 11个数据文件已同步VPS(rsync -u, 仅推送更新过的)
[2026-08-04 19:32:08] VPS重算: 200
[2026-08-04 19:40:01] 抓到 7 场
[2026-08-04 19:40:07] ✓ 11个数据文件已同步VPS(rsync -u, 仅推送更新过的)
[2026-08-04 19:40:09] VPS重算: 200
[2026-08-04 19:48:01] 抓到 7 场
[2026-08-04 19:48:11] ✓ 11个数据文件已同步VPS(rsync -u, 仅推送更新过的)
[2026-08-04 19:48:16] VPS重算: 200
[2026-08-04 19:56:01] 抓到 7 场
[2026-08-04 19:56:08] ✓ 11个数据文件已同步VPS(rsync -u, 仅推送更新过的)
[2026-08-04 19:56:10] VPS重算: 200
[2026-08-04 20:00:01] 抓到 7 场
[2026-08-04 20:00:08] ✓ 11个数据文件已同步VPS(rsync -u, 仅推送更新过的)
[2026-08-04 20:00:10] VPS重算: 200
[2026-08-04 20:08:01] 抓到 7 场
[2026-08-04 20:08:06] ✓ 11个数据文件已同步VPS(rsync -u, 仅推送更新过的)
[2026-08-04 20:08:08] VPS重算: 200
[2026-08-04 20:16:01] 抓到 7 场
[2026-08-04 20:16:07] ✓ 11个数据文件已同步VPS(rsync -u, 仅推送更新过的)
[2026-08-04 20:16:10] VPS重算: 200
[2026-08-04 20:24:01] 抓到 7 场
[2026-08-04 20:24:08] ✓ 11个数据文件已同步VPS(rsync -u, 仅推送更新过的)
[2026-08-04 20:24:11] VPS重算: 200
[2026-08-04 20:32:01] 抓到 7 场
[2026-08-04 20:32:06] ✓ 11个数据文件已同步VPS(rsync -u, 仅推送更新过的)
[2026-08-04 20:32:09] VPS重算: 200
[2026-08-04 20:40:01] 抓到 7 场
[2026-08-04 20:40:12] ✓ 11个数据文件已同步VPS(rsync -u, 仅推送更新过的)
[2026-08-04 20:40:14] VPS重算: 200
[2026-08-04 20:48:01] 抓到 7 场
[2026-08-04 20:48:06] ✓ 11个数据文件已同步VPS(rsync -u, 仅推送更新过的)
[2026-08-04 20:48:08] VPS重算: 200
[2026-08-04 20:56:01] 抓到 7 场
[2026-08-04 20:56:09] ✓ 11个数据文件已同步VPS(rsync -u, 仅推送更新过的)
[2026-08-04 20:56:11] VPS重算: 200
[2026-08-04 21:00:01] 抓到 7 场
[2026-08-04 21:00:09] ✓ 11个数据文件已同步VPS(rsync -u, 仅推送更新过的)
[2026-08-04 21:00:12] VPS重算: 200
[2026-08-04 21:08:01] 抓到 7 场
[2026-08-04 21:08:07] ✓ 11个数据文件已同步VPS(rsync -u, 仅推送更新过的)
[2026-08-04 21:08:09] VPS重算: 200
[2026-08-04 21:16:01] 抓到 7 场
[2026-08-04 21:16:06] ✓ 11个数据文件已同步VPS(rsync -u, 仅推送更新过的)
[2026-08-04 21:16:09] VPS重算: 200
[2026-08-04 21:24:01] 抓到 7 场
[2026-08-04 21:24:06] ✓ 11个数据文件已同步VPS(rsync -u, 仅推送更新过的)
[2026-08-04 21:24:10] VPS重算: 200
[2026-08-04 21:32:01] 抓到 7 场
[2026-08-04 21:32:07] ✓ 11个数据文件已同步VPS(rsync -u, 仅推送更新过的)
[2026-08-04 21:32:09] VPS重算: 200
[2026-08-04 21:40:01] 抓到 7 场
[2026-08-04 21:40:11] ✓ 11个数据文件已同步VPS(rsync -u, 仅推送更新过的)
[2026-08-04 21:40:14] VPS重算: 200
[2026-08-04 21:48:01] 抓到 7 场
[2026-08-04 21:48:09] ✓ 11个数据文件已同步VPS(rsync -u, 仅推送更新过的)
[2026-08-04 21:48:12] VPS重算: 200
[2026-08-04 21:56:01] 抓到 7 场
[2026-08-04 21:56:16] ✓ 11个数据文件已同步VPS(rsync -u, 仅推送更新过的)
[2026-08-04 21:56:18] VPS重算: 200
[2026-08-04 22:00:01] 抓到 7 场
[2026-08-04 22:00:08] ✓ 11个数据文件已同步VPS(rsync -u, 仅推送更新过的)
[2026-08-04 22:00:10] VPS重算: 200
[2026-08-04 22:08:01] 抓到 7 场
[2026-08-04 22:08:08] ✓ 11个数据文件已同步VPS(rsync -u, 仅推送更新过的)
[2026-08-04 22:08:10] VPS重算: 200
[2026-08-04 22:16:01] 抓到 7 场
[2026-08-04 22:16:07] ✓ 11个数据文件已同步VPS(rsync -u, 仅推送更新过的)
[2026-08-04 22:16:10] VPS重算: 200
[2026-08-04 22:24:01] 抓到 7 场
[2026-08-04 22:24:06] ✓ 11个数据文件已同步VPS(rsync -u, 仅推送更新过的)
[2026-08-04 22:24:09] VPS重算: 200
[2026-08-04 22:32:01] 抓到 7 场
[2026-08-04 22:32:06] ✓ 11个数据文件已同步VPS(rsync -u, 仅推送更新过的)
[2026-08-04 22:32:08] VPS重算: 200
[2026-08-04 22:40:01] 抓到 7 场
[2026-08-04 22:40:07] ✓ 11个数据文件已同步VPS(rsync -u, 仅推送更新过的)
[2026-08-04 22:40:09] VPS重算: 200
[2026-08-04 22:48:01] 抓到 7 场
[2026-08-04 22:48:09] ✓ 11个数据文件已同步VPS(rsync -u, 仅推送更新过的)
[2026-08-04 22:48:12] VPS重算: 200
[2026-08-04 22:56:01] 抓到 7 场
[2026-08-04 22:56:07] ✓ 11个数据文件已同步VPS(rsync -u, 仅推送更新过的)
[2026-08-04 22:56:09] VPS重算: 200
[2026-08-04 23:00:01] 抓到 7 场
[2026-08-04 23:00:07] ✓ 11个数据文件已同步VPS(rsync -u, 仅推送更新过的)
[2026-08-04 23:00:11] VPS重算: 200
[2026-08-04 23:08:01] 抓到 7 场
[2026-08-04 23:08:09] ✓ 11个数据文件已同步VPS(rsync -u, 仅推送更新过的)
[2026-08-04 23:08:12] VPS重算: 200
[2026-08-04 23:16:01] 抓到 7 场
[2026-08-04 23:16:07] ✓ 11个数据文件已同步VPS(rsync -u, 仅推送更新过的)
[2026-08-04 23:16:09] VPS重算: 200
[2026-08-04 23:24:01] 抓到 7 场
[2026-08-04 23:24:06] ✓ 11个数据文件已同步VPS(rsync -u, 仅推送更新过的)
[2026-08-04 23:24:09] VPS重算: 200
[2026-08-04 23:32:01] 抓到 7 场
[2026-08-04 23:32:06] ✓ 11个数据文件已同步VPS(rsync -u, 仅推送更新过的)
[2026-08-04 23:32:09] VPS重算: 200
[2026-08-04 23:40:01] 抓到 7 场
[2026-08-04 23:40:07] ✓ 11个数据文件已同步VPS(rsync -u, 仅推送更新过的)
[2026-08-04 23:40:09] VPS重算: 200
[2026-08-04 23:48:01] 抓到 7 场
[2026-08-04 23:48:07] ✓ 11个数据文件已同步VPS(rsync -u, 仅推送更新过的)
[2026-08-04 23:48:12] VPS重算: 200
[2026-08-04 23:56:01] 抓到 7 场
[2026-08-04 23:56:06] ✓ 11个数据文件已同步VPS(rsync -u, 仅推送更新过的)
[2026-08-04 23:56:10] VPS重算: 200
[2026-08-05 00:00:01] 抓到 7 场
[2026-08-05 00:00:26] ✓ 11个数据文件已同步VPS(rsync -u, 仅推送更新过的)
[2026-08-05 00:00:30] VPS重算: 200
[2026-08-05 00:08:01] 抓到 6 场
[2026-08-05 00:08:07] ✓ 11个数据文件已同步VPS(rsync -u, 仅推送更新过的)
[2026-08-05 00:08:09] VPS重算: 200
[2026-08-05 00:16:01] 抓到 6 场
[2026-08-05 00:16:09] ✓ 11个数据文件已同步VPS(rsync -u, 仅推送更新过的)
[2026-08-05 00:16:10] VPS重算: 200
[2026-08-05 00:24:02] 抓到 6 场
[2026-08-05 00:24:07] ✓ 11个数据文件已同步VPS(rsync -u, 仅推送更新过的)
[2026-08-05 00:24:12] VPS重算: 200
[2026-08-05 00:32:01] 抓到 6 场
[2026-08-05 00:32:06] ✓ 11个数据文件已同步VPS(rsync -u, 仅推送更新过的)
[2026-08-05 00:32:11] VPS重算: 200
[2026-08-05 00:40:01] 抓到 6 场
[2026-08-05 00:40:07] ✓ 11个数据文件已同步VPS(rsync -u, 仅推送更新过的)
[2026-08-05 00:40:08] VPS重算: 200
[2026-08-05 00:48:01] 抓到 6 场
[2026-08-05 00:48:05] ✓ 11个数据文件已同步VPS(rsync -u, 仅推送更新过的)
[2026-08-05 00:48:07] VPS重算: 200
[2026-08-05 00:56:02] 抓到 6 场
[2026-08-05 00:56:06] ✓ 11个数据文件已同步VPS(rsync -u, 仅推送更新过的)
[2026-08-05 00:56:10] VPS重算: 200
[2026-08-05 01:00:01] 抓到 6 场
[2026-08-05 01:00:08] ✓ 11个数据文件已同步VPS(rsync -u, 仅推送更新过的)
[2026-08-05 01:00:11] VPS重算: 200
[2026-08-05 01:08:01] 抓到 6 场
[2026-08-05 01:08:06] ✓ 11个数据文件已同步VPS(rsync -u, 仅推送更新过的)
[2026-08-05 01:08:08] VPS重算: 200
[2026-08-05 01:16:01] 抓到 6 场
[2026-08-05 01:16:09] ✓ 11个数据文件已同步VPS(rsync -u, 仅推送更新过的)
[2026-08-05 01:16:12] VPS重算: 200
[2026-08-05 01:24:02] 抓到 6 场
[2026-08-05 01:24:07] ✓ 11个数据文件已同步VPS(rsync -u, 仅推送更新过的)
[2026-08-05 01:24:08] VPS重算: 200
[2026-08-05 01:32:01] 抓到 6 场
[2026-08-05 01:32:07] ✓ 11个数据文件已同步VPS(rsync -u, 仅推送更新过的)
[2026-08-05 01:32:10] VPS重算: 200
[2026-08-05 01:40:01] 抓到 6 场
[2026-08-05 01:40:07] ✓ 11个数据文件已同步VPS(rsync -u, 仅推送更新过的)
[2026-08-05 01:40:09] VPS重算: 200
[2026-08-05 01:48:01] 抓到 6 场
[2026-08-05 01:48:07] ✓ 11个数据文件已同步VPS(rsync -u, 仅推送更新过的)
[2026-08-05 01:48:09] VPS重算: 200
[2026-08-05 01:56:01] 抓到 6 场
[2026-08-05 01:56:05] ✓ 11个数据文件已同步VPS(rsync -u, 仅推送更新过的)
[2026-08-05 01:56:07] VPS重算: 200
[2026-08-05 02:00:01] 抓到 6 场
[2026-08-05 02:00:05] ✓ 11个数据文件已同步VPS(rsync -u, 仅推送更新过的)
[2026-08-05 02:00:07] VPS重算: 200
[2026-08-05 02:08:01] 抓到 3 场
[2026-08-05 02:08:06] ✓ 11个数据文件已同步VPS(rsync -u, 仅推送更新过的)
[2026-08-05 02:08:08] VPS重算: 200
[2026-08-05 02:16:01] 抓到 3 场
[2026-08-05 02:16:06] ✓ 11个数据文件已同步VPS(rsync -u, 仅推送更新过的)
[2026-08-05 02:16:08] VPS重算: 200
[2026-08-05 02:24:01] 抓到 3 场
[2026-08-05 02:24:05] ✓ 11个数据文件已同步VPS(rsync -u, 仅推送更新过的)
[2026-08-05 02:24:07] VPS重算: 200
[2026-08-05 02:32:01] 抓到 3 场
[2026-08-05 02:32:06] ✓ 11个数据文件已同步VPS(rsync -u, 仅推送更新过的)
[2026-08-05 02:32:08] VPS重算: 200
[2026-08-05 02:40:01] 抓到 3 场
[2026-08-05 02:40:05] ✓ 11个数据文件已同步VPS(rsync -u, 仅推送更新过的)
[2026-08-05 02:40:06] VPS重算: 200
[2026-08-05 02:48:01] 抓到 3 场
[2026-08-05 02:48:05] ✓ 11个数据文件已同步VPS(rsync -u, 仅推送更新过的)
[2026-08-05 02:48:07] VPS重算: 200
[2026-08-05 02:56:01] 抓到 3 场
[2026-08-05 02:56:06] ✓ 11个数据文件已同步VPS(rsync -u, 仅推送更新过的)
[2026-08-05 02:56:07] VPS重算: 200
[2026-08-05 03:00:01] 抓到 3 场
[2026-08-05 03:00:05] ✓ 11个数据文件已同步VPS(rsync -u, 仅推送更新过的)
[2026-08-05 03:00:06] VPS重算: 200
[2026-08-05 03:08:02] 抓到 3 场
[2026-08-05 03:08:06] ✓ 11个数据文件已同步VPS(rsync -u, 仅推送更新过的)
[2026-08-05 03:08:08] VPS重算: 200
[2026-08-05 03:16:01] 抓到 3 场
[2026-08-05 03:16:04] ✓ 11个数据文件已同步VPS(rsync -u, 仅推送更新过的)
[2026-08-05 03:16:06] VPS重算: 200
[2026-08-05 03:24:01] 抓到 3 场
[2026-08-05 03:24:05] ✓ 11个数据文件已同步VPS(rsync -u, 仅推送更新过的)
[2026-08-05 03:24:07] VPS重算: 200
[2026-08-05 03:32:01] 抓到 3 场
[2026-08-05 03:32:06] ✓ 11个数据文件已同步VPS(rsync -u, 仅推送更新过的)
[2026-08-05 03:32:07] VPS重算: 200
[2026-08-05 03:40:01] 抓到 3 场
[2026-08-05 03:40:08] ✓ 11个数据文件已同步VPS(rsync -u, 仅推送更新过的)
[2026-08-05 03:40:10] VPS重算: 200
[2026-08-05 03:48:01] 抓到 3 场
[2026-08-05 03:48:05] ✓ 11个数据文件已同步VPS(rsync -u, 仅推送更新过的)
[2026-08-05 03:48:07] VPS重算: 200
[2026-08-05 03:56:01] 抓到 3 场
[2026-08-05 03:56:05] ✓ 11个数据文件已同步VPS(rsync -u, 仅推送更新过的)
[2026-08-05 03:56:07] VPS重算: 200
[2026-08-05 04:00:01] 抓到 3 场
[2026-08-05 04:00:05] ✓ 11个数据文件已同步VPS(rsync -u, 仅推送更新过的)
[2026-08-05 04:00:07] VPS重算: 200
[2026-08-05 04:08:01] 抓到 3 场
[2026-08-05 04:08:06] ✓ 11个数据文件已同步VPS(rsync -u, 仅推送更新过的)
[2026-08-05 04:08:07] VPS重算: 200
[2026-08-05 04:16:01] 抓到 3 场
[2026-08-05 04:16:05] ✓ 11个数据文件已同步VPS(rsync -u, 仅推送更新过的)
[2026-08-05 04:16:07] VPS重算: 200
[2026-08-05 04:24:01] 抓到 3 场
[2026-08-05 04:24:05] ✓ 11个数据文件已同步VPS(rsync -u, 仅推送更新过的)
[2026-08-05 04:24:07] VPS重算: 200
[2026-08-05 04:32:01] 抓到 3 场
[2026-08-05 04:32:05] ✓ 11个数据文件已同步VPS(rsync -u, 仅推送更新过的)
[2026-08-05 04:32:07] VPS重算: 200
[2026-08-05 04:40:01] 抓到 3 场
[2026-08-05 04:40:12] ✓ 11个数据文件已同步VPS(rsync -u, 仅推送更新过的)
[2026-08-05 04:40:14] VPS重算: 200
[2026-08-05 04:48:01] 抓到 3 场
[2026-08-05 04:48:05] ✓ 11个数据文件已同步VPS(rsync -u, 仅推送更新过的)
[2026-08-05 04:48:07] VPS重算: 200
[2026-08-05 04:56:01] 抓到 3 场
[2026-08-05 04:56:05] ✓ 11个数据文件已同步VPS(rsync -u, 仅推送更新过的)
[2026-08-05 04:56:07] VPS重算: 200
[2026-08-05 05:00:01] 抓到 3 场
[2026-08-05 05:00:05] ✓ 11个数据文件已同步VPS(rsync -u, 仅推送更新过的)
[2026-08-05 05:00:07] VPS重算: 200
[2026-08-05 05:08:01] 抓到 3 场
[2026-08-05 05:08:05] ✓ 11个数据文件已同步VPS(rsync -u, 仅推送更新过的)
[2026-08-05 05:08:07] VPS重算: 200
[2026-08-05 05:16:01] 抓到 3 场
[2026-08-05 05:16:06] ✓ 11个数据文件已同步VPS(rsync -u, 仅推送更新过的)
[2026-08-05 05:16:08] VPS重算: 200
[2026-08-05 05:24:01] 抓到 3 场
[2026-08-05 05:24:07] ✓ 11个数据文件已同步VPS(rsync -u, 仅推送更新过的)
[2026-08-05 05:24:10] VPS重算: 200
[2026-08-05 05:32:01] 抓到 3 场
[2026-08-05 05:32:08] ✓ 11个数据文件已同步VPS(rsync -u, 仅推送更新过的)
[2026-08-05 05:32:10] VPS重算: 200
[2026-08-05 05:40:01] 抓到 3 场
[2026-08-05 05:40:05] ✓ 11个数据文件已同步VPS(rsync -u, 仅推送更新过的)
[2026-08-05 05:40:07] VPS重算: 200
[2026-08-05 05:48:01] 抓到 3 场
[2026-08-05 05:48:05] ✓ 11个数据文件已同步VPS(rsync -u, 仅推送更新过的)
[2026-08-05 05:48:07] VPS重算: 200
[2026-08-05 05:56:01] 抓到 3 场
[2026-08-05 05:56:07] ✓ 11个数据文件已同步VPS(rsync -u, 仅推送更新过的)
[2026-08-05 05:56:09] VPS重算: 200
[2026-08-05 06:00:01]   ⚠ 体彩抓取失败(<urlopen error [Errno -3] Temporary failure in name resolution>), 回退缓存 odds_parsed.json (3分钟前)
[2026-08-05 06:00:01] 抓到 3 场
[2026-08-05 06:00:02] ✗ 推送失败(VPS不可达或免密未配)
[2026-08-05 06:16:01] 抓到 3 场
[2026-08-05 06:16:06] ✓ 11个数据文件已同步VPS(rsync -u, 仅推送更新过的)
[2026-08-05 06:16:07] VPS重算: 200
[2026-08-05 06:24:01] 抓到 3 场
[2026-08-05 06:24:05] ✓ 11个数据文件已同步VPS(rsync -u, 仅推送更新过的)
[2026-08-05 06:24:07] VPS重算: 200
[2026-08-05 06:32:01] 抓到 3 场
[2026-08-05 06:32:06] ✓ 11个数据文件已同步VPS(rsync -u, 仅推送更新过的)
[2026-08-05 06:32:07] VPS重算: 200
[2026-08-05 06:40:01] 抓到 3 场
[2026-08-05 06:40:05] ✓ 11个数据文件已同步VPS(rsync -u, 仅推送更新过的)
[2026-08-05 06:40:07] VPS重算: 200
[2026-08-05 06:48:01] 抓到 3 场
[2026-08-05 06:48:06] ✓ 11个数据文件已同步VPS(rsync -u, 仅推送更新过的)
[2026-08-05 06:48:07] VPS重算: 200
[2026-08-05 06:56:01] 抓到 3 场
[2026-08-05 06:56:06] ✓ 11个数据文件已同步VPS(rsync -u, 仅推送更新过的)
[2026-08-05 06:56:08] VPS重算: 200
[2026-08-05 07:00:01] 抓到 3 场
[2026-08-05 07:00:05] ✓ 11个数据文件已同步VPS(rsync -u, 仅推送更新过的)
[2026-08-05 07:00:07] VPS重算: 200
[2026-08-05 07:08:01] 抓到 3 场
[2026-08-05 07:08:05] ✓ 11个数据文件已同步VPS(rsync -u, 仅推送更新过的)
[2026-08-05 07:08:07] VPS重算: 200
[2026-08-05 07:16:01] 抓到 3 场
[2026-08-05 07:16:12] ✓ 11个数据文件已同步VPS(rsync -u, 仅推送更新过的)
[2026-08-05 07:16:14] VPS重算: 200
[2026-08-05 07:24:01] 抓到 3 场
[2026-08-05 07:24:06] ✓ 11个数据文件已同步VPS(rsync -u, 仅推送更新过的)
[2026-08-05 07:24:07] VPS重算: 200
[2026-08-05 07:32:01] 抓到 3 场
[2026-08-05 07:32:06] ✓ 11个数据文件已同步VPS(rsync -u, 仅推送更新过的)
[2026-08-05 07:32:08] VPS重算: 200
[2026-08-05 07:40:01] 抓到 3 场
[2026-08-05 07:40:06] ✓ 11个数据文件已同步VPS(rsync -u, 仅推送更新过的)
[2026-08-05 07:40:07] VPS重算: 200
[2026-08-05 07:48:01] 抓到 3 场
[2026-08-05 07:48:05] ✓ 11个数据文件已同步VPS(rsync -u, 仅推送更新过的)
[2026-08-05 07:48:06] VPS重算: 200
[2026-08-05 07:56:01] 抓到 3 场
[2026-08-05 07:56:05] ✓ 11个数据文件已同步VPS(rsync -u, 仅推送更新过的)
[2026-08-05 07:56:07] VPS重算: 200
[2026-08-05 08:00:02] 抓到 3 场
[2026-08-05 08:00:06] ✓ 11个数据文件已同步VPS(rsync -u, 仅推送更新过的)
[2026-08-05 08:00:07] VPS重算: 200
[2026-08-05 08:08:01] 抓到 3 场
[2026-08-05 08:08:05] ✓ 11个数据文件已同步VPS(rsync -u, 仅推送更新过的)
[2026-08-05 08:08:07] VPS重算: 200
[2026-08-05 08:16:01] 抓到 3 场
[2026-08-05 08:16:07] ✓ 11个数据文件已同步VPS(rsync -u, 仅推送更新过的)
[2026-08-05 08:16:08] VPS重算: 200
[2026-08-05 08:24:01] 抓到 3 场
[2026-08-05 08:24:06] ✓ 11个数据文件已同步VPS(rsync -u, 仅推送更新过的)
[2026-08-05 08:24:08] VPS重算: 200
[2026-08-05 08:32:01] 抓到 2 场
[2026-08-05 08:32:05] ✓ 11个数据文件已同步VPS(rsync -u, 仅推送更新过的)
[2026-08-05 08:32:07] VPS重算: 200
[2026-08-05 08:40:01] 抓到 2 场
[2026-08-05 08:40:06] ✓ 11个数据文件已同步VPS(rsync -u, 仅推送更新过的)
[2026-08-05 08:40:07] VPS重算: 200
[2026-08-05 08:48:01] 抓到 2 场
[2026-08-05 08:48:05] ✓ 11个数据文件已同步VPS(rsync -u, 仅推送更新过的)
[2026-08-05 08:48:07] VPS重算: 200
[2026-08-05 08:56:01] 抓到 2 场
[2026-08-05 08:56:05] ✓ 11个数据文件已同步VPS(rsync -u, 仅推送更新过的)
[2026-08-05 08:56:07] VPS重算: 200
[2026-08-05 09:00:01] 抓到 2 场
[2026-08-05 09:00:06] ✓ 11个数据文件已同步VPS(rsync -u, 仅推送更新过的)
[2026-08-05 09:00:08] VPS重算: 200
[2026-08-05 09:08:01] 抓到 2 场
[2026-08-05 09:08:05] ✓ 11个数据文件已同步VPS(rsync -u, 仅推送更新过的)
[2026-08-05 09:08:07] VPS重算: 200
[2026-08-05 09:16:01] 抓到 2 场
[2026-08-05 09:16:06] ✓ 11个数据文件已同步VPS(rsync -u, 仅推送更新过的)
[2026-08-05 09:16:08] VPS重算: 200
[2026-08-05 09:24:01] 抓到 2 场
[2026-08-05 09:24:05] ✓ 11个数据文件已同步VPS(rsync -u, 仅推送更新过的)
[2026-08-05 09:24:07] VPS重算: 200
[2026-08-05 09:32:01] 抓到 2 场
[2026-08-05 09:32:05] ✓ 11个数据文件已同步VPS(rsync -u, 仅推送更新过的)
[2026-08-05 09:32:09] VPS重算: 200
[2026-08-05 09:40:01] 抓到 2 场
[2026-08-05 09:40:06] ✓ 11个数据文件已同步VPS(rsync -u, 仅推送更新过的)
[2026-08-05 09:40:08] VPS重算: 200
[2026-08-05 09:48:01] 抓到 2 场
[2026-08-05 09:48:05] ✓ 11个数据文件已同步VPS(rsync -u, 仅推送更新过的)
[2026-08-05 09:48:08] VPS重算: 200
[2026-08-05 09:56:01] 抓到 2 场
[2026-08-05 09:56:06] ✓ 11个数据文件已同步VPS(rsync -u, 仅推送更新过的)
[2026-08-05 09:56:09] VPS重算: 200
[2026-08-05 10:00:01] 抓到 2 场
[2026-08-05 10:00:06] ✓ 11个数据文件已同步VPS(rsync -u, 仅推送更新过的)
[2026-08-05 10:00:08] VPS重算: 200
[2026-08-05 10:08:01] 抓到 2 场
[2026-08-05 10:08:12] ✓ 11个数据文件已同步VPS(rsync -u, 仅推送更新过的)
[2026-08-05 10:08:14] VPS重算: 200
[2026-08-05 10:16:01] 抓到 2 场
[2026-08-05 10:16:07] ✓ 11个数据文件已同步VPS(rsync -u, 仅推送更新过的)
[2026-08-05 10:16:09] VPS重算: 200
[2026-08-05 10:24:01] 抓到 2 场
[2026-08-05 10:24:07] ✓ 11个数据文件已同步VPS(rsync -u, 仅推送更新过的)
[2026-08-05 10:24:08] VPS重算: 200
[2026-08-05 10:32:01] 抓到 2 场
[2026-08-05 10:32:06] ✓ 11个数据文件已同步VPS(rsync -u, 仅推送更新过的)
[2026-08-05 10:32:08] VPS重算: 200
[2026-08-05 10:40:01] 抓到 2 场
[2026-08-05 10:40:05] ✓ 11个数据文件已同步VPS(rsync -u, 仅推送更新过的)
[2026-08-05 10:40:08] VPS重算: 200
[2026-08-05 10:48:01] 抓到 2 场
[2026-08-05 10:48:05] ✓ 11个数据文件已同步VPS(rsync -u, 仅推送更新过的)
[2026-08-05 10:48:08] VPS重算: 200
[2026-08-05 10:56:01] 抓到 2 场
[2026-08-05 10:56:05] ✓ 11个数据文件已同步VPS(rsync -u, 仅推送更新过的)
[2026-08-05 10:56:07] VPS重算: 200
[2026-08-05 11:00:01] 抓到 2 场
[2026-08-05 11:00:05] ✓ 11个数据文件已同步VPS(rsync -u, 仅推送更新过的)
[2026-08-05 11:00:07] VPS重算: 200
[2026-08-05 11:08:01] 抓到 4 场
[2026-08-05 11:08:07] ✓ 11个数据文件已同步VPS(rsync -u, 仅推送更新过的)
[2026-08-05 11:08:09] VPS重算: 200
[2026-08-05 11:16:01] 抓到 4 场
[2026-08-05 11:16:07] ✓ 11个数据文件已同步VPS(rsync -u, 仅推送更新过的)
[2026-08-05 11:16:09] VPS重算: 200
[2026-08-05 11:24:01] 抓到 4 场
[2026-08-05 11:24:07] ✓ 11个数据文件已同步VPS(rsync -u, 仅推送更新过的)
[2026-08-05 11:24:08] VPS重算: 200
[2026-08-05 11:32:01] 抓到 4 场
[2026-08-05 11:32:09] ✓ 11个数据文件已同步VPS(rsync -u, 仅推送更新过的)
[2026-08-05 11:32:11] VPS重算: 200
[2026-08-05 11:40:01] 抓到 4 场
[2026-08-05 11:40:07] ✓ 11个数据文件已同步VPS(rsync -u, 仅推送更新过的)
[2026-08-05 11:40:08] VPS重算: 200
[2026-08-05 11:48:01] 抓到 4 场
[2026-08-05 11:48:06] ✓ 11个数据文件已同步VPS(rsync -u, 仅推送更新过的)
[2026-08-05 11:48:08] VPS重算: 200
[2026-08-05 11:56:02] 抓到 4 场
[2026-08-05 11:56:08] ✓ 11个数据文件已同步VPS(rsync -u, 仅推送更新过的)
[2026-08-05 11:56:09] VPS重算: 200
[2026-08-05 12:00:01] 抓到 4 场
[2026-08-05 12:00:05] ✓ 11个数据文件已同步VPS(rsync -u, 仅推送更新过的)
[2026-08-05 12:00:08] VPS重算: 200
[2026-08-05 12:08:01] 抓到 4 场
[2026-08-05 12:08:07] ✓ 11个数据文件已同步VPS(rsync -u, 仅推送更新过的)
[2026-08-05 12:08:10] VPS重算: 200
[2026-08-05 12:16:01] 抓到 4 场
[2026-08-05 12:16:07] ✓ 11个数据文件已同步VPS(rsync -u, 仅推送更新过的)
[2026-08-05 12:16:09] VPS重算: 200
[2026-08-05 12:24:01] 抓到 4 场
[2026-08-05 12:24:06] ✓ 11个数据文件已同步VPS(rsync -u, 仅推送更新过的)
[2026-08-05 12:24:08] VPS重算: 200
[2026-08-05 12:32:01] 抓到 4 场
[2026-08-05 12:32:07] ✓ 11个数据文件已同步VPS(rsync -u, 仅推送更新过的)
[2026-08-05 12:32:13] VPS重算: 200
[2026-08-05 12:40:01] 抓到 4 场
[2026-08-05 12:40:06] ✓ 11个数据文件已同步VPS(rsync -u, 仅推送更新过的)
[2026-08-05 12:40:09] VPS重算: 200
[2026-08-05 12:48:02] 抓到 4 场
[2026-08-05 12:48:10] ✓ 11个数据文件已同步VPS(rsync -u, 仅推送更新过的)
[2026-08-05 12:48:14] VPS重算: 200
[2026-08-05 12:56:01] 抓到 4 场
[2026-08-05 12:56:08] ✓ 11个数据文件已同步VPS(rsync -u, 仅推送更新过的)
[2026-08-05 12:56:09] VPS重算: 200
[2026-08-05 13:00:01] 抓到 4 场
[2026-08-05 13:00:07] ✓ 11个数据文件已同步VPS(rsync -u, 仅推送更新过的)
[2026-08-05 13:00:09] VPS重算: 200
[2026-08-05 13:08:01] 抓到 4 场
[2026-08-05 13:08:09] ✓ 11个数据文件已同步VPS(rsync -u, 仅推送更新过的)
[2026-08-05 13:08:11] VPS重算: 200
[2026-08-05 13:16:01] 抓到 4 场
[2026-08-05 13:16:08] ✓ 11个数据文件已同步VPS(rsync -u, 仅推送更新过的)
[2026-08-05 13:16:10] VPS重算: 200
[2026-08-05 13:24:01] 抓到 4 场
[2026-08-05 13:24:08] ✓ 11个数据文件已同步VPS(rsync -u, 仅推送更新过的)
[2026-08-05 13:24:10] VPS重算: 200
[2026-08-05 13:32:01] 抓到 4 场
[2026-08-05 13:32:07] ✓ 11个数据文件已同步VPS(rsync -u, 仅推送更新过的)
[2026-08-05 13:32:10] VPS重算: 200
[2026-08-05 13:40:01] 抓到 4 场
[2026-08-05 13:40:05] ✓ 11个数据文件已同步VPS(rsync -u, 仅推送更新过的)
[2026-08-05 13:40:09] VPS重算: 200
[2026-08-05 13:48:01] 抓到 4 场
[2026-08-05 13:48:08] ✓ 11个数据文件已同步VPS(rsync -u, 仅推送更新过的)
[2026-08-05 13:48:10] VPS重算: 200
[2026-08-05 13:56:01] 抓到 4 场
[2026-08-05 13:56:09] ✓ 11个数据文件已同步VPS(rsync -u, 仅推送更新过的)
[2026-08-05 13:56:15] VPS重算: 200
[2026-08-05 14:00:01] 抓到 4 场
[2026-08-05 14:00:07] ✓ 11个数据文件已同步VPS(rsync -u, 仅推送更新过的)
[2026-08-05 14:00:09] VPS重算: 200
[2026-08-05 14:08:01] 抓到 4 场
[2026-08-05 14:08:07] ✓ 11个数据文件已同步VPS(rsync -u, 仅推送更新过的)
[2026-08-05 14:08:10] VPS重算: 200
[2026-08-05 14:16:01] 抓到 4 场
[2026-08-05 14:16:07] ✓ 11个数据文件已同步VPS(rsync -u, 仅推送更新过的)
[2026-08-05 14:16:10] VPS重算: 200
[2026-08-05 14:24:01] 抓到 4 场
[2026-08-05 14:24:08] ✓ 11个数据文件已同步VPS(rsync -u, 仅推送更新过的)
[2026-08-05 14:24:11] VPS重算: 200
[2026-08-05 14:32:01] 抓到 4 场
[2026-08-05 14:32:09] ✓ 11个数据文件已同步VPS(rsync -u, 仅推送更新过的)
[2026-08-05 14:32:11] VPS重算: 200
[2026-08-05 14:40:01] 抓到 4 场
[2026-08-05 14:40:07] ✓ 11个数据文件已同步VPS(rsync -u, 仅推送更新过的)
[2026-08-05 14:40:10] VPS重算: 200
[2026-08-05 14:48:01] 抓到 4 场
[2026-08-05 14:48:09] ✓ 11个数据文件已同步VPS(rsync -u, 仅推送更新过的)
[2026-08-05 14:48:12] VPS重算: 200
[2026-08-05 14:56:01] 抓到 4 场
[2026-08-05 14:56:09] ✓ 11个数据文件已同步VPS(rsync -u, 仅推送更新过的)
[2026-08-05 14:56:11] VPS重算: 200
[2026-08-05 15:00:01] 抓到 4 场
[2026-08-05 15:00:11] ✓ 11个数据文件已同步VPS(rsync -u, 仅推送更新过的)
[2026-08-05 15:00:15] VPS重算: 200
[2026-08-05 15:08:01] 抓到 4 场
[2026-08-05 15:08:07] ✓ 11个数据文件已同步VPS(rsync -u, 仅推送更新过的)
[2026-08-05 15:08:10] VPS重算: 200
[2026-08-05 15:16:01] 抓到 4 场
[2026-08-05 15:16:07] ✓ 11个数据文件已同步VPS(rsync -u, 仅推送更新过的)
[2026-08-05 15:16:09] VPS重算: 200
[2026-08-05 15:24:01] 抓到 4 场
[2026-08-05 15:24:15] ✓ 11个数据文件已同步VPS(rsync -u, 仅推送更新过的)
[2026-08-05 15:24:18] VPS重算: 200
[2026-08-05 15:32:01] 抓到 4 场
[2026-08-05 15:32:07] ✓ 11个数据文件已同步VPS(rsync -u, 仅推送更新过的)
[2026-08-05 15:32:10] VPS重算: 200
[2026-08-05 16:08:01] 抓到 4 场
[2026-08-05 16:08:07] ✓ 11个数据文件已同步VPS(rsync -u, 仅推送更新过的)
[2026-08-05 16:08:09] VPS重算: 200
[2026-08-05 16:16:01] 抓到 4 场
[2026-08-05 16:16:10] ✓ 11个数据文件已同步VPS(rsync -u, 仅推送更新过的)
[2026-08-05 16:16:12] VPS重算: 200
[2026-08-05 16:24:01] 抓到 4 场
[2026-08-05 16:24:08] ✓ 11个数据文件已同步VPS(rsync -u, 仅推送更新过的)
[2026-08-05 16:24:12] VPS重算: 200
[2026-08-05 16:32:01]   ⚠ 体彩抓取失败(<urlopen error [Errno -3] Temporary failure in name resolution>), 回退缓存 odds_parsed.json (7分钟前)
[2026-08-05 16:32:01] 抓到 4 场
[2026-08-05 16:32:02] ✗ 推送失败(VPS不可达或免密未配)
[2026-08-05 16:40:01] 抓到 4 场
[2026-08-05 16:40:05] ✓ 11个数据文件已同步VPS(rsync -u, 仅推送更新过的)
[2026-08-05 16:40:07] VPS重算: 200
[2026-08-05 16:48:01] 抓到 4 场
[2026-08-05 16:48:06] ✓ 11个数据文件已同步VPS(rsync -u, 仅推送更新过的)
[2026-08-05 16:48:09] VPS重算: 200
[2026-08-05 16:56:01] 抓到 4 场
[2026-08-05 16:56:06] ✓ 11个数据文件已同步VPS(rsync -u, 仅推送更新过的)
[2026-08-05 16:56:09] VPS重算: 200
[2026-08-05 17:00:01] 抓到 4 场
[2026-08-05 17:00:08] ✓ 11个数据文件已同步VPS(rsync -u, 仅推送更新过的)
[2026-08-05 17:00:11] VPS重算: 200
[2026-08-05 17:08:01] 抓到 4 场
[2026-08-05 17:08:08] ✓ 11个数据文件已同步VPS(rsync -u, 仅推送更新过的)
[2026-08-05 17:08:10] VPS重算: 200
[2026-08-05 17:16:01] 抓到 4 场
[2026-08-05 17:16:07] ✓ 11个数据文件已同步VPS(rsync -u, 仅推送更新过的)
[2026-08-05 17:16:09] VPS重算: 200
[2026-08-05 17:24:01] 抓到 4 场
[2026-08-05 17:24:06] ✓ 11个数据文件已同步VPS(rsync -u, 仅推送更新过的)
[2026-08-05 17:24:09] VPS重算: 200
[2026-08-05 17:32:01] 抓到 4 场
[2026-08-05 17:32:07] ✓ 11个数据文件已同步VPS(rsync -u, 仅推送更新过的)
[2026-08-05 17:32:09] VPS重算: 200
[2026-08-05 17:40:01] 抓到 4 场
[2026-08-05 17:40:08] ✓ 11个数据文件已同步VPS(rsync -u, 仅推送更新过的)
[2026-08-05 17:40:10] VPS重算: 200
[2026-08-05 17:48:01] 抓到 4 场
[2026-08-05 17:48:07] ✓ 11个数据文件已同步VPS(rsync -u, 仅推送更新过的)
[2026-08-05 17:48:11] VPS重算: 200
[2026-08-05 18:00:01] 抓到 4 场
[2026-08-05 18:00:07] ✓ 11个数据文件已同步VPS(rsync -u, 仅推送更新过的)
[2026-08-05 18:00:09] VPS重算: 200
[2026-08-05 18:08:01] 抓到 4 场
[2026-08-05 18:08:05] ✓ 11个数据文件已同步VPS(rsync -u, 仅推送更新过的)
[2026-08-05 18:08:08] VPS重算: 200
[2026-08-05 18:16:01] 抓到 4 场
[2026-08-05 18:16:07] ✓ 11个数据文件已同步VPS(rsync -u, 仅推送更新过的)
[2026-08-05 18:16:10] VPS重算: 200
[2026-08-05 18:24:01] 抓到 4 场
[2026-08-05 18:24:07] ✓ 11个数据文件已同步VPS(rsync -u, 仅推送更新过的)
[2026-08-05 18:24:10] VPS重算: 200
[2026-08-05 18:32:01] 抓到 4 场
[2026-08-05 18:32:07] ✓ 11个数据文件已同步VPS(rsync -u, 仅推送更新过的)
[2026-08-05 18:32:09] VPS重算: 200
[2026-08-05 18:40:01] 抓到 4 场
[2026-08-05 18:40:08] ✓ 11个数据文件已同步VPS(rsync -u, 仅推送更新过的)
[2026-08-05 18:40:09] VPS重算: 200
[2026-08-05 18:48:01] 抓到 4 场
[2026-08-05 18:48:07] ✓ 11个数据文件已同步VPS(rsync -u, 仅推送更新过的)
[2026-08-05 18:48:09] VPS重算: 200
[2026-08-05 18:56:01] 抓到 4 场
[2026-08-05 18:56:06] ✓ 11个数据文件已同步VPS(rsync -u, 仅推送更新过的)
[2026-08-05 18:56:08] VPS重算: 200
[2026-08-05 19:00:01] 抓到 4 场
[2026-08-05 19:00:06] ✓ 11个数据文件已同步VPS(rsync -u, 仅推送更新过的)
[2026-08-05 19:00:09] VPS重算: 200
[2026-08-05 19:08:01] 抓到 4 场
[2026-08-05 19:08:10] ✓ 11个数据文件已同步VPS(rsync -u, 仅推送更新过的)
[2026-08-05 19:08:12] VPS重算: 200
[2026-08-05 19:16:01] 抓到 4 场
[2026-08-05 19:16:07] ✓ 11个数据文件已同步VPS(rsync -u, 仅推送更新过的)
[2026-08-05 19:16:10] VPS重算: 200
[2026-08-05 19:24:01] 抓到 4 场
[2026-08-05 19:24:07] ✓ 11个数据文件已同步VPS(rsync -u, 仅推送更新过的)
[2026-08-05 19:24:09] VPS重算: 200
[2026-08-05 19:32:01] 抓到 4 场
[2026-08-05 19:32:06] ✓ 11个数据文件已同步VPS(rsync -u, 仅推送更新过的)
[2026-08-05 19:32:10] VPS重算: 200
[2026-08-05 19:40:01] 抓到 4 场
[2026-08-05 19:40:09] ✓ 11个数据文件已同步VPS(rsync -u, 仅推送更新过的)
[2026-08-05 19:40:13] VPS重算: 200
[2026-08-05 19:48:01] 抓到 4 场
[2026-08-05 19:48:08] ✓ 11个数据文件已同步VPS(rsync -u, 仅推送更新过的)
[2026-08-05 19:48:12] VPS重算: 200
[2026-08-05 19:56:01] 抓到 4 场
[2026-08-05 19:56:10] ✓ 11个数据文件已同步VPS(rsync -u, 仅推送更新过的)
[2026-08-05 19:56:12] VPS重算: 200
[2026-08-05 20:00:01] 抓到 4 场
[2026-08-05 20:00:05] ✓ 11个数据文件已同步VPS(rsync -u, 仅推送更新过的)
[2026-08-05 20:00:08] VPS重算: 200
[2026-08-05 20:08:01] 抓到 4 场
[2026-08-05 20:08:07] ✓ 11个数据文件已同步VPS(rsync -u, 仅推送更新过的)
[2026-08-05 20:08:09] VPS重算: 200
[2026-08-05 20:16:01] 抓到 4 场
[2026-08-05 20:16:09] ✓ 11个数据文件已同步VPS(rsync -u, 仅推送更新过的)
[2026-08-05 20:16:15] VPS重算: 200
[2026-08-05 20:24:01] 抓到 4 场
[2026-08-05 20:24:12] ✓ 11个数据文件已同步VPS(rsync -u, 仅推送更新过的)
[2026-08-05 20:24:16] VPS重算: 200
[2026-08-05 20:32:01] 抓到 4 场
[2026-08-05 20:32:07] ✓ 11个数据文件已同步VPS(rsync -u, 仅推送更新过的)
[2026-08-05 20:32:09] VPS重算: 200
[2026-08-05 20:40:01] 抓到 4 场
[2026-08-05 20:40:09] ✓ 11个数据文件已同步VPS(rsync -u, 仅推送更新过的)
[2026-08-05 20:40:14] VPS重算: 200
[2026-08-05 20:48:01] 抓到 4 场
[2026-08-05 20:48:07] ✓ 11个数据文件已同步VPS(rsync -u, 仅推送更新过的)
[2026-08-05 20:48:09] VPS重算: 200
[2026-08-05 20:56:01] 抓到 4 场
[2026-08-05 20:56:10] ✓ 11个数据文件已同步VPS(rsync -u, 仅推送更新过的)
[2026-08-05 20:56:12] VPS重算: 200
[2026-08-05 21:00:01] 抓到 4 场
[2026-08-05 21:00:07] ✓ 11个数据文件已同步VPS(rsync -u, 仅推送更新过的)
[2026-08-05 21:00:09] VPS重算: 200
[2026-08-05 21:08:01] 抓到 4 场
[2026-08-05 21:08:06] ✓ 11个数据文件已同步VPS(rsync -u, 仅推送更新过的)
[2026-08-05 21:09:08] VPS重算: 200
[2026-08-05 21:16:01] 抓到 4 场
[2026-08-05 21:16:08] ✓ 11个数据文件已同步VPS(rsync -u, 仅推送更新过的)
[2026-08-05 21:16:12] VPS重算: 200
[2026-08-05 21:24:01] 抓到 4 场
[2026-08-05 21:24:07] ✓ 11个数据文件已同步VPS(rsync -u, 仅推送更新过的)
[2026-08-05 21:24:13] VPS重算: 200
[2026-08-05 21:32:01] 抓到 4 场
[2026-08-05 21:32:07] ✓ 11个数据文件已同步VPS(rsync -u, 仅推送更新过的)
[2026-08-05 21:32:09] VPS重算: 200
[2026-08-05 21:40:01] 抓到 4 场
[2026-08-05 21:40:07] ✓ 11个数据文件已同步VPS(rsync -u, 仅推送更新过的)
[2026-08-05 21:40:11] VPS重算: 200
[2026-08-05 21:48:01] 抓到 4 场
[2026-08-05 21:48:08] ✓ 11个数据文件已同步VPS(rsync -u, 仅推送更新过的)
[2026-08-05 21:48:14] VPS重算: 200
[2026-08-05 21:56:01] 抓到 4 场
[2026-08-05 21:56:12] ✓ 11个数据文件已同步VPS(rsync -u, 仅推送更新过的)
[2026-08-05 21:56:16] VPS重算: 200
[2026-08-05 22:00:01] 抓到 4 场
[2026-08-05 22:00:07] ✓ 11个数据文件已同步VPS(rsync -u, 仅推送更新过的)
[2026-08-05 22:00:09] VPS重算: 200
[2026-08-05 22:08:01] 抓到 4 场
[2026-08-05 22:08:06] ✓ 11个数据文件已同步VPS(rsync -u, 仅推送更新过的)
[2026-08-05 22:08:08] VPS重算: 200
[2026-08-05 22:16:01] 抓到 4 场
[2026-08-05 22:16:07] ✓ 11个数据文件已同步VPS(rsync -u, 仅推送更新过的)
[2026-08-05 22:16:10] VPS重算: 200
[2026-08-05 22:24:01] 抓到 4 场
[2026-08-05 22:24:07] ✓ 11个数据文件已同步VPS(rsync -u, 仅推送更新过的)
[2026-08-05 22:24:09] VPS重算: 200
[2026-08-05 22:32:01] 抓到 4 场
[2026-08-05 22:32:09] ✓ 11个数据文件已同步VPS(rsync -u, 仅推送更新过的)
[2026-08-05 22:32:13] VPS重算: 200
[2026-08-05 22:40:01] 抓到 4 场
[2026-08-05 22:40:08] ✓ 11个数据文件已同步VPS(rsync -u, 仅推送更新过的)
[2026-08-05 22:40:12] VPS重算: 200
[2026-08-05 22:48:01] 抓到 4 场
[2026-08-05 22:48:06] ✓ 11个数据文件已同步VPS(rsync -u, 仅推送更新过的)
[2026-08-05 22:48:10] VPS重算: 200
[2026-08-05 22:56:01] 抓到 4 场
[2026-08-05 22:56:08] ✓ 11个数据文件已同步VPS(rsync -u, 仅推送更新过的)
[2026-08-05 22:56:10] VPS重算: 200
[2026-08-05 23:00:01] 抓到 4 场
[2026-08-05 23:00:06] ✓ 11个数据文件已同步VPS(rsync -u, 仅推送更新过的)
[2026-08-05 23:00:09] VPS重算: 200
[2026-08-05 23:08:01] 抓到 4 场
[2026-08-05 23:08:07] ✓ 11个数据文件已同步VPS(rsync -u, 仅推送更新过的)
[2026-08-05 23:08:09] VPS重算: 200
[2026-08-05 23:16:01] 抓到 4 场
[2026-08-05 23:16:07] ✓ 11个数据文件已同步VPS(rsync -u, 仅推送更新过的)
[2026-08-05 23:16:09] VPS重算: 200
[2026-08-05 23:24:01] 抓到 4 场
[2026-08-05 23:24:06] ✓ 11个数据文件已同步VPS(rsync -u, 仅推送更新过的)
[2026-08-05 23:24:09] VPS重算: 200
[2026-08-05 23:32:01] 抓到 4 场
[2026-08-05 23:32:07] ✓ 11个数据文件已同步VPS(rsync -u, 仅推送更新过的)
[2026-08-05 23:32:11] VPS重算: 200
[2026-08-05 23:40:01] 抓到 4 场
[2026-08-05 23:40:06] ✓ 11个数据文件已同步VPS(rsync -u, 仅推送更新过的)
[2026-08-05 23:40:11] VPS重算: 200
[2026-08-05 23:48:01] 抓到 4 场
[2026-08-05 23:48:06] ✓ 11个数据文件已同步VPS(rsync -u, 仅推送更新过的)
[2026-08-05 23:48:08] VPS重算: 200
[2026-08-05 23:56:01] 抓到 4 场
[2026-08-05 23:56:05] ✓ 11个数据文件已同步VPS(rsync -u, 仅推送更新过的)
[2026-08-05 23:56:08] VPS重算: 200
[2026-08-06 00:00:02] 抓到 4 场
[2026-08-06 00:00:07] ✓ 11个数据文件已同步VPS(rsync -u, 仅推送更新过的)
[2026-08-06 00:00:11] VPS重算: 200
[2026-08-06 00:08:01] 抓到 4 场
[2026-08-06 00:08:09] ✓ 11个数据文件已同步VPS(rsync -u, 仅推送更新过的)
[2026-08-06 00:08:11] VPS重算: 200
[2026-08-06 00:16:01] 抓到 4 场
[2026-08-06 00:16:08] ✓ 11个数据文件已同步VPS(rsync -u, 仅推送更新过的)
[2026-08-06 00:16:10] VPS重算: 200
[2026-08-06 00:24:01] 抓到 4 场
[2026-08-06 00:24:06] ✓ 11个数据文件已同步VPS(rsync -u, 仅推送更新过的)
[2026-08-06 00:24:08] VPS重算: 200
[2026-08-06 00:32:01] 抓到 3 场
[2026-08-06 00:32:06] ✓ 11个数据文件已同步VPS(rsync -u, 仅推送更新过的)
[2026-08-06 00:32:09] VPS重算: 200
[2026-08-06 00:40:01] 抓到 3 场
[2026-08-06 00:40:07] ✓ 11个数据文件已同步VPS(rsync -u, 仅推送更新过的)
[2026-08-06 00:40:10] VPS重算: 200
[2026-08-06 00:48:02] 抓到 3 场
[2026-08-06 00:48:09] ✓ 11个数据文件已同步VPS(rsync -u, 仅推送更新过的)
[2026-08-06 00:48:11] VPS重算: 200
[2026-08-06 00:56:01] 抓到 3 场
[2026-08-06 00:56:07] ✓ 11个数据文件已同步VPS(rsync -u, 仅推送更新过的)
[2026-08-06 00:56:11] VPS重算: 200
[2026-08-06 01:00:01] 抓到 3 场
[2026-08-06 01:00:08] ✓ 11个数据文件已同步VPS(rsync -u, 仅推送更新过的)
[2026-08-06 01:00:10] VPS重算: 200
[2026-08-06 01:08:01] 抓到 3 场
[2026-08-06 01:08:06] ✓ 11个数据文件已同步VPS(rsync -u, 仅推送更新过的)
[2026-08-06 01:08:07] VPS重算: 200
[2026-08-06 01:16:01] 抓到 3 场
[2026-08-06 01:16:06] ✓ 11个数据文件已同步VPS(rsync -u, 仅推送更新过的)
[2026-08-06 01:16:10] VPS重算: 200
[2026-08-06 01:24:01] 抓到 3 场
[2026-08-06 01:24:08] ✓ 11个数据文件已同步VPS(rsync -u, 仅推送更新过的)
[2026-08-06 01:24:10] VPS重算: 200
[2026-08-06 01:32:01] 抓到 3 场
[2026-08-06 01:32:06] ✓ 11个数据文件已同步VPS(rsync -u, 仅推送更新过的)
[2026-08-06 01:32:08] VPS重算: 200
[2026-08-06 01:41:37] 抓到 3 场
[2026-08-06 01:45:31] ✓ 11个数据文件已同步VPS(rsync -u, 仅推送更新过的)
[2026-08-06 01:45:35] VPS重算: 200
[2026-08-06 01:48:01] 抓到 3 场
[2026-08-06 01:48:06] ✓ 11个数据文件已同步VPS(rsync -u, 仅推送更新过的)
[2026-08-06 01:48:10] VPS重算: 200
[2026-08-06 01:56:05] 抓到 3 场
[2026-08-06 01:58:58] ✓ 11个数据文件已同步VPS(rsync -u, 仅推送更新过的)
[2026-08-06 01:59:02] VPS重算: 200
[2026-08-06 02:00:01] 抓到 3 场
[2026-08-06 02:03:26] ✓ 11个数据文件已同步VPS(rsync -u, 仅推送更新过的)
[2026-08-06 02:03:32] VPS重算: 200
[2026-08-06 02:08:50] 抓到 2 场
[2026-08-06 02:10:48] ✓ 11个数据文件已同步VPS(rsync -u, 仅推送更新过的)
[2026-08-06 02:10:50] VPS重算: 200
[2026-08-06 02:16:04] 抓到 2 场
[2026-08-06 02:19:29] ✓ 11个数据文件已同步VPS(rsync -u, 仅推送更新过的)
[2026-08-06 02:19:35] VPS重算: 200
[2026-08-06 02:24:09] 抓到 2 场
[2026-08-06 02:27:15] ✓ 11个数据文件已同步VPS(rsync -u, 仅推送更新过的)
[2026-08-06 02:27:23] VPS重算: 200
[2026-08-06 02:32:01] 抓到 2 场
[2026-08-06 02:32:17] ✓ 11个数据文件已同步VPS(rsync -u, 仅推送更新过的)
[2026-08-06 02:32:20] VPS重算: 200
[2026-08-06 02:40:01] 抓到 2 场
[2026-08-06 02:40:06] ✓ 11个数据文件已同步VPS(rsync -u, 仅推送更新过的)
[2026-08-06 02:40:08] VPS重算: 200
[2026-08-06 02:48:01] 抓到 2 场
[2026-08-06 02:48:05] ✓ 11个数据文件已同步VPS(rsync -u, 仅推送更新过的)
[2026-08-06 02:48:07] VPS重算: 200
[2026-08-06 02:56:01] 抓到 2 场
[2026-08-06 02:56:07] ✓ 11个数据文件已同步VPS(rsync -u, 仅推送更新过的)
[2026-08-06 02:56:09] VPS重算: 200
[2026-08-06 03:00:02] 抓到 2 场
[2026-08-06 03:00:06] ✓ 11个数据文件已同步VPS(rsync -u, 仅推送更新过的)
[2026-08-06 03:00:08] VPS重算: 200
[2026-08-06 03:08:01] 抓到 2 场
[2026-08-06 03:08:20] ✓ 11个数据文件已同步VPS(rsync -u, 仅推送更新过的)
[2026-08-06 03:08:22] VPS重算: 200
[2026-08-06 03:16:19] 抓到 2 场
[2026-08-06 03:16:38] ✓ 11个数据文件已同步VPS(rsync -u, 仅推送更新过的)
[2026-08-06 03:16:41] VPS重算: 200
[2026-08-06 03:25:01] 抓到 2 场
[2026-08-06 03:25:53] ✓ 11个数据文件已同步VPS(rsync -u, 仅推送更新过的)
[2026-08-06 03:25:56] VPS重算: 200
[2026-08-06 03:32:09]   ⚠ 体彩抓取失败(<urlopen error [SSL: UNEXPECTED_EOF_WHILE_READING] EOF occurred in violation of protocol (_ssl.c:1000)>), 回退缓存 odds_parsed.json (11分钟前)
[2026-08-06 03:32:09] 抓到 2 场
[2026-08-06 03:37:17] ✓ 11个数据文件已同步VPS(rsync -u, 仅推送更新过的)
[2026-08-06 03:37:21] VPS重算: 200
[2026-08-06 03:41:07] 抓到 2 场
[2026-08-06 03:41:26] ✓ 11个数据文件已同步VPS(rsync -u, 仅推送更新过的)
[2026-08-06 03:41:29] VPS重算: 200
[2026-08-06 03:48:01] 抓到 2 场
[2026-08-06 03:48:06] ✓ 11个数据文件已同步VPS(rsync -u, 仅推送更新过的)
[2026-08-06 03:48:09] VPS重算: 200
[2026-08-06 03:58:15] 抓到 2 场
[2026-08-06 03:58:30] ✓ 11个数据文件已同步VPS(rsync -u, 仅推送更新过的)
[2026-08-06 03:58:33] VPS重算: 200
[2026-08-06 04:00:53] 抓到 2 场
[2026-08-06 04:01:18] ✓ 11个数据文件已同步VPS(rsync -u, 仅推送更新过的)
[2026-08-06 04:01:25] VPS重算: 200
[2026-08-06 04:08:02] 抓到 2 场
[2026-08-06 04:10:56] ✓ 11个数据文件已同步VPS(rsync -u, 仅推送更新过的)
[2026-08-06 04:10:58] VPS重算: 200
[2026-08-06 04:16:50] 抓到 2 场
[2026-08-06 04:18:59] ✓ 11个数据文件已同步VPS(rsync -u, 仅推送更新过的)
[2026-08-06 04:19:01] VPS重算: 200
[2026-08-06 04:24:01] 抓到 2 场
[2026-08-06 04:24:13] ✓ 11个数据文件已同步VPS(rsync -u, 仅推送更新过的)
[2026-08-06 04:24:16] VPS重算: 200
[2026-08-06 04:32:01] 抓到 2 场
[2026-08-06 04:36:23] ✓ 11个数据文件已同步VPS(rsync -u, 仅推送更新过的)
[2026-08-06 04:36:25] VPS重算: 200
[2026-08-06 04:40:28] 抓到 2 场
[2026-08-06 04:40:34] ✓ 11个数据文件已同步VPS(rsync -u, 仅推送更新过的)
[2026-08-06 04:40:36] VPS重算: 200
[2026-08-06 04:48:02] 抓到 2 场
[2026-08-06 04:48:08] ✓ 11个数据文件已同步VPS(rsync -u, 仅推送更新过的)
[2026-08-06 04:48:10] VPS重算: 200
[2026-08-06 04:57:37] 抓到 2 场
[2026-08-06 04:57:42] ✓ 11个数据文件已同步VPS(rsync -u, 仅推送更新过的)
[2026-08-06 04:57:44] VPS重算: 200
[2026-08-06 05:00:44] 抓到 2 场
[2026-08-06 05:01:29] ✓ 11个数据文件已同步VPS(rsync -u, 仅推送更新过的)
[2026-08-06 05:01:32] VPS重算: 200
[2026-08-06 05:09:32] 抓到 2 场
[2026-08-06 05:09:37] ✓ 11个数据文件已同步VPS(rsync -u, 仅推送更新过的)
[2026-08-06 05:09:39] VPS重算: 200
[2026-08-06 05:16:01] 抓到 2 场
[2026-08-06 05:16:08] ✓ 11个数据文件已同步VPS(rsync -u, 仅推送更新过的)
[2026-08-06 05:16:11] VPS重算: 200
[2026-08-06 05:24:01] 抓到 2 场
[2026-08-06 05:24:05] ✓ 11个数据文件已同步VPS(rsync -u, 仅推送更新过的)
[2026-08-06 05:24:07] VPS重算: 200
[2026-08-06 05:32:01] 抓到 2 场
[2026-08-06 05:32:06] ✓ 11个数据文件已同步VPS(rsync -u, 仅推送更新过的)
[2026-08-06 05:32:08] VPS重算: 200
[2026-08-06 05:40:01] 抓到 2 场
[2026-08-06 05:40:05] ✓ 11个数据文件已同步VPS(rsync -u, 仅推送更新过的)
[2026-08-06 05:40:07] VPS重算: 200
[2026-08-06 05:48:01] 抓到 2 场
[2026-08-06 05:48:05] ✓ 11个数据文件已同步VPS(rsync -u, 仅推送更新过的)
[2026-08-06 05:48:06] VPS重算: 200
[2026-08-06 05:56:01] 抓到 2 场
[2026-08-06 05:56:05] ✓ 11个数据文件已同步VPS(rsync -u, 仅推送更新过的)
[2026-08-06 05:56:07] VPS重算: 200
[2026-08-06 06:00:01] 抓到 2 场
[2026-08-06 06:00:02] ✗ 推送失败(VPS不可达或免密未配)
[2026-08-06 06:08:01] 抓到 2 场
[2026-08-06 06:08:06] ✓ 11个数据文件已同步VPS(rsync -u, 仅推送更新过的)
[2026-08-06 06:08:08] VPS重算: 200
[2026-08-06 06:16:01] 抓到 2 场
[2026-08-06 06:16:05] ✓ 11个数据文件已同步VPS(rsync -u, 仅推送更新过的)
[2026-08-06 06:16:07] VPS重算: 200
[2026-08-06 06:24:01] 抓到 2 场
[2026-08-06 06:24:05] ✓ 11个数据文件已同步VPS(rsync -u, 仅推送更新过的)
[2026-08-06 06:24:07] VPS重算: 200
[2026-08-06 06:32:01] 抓到 2 场
[2026-08-06 06:32:05] ✓ 11个数据文件已同步VPS(rsync -u, 仅推送更新过的)
[2026-08-06 06:32:07] VPS重算: 200
[2026-08-06 06:40:01] 抓到 2 场
[2026-08-06 06:40:06] ✓ 11个数据文件已同步VPS(rsync -u, 仅推送更新过的)
[2026-08-06 06:40:07] VPS重算: 200
[2026-08-06 06:48:01] 抓到 2 场
[2026-08-06 06:48:06] ✓ 11个数据文件已同步VPS(rsync -u, 仅推送更新过的)
[2026-08-06 06:48:07] VPS重算: 200
[2026-08-06 06:56:01] 抓到 2 场
[2026-08-06 06:56:06] ✓ 11个数据文件已同步VPS(rsync -u, 仅推送更新过的)
[2026-08-06 06:56:08] VPS重算: 200
[2026-08-06 07:00:01] 抓到 2 场
[2026-08-06 07:00:05] ✓ 11个数据文件已同步VPS(rsync -u, 仅推送更新过的)
[2026-08-06 07:00:07] VPS重算: 200
[2026-08-06 07:08:01] 抓到 2 场
[2026-08-06 07:08:05] ✓ 11个数据文件已同步VPS(rsync -u, 仅推送更新过的)
[2026-08-06 07:08:07] VPS重算: 200
[2026-08-06 07:16:01] 抓到 2 场
[2026-08-06 07:16:05] ✓ 11个数据文件已同步VPS(rsync -u, 仅推送更新过的)
[2026-08-06 07:16:07] VPS重算: 200
[2026-08-06 07:24:01] 抓到 2 场
[2026-08-06 07:24:05] ✓ 11个数据文件已同步VPS(rsync -u, 仅推送更新过的)
[2026-08-06 07:24:07] VPS重算: 200
[2026-08-06 07:32:01] 抓到 2 场
[2026-08-06 07:32:08] ✓ 11个数据文件已同步VPS(rsync -u, 仅推送更新过的)
[2026-08-06 07:32:10] VPS重算: 200
[2026-08-06 07:40:01] 抓到 2 场
[2026-08-06 07:40:05] ✓ 11个数据文件已同步VPS(rsync -u, 仅推送更新过的)
[2026-08-06 07:40:07] VPS重算: 200
[2026-08-06 07:48:01] 抓到 2 场
[2026-08-06 07:48:05] ✓ 11个数据文件已同步VPS(rsync -u, 仅推送更新过的)
[2026-08-06 07:48:07] VPS重算: 200
[2026-08-06 07:56:01] 抓到 2 场
[2026-08-06 07:56:05] ✓ 11个数据文件已同步VPS(rsync -u, 仅推送更新过的)
[2026-08-06 07:56:07] VPS重算: 200
[2026-08-06 08:00:01] 抓到 2 场
[2026-08-06 08:00:04] ✓ 11个数据文件已同步VPS(rsync -u, 仅推送更新过的)
[2026-08-06 08:00:06] VPS重算: 200
[2026-08-06 08:08:01] 抓到 2 场
[2026-08-06 08:08:05] ✓ 11个数据文件已同步VPS(rsync -u, 仅推送更新过的)
[2026-08-06 08:08:07] VPS重算: 200
[2026-08-06 08:16:01] 抓到 2 场
[2026-08-06 08:16:06] ✓ 11个数据文件已同步VPS(rsync -u, 仅推送更新过的)
[2026-08-06 08:16:07] VPS重算: 200
[2026-08-06 08:24:01] 抓到 2 场
[2026-08-06 08:24:05] ✓ 11个数据文件已同步VPS(rsync -u, 仅推送更新过的)
[2026-08-06 08:24:06] VPS重算: 200
[2026-08-06 08:32:01] 抓到 1 场
[2026-08-06 08:32:06] ✓ 11个数据文件已同步VPS(rsync -u, 仅推送更新过的)
[2026-08-06 08:32:08] VPS重算: 200
[2026-08-06 08:40:01] 抓到 1 场
[2026-08-06 08:40:05] ✓ 11个数据文件已同步VPS(rsync -u, 仅推送更新过的)
[2026-08-06 08:40:08] VPS重算: 200
[2026-08-06 08:48:01] 抓到 1 场
[2026-08-06 08:48:05] ✓ 11个数据文件已同步VPS(rsync -u, 仅推送更新过的)
[2026-08-06 08:48:07] VPS重算: 200
[2026-08-06 08:56:01] 抓到 1 场
[2026-08-06 08:56:06] ✓ 11个数据文件已同步VPS(rsync -u, 仅推送更新过的)
[2026-08-06 08:56:08] VPS重算: 200
[2026-08-06 09:00:01] 抓到 1 场
[2026-08-06 09:00:05] ✓ 11个数据文件已同步VPS(rsync -u, 仅推送更新过的)
[2026-08-06 09:00:08] VPS重算: 200
[2026-08-06 09:08:01] 抓到 1 场
[2026-08-06 09:08:07] ✓ 11个数据文件已同步VPS(rsync -u, 仅推送更新过的)
[2026-08-06 09:08:09] VPS重算: 200
[2026-08-06 09:16:01] 抓到 1 场
[2026-08-06 09:16:07] ✓ 11个数据文件已同步VPS(rsync -u, 仅推送更新过的)
[2026-08-06 09:16:09] VPS重算: 200
[2026-08-06 09:24:01] 抓到 1 场
[2026-08-06 09:24:05] ✓ 11个数据文件已同步VPS(rsync -u, 仅推送更新过的)
[2026-08-06 09:24:08] VPS重算: 200
[2026-08-06 09:32:01] 抓到 1 场
[2026-08-06 09:32:08] ✓ 11个数据文件已同步VPS(rsync -u, 仅推送更新过的)
[2026-08-06 09:32:10] VPS重算: 200
[2026-08-06 09:40:01] 抓到 1 场
[2026-08-06 09:40:05] ✓ 11个数据文件已同步VPS(rsync -u, 仅推送更新过的)
[2026-08-06 09:40:08] VPS重算: 200
[2026-08-06 09:48:01] 抓到 1 场
[2026-08-06 09:48:08] ✓ 11个数据文件已同步VPS(rsync -u, 仅推送更新过的)
[2026-08-06 09:48:11] VPS重算: 200
[2026-08-06 09:56:01] 抓到 1 场
[2026-08-06 09:56:06] ✓ 11个数据文件已同步VPS(rsync -u, 仅推送更新过的)
[2026-08-06 09:56:08] VPS重算: 200
[2026-08-06 10:00:01] 抓到 1 场
[2026-08-06 10:00:04] ✓ 11个数据文件已同步VPS(rsync -u, 仅推送更新过的)
[2026-08-06 10:00:07] VPS重算: 200
[2026-08-06 10:08:01] 抓到 1 场
[2026-08-06 10:08:06] ✓ 11个数据文件已同步VPS(rsync -u, 仅推送更新过的)
[2026-08-06 10:08:09] VPS重算: 200
[2026-08-06 10:16:01] 抓到 1 场
[2026-08-06 10:16:06] ✓ 11个数据文件已同步VPS(rsync -u, 仅推送更新过的)
[2026-08-06 10:16:08] VPS重算: 200
[2026-08-06 10:24:01] 抓到 1 场
[2026-08-06 10:24:07] ✓ 11个数据文件已同步VPS(rsync -u, 仅推送更新过的)
[2026-08-06 10:24:11] VPS重算: 200
[2026-08-06 10:32:01] 抓到 1 场
[2026-08-06 10:32:07] ✓ 11个数据文件已同步VPS(rsync -u, 仅推送更新过的)
[2026-08-06 10:32:10] VPS重算: 200
[2026-08-06 10:40:01] 抓到 1 场
[2026-08-06 10:40:06] ✓ 11个数据文件已同步VPS(rsync -u, 仅推送更新过的)
[2026-08-06 10:40:09] VPS重算: 200
[2026-08-06 10:48:01] 抓到 1 场
[2026-08-06 10:48:06] ✓ 11个数据文件已同步VPS(rsync -u, 仅推送更新过的)
[2026-08-06 10:48:08] VPS重算: 200
[2026-08-06 10:56:01] 抓到 1 场
[2026-08-06 10:56:07] ✓ 11个数据文件已同步VPS(rsync -u, 仅推送更新过的)
[2026-08-06 10:56:10] VPS重算: 200
[2026-08-06 11:00:01] 抓到 1 场
[2026-08-06 11:00:05] ✓ 11个数据文件已同步VPS(rsync -u, 仅推送更新过的)
[2026-08-06 11:00:08] VPS重算: 200
[2026-08-06 11:08:01] 抓到 5 场
[2026-08-06 11:08:09] ✓ 11个数据文件已同步VPS(rsync -u, 仅推送更新过的)
[2026-08-06 11:08:11] VPS重算: 200
[2026-08-06 11:16:01] 抓到 5 场
[2026-08-06 11:16:06] ✓ 11个数据文件已同步VPS(rsync -u, 仅推送更新过的)
[2026-08-06 11:16:08] VPS重算: 200
[2026-08-06 11:24:01] 抓到 5 场
[2026-08-06 11:24:06] ✓ 11个数据文件已同步VPS(rsync -u, 仅推送更新过的)
[2026-08-06 11:24:08] VPS重算: 200
[2026-08-06 11:32:01] 抓到 5 场
[2026-08-06 11:32:09] ✓ 11个数据文件已同步VPS(rsync -u, 仅推送更新过的)
[2026-08-06 11:32:11] VPS重算: 200
[2026-08-06 11:40:01] 抓到 5 场
[2026-08-06 11:40:07] ✓ 11个数据文件已同步VPS(rsync -u, 仅推送更新过的)
[2026-08-06 11:40:10] VPS重算: 200
[2026-08-06 11:48:01] 抓到 5 场
[2026-08-06 11:48:06] ✓ 11个数据文件已同步VPS(rsync -u, 仅推送更新过的)
[2026-08-06 11:48:08] VPS重算: 200
[2026-08-06 11:56:01] 抓到 5 场
[2026-08-06 11:56:11] ✓ 11个数据文件已同步VPS(rsync -u, 仅推送更新过的)
[2026-08-06 11:56:15] VPS重算: 200
[2026-08-06 12:00:03] 抓到 5 场
[2026-08-06 12:04:41] ✓ 11个数据文件已同步VPS(rsync -u, 仅推送更新过的)
[2026-08-06 12:04:48] VPS重算: 200
[2026-08-06 12:08:01] 抓到 5 场
[2026-08-06 12:08:07] ✓ 11个数据文件已同步VPS(rsync -u, 仅推送更新过的)
[2026-08-06 12:08:11] VPS重算: 200
[2026-08-06 12:16:03] 抓到 5 场
[2026-08-06 12:16:19] ✓ 11个数据文件已同步VPS(rsync -u, 仅推送更新过的)
[2026-08-06 12:16:23] VPS重算: 200
[2026-08-06 12:24:03] 抓到 5 场
[2026-08-06 12:24:25] ✓ 11个数据文件已同步VPS(rsync -u, 仅推送更新过的)
[2026-08-06 12:24:31] VPS重算: 200
[2026-08-06 12:32:09] 抓到 5 场
[2026-08-06 12:34:44] ✓ 11个数据文件已同步VPS(rsync -u, 仅推送更新过的)
[2026-08-06 12:34:48] VPS重算: 200
[2026-08-06 12:40:03] 抓到 5 场
[2026-08-06 12:42:11] ✓ 11个数据文件已同步VPS(rsync -u, 仅推送更新过的)
[2026-08-06 12:42:27] VPS重算: 200
[2026-08-06 12:48:13]   ⚠ 体彩抓取失败(<urlopen error [SSL: UNEXPECTED_EOF_WHILE_READING] EOF occurred in violation of protocol (_ssl.c:1000)>), 回退缓存 odds_parsed.json (9分钟前)
[2026-08-06 12:48:13] 抓到 5 场
[2026-08-06 12:51:58] ✓ 11个数据文件已同步VPS(rsync -u, 仅推送更新过的)
[2026-08-06 12:53:40] VPS重算: 000
[2026-08-06 13:03:42] 抓到 5 场
[2026-08-06 12:56:35] 抓到 5 场
[2026-08-06 13:03:48] ✓ 11个数据文件已同步VPS(rsync -u, 仅推送更新过的)
[2026-08-06 13:03:50] VPS重算: 200
[2026-08-06 13:03:51] ✓ 11个数据文件已同步VPS(rsync -u, 仅推送更新过的)
[2026-08-06 13:03:55] VPS重算: 200
[2026-08-06 13:08:01] 抓到 5 场
[2026-08-06 13:08:05] ✓ 11个数据文件已同步VPS(rsync -u, 仅推送更新过的)
[2026-08-06 13:08:07] VPS重算: 200
[2026-08-06 13:16:01] 抓到 5 场
[2026-08-06 13:16:08] ✓ 11个数据文件已同步VPS(rsync -u, 仅推送更新过的)
[2026-08-06 13:16:13] VPS重算: 200
[2026-08-06 13:24:01] 抓到 5 场
[2026-08-06 13:24:06] ✓ 11个数据文件已同步VPS(rsync -u, 仅推送更新过的)
[2026-08-06 13:24:09] VPS重算: 200
[2026-08-06 13:32:01] 抓到 5 场
[2026-08-06 13:32:07] ✓ 11个数据文件已同步VPS(rsync -u, 仅推送更新过的)
[2026-08-06 13:32:10] VPS重算: 200
[2026-08-06 13:40:54] 抓到 5 场
[2026-08-06 13:41:53] ✓ 11个数据文件已同步VPS(rsync -u, 仅推送更新过的)
[2026-08-06 13:41:57] VPS重算: 200
[2026-08-06 13:48:02] 抓到 5 场
[2026-08-06 13:48:20] ✓ 11个数据文件已同步VPS(rsync -u, 仅推送更新过的)
[2026-08-06 13:48:25] VPS重算: 200
[2026-08-06 13:56:03] 抓到 5 场
[2026-08-06 13:57:08] ✓ 11个数据文件已同步VPS(rsync -u, 仅推送更新过的)
[2026-08-06 13:57:12] VPS重算: 200
[2026-08-06 14:00:02] 抓到 5 场
[2026-08-06 14:00:20] ✓ 11个数据文件已同步VPS(rsync -u, 仅推送更新过的)
[2026-08-06 14:00:25] VPS重算: 200
[2026-08-06 14:24:01] 抓到 15 场
[2026-08-06 14:24:09] ✓ 11个数据文件已同步VPS(rsync -u, 仅推送更新过的)
[2026-08-06 14:24:18] VPS重算: 200
[2026-08-06 14:32:01] 抓到 15 场
[2026-08-06 14:32:08] ✓ 11个数据文件已同步VPS(rsync -u, 仅推送更新过的)
[2026-08-06 14:32:11] VPS重算: 200
[2026-08-06 14:40:01] 抓到 15 场
[2026-08-06 14:40:07] ✓ 11个数据文件已同步VPS(rsync -u, 仅推送更新过的)
[2026-08-06 14:40:10] VPS重算: 200
[2026-08-06 14:48:01] 抓到 15 场
[2026-08-06 14:48:08] ✓ 11个数据文件已同步VPS(rsync -u, 仅推送更新过的)
[2026-08-06 14:48:14] VPS重算: 200
[2026-08-06 14:56:01] 抓到 15 场
[2026-08-06 14:56:16] ✓ 11个数据文件已同步VPS(rsync -u, 仅推送更新过的)
[2026-08-06 14:56:18] VPS重算: 200
[2026-08-06 15:00:01] 抓到 15 场
[2026-08-06 15:00:06] ✓ 11个数据文件已同步VPS(rsync -u, 仅推送更新过的)
[2026-08-06 15:00:19] VPS重算: 200
[2026-08-06 15:08:01] 抓到 15 场
[2026-08-06 15:08:07] ✓ 11个数据文件已同步VPS(rsync -u, 仅推送更新过的)
[2026-08-06 15:08:12] VPS重算: 200
[2026-08-06 15:16:01] 抓到 15 场
[2026-08-06 15:16:08] ✓ 11个数据文件已同步VPS(rsync -u, 仅推送更新过的)
[2026-08-06 15:16:11] VPS重算: 200
[2026-08-06 15:24:01] 抓到 15 场
[2026-08-06 15:24:11] ✓ 11个数据文件已同步VPS(rsync -u, 仅推送更新过的)
[2026-08-06 15:24:17] VPS重算: 200
[2026-08-06 15:32:01] 抓到 15 场
[2026-08-06 15:32:05] ✓ 11个数据文件已同步VPS(rsync -u, 仅推送更新过的)
[2026-08-06 15:32:08] VPS重算: 200
[2026-08-06 15:40:01] 抓到 15 场
[2026-08-06 15:40:07] ✓ 11个数据文件已同步VPS(rsync -u, 仅推送更新过的)
[2026-08-06 15:40:09] VPS重算: 200
[2026-08-06 15:48:01] 抓到 15 场
[2026-08-06 15:48:08] ✓ 11个数据文件已同步VPS(rsync -u, 仅推送更新过的)
[2026-08-06 15:48:11] VPS重算: 200
[2026-08-06 15:56:01] 抓到 15 场
[2026-08-06 15:56:07] ✓ 11个数据文件已同步VPS(rsync -u, 仅推送更新过的)
[2026-08-06 15:56:11] VPS重算: 200
[2026-08-06 16:00:01] 抓到 15 场
[2026-08-06 16:00:06] ✓ 11个数据文件已同步VPS(rsync -u, 仅推送更新过的)
[2026-08-06 16:00:09] VPS重算: 200
[2026-08-06 16:08:01] 抓到 15 场
[2026-08-06 16:08:07] ✓ 11个数据文件已同步VPS(rsync -u, 仅推送更新过的)
[2026-08-06 16:08:10] VPS重算: 200
[2026-08-06 16:16:01] 抓到 15 场
[2026-08-06 16:16:08] ✓ 11个数据文件已同步VPS(rsync -u, 仅推送更新过的)
[2026-08-06 16:16:12] VPS重算: 200
[2026-08-06 16:32:01] 抓到 15 场
[2026-08-06 16:32:06] ✓ 11个数据文件已同步VPS(rsync -u, 仅推送更新过的)
[2026-08-06 16:32:09] VPS重算: 200
[2026-08-06 16:40:01] 抓到 15 场
[2026-08-06 16:40:09] ✓ 11个数据文件已同步VPS(rsync -u, 仅推送更新过的)
[2026-08-06 16:40:11] VPS重算: 200
[2026-08-06 16:48:02] 抓到 15 场
[2026-08-06 16:48:15] ✓ 11个数据文件已同步VPS(rsync -u, 仅推送更新过的)
[2026-08-06 16:48:18] VPS重算: 200
[2026-08-06 16:56:01] 抓到 15 场
[2026-08-06 16:56:10] ✓ 11个数据文件已同步VPS(rsync -u, 仅推送更新过的)
[2026-08-06 16:56:13] VPS重算: 200
[2026-08-06 17:00:02] 抓到 15 场
[2026-08-06 17:00:10] ✓ 11个数据文件已同步VPS(rsync -u, 仅推送更新过的)
[2026-08-06 17:00:14] VPS重算: 200
[2026-08-06 17:08:01] 抓到 15 场
[2026-08-06 17:08:11] ✓ 11个数据文件已同步VPS(rsync -u, 仅推送更新过的)
[2026-08-06 17:08:13] VPS重算: 200
[2026-08-06 17:16:01] 抓到 15 场
[2026-08-06 17:16:12] ✓ 11个数据文件已同步VPS(rsync -u, 仅推送更新过的)
[2026-08-06 17:16:13] VPS重算: 200
[2026-08-06 17:24:01] 抓到 15 场
[2026-08-06 17:24:07] ✓ 11个数据文件已同步VPS(rsync -u, 仅推送更新过的)
[2026-08-06 17:24:09] VPS重算: 200
[2026-08-06 17:32:01] 抓到 15 场
[2026-08-06 17:32:19] ✓ 11个数据文件已同步VPS(rsync -u, 仅推送更新过的)
[2026-08-06 17:32:23] VPS重算: 200
[2026-08-06 17:40:01] 抓到 15 场
[2026-08-06 17:40:11] ✓ 11个数据文件已同步VPS(rsync -u, 仅推送更新过的)
[2026-08-06 17:40:14] VPS重算: 200
[2026-08-06 17:48:01] 抓到 15 场
[2026-08-06 17:48:08] ✓ 11个数据文件已同步VPS(rsync -u, 仅推送更新过的)
[2026-08-06 17:48:10] VPS重算: 200
[2026-08-06 17:56:01] 抓到 15 场
[2026-08-06 17:56:09] ✓ 11个数据文件已同步VPS(rsync -u, 仅推送更新过的)
[2026-08-06 17:56:10] VPS重算: 200
[2026-08-06 18:00:01] 抓到 15 场
[2026-08-06 18:00:07] ✓ 11个数据文件已同步VPS(rsync -u, 仅推送更新过的)
[2026-08-06 18:00:09] VPS重算: 200
[2026-08-06 18:08:01] 抓到 15 场
[2026-08-06 18:08:09] ✓ 11个数据文件已同步VPS(rsync -u, 仅推送更新过的)
[2026-08-06 18:08:11] VPS重算: 200
[2026-08-06 18:16:01] 抓到 15 场
[2026-08-06 18:16:07] ✓ 11个数据文件已同步VPS(rsync -u, 仅推送更新过的)
[2026-08-06 18:16:08] VPS重算: 200
[2026-08-06 18:24:01] 抓到 15 场
[2026-08-06 18:24:07] ✓ 11个数据文件已同步VPS(rsync -u, 仅推送更新过的)
[2026-08-06 18:24:09] VPS重算: 200
[2026-08-06 18:32:01] 抓到 15 场
[2026-08-06 18:32:14] ✓ 11个数据文件已同步VPS(rsync -u, 仅推送更新过的)
[2026-08-06 18:32:15] VPS重算: 200
[2026-08-06 18:40:01] 抓到 15 场
[2026-08-06 18:40:13] ✓ 11个数据文件已同步VPS(rsync -u, 仅推送更新过的)
[2026-08-06 18:40:15] VPS重算: 200
[2026-08-06 18:48:01] 抓到 15 场
[2026-08-06 18:48:07] ✓ 11个数据文件已同步VPS(rsync -u, 仅推送更新过的)
[2026-08-06 18:48:08] VPS重算: 200
[2026-08-06 18:56:01] 抓到 15 场
[2026-08-06 18:56:11] ✓ 11个数据文件已同步VPS(rsync -u, 仅推送更新过的)
[2026-08-06 18:56:14] VPS重算: 200
[2026-08-06 19:00:01] 抓到 15 场
[2026-08-06 19:00:08] ✓ 11个数据文件已同步VPS(rsync -u, 仅推送更新过的)
[2026-08-06 19:00:10] VPS重算: 200
[2026-08-06 19:08:01] 抓到 15 场
[2026-08-06 19:08:08] ✓ 11个数据文件已同步VPS(rsync -u, 仅推送更新过的)
[2026-08-06 19:08:10] VPS重算: 200
[2026-08-06 19:16:01] 抓到 15 场
[2026-08-06 19:16:07] ✓ 11个数据文件已同步VPS(rsync -u, 仅推送更新过的)
[2026-08-06 19:16:09] VPS重算: 200
[2026-08-06 19:24:01] 抓到 15 场
[2026-08-06 19:24:08] ✓ 11个数据文件已同步VPS(rsync -u, 仅推送更新过的)
[2026-08-06 19:24:10] VPS重算: 200
[2026-08-06 19:32:01] 抓到 15 场
[2026-08-06 19:32:12] ✓ 11个数据文件已同步VPS(rsync -u, 仅推送更新过的)
[2026-08-06 19:32:13] VPS重算: 200
[2026-08-06 19:40:01] 抓到 15 场
[2026-08-06 19:40:16] ✓ 11个数据文件已同步VPS(rsync -u, 仅推送更新过的)
[2026-08-06 19:40:18] VPS重算: 200
[2026-08-06 19:48:01] 抓到 15 场
[2026-08-06 19:48:08] ✓ 11个数据文件已同步VPS(rsync -u, 仅推送更新过的)
[2026-08-06 19:48:21] VPS重算: 200
[2026-08-06 19:56:01] 抓到 15 场
[2026-08-06 19:56:13] ✓ 11个数据文件已同步VPS(rsync -u, 仅推送更新过的)
[2026-08-06 19:56:15] VPS重算: 200
[2026-08-06 20:00:01] 抓到 15 场
[2026-08-06 20:00:10] ✓ 11个数据文件已同步VPS(rsync -u, 仅推送更新过的)
[2026-08-06 20:00:13] VPS重算: 200
[2026-08-06 20:08:01] 抓到 15 场
[2026-08-06 20:08:12] ✓ 11个数据文件已同步VPS(rsync -u, 仅推送更新过的)
[2026-08-06 20:08:17] VPS重算: 200
[2026-08-06 20:16:01] 抓到 15 场
[2026-08-06 20:16:08] ✓ 11个数据文件已同步VPS(rsync -u, 仅推送更新过的)
[2026-08-06 20:16:16] VPS重算: 200
[2026-08-06 20:24:01] 抓到 15 场
[2026-08-06 20:24:10] ✓ 11个数据文件已同步VPS(rsync -u, 仅推送更新过的)
[2026-08-06 20:24:11] VPS重算: 200
[2026-08-06 20:32:01] 抓到 15 场
[2026-08-06 20:32:09] ✓ 11个数据文件已同步VPS(rsync -u, 仅推送更新过的)
[2026-08-06 20:32:11] VPS重算: 200
[2026-08-06 20:40:01] 抓到 15 场
[2026-08-06 20:40:10] ✓ 11个数据文件已同步VPS(rsync -u, 仅推送更新过的)
[2026-08-06 20:40:11] VPS重算: 200
[2026-08-06 20:48:01] 抓到 15 场
[2026-08-06 20:48:09] ✓ 11个数据文件已同步VPS(rsync -u, 仅推送更新过的)
[2026-08-06 20:48:12] VPS重算: 200
[2026-08-06 20:56:01] 抓到 15 场
[2026-08-06 20:56:13] ✓ 11个数据文件已同步VPS(rsync -u, 仅推送更新过的)
[2026-08-06 20:56:15] VPS重算: 200
[2026-08-06 21:00:01] 抓到 15 场
[2026-08-06 21:00:12] ✓ 11个数据文件已同步VPS(rsync -u, 仅推送更新过的)
[2026-08-06 21:00:14] VPS重算: 200
[2026-08-06 21:08:01] 抓到 15 场
[2026-08-06 21:08:11] ✓ 11个数据文件已同步VPS(rsync -u, 仅推送更新过的)
[2026-08-06 21:08:12] VPS重算: 200
[2026-08-06 21:16:01] 抓到 15 场
[2026-08-06 21:16:08] ✓ 11个数据文件已同步VPS(rsync -u, 仅推送更新过的)
[2026-08-06 21:16:12] VPS重算: 200
[2026-08-06 21:24:01] 抓到 15 场
[2026-08-06 21:24:15] ✓ 11个数据文件已同步VPS(rsync -u, 仅推送更新过的)
[2026-08-06 21:24:17] VPS重算: 200
[2026-08-06 21:32:01] 抓到 15 场
[2026-08-06 21:32:13] ✓ 11个数据文件已同步VPS(rsync -u, 仅推送更新过的)
[2026-08-06 21:32:15] VPS重算: 200
[2026-08-06 21:40:01] 抓到 15 场
[2026-08-06 21:40:20] ✓ 11个数据文件已同步VPS(rsync -u, 仅推送更新过的)
[2026-08-06 21:40:23] VPS重算: 200
[2026-08-06 21:48:01] 抓到 15 场
[2026-08-06 21:48:07] ✓ 11个数据文件已同步VPS(rsync -u, 仅推送更新过的)
[2026-08-06 21:48:11] VPS重算: 200
[2026-08-06 21:56:01] 抓到 15 场
[2026-08-06 21:56:06] ✓ 11个数据文件已同步VPS(rsync -u, 仅推送更新过的)
[2026-08-06 21:56:12] VPS重算: 200
[2026-08-06 22:00:01] 抓到 15 场
[2026-08-06 22:00:08] ✓ 11个数据文件已同步VPS(rsync -u, 仅推送更新过的)
[2026-08-06 22:00:10] VPS重算: 200
[2026-08-06 22:08:01] 抓到 15 场
[2026-08-06 22:08:07] ✓ 11个数据文件已同步VPS(rsync -u, 仅推送更新过的)
[2026-08-06 22:08:13] VPS重算: 200
[2026-08-06 22:16:01] 抓到 15 场
[2026-08-06 22:16:08] ✓ 11个数据文件已同步VPS(rsync -u, 仅推送更新过的)
[2026-08-06 22:16:11] VPS重算: 200
[2026-08-06 22:24:01] 抓到 15 场
[2026-08-06 22:24:06] ✓ 11个数据文件已同步VPS(rsync -u, 仅推送更新过的)
[2026-08-06 22:24:08] VPS重算: 200
[2026-08-06 22:32:01] 抓到 15 场
[2026-08-06 22:32:08] ✓ 11个数据文件已同步VPS(rsync -u, 仅推送更新过的)
[2026-08-06 22:32:11] VPS重算: 200
[2026-08-06 22:40:01] 抓到 15 场
[2026-08-06 22:40:09] ✓ 11个数据文件已同步VPS(rsync -u, 仅推送更新过的)
[2026-08-06 22:40:11] VPS重算: 200
[2026-08-06 22:48:01] 抓到 15 场
[2026-08-06 22:48:08] ✓ 11个数据文件已同步VPS(rsync -u, 仅推送更新过的)
[2026-08-06 22:48:11] VPS重算: 200
[2026-08-06 22:56:01] 抓到 15 场
[2026-08-06 22:56:08] ✓ 11个数据文件已同步VPS(rsync -u, 仅推送更新过的)
[2026-08-06 22:56:09] VPS重算: 200
[2026-08-06 23:00:01] 抓到 15 场
[2026-08-06 23:00:06] ✓ 11个数据文件已同步VPS(rsync -u, 仅推送更新过的)
[2026-08-06 23:00:08] VPS重算: 200
[2026-08-06 23:08:01] 抓到 14 场
[2026-08-06 23:08:07] ✓ 11个数据文件已同步VPS(rsync -u, 仅推送更新过的)
[2026-08-06 23:08:09] VPS重算: 200
[2026-08-06 23:16:01] 抓到 14 场
[2026-08-06 23:16:07] ✓ 11个数据文件已同步VPS(rsync -u, 仅推送更新过的)
[2026-08-06 23:16:12] VPS重算: 200
[2026-08-06 23:24:01] 抓到 14 场
[2026-08-06 23:24:12] ✓ 11个数据文件已同步VPS(rsync -u, 仅推送更新过的)
[2026-08-06 23:24:15] VPS重算: 200
[2026-08-06 23:32:01] 抓到 14 场
[2026-08-06 23:32:14] ✓ 11个数据文件已同步VPS(rsync -u, 仅推送更新过的)
[2026-08-06 23:32:19] VPS重算: 200
[2026-08-06 23:40:01] 抓到 14 场
[2026-08-06 23:40:24] ✓ 11个数据文件已同步VPS(rsync -u, 仅推送更新过的)
[2026-08-06 23:40:27] VPS重算: 200
[2026-08-06 23:48:01] 抓到 14 场
[2026-08-06 23:48:11] ✓ 11个数据文件已同步VPS(rsync -u, 仅推送更新过的)
[2026-08-06 23:48:15] VPS重算: 200
[2026-08-06 23:56:01] 抓到 14 场
[2026-08-06 23:56:06] ✓ 11个数据文件已同步VPS(rsync -u, 仅推送更新过的)
[2026-08-06 23:56:09] VPS重算: 200
[2026-08-07 00:00:02] 抓到 14 场
[2026-08-07 00:00:08] ✓ 11个数据文件已同步VPS(rsync -u, 仅推送更新过的)
[2026-08-07 00:00:11] VPS重算: 200
[2026-08-07 00:08:01] 抓到 13 场
[2026-08-07 00:08:08] ✓ 11个数据文件已同步VPS(rsync -u, 仅推送更新过的)
[2026-08-07 00:08:11] VPS重算: 200
[2026-08-07 00:16:01] 抓到 13 场
[2026-08-07 00:16:12] ✓ 11个数据文件已同步VPS(rsync -u, 仅推送更新过的)
[2026-08-07 00:16:14] VPS重算: 200
[2026-08-07 00:24:01] 抓到 13 场
[2026-08-07 00:24:06] ✓ 11个数据文件已同步VPS(rsync -u, 仅推送更新过的)
[2026-08-07 00:24:09] VPS重算: 200
[2026-08-07 00:32:01] 抓到 13 场
[2026-08-07 00:32:08] ✓ 11个数据文件已同步VPS(rsync -u, 仅推送更新过的)
[2026-08-07 00:32:12] VPS重算: 200
[2026-08-07 00:40:01] 抓到 13 场
[2026-08-07 00:40:07] ✓ 11个数据文件已同步VPS(rsync -u, 仅推送更新过的)
[2026-08-07 00:40:10] VPS重算: 200
[2026-08-07 00:48:01] 抓到 13 场
[2026-08-07 00:48:07] ✓ 11个数据文件已同步VPS(rsync -u, 仅推送更新过的)
[2026-08-07 00:48:11] VPS重算: 200
[2026-08-07 00:56:01] 抓到 13 场
[2026-08-07 00:56:08] ✓ 11个数据文件已同步VPS(rsync -u, 仅推送更新过的)
[2026-08-07 00:56:10] VPS重算: 200
[2026-08-07 01:00:01] 抓到 13 场
[2026-08-07 01:00:06] ✓ 11个数据文件已同步VPS(rsync -u, 仅推送更新过的)
[2026-08-07 01:00:12] VPS重算: 200
[2026-08-07 01:08:01] 抓到 13 场
[2026-08-07 01:08:06] ✓ 11个数据文件已同步VPS(rsync -u, 仅推送更新过的)
[2026-08-07 01:08:08] VPS重算: 200
[2026-08-07 01:16:01] 抓到 13 场
[2026-08-07 01:16:06] ✓ 11个数据文件已同步VPS(rsync -u, 仅推送更新过的)
[2026-08-07 01:16:08] VPS重算: 200
[2026-08-07 01:24:01] 抓到 13 场
[2026-08-07 01:24:07] ✓ 11个数据文件已同步VPS(rsync -u, 仅推送更新过的)
[2026-08-07 01:24:09] VPS重算: 200
[2026-08-07 01:32:02] 抓到 13 场
[2026-08-07 01:32:09] ✓ 11个数据文件已同步VPS(rsync -u, 仅推送更新过的)
[2026-08-07 01:32:13] VPS重算: 200
[2026-08-07 01:40:01] 抓到 13 场
[2026-08-07 01:40:07] ✓ 11个数据文件已同步VPS(rsync -u, 仅推送更新过的)
[2026-08-07 01:40:09] VPS重算: 200
[2026-08-07 01:48:01] 抓到 12 场
[2026-08-07 01:48:10] ✓ 11个数据文件已同步VPS(rsync -u, 仅推送更新过的)
[2026-08-07 01:48:13] VPS重算: 200
[2026-08-07 01:56:01] 抓到 12 场
[2026-08-07 01:56:09] ✓ 11个数据文件已同步VPS(rsync -u, 仅推送更新过的)
[2026-08-07 01:56:14] VPS重算: 200
[2026-08-07 02:00:01] 抓到 12 场
[2026-08-07 02:00:08] ✓ 11个数据文件已同步VPS(rsync -u, 仅推送更新过的)
[2026-08-07 02:00:10] VPS重算: 200
[2026-08-07 02:08:01] 抓到 12 场
[2026-08-07 02:08:07] ✓ 11个数据文件已同步VPS(rsync -u, 仅推送更新过的)
[2026-08-07 02:08:09] VPS重算: 200
[2026-08-07 02:16:01] 抓到 12 场
[2026-08-07 02:16:05] ✓ 11个数据文件已同步VPS(rsync -u, 仅推送更新过的)
[2026-08-07 02:16:07] VPS重算: 200
[2026-08-07 02:24:01] 抓到 12 场
[2026-08-07 02:24:05] ✓ 11个数据文件已同步VPS(rsync -u, 仅推送更新过的)
[2026-08-07 02:24:07] VPS重算: 200
[2026-08-07 02:32:01] 抓到 12 场
[2026-08-07 02:32:07] ✓ 11个数据文件已同步VPS(rsync -u, 仅推送更新过的)
[2026-08-07 02:32:08] VPS重算: 200
[2026-08-07 02:40:01] 抓到 12 场
[2026-08-07 02:40:06] ✓ 11个数据文件已同步VPS(rsync -u, 仅推送更新过的)
[2026-08-07 02:40:08] VPS重算: 200
[2026-08-07 02:48:01] 抓到 12 场
[2026-08-07 02:48:06] ✓ 11个数据文件已同步VPS(rsync -u, 仅推送更新过的)
[2026-08-07 02:48:07] VPS重算: 200
[2026-08-07 02:56:01] 抓到 12 场
[2026-08-07 02:56:06] ✓ 11个数据文件已同步VPS(rsync -u, 仅推送更新过的)
[2026-08-07 02:56:08] VPS重算: 200
[2026-08-07 03:00:01] 抓到 12 场
[2026-08-07 03:00:05] ✓ 11个数据文件已同步VPS(rsync -u, 仅推送更新过的)
[2026-08-07 03:00:07] VPS重算: 200
[2026-08-07 03:08:01] 抓到 11 场
[2026-08-07 03:08:05] ✓ 11个数据文件已同步VPS(rsync -u, 仅推送更新过的)
[2026-08-07 03:08:07] VPS重算: 200
[2026-08-07 03:16:01] 抓到 11 场
[2026-08-07 03:16:05] ✓ 11个数据文件已同步VPS(rsync -u, 仅推送更新过的)
[2026-08-07 03:16:07] VPS重算: 200
[2026-08-07 03:24:01] 抓到 11 场
[2026-08-07 03:24:05] ✓ 11个数据文件已同步VPS(rsync -u, 仅推送更新过的)
[2026-08-07 03:24:07] VPS重算: 200
[2026-08-07 08:32:01] 抓到 10 场
[2026-08-07 08:32:09] ✓ 11个数据文件已同步VPS(rsync -u, 仅推送更新过的)
[2026-08-07 08:32:11] VPS重算: 200
[2026-08-07 08:40:01] 抓到 10 场
[2026-08-07 08:40:05] ✓ 11个数据文件已同步VPS(rsync -u, 仅推送更新过的)
[2026-08-07 08:40:08] VPS重算: 200
[2026-08-07 08:48:01] 抓到 10 场
[2026-08-07 08:48:06] ✓ 11个数据文件已同步VPS(rsync -u, 仅推送更新过的)
[2026-08-07 08:48:07] VPS重算: 200
[2026-08-07 08:56:01] 抓到 10 场
[2026-08-07 08:56:06] ✓ 11个数据文件已同步VPS(rsync -u, 仅推送更新过的)
[2026-08-07 08:56:08] VPS重算: 200
[2026-08-07 09:00:01] 抓到 10 场
[2026-08-07 09:00:06] ✓ 11个数据文件已同步VPS(rsync -u, 仅推送更新过的)
[2026-08-07 09:00:08] VPS重算: 200
[2026-08-07 09:08:01] 抓到 10 场
[2026-08-07 09:08:07] ✓ 11个数据文件已同步VPS(rsync -u, 仅推送更新过的)
[2026-08-07 09:08:10] VPS重算: 200
[2026-08-07 09:16:01] 抓到 10 场
[2026-08-07 09:16:06] ✓ 11个数据文件已同步VPS(rsync -u, 仅推送更新过的)
[2026-08-07 09:16:09] VPS重算: 200
[2026-08-07 09:24:01] 抓到 10 场
[2026-08-07 09:24:07] ✓ 11个数据文件已同步VPS(rsync -u, 仅推送更新过的)
[2026-08-07 09:24:09] VPS重算: 200
[2026-08-07 09:32:01] 抓到 10 场
[2026-08-07 09:32:12] ✓ 11个数据文件已同步VPS(rsync -u, 仅推送更新过的)
[2026-08-07 09:32:14] VPS重算: 200
[2026-08-07 09:40:01] 抓到 10 场
[2026-08-07 09:40:07] ✓ 11个数据文件已同步VPS(rsync -u, 仅推送更新过的)
[2026-08-07 09:40:09] VPS重算: 200
[2026-08-07 09:48:01] 抓到 10 场
[2026-08-07 09:48:06] ✓ 11个数据文件已同步VPS(rsync -u, 仅推送更新过的)
[2026-08-07 09:48:08] VPS重算: 200
[2026-08-07 09:56:01] 抓到 10 场
[2026-08-07 09:56:07] ✓ 11个数据文件已同步VPS(rsync -u, 仅推送更新过的)
[2026-08-07 09:56:14] VPS重算: 200
[2026-08-07 10:00:01] 抓到 10 场
[2026-08-07 10:00:05] ✓ 11个数据文件已同步VPS(rsync -u, 仅推送更新过的)
[2026-08-07 10:00:07] VPS重算: 200
[2026-08-07 10:08:01] 抓到 10 场
[2026-08-07 10:08:06] ✓ 11个数据文件已同步VPS(rsync -u, 仅推送更新过的)
[2026-08-07 10:08:08] VPS重算: 200
[2026-08-07 10:16:01] 抓到 10 场
[2026-08-07 10:16:08] ✓ 11个数据文件已同步VPS(rsync -u, 仅推送更新过的)
[2026-08-07 10:16:10] VPS重算: 200
[2026-08-07 10:24:01] 抓到 10 场
[2026-08-07 10:24:07] ✓ 11个数据文件已同步VPS(rsync -u, 仅推送更新过的)
[2026-08-07 10:24:09] VPS重算: 200
[2026-08-07 10:32:01] 抓到 10 场
[2026-08-07 10:32:10] ✓ 11个数据文件已同步VPS(rsync -u, 仅推送更新过的)
[2026-08-07 10:32:12] VPS重算: 200
[2026-08-07 10:40:02] 抓到 10 场
[2026-08-07 10:40:19] ✓ 11个数据文件已同步VPS(rsync -u, 仅推送更新过的)
[2026-08-07 10:40:22] VPS重算: 200
[2026-08-07 10:48:01] 抓到 10 场
[2026-08-07 10:48:08] ✓ 11个数据文件已同步VPS(rsync -u, 仅推送更新过的)
[2026-08-07 10:49:38] VPS重算: 000
[2026-08-07 10:56:01] 抓到 10 场
[2026-08-07 10:56:06] ✓ 11个数据文件已同步VPS(rsync -u, 仅推送更新过的)
[2026-08-07 10:56:08] VPS重算: 200
[2026-08-07 11:00:01] 抓到 10 场
[2026-08-07 11:00:06] ✓ 11个数据文件已同步VPS(rsync -u, 仅推送更新过的)
[2026-08-07 11:00:09] VPS重算: 200
[2026-08-07 11:08:01] 抓到 39 场
[2026-08-07 11:08:07] ✓ 11个数据文件已同步VPS(rsync -u, 仅推送更新过的)
[2026-08-07 11:08:10] VPS重算: 200
[2026-08-07 11:16:01] 抓到 39 场
[2026-08-07 11:16:10] ✓ 11个数据文件已同步VPS(rsync -u, 仅推送更新过的)
[2026-08-07 11:16:12] VPS重算: 200
[2026-08-07 11:24:01] 抓到 39 场
[2026-08-07 11:24:07] ✓ 11个数据文件已同步VPS(rsync -u, 仅推送更新过的)
[2026-08-07 11:24:11] VPS重算: 200
[2026-08-07 11:32:01] 抓到 39 场
[2026-08-07 11:32:07] ✓ 11个数据文件已同步VPS(rsync -u, 仅推送更新过的)
[2026-08-07 11:32:10] VPS重算: 200
[2026-08-07 11:40:01] 抓到 39 场
[2026-08-07 11:40:07] ✓ 11个数据文件已同步VPS(rsync -u, 仅推送更新过的)
[2026-08-07 11:40:11] VPS重算: 200
[2026-08-07 11:48:01] 抓到 39 场
[2026-08-07 11:48:07] ✓ 11个数据文件已同步VPS(rsync -u, 仅推送更新过的)
[2026-08-07 11:48:10] VPS重算: 200
[2026-08-07 11:56:01] 抓到 39 场
[2026-08-07 11:56:09] ✓ 11个数据文件已同步VPS(rsync -u, 仅推送更新过的)
[2026-08-07 11:56:11] VPS重算: 200
[2026-08-07 12:00:01] 抓到 39 场
[2026-08-07 12:00:13] ✓ 11个数据文件已同步VPS(rsync -u, 仅推送更新过的)
[2026-08-07 12:00:19] VPS重算: 200
[2026-08-07 12:08:01]   ⚠ 体彩抓取失败(<urlopen error [Errno 101] Network is unreachable>), 回退缓存 odds_parsed.json (7分钟前)
[2026-08-07 12:08:01] 抓到 39 场
[2026-08-07 12:08:05] ✓ 11个数据文件已同步VPS(rsync -u, 仅推送更新过的)
[2026-08-07 12:08:07] VPS重算: 200
[2026-08-07 12:16:01] 抓到 39 场
[2026-08-07 12:16:08] ✓ 11个数据文件已同步VPS(rsync -u, 仅推送更新过的)
[2026-08-07 12:16:11] VPS重算: 200
[2026-08-07 12:24:01] 抓到 39 场
[2026-08-07 12:24:10] ✓ 11个数据文件已同步VPS(rsync -u, 仅推送更新过的)
[2026-08-07 12:24:14] VPS重算: 200
[2026-08-07 12:32:01] 抓到 39 场
[2026-08-07 12:32:07] ✓ 11个数据文件已同步VPS(rsync -u, 仅推送更新过的)
[2026-08-07 12:32:10] VPS重算: 200
[2026-08-07 12:40:01] 抓到 39 场
[2026-08-07 12:40:07] ✓ 11个数据文件已同步VPS(rsync -u, 仅推送更新过的)
[2026-08-07 12:40:12] VPS重算: 200
[2026-08-07 12:48:01] 抓到 39 场
[2026-08-07 12:48:06] ✓ 11个数据文件已同步VPS(rsync -u, 仅推送更新过的)
[2026-08-07 12:48:10] VPS重算: 200
[2026-08-07 12:56:01] 抓到 39 场
[2026-08-07 12:56:07] ✓ 11个数据文件已同步VPS(rsync -u, 仅推送更新过的)
[2026-08-07 12:56:11] VPS重算: 200
[2026-08-07 13:00:01] 抓到 39 场
[2026-08-07 13:00:06] ✓ 11个数据文件已同步VPS(rsync -u, 仅推送更新过的)
[2026-08-07 13:00:09] VPS重算: 200
[2026-08-07 13:08:01] 抓到 39 场
[2026-08-07 13:08:09] ✓ 11个数据文件已同步VPS(rsync -u, 仅推送更新过的)
[2026-08-07 13:08:12] VPS重算: 200
[2026-08-07 13:16:01] 抓到 39 场
[2026-08-07 13:16:08] ✓ 11个数据文件已同步VPS(rsync -u, 仅推送更新过的)
[2026-08-07 13:16:10] VPS重算: 200
[2026-08-07 13:24:01] 抓到 39 场
[2026-08-07 13:24:07] ✓ 11个数据文件已同步VPS(rsync -u, 仅推送更新过的)
[2026-08-07 13:24:09] VPS重算: 200
[2026-08-07 13:32:01] 抓到 39 场
[2026-08-07 13:32:11] ✓ 11个数据文件已同步VPS(rsync -u, 仅推送更新过的)
[2026-08-07 13:32:15] VPS重算: 200
[2026-08-07 13:40:01] 抓到 39 场
[2026-08-07 13:40:06] ✓ 11个数据文件已同步VPS(rsync -u, 仅推送更新过的)
[2026-08-07 13:40:09] VPS重算: 200
[2026-08-07 13:48:01] 抓到 39 场
[2026-08-07 13:48:09] ✓ 11个数据文件已同步VPS(rsync -u, 仅推送更新过的)
[2026-08-07 13:48:13] VPS重算: 200
[2026-08-07 13:56:01] 抓到 39 场
[2026-08-07 13:56:06] ✓ 11个数据文件已同步VPS(rsync -u, 仅推送更新过的)
[2026-08-07 13:56:08] VPS重算: 200
[2026-08-07 14:00:01] 抓到 39 场
[2026-08-07 14:00:06] ✓ 11个数据文件已同步VPS(rsync -u, 仅推送更新过的)
[2026-08-07 14:00:09] VPS重算: 200
[2026-08-07 14:08:01] 抓到 39 场
[2026-08-07 14:08:09] ✓ 11个数据文件已同步VPS(rsync -u, 仅推送更新过的)
[2026-08-07 14:08:10] VPS重算: 200
[2026-08-07 14:16:01] 抓到 39 场
[2026-08-07 14:16:07] ✓ 11个数据文件已同步VPS(rsync -u, 仅推送更新过的)
[2026-08-07 14:16:09] VPS重算: 200
[2026-08-07 14:24:01] 抓到 39 场
[2026-08-07 14:24:08] ✓ 11个数据文件已同步VPS(rsync -u, 仅推送更新过的)
[2026-08-07 14:24:14] VPS重算: 200
[2026-08-07 14:32:01] 抓到 39 场
[2026-08-07 14:32:10] ✓ 11个数据文件已同步VPS(rsync -u, 仅推送更新过的)
[2026-08-07 14:32:16] VPS重算: 200
[2026-08-07 14:40:01] 抓到 39 场
[2026-08-07 14:40:09] ✓ 11个数据文件已同步VPS(rsync -u, 仅推送更新过的)
[2026-08-07 14:40:12] VPS重算: 200
[2026-08-07 14:48:01] 抓到 39 场
[2026-08-07 14:48:06] ✓ 11个数据文件已同步VPS(rsync -u, 仅推送更新过的)
[2026-08-07 14:48:09] VPS重算: 200
[2026-08-07 14:56:02] 抓到 39 场
[2026-08-07 14:56:08] ✓ 11个数据文件已同步VPS(rsync -u, 仅推送更新过的)
[2026-08-07 14:56:12] VPS重算: 200
[2026-08-07 15:00:01] 抓到 39 场
[2026-08-07 15:00:06] ✓ 11个数据文件已同步VPS(rsync -u, 仅推送更新过的)
[2026-08-07 15:00:09] VPS重算: 200
[2026-08-07 15:08:01] 抓到 39 场
[2026-08-07 15:08:08] ✓ 11个数据文件已同步VPS(rsync -u, 仅推送更新过的)
[2026-08-07 15:08:12] VPS重算: 200
[2026-08-07 15:16:01] 抓到 39 场
[2026-08-07 15:16:08] ✓ 11个数据文件已同步VPS(rsync -u, 仅推送更新过的)
[2026-08-07 15:16:11] VPS重算: 200
[2026-08-07 15:24:01] 抓到 39 场
[2026-08-07 15:24:11] ✓ 11个数据文件已同步VPS(rsync -u, 仅推送更新过的)
[2026-08-07 15:24:14] VPS重算: 200
[2026-08-07 15:32:01] 抓到 39 场
[2026-08-07 15:32:07] ✓ 11个数据文件已同步VPS(rsync -u, 仅推送更新过的)
[2026-08-07 15:32:11] VPS重算: 200
[2026-08-07 15:40:01] 抓到 39 场
[2026-08-07 15:40:08] ✓ 11个数据文件已同步VPS(rsync -u, 仅推送更新过的)
[2026-08-07 15:40:10] VPS重算: 200
[2026-08-07 15:48:01] 抓到 39 场
[2026-08-07 15:48:09] ✓ 11个数据文件已同步VPS(rsync -u, 仅推送更新过的)
[2026-08-07 15:48:11] VPS重算: 200
[2026-08-07 15:56:01] 抓到 39 场
[2026-08-07 15:56:09] ✓ 11个数据文件已同步VPS(rsync -u, 仅推送更新过的)
[2026-08-07 15:56:15] VPS重算: 200
[2026-08-07 16:00:01] 抓到 39 场
[2026-08-07 16:00:06] ✓ 11个数据文件已同步VPS(rsync -u, 仅推送更新过的)
[2026-08-07 16:00:11] VPS重算: 200
[2026-08-07 16:08:01] 抓到 39 场
[2026-08-07 16:08:07] ✓ 11个数据文件已同步VPS(rsync -u, 仅推送更新过的)
[2026-08-07 16:08:10] VPS重算: 200
[2026-08-07 16:16:01] 抓到 39 场
[2026-08-07 16:16:09] ✓ 11个数据文件已同步VPS(rsync -u, 仅推送更新过的)
[2026-08-07 16:16:11] VPS重算: 200
[2026-08-07 16:24:01] 抓到 39 场
[2026-08-07 16:24:08] ✓ 11个数据文件已同步VPS(rsync -u, 仅推送更新过的)
[2026-08-07 16:24:10] VPS重算: 200
[2026-08-07 16:32:01] 抓到 39 场
[2026-08-07 16:32:08] ✓ 11个数据文件已同步VPS(rsync -u, 仅推送更新过的)
[2026-08-07 16:32:10] VPS重算: 200
                                                                                                                                                                  [2026-08-07 16:56:01] 抓到 39 场
[2026-08-07 16:56:07] ✓ 11个数据文件已同步VPS(rsync -u, 仅推送更新过的)
[2026-08-07 16:56:12] VPS重算: 200
[2026-08-07 17:00:01] 抓到 39 场
[2026-08-07 17:00:07] ✓ 11个数据文件已同步VPS(rsync -u, 仅推送更新过的)
[2026-08-07 17:00:08] VPS重算: 200
[2026-08-07 17:08:01] 抓到 39 场
[2026-08-07 17:08:11] ✓ 11个数据文件已同步VPS(rsync -u, 仅推送更新过的)
[2026-08-07 17:08:13] VPS重算: 200
[2026-08-07 17:16:01] 抓到 39 场
[2026-08-07 17:16:07] ✓ 11个数据文件已同步VPS(rsync -u, 仅推送更新过的)
[2026-08-07 17:16:10] VPS重算: 200
[2026-08-07 17:24:01] 抓到 39 场
[2026-08-07 17:24:06] ✓ 11个数据文件已同步VPS(rsync -u, 仅推送更新过的)
[2026-08-07 17:24:10] VPS重算: 200
[2026-08-07 17:32:01] 抓到 39 场
[2026-08-07 17:32:13] ✓ 11个数据文件已同步VPS(rsync -u, 仅推送更新过的)
[2026-08-07 17:32:15] VPS重算: 200
[2026-08-07 17:40:02] 抓到 39 场
[2026-08-07 17:40:07] ✓ 11个数据文件已同步VPS(rsync -u, 仅推送更新过的)
[2026-08-07 17:40:11] VPS重算: 200
[2026-08-07 17:48:01] 抓到 39 场
[2026-08-07 17:48:07] ✓ 11个数据文件已同步VPS(rsync -u, 仅推送更新过的)
[2026-08-07 17:48:10] VPS重算: 200
[2026-08-07 17:56:01] 抓到 39 场
[2026-08-07 17:56:08] ✓ 11个数据文件已同步VPS(rsync -u, 仅推送更新过的)
[2026-08-07 17:56:10] VPS重算: 200
[2026-08-07 18:00:01] 抓到 39 场
[2026-08-07 18:00:07] ✓ 11个数据文件已同步VPS(rsync -u, 仅推送更新过的)
[2026-08-07 18:00:10] VPS重算: 200
[2026-08-07 18:08:01] 抓到 39 场
[2026-08-07 18:08:08] ✓ 11个数据文件已同步VPS(rsync -u, 仅推送更新过的)
[2026-08-07 18:08:13] VPS重算: 200
[2026-08-07 18:16:01] 抓到 39 场
[2026-08-07 18:16:07] ✓ 11个数据文件已同步VPS(rsync -u, 仅推送更新过的)
[2026-08-07 18:16:09] VPS重算: 200
[2026-08-07 18:24:01] 抓到 39 场
[2026-08-07 18:24:09] ✓ 11个数据文件已同步VPS(rsync -u, 仅推送更新过的)
[2026-08-07 18:24:12] VPS重算: 200
[2026-08-07 18:32:01] 抓到 37 场
[2026-08-07 18:32:12] ✓ 11个数据文件已同步VPS(rsync -u, 仅推送更新过的)
[2026-08-07 18:32:25] VPS重算: 200
[2026-08-07 18:40:01] 抓到 37 场
[2026-08-07 18:40:06] ✓ 11个数据文件已同步VPS(rsync -u, 仅推送更新过的)
[2026-08-07 18:40:09] VPS重算: 200
[2026-08-07 18:48:01] 抓到 37 场
[2026-08-07 18:48:07] ✓ 11个数据文件已同步VPS(rsync -u, 仅推送更新过的)
[2026-08-07 18:48:10] VPS重算: 200
[2026-08-07 18:56:01] 抓到 37 场
[2026-08-07 18:56:08] ✓ 11个数据文件已同步VPS(rsync -u, 仅推送更新过的)
[2026-08-07 18:56:11] VPS重算: 200
[2026-08-07 19:00:01] 抓到 37 场
[2026-08-07 19:00:06] ✓ 11个数据文件已同步VPS(rsync -u, 仅推送更新过的)
[2026-08-07 19:00:08] VPS重算: 200
[2026-08-07 19:08:01] 抓到 37 场
[2026-08-07 19:08:06] ✓ 11个数据文件已同步VPS(rsync -u, 仅推送更新过的)
[2026-08-07 19:08:09] VPS重算: 200
[2026-08-07 19:16:01] 抓到 37 场
[2026-08-07 19:16:07] ✓ 11个数据文件已同步VPS(rsync -u, 仅推送更新过的)
[2026-08-07 19:16:12] VPS重算: 200
[2026-08-07 19:24:01] 抓到 37 场
[2026-08-07 19:24:08] ✓ 11个数据文件已同步VPS(rsync -u, 仅推送更新过的)
[2026-08-07 19:24:11] VPS重算: 200
[2026-08-07 19:32:01] 抓到 37 场
[2026-08-07 19:32:08] ✓ 11个数据文件已同步VPS(rsync -u, 仅推送更新过的)
[2026-08-07 19:32:11] VPS重算: 200
[2026-08-07 19:40:01] 抓到 37 场
[2026-08-07 19:40:09] ✓ 11个数据文件已同步VPS(rsync -u, 仅推送更新过的)
[2026-08-07 19:40:11] VPS重算: 200
[2026-08-07 19:48:01] 抓到 37 场
[2026-08-07 19:48:09] ✓ 11个数据文件已同步VPS(rsync -u, 仅推送更新过的)
[2026-08-07 19:48:11] VPS重算: 200
[2026-08-07 19:56:01] 抓到 37 场
[2026-08-07 19:56:07] ✓ 11个数据文件已同步VPS(rsync -u, 仅推送更新过的)
[2026-08-07 19:56:09] VPS重算: 200
[2026-08-07 20:00:01] 抓到 37 场
[2026-08-07 20:00:09] ✓ 11个数据文件已同步VPS(rsync -u, 仅推送更新过的)
[2026-08-07 20:00:13] VPS重算: 200
[2026-08-07 20:08:01] 抓到 37 场
[2026-08-07 20:08:08] ✓ 11个数据文件已同步VPS(rsync -u, 仅推送更新过的)
[2026-08-07 20:08:11] VPS重算: 200
[2026-08-07 20:16:02] 抓到 37 场
[2026-08-07 20:16:23] ✓ 11个数据文件已同步VPS(rsync -u, 仅推送更新过的)
[2026-08-07 20:16:27] VPS重算: 200
[2026-08-07 20:24:01] 抓到 37 场
[2026-08-07 20:24:21] ✓ 11个数据文件已同步VPS(rsync -u, 仅推送更新过的)
[2026-08-07 20:24:26] VPS重算: 200
[2026-08-07 20:32:01] 抓到 37 场
[2026-08-07 20:32:07] ✓ 11个数据文件已同步VPS(rsync -u, 仅推送更新过的)
[2026-08-07 20:32:11] VPS重算: 200
[2026-08-07 20:40:01] 抓到 37 场
[2026-08-07 20:40:08] ✓ 11个数据文件已同步VPS(rsync -u, 仅推送更新过的)
[2026-08-07 20:40:11] VPS重算: 200
[2026-08-07 20:48:01] 抓到 37 场
[2026-08-07 20:48:09] ✓ 11个数据文件已同步VPS(rsync -u, 仅推送更新过的)
[2026-08-07 20:48:11] VPS重算: 200
[2026-08-07 20:56:01] 抓到 37 场
[2026-08-07 20:56:07] ✓ 11个数据文件已同步VPS(rsync -u, 仅推送更新过的)
[2026-08-07 20:56:10] VPS重算: 200
[2026-08-07 21:00:01] 抓到 37 场
[2026-08-07 21:00:07] ✓ 11个数据文件已同步VPS(rsync -u, 仅推送更新过的)
[2026-08-07 21:00:10] VPS重算: 200
[2026-08-07 21:08:01] 抓到 37 场
[2026-08-07 21:08:10] ✓ 11个数据文件已同步VPS(rsync -u, 仅推送更新过的)
[2026-08-07 21:08:12] VPS重算: 200
[2026-08-07 21:16:01] 抓到 37 场
[2026-08-07 21:16:10] ✓ 11个数据文件已同步VPS(rsync -u, 仅推送更新过的)
[2026-08-07 21:16:14] VPS重算: 200
[2026-08-07 21:24:01] 抓到 37 场
[2026-08-07 21:24:12] ✓ 11个数据文件已同步VPS(rsync -u, 仅推送更新过的)
[2026-08-07 21:24:16] VPS重算: 200
[2026-08-07 21:32:01] 抓到 37 场
[2026-08-07 21:32:11] ✓ 11个数据文件已同步VPS(rsync -u, 仅推送更新过的)
[2026-08-07 21:32:15] VPS重算: 200
[2026-08-07 21:40:01] 抓到 37 场
[2026-08-07 21:40:10] ✓ 11个数据文件已同步VPS(rsync -u, 仅推送更新过的)
[2026-08-07 21:40:16] VPS重算: 200
[2026-08-07 21:48:01] 抓到 37 场
[2026-08-07 21:48:10] ✓ 11个数据文件已同步VPS(rsync -u, 仅推送更新过的)
[2026-08-07 21:48:13] VPS重算: 200
[2026-08-07 21:56:01] 抓到 37 场
[2026-08-07 21:56:07] ✓ 11个数据文件已同步VPS(rsync -u, 仅推送更新过的)
[2026-08-07 21:56:09] VPS重算: 200
[2026-08-07 22:00:01] 抓到 37 场
[2026-08-07 22:00:07] ✓ 11个数据文件已同步VPS(rsync -u, 仅推送更新过的)
[2026-08-07 22:00:09] VPS重算: 200
[2026-08-07 22:08:01] 抓到 37 场
[2026-08-07 22:08:10] ✓ 11个数据文件已同步VPS(rsync -u, 仅推送更新过的)
[2026-08-07 22:08:15] VPS重算: 200
[2026-08-07 22:16:01] 抓到 37 场
[2026-08-07 22:16:10] ✓ 11个数据文件已同步VPS(rsync -u, 仅推送更新过的)
[2026-08-07 22:16:14] VPS重算: 200
[2026-08-07 22:24:01] 抓到 37 场
[2026-08-07 22:24:09] ✓ 11个数据文件已同步VPS(rsync -u, 仅推送更新过的)
[2026-08-07 22:24:13] VPS重算: 200
[2026-08-07 22:40:01] 抓到 37 场
[2026-08-07 22:40:08] ✓ 11个数据文件已同步VPS(rsync -u, 仅推送更新过的)
[2026-08-07 22:40:12] VPS重算: 200
[2026-08-07 22:48:01] 抓到 37 场
[2026-08-07 22:48:07] ✓ 11个数据文件已同步VPS(rsync -u, 仅推送更新过的)
[2026-08-07 22:48:11] VPS重算: 200
[2026-08-07 22:56:01] 抓到 37 场
[2026-08-07 22:56:11] ✓ 11个数据文件已同步VPS(rsync -u, 仅推送更新过的)
[2026-08-07 22:56:13] VPS重算: 200
[2026-08-07 23:00:01] 抓到 37 场
[2026-08-07 23:00:08] ✓ 11个数据文件已同步VPS(rsync -u, 仅推送更新过的)
[2026-08-07 23:00:10] VPS重算: 200
[2026-08-07 23:08:01] 抓到 37 场
[2026-08-07 23:08:09] ✓ 11个数据文件已同步VPS(rsync -u, 仅推送更新过的)
[2026-08-07 23:08:12] VPS重算: 200
[2026-08-07 23:16:01] 抓到 37 场
[2026-08-07 23:16:07] ✓ 11个数据文件已同步VPS(rsync -u, 仅推送更新过的)
[2026-08-07 23:16:11] VPS重算: 200
[2026-08-07 23:24:01] 抓到 37 场
[2026-08-07 23:24:09] ✓ 11个数据文件已同步VPS(rsync -u, 仅推送更新过的)
[2026-08-07 23:24:12] VPS重算: 200
[2026-08-07 23:32:01] 抓到 37 场
[2026-08-07 23:32:11] ✓ 11个数据文件已同步VPS(rsync -u, 仅推送更新过的)
[2026-08-07 23:32:15] VPS重算: 200
[2026-08-07 23:40:01] 抓到 37 场
[2026-08-07 23:40:09] ✓ 11个数据文件已同步VPS(rsync -u, 仅推送更新过的)
[2026-08-07 23:40:11] VPS重算: 200
[2026-08-07 23:48:01] 抓到 37 场
[2026-08-07 23:48:06] ✓ 11个数据文件已同步VPS(rsync -u, 仅推送更新过的)
[2026-08-07 23:48:08] VPS重算: 200
[2026-08-07 23:56:01] 抓到 37 场
[2026-08-07 23:56:09] ✓ 11个数据文件已同步VPS(rsync -u, 仅推送更新过的)
[2026-08-07 23:56:13] VPS重算: 200
[2026-08-08 00:00:01] 抓到 37 场
[2026-08-08 00:00:06] ✓ 11个数据文件已同步VPS(rsync -u, 仅推送更新过的)
[2026-08-08 00:00:09] VPS重算: 200
[2026-08-08 00:08:01] 抓到 36 场
[2026-08-08 00:08:08] ✓ 11个数据文件已同步VPS(rsync -u, 仅推送更新过的)
[2026-08-08 00:08:10] VPS重算: 200
[2026-08-08 00:16:01] 抓到 36 场
[2026-08-08 00:16:08] ✓ 11个数据文件已同步VPS(rsync -u, 仅推送更新过的)
[2026-08-08 00:16:11] VPS重算: 200
[2026-08-08 00:24:01] 抓到 36 场
[2026-08-08 00:24:08] ✓ 11个数据文件已同步VPS(rsync -u, 仅推送更新过的)
[2026-08-08 00:24:12] VPS重算: 200
[2026-08-08 00:32:01] 抓到 36 场
[2026-08-08 00:32:07] ✓ 11个数据文件已同步VPS(rsync -u, 仅推送更新过的)
[2026-08-08 00:32:10] VPS重算: 200
[2026-08-08 00:40:01] 抓到 36 场
[2026-08-08 00:40:10] ✓ 11个数据文件已同步VPS(rsync -u, 仅推送更新过的)
[2026-08-08 00:40:12] VPS重算: 200
[2026-08-08 00:48:01] 抓到 36 场
[2026-08-08 00:48:08] ✓ 11个数据文件已同步VPS(rsync -u, 仅推送更新过的)
[2026-08-08 00:48:12] VPS重算: 200
[2026-08-08 00:56:01] 抓到 36 场
[2026-08-08 00:56:07] ✓ 11个数据文件已同步VPS(rsync -u, 仅推送更新过的)
[2026-08-08 00:56:10] VPS重算: 200
[2026-08-08 01:00:01] 抓到 36 场
[2026-08-08 01:00:06] ✓ 11个数据文件已同步VPS(rsync -u, 仅推送更新过的)
[2026-08-08 01:00:08] VPS重算: 200
[2026-08-08 01:08:01] 抓到 35 场
[2026-08-08 01:08:07] ✓ 11个数据文件已同步VPS(rsync -u, 仅推送更新过的)
[2026-08-08 01:08:11] VPS重算: 200
[2026-08-08 01:16:01] 抓到 35 场
[2026-08-08 01:16:07] ✓ 11个数据文件已同步VPS(rsync -u, 仅推送更新过的)
[2026-08-08 01:16:12] VPS重算: 200
[2026-08-08 01:24:01] 抓到 35 场
[2026-08-08 01:24:18] ✓ 11个数据文件已同步VPS(rsync -u, 仅推送更新过的)
[2026-08-08 01:24:36] VPS重算: 200
[2026-08-08 01:32:01] 抓到 35 场
[2026-08-08 01:32:06] ✓ 11个数据文件已同步VPS(rsync -u, 仅推送更新过的)
[2026-08-08 01:32:07] VPS重算: 200
[2026-08-08 01:40:01] 抓到 35 场
[2026-08-08 01:40:06] ✓ 11个数据文件已同步VPS(rsync -u, 仅推送更新过的)
[2026-08-08 01:40:09] VPS重算: 200
[2026-08-08 01:48:01] 抓到 35 场
[2026-08-08 01:48:07] ✓ 11个数据文件已同步VPS(rsync -u, 仅推送更新过的)
[2026-08-08 01:48:09] VPS重算: 200
[2026-08-08 01:56:01] 抓到 35 场
[2026-08-08 01:56:13] ✓ 11个数据文件已同步VPS(rsync -u, 仅推送更新过的)
[2026-08-08 01:56:16] VPS重算: 200
[2026-08-08 02:00:01] 抓到 35 场
[2026-08-08 02:00:05] ✓ 11个数据文件已同步VPS(rsync -u, 仅推送更新过的)
[2026-08-08 02:00:07] VPS重算: 200
[2026-08-08 02:08:01] 抓到 32 场
[2026-08-08 02:08:06] ✓ 11个数据文件已同步VPS(rsync -u, 仅推送更新过的)
[2026-08-08 02:08:09] VPS重算: 200
[2026-08-08 02:16:01] 抓到 32 场
[2026-08-08 02:16:06] ✓ 11个数据文件已同步VPS(rsync -u, 仅推送更新过的)
[2026-08-08 02:16:07] VPS重算: 200
[2026-08-08 02:24:01] 抓到 32 场
[2026-08-08 02:24:06] ✓ 11个数据文件已同步VPS(rsync -u, 仅推送更新过的)
[2026-08-08 02:24:08] VPS重算: 200
[2026-08-08 02:32:01] 抓到 31 场
[2026-08-08 02:32:06] ✓ 11个数据文件已同步VPS(rsync -u, 仅推送更新过的)
[2026-08-08 02:32:08] VPS重算: 200
[2026-08-08 02:40:01] 抓到 31 场
[2026-08-08 02:40:06] ✓ 11个数据文件已同步VPS(rsync -u, 仅推送更新过的)
[2026-08-08 02:40:08] VPS重算: 200
[2026-08-08 02:48:01] 抓到 31 场
[2026-08-08 02:48:06] ✓ 11个数据文件已同步VPS(rsync -u, 仅推送更新过的)
[2026-08-08 02:48:08] VPS重算: 200
[2026-08-08 02:56:01] 抓到 31 场
[2026-08-08 02:56:07] ✓ 11个数据文件已同步VPS(rsync -u, 仅推送更新过的)
[2026-08-08 02:56:08] VPS重算: 200
[2026-08-08 03:00:01] 抓到 31 场
[2026-08-08 03:00:04] ✓ 11个数据文件已同步VPS(rsync -u, 仅推送更新过的)
[2026-08-08 03:00:06] VPS重算: 200
[2026-08-08 03:08:01] 抓到 30 场
[2026-08-08 03:08:05] ✓ 11个数据文件已同步VPS(rsync -u, 仅推送更新过的)
[2026-08-08 03:08:07] VPS重算: 200
[2026-08-08 03:16:01] 抓到 29 场
[2026-08-08 03:16:06] ✓ 11个数据文件已同步VPS(rsync -u, 仅推送更新过的)
[2026-08-08 03:16:07] VPS重算: 200
[2026-08-08 03:24:01] 抓到 29 场
[2026-08-08 03:24:05] ✓ 11个数据文件已同步VPS(rsync -u, 仅推送更新过的)
[2026-08-08 03:24:07] VPS重算: 200
[2026-08-08 03:32:01] 抓到 29 场
[2026-08-08 03:32:05] ✓ 11个数据文件已同步VPS(rsync -u, 仅推送更新过的)
[2026-08-08 03:32:07] VPS重算: 200
[2026-08-08 03:40:01] 抓到 29 场
[2026-08-08 03:40:06] ✓ 11个数据文件已同步VPS(rsync -u, 仅推送更新过的)
[2026-08-08 03:40:08] VPS重算: 200
[2026-08-08 03:48:01] 抓到 29 场
[2026-08-08 03:48:06] ✓ 11个数据文件已同步VPS(rsync -u, 仅推送更新过的)
[2026-08-08 03:48:08] VPS重算: 200
[2026-08-08 03:56:01] 抓到 29 场
[2026-08-08 03:56:06] ✓ 11个数据文件已同步VPS(rsync -u, 仅推送更新过的)
[2026-08-08 03:56:07] VPS重算: 200
[2026-08-08 04:00:01] 抓到 29 场
[2026-08-08 04:00:06] ✓ 11个数据文件已同步VPS(rsync -u, 仅推送更新过的)
[2026-08-08 04:00:08] VPS重算: 200
[2026-08-08 04:08:01] 抓到 29 场
[2026-08-08 04:08:05] ✓ 11个数据文件已同步VPS(rsync -u, 仅推送更新过的)
[2026-08-08 04:08:07] VPS重算: 200
[2026-08-08 04:16:01] 抓到 29 场
[2026-08-08 04:16:06] ✓ 11个数据文件已同步VPS(rsync -u, 仅推送更新过的)
[2026-08-08 04:16:08] VPS重算: 200
[2026-08-08 04:24:01] 抓到 29 场
[2026-08-08 04:24:06] ✓ 11个数据文件已同步VPS(rsync -u, 仅推送更新过的)
[2026-08-08 04:24:08] VPS重算: 200
[2026-08-08 04:32:01] 抓到 29 场
[2026-08-08 04:32:05] ✓ 11个数据文件已同步VPS(rsync -u, 仅推送更新过的)
[2026-08-08 04:32:07] VPS重算: 200
[2026-08-08 04:40:01] 抓到 29 场
[2026-08-08 04:40:06] ✓ 11个数据文件已同步VPS(rsync -u, 仅推送更新过的)
[2026-08-08 04:40:08] VPS重算: 200
[2026-08-08 04:48:01] 抓到 29 场
[2026-08-08 04:48:06] ✓ 11个数据文件已同步VPS(rsync -u, 仅推送更新过的)
[2026-08-08 04:48:08] VPS重算: 200
[2026-08-08 04:56:01] 抓到 29 场
[2026-08-08 04:56:06] ✓ 11个数据文件已同步VPS(rsync -u, 仅推送更新过的)
[2026-08-08 04:56:08] VPS重算: 200
[2026-08-08 05:00:01] 抓到 29 场
[2026-08-08 05:00:04] ✓ 11个数据文件已同步VPS(rsync -u, 仅推送更新过的)
[2026-08-08 05:00:06] VPS重算: 200
[2026-08-08 05:08:01] 抓到 29 场
[2026-08-08 05:08:06] ✓ 11个数据文件已同步VPS(rsync -u, 仅推送更新过的)
[2026-08-08 05:08:07] VPS重算: 200
[2026-08-08 05:16:01] 抓到 29 场
[2026-08-08 05:16:06] ✓ 11个数据文件已同步VPS(rsync -u, 仅推送更新过的)
[2026-08-08 05:16:08] VPS重算: 200
[2026-08-08 05:24:01] 抓到 29 场
[2026-08-08 05:24:06] ✓ 11个数据文件已同步VPS(rsync -u, 仅推送更新过的)
[2026-08-08 05:24:08] VPS重算: 200
[2026-08-08 05:32:01] 抓到 29 场
[2026-08-08 05:32:06] ✓ 11个数据文件已同步VPS(rsync -u, 仅推送更新过的)
[2026-08-08 05:32:07] VPS重算: 200
[2026-08-08 05:40:01] 抓到 29 场
[2026-08-08 05:40:06] ✓ 11个数据文件已同步VPS(rsync -u, 仅推送更新过的)
[2026-08-08 05:40:07] VPS重算: 200
[2026-08-08 05:48:01] 抓到 29 场
[2026-08-08 05:48:05] ✓ 11个数据文件已同步VPS(rsync -u, 仅推送更新过的)
[2026-08-08 05:48:07] VPS重算: 200
[2026-08-08 05:56:01] 抓到 29 场
[2026-08-08 05:56:06] ✓ 11个数据文件已同步VPS(rsync -u, 仅推送更新过的)
[2026-08-08 05:56:08] VPS重算: 200
[2026-08-08 06:00:01] 抓到 29 场
[2026-08-08 06:00:04] ✓ 11个数据文件已同步VPS(rsync -u, 仅推送更新过的)
[2026-08-08 06:00:06] VPS重算: 200
[2026-08-08 06:08:01] 抓到 29 场
[2026-08-08 06:08:06] ✓ 11个数据文件已同步VPS(rsync -u, 仅推送更新过的)
[2026-08-08 06:08:08] VPS重算: 200
[2026-08-08 06:16:01] 抓到 29 场
[2026-08-08 06:16:06] ✓ 11个数据文件已同步VPS(rsync -u, 仅推送更新过的)
[2026-08-08 06:16:07] VPS重算: 200
[2026-08-08 06:24:02] 抓到 29 场
[2026-08-08 06:24:06] ✓ 11个数据文件已同步VPS(rsync -u, 仅推送更新过的)
[2026-08-08 06:24:08] VPS重算: 200
[2026-08-08 06:32:01] 抓到 29 场
[2026-08-08 06:32:06] ✓ 11个数据文件已同步VPS(rsync -u, 仅推送更新过的)
[2026-08-08 06:32:07] VPS重算: 200
[2026-08-08 06:40:01] 抓到 29 场
[2026-08-08 06:40:07] ✓ 11个数据文件已同步VPS(rsync -u, 仅推送更新过的)
[2026-08-08 06:40:09] VPS重算: 200
[2026-08-08 06:48:01] 抓到 29 场
[2026-08-08 06:48:06] ✓ 11个数据文件已同步VPS(rsync -u, 仅推送更新过的)
[2026-08-08 06:48:08] VPS重算: 200
[2026-08-08 07:00:00] 抓到 29 场
[2026-08-08 07:00:05] ✓ 11个数据文件已同步VPS(rsync -u, 仅推送更新过的)
[2026-08-08 07:00:07] VPS重算: 200
[2026-08-08 07:08:01] 抓到 29 场
[2026-08-08 07:08:06] ✓ 11个数据文件已同步VPS(rsync -u, 仅推送更新过的)
[2026-08-08 07:08:07] VPS重算: 200
[2026-08-08 07:16:01] 抓到 29 场
[2026-08-08 07:16:06] ✓ 11个数据文件已同步VPS(rsync -u, 仅推送更新过的)
[2026-08-08 07:16:08] VPS重算: 200
[2026-08-08 07:24:01] 抓到 29 场
[2026-08-08 07:24:05] ✓ 11个数据文件已同步VPS(rsync -u, 仅推送更新过的)
[2026-08-08 07:24:07] VPS重算: 200
[2026-08-08 07:32:01] 抓到 29 场
[2026-08-08 07:32:06] ✓ 11个数据文件已同步VPS(rsync -u, 仅推送更新过的)
[2026-08-08 07:32:08] VPS重算: 200
[2026-08-08 07:40:01] 抓到 29 场
[2026-08-08 07:40:05] ✓ 11个数据文件已同步VPS(rsync -u, 仅推送更新过的)
[2026-08-08 07:40:07] VPS重算: 200
[2026-08-08 07:48:01] 抓到 29 场
[2026-08-08 07:48:06] ✓ 11个数据文件已同步VPS(rsync -u, 仅推送更新过的)
[2026-08-08 07:48:08] VPS重算: 200
[2026-08-08 07:56:01] 抓到 29 场
[2026-08-08 07:56:06] ✓ 11个数据文件已同步VPS(rsync -u, 仅推送更新过的)
[2026-08-08 07:56:08] VPS重算: 200
[2026-08-08 08:00:01] 抓到 29 场
[2026-08-08 08:00:04] ✓ 11个数据文件已同步VPS(rsync -u, 仅推送更新过的)
[2026-08-08 08:00:06] VPS重算: 200
[2026-08-08 08:08:01] 抓到 29 场
[2026-08-08 08:08:05] ✓ 11个数据文件已同步VPS(rsync -u, 仅推送更新过的)
[2026-08-08 08:08:07] VPS重算: 200
[2026-08-08 08:16:01] 抓到 29 场
[2026-08-08 08:16:05] ✓ 11个数据文件已同步VPS(rsync -u, 仅推送更新过的)
[2026-08-08 08:16:07] VPS重算: 200
[2026-08-08 08:24:01] 抓到 29 场
[2026-08-08 08:24:06] ✓ 11个数据文件已同步VPS(rsync -u, 仅推送更新过的)
[2026-08-08 08:24:08] VPS重算: 200
[2026-08-08 08:32:01] 抓到 29 场
[2026-08-08 08:32:05] ✓ 11个数据文件已同步VPS(rsync -u, 仅推送更新过的)
[2026-08-08 08:32:07] VPS重算: 200
[2026-08-08 08:40:01] 抓到 29 场
[2026-08-08 08:40:06] ✓ 11个数据文件已同步VPS(rsync -u, 仅推送更新过的)
[2026-08-08 08:40:08] VPS重算: 200
[2026-08-08 08:48:01] 抓到 29 场
[2026-08-08 08:48:06] ✓ 11个数据文件已同步VPS(rsync -u, 仅推送更新过的)
[2026-08-08 08:48:08] VPS重算: 200
[2026-08-08 08:56:01] 抓到 29 场
[2026-08-08 08:56:06] ✓ 11个数据文件已同步VPS(rsync -u, 仅推送更新过的)
[2026-08-08 08:56:08] VPS重算: 200
[2026-08-08 09:00:01] 抓到 29 场
[2026-08-08 09:00:04] ✓ 11个数据文件已同步VPS(rsync -u, 仅推送更新过的)
[2026-08-08 09:00:06] VPS重算: 200
[2026-08-08 09:08:01] 抓到 29 场
[2026-08-08 09:08:06] ✓ 11个数据文件已同步VPS(rsync -u, 仅推送更新过的)
[2026-08-08 09:08:08] VPS重算: 200
[2026-08-08 09:16:01] 抓到 29 场
[2026-08-08 09:16:05] ✓ 11个数据文件已同步VPS(rsync -u, 仅推送更新过的)
[2026-08-08 09:16:07] VPS重算: 200
[2026-08-08 09:24:01] 抓到 29 场
[2026-08-08 09:24:05] ✓ 11个数据文件已同步VPS(rsync -u, 仅推送更新过的)
[2026-08-08 09:24:07] VPS重算: 200
[2026-08-08 09:32:01] 抓到 29 场
[2026-08-08 09:32:07] ✓ 11个数据文件已同步VPS(rsync -u, 仅推送更新过的)
[2026-08-08 09:32:11] VPS重算: 200
[2026-08-08 09:40:01] 抓到 29 场
[2026-08-08 09:40:06] ✓ 11个数据文件已同步VPS(rsync -u, 仅推送更新过的)
[2026-08-08 09:40:08] VPS重算: 200
[2026-08-08 09:48:01] 抓到 29 场
[2026-08-08 09:48:06] ✓ 11个数据文件已同步VPS(rsync -u, 仅推送更新过的)
[2026-08-08 09:48:08] VPS重算: 200
[2026-08-08 09:56:01] 抓到 29 场
[2026-08-08 09:56:05] ✓ 11个数据文件已同步VPS(rsync -u, 仅推送更新过的)
[2026-08-08 09:56:07] VPS重算: 200
[2026-08-08 10:00:01] 抓到 29 场
[2026-08-08 10:00:06] ✓ 11个数据文件已同步VPS(rsync -u, 仅推送更新过的)
[2026-08-08 10:00:08] VPS重算: 200
[2026-08-08 10:08:01] 抓到 29 场
[2026-08-08 10:08:07] ✓ 11个数据文件已同步VPS(rsync -u, 仅推送更新过的)
[2026-08-08 10:08:09] VPS重算: 200
[2026-08-08 10:16:01] 抓到 29 场
[2026-08-08 10:16:07] ✓ 11个数据文件已同步VPS(rsync -u, 仅推送更新过的)
[2026-08-08 10:16:09] VPS重算: 200
[2026-08-08 10:24:01] 抓到 29 场
[2026-08-08 10:24:06] ✓ 11个数据文件已同步VPS(rsync -u, 仅推送更新过的)
[2026-08-08 10:24:08] VPS重算: 200
[2026-08-08 10:32:01] 抓到 29 场
[2026-08-08 10:32:07] ✓ 11个数据文件已同步VPS(rsync -u, 仅推送更新过的)
[2026-08-08 10:32:10] VPS重算: 200
[2026-08-08 10:40:01] 抓到 29 场
[2026-08-08 10:40:05] ✓ 11个数据文件已同步VPS(rsync -u, 仅推送更新过的)
[2026-08-08 10:40:07] VPS重算: 200
[2026-08-08 10:48:01] 抓到 29 场
[2026-08-08 10:48:07] ✓ 11个数据文件已同步VPS(rsync -u, 仅推送更新过的)
[2026-08-08 10:48:08] VPS重算: 200
[2026-08-08 10:56:01] 抓到 29 场
[2026-08-08 10:56:07] ✓ 11个数据文件已同步VPS(rsync -u, 仅推送更新过的)
[2026-08-08 10:56:11] VPS重算: 200
[2026-08-08 11:00:01] 抓到 29 场
[2026-08-08 11:00:06] ✓ 11个数据文件已同步VPS(rsync -u, 仅推送更新过的)
[2026-08-08 11:00:08] VPS重算: 200
[2026-08-08 11:08:01] 抓到 52 场
[2026-08-08 11:08:09] ✓ 11个数据文件已同步VPS(rsync -u, 仅推送更新过的)
[2026-08-08 11:08:11] VPS重算: 200
[2026-08-08 11:16:01] 抓到 52 场
[2026-08-08 11:16:09] ✓ 11个数据文件已同步VPS(rsync -u, 仅推送更新过的)
[2026-08-08 11:16:11] VPS重算: 200
[2026-08-08 11:24:01] 抓到 52 场
[2026-08-08 11:24:07] ✓ 11个数据文件已同步VPS(rsync -u, 仅推送更新过的)
[2026-08-08 11:24:09] VPS重算: 200
[2026-08-08 11:32:01] 抓到 52 场
[2026-08-08 11:32:08] ✓ 11个数据文件已同步VPS(rsync -u, 仅推送更新过的)
[2026-08-08 11:32:10] VPS重算: 200
[2026-08-08 11:40:01] 抓到 52 场
[2026-08-08 11:40:06] ✓ 11个数据文件已同步VPS(rsync -u, 仅推送更新过的)
[2026-08-08 11:40:08] VPS重算: 200
[2026-08-08 11:48:01] 抓到 52 场
[2026-08-08 11:48:07] ✓ 11个数据文件已同步VPS(rsync -u, 仅推送更新过的)
[2026-08-08 11:48:09] VPS重算: 429
[2026-08-08 11:56:01] 抓到 52 场
[2026-08-08 11:56:06] ✓ 11个数据文件已同步VPS(rsync -u, 仅推送更新过的)
[2026-08-08 11:56:09] VPS重算: 200
[2026-08-08 12:00:01] 抓到 52 场
[2026-08-08 12:00:05] ✓ 11个数据文件已同步VPS(rsync -u, 仅推送更新过的)
[2026-08-08 12:00:08] VPS重算: 200
[2026-08-08 12:08:01] 抓到 52 场
[2026-08-08 12:08:06] ✓ 11个数据文件已同步VPS(rsync -u, 仅推送更新过的)
[2026-08-08 12:08:09] VPS重算: 200
[2026-08-08 12:16:01] 抓到 52 场
[2026-08-08 12:16:08] ✓ 11个数据文件已同步VPS(rsync -u, 仅推送更新过的)
[2026-08-08 12:16:11] VPS重算: 200
[2026-08-08 12:24:01] 抓到 52 场
[2026-08-08 12:24:07] ✓ 11个数据文件已同步VPS(rsync -u, 仅推送更新过的)
[2026-08-08 12:24:11] VPS重算: 200
[2026-08-08 12:32:01] 抓到 52 场
[2026-08-08 12:32:07] ✓ 11个数据文件已同步VPS(rsync -u, 仅推送更新过的)
[2026-08-08 12:32:10] VPS重算: 200
[2026-08-08 12:40:01] 抓到 52 场
[2026-08-08 12:40:08] ✓ 11个数据文件已同步VPS(rsync -u, 仅推送更新过的)
[2026-08-08 12:40:11] VPS重算: 200
[2026-08-08 12:48:01] 抓到 52 场
[2026-08-08 12:48:07] ✓ 11个数据文件已同步VPS(rsync -u, 仅推送更新过的)
[2026-08-08 12:48:10] VPS重算: 200
[2026-08-08 12:56:01] 抓到 52 场
[2026-08-08 12:56:08] ✓ 11个数据文件已同步VPS(rsync -u, 仅推送更新过的)
[2026-08-08 12:56:10] VPS重算: 200
[2026-08-08 13:00:01] 抓到 52 场
[2026-08-08 13:00:06] ✓ 11个数据文件已同步VPS(rsync -u, 仅推送更新过的)
[2026-08-08 13:00:08] VPS重算: 200
[2026-08-08 13:08:01] 抓到 52 场
[2026-08-08 13:08:08] ✓ 11个数据文件已同步VPS(rsync -u, 仅推送更新过的)
[2026-08-08 13:08:10] VPS重算: 200
[2026-08-08 13:16:01] 抓到 52 场
[2026-08-08 13:16:08] ✓ 11个数据文件已同步VPS(rsync -u, 仅推送更新过的)
[2026-08-08 13:16:13] VPS重算: 200
[2026-08-08 13:24:01] 抓到 52 场
[2026-08-08 13:24:07] ✓ 11个数据文件已同步VPS(rsync -u, 仅推送更新过的)
[2026-08-08 13:24:10] VPS重算: 200
[2026-08-08 13:32:01] 抓到 52 场
[2026-08-08 13:32:07] ✓ 11个数据文件已同步VPS(rsync -u, 仅推送更新过的)
[2026-08-08 13:32:10] VPS重算: 200
[2026-08-08 13:40:01] 抓到 52 场
[2026-08-08 13:40:07] ✓ 11个数据文件已同步VPS(rsync -u, 仅推送更新过的)
[2026-08-08 13:40:09] VPS重算: 200
[2026-08-08 13:48:01] 抓到 52 场
[2026-08-08 13:48:08] ✓ 11个数据文件已同步VPS(rsync -u, 仅推送更新过的)
[2026-08-08 13:48:12] VPS重算: 200
[2026-08-08 13:56:01] 抓到 52 场
[2026-08-08 13:56:09] ✓ 11个数据文件已同步VPS(rsync -u, 仅推送更新过的)
[2026-08-08 13:56:11] VPS重算: 200
[2026-08-08 14:00:01] 抓到 52 场
[2026-08-08 14:00:06] ✓ 11个数据文件已同步VPS(rsync -u, 仅推送更新过的)
[2026-08-08 14:00:10] VPS重算: 200
[2026-08-08 14:08:01] 抓到 52 场
[2026-08-08 14:08:07] ✓ 11个数据文件已同步VPS(rsync -u, 仅推送更新过的)
[2026-08-08 14:08:11] VPS重算: 200
[2026-08-08 14:16:01] 抓到 52 场
[2026-08-08 14:16:07] ✓ 11个数据文件已同步VPS(rsync -u, 仅推送更新过的)
[2026-08-08 14:16:09] VPS重算: 200
[2026-08-08 14:24:01] 抓到 52 场
[2026-08-08 14:24:09] ✓ 11个数据文件已同步VPS(rsync -u, 仅推送更新过的)
[2026-08-08 14:24:11] VPS重算: 200
[2026-08-08 14:32:01] 抓到 52 场
[2026-08-08 14:32:11] ✓ 11个数据文件已同步VPS(rsync -u, 仅推送更新过的)
[2026-08-08 14:32:13] VPS重算: 200
[2026-08-08 14:40:01] 抓到 52 场
[2026-08-08 14:40:11] ✓ 11个数据文件已同步VPS(rsync -u, 仅推送更新过的)
[2026-08-08 14:40:14] VPS重算: 200
[2026-08-08 14:48:01] 抓到 52 场
[2026-08-08 14:48:08] ✓ 11个数据文件已同步VPS(rsync -u, 仅推送更新过的)
[2026-08-08 14:48:11] VPS重算: 200
[2026-08-08 14:56:01] 抓到 52 场
[2026-08-08 14:56:08] ✓ 11个数据文件已同步VPS(rsync -u, 仅推送更新过的)
[2026-08-08 14:56:10] VPS重算: 200
[2026-08-08 15:00:01] 抓到 52 场
[2026-08-08 15:00:05] ✓ 11个数据文件已同步VPS(rsync -u, 仅推送更新过的)
[2026-08-08 15:00:07] VPS重算: 200
[2026-08-08 15:08:01] 抓到 52 场
[2026-08-08 15:08:07] ✓ 11个数据文件已同步VPS(rsync -u, 仅推送更新过的)
[2026-08-08 15:08:09] VPS重算: 200
[2026-08-08 15:16:01] 抓到 52 场
[2026-08-08 15:16:07] ✓ 11个数据文件已同步VPS(rsync -u, 仅推送更新过的)
[2026-08-08 15:16:10] VPS重算: 200
[2026-08-08 15:24:01] 抓到 52 场
[2026-08-08 15:24:07] ✓ 11个数据文件已同步VPS(rsync -u, 仅推送更新过的)
[2026-08-08 15:24:10] VPS重算: 200
[2026-08-08 15:32:01] 抓到 52 场
[2026-08-08 15:32:07] ✓ 11个数据文件已同步VPS(rsync -u, 仅推送更新过的)
[2026-08-08 15:32:10] VPS重算: 200
[2026-08-08 15:40:01] 抓到 52 场
[2026-08-08 15:40:07] ✓ 11个数据文件已同步VPS(rsync -u, 仅推送更新过的)
[2026-08-08 15:40:10] VPS重算: 200
[2026-08-08 15:48:01] 抓到 52 场
[2026-08-08 15:48:06] ✓ 11个数据文件已同步VPS(rsync -u, 仅推送更新过的)
[2026-08-08 15:48:10] VPS重算: 200
[2026-08-08 15:56:01] 抓到 52 场
[2026-08-08 15:56:08] ✓ 11个数据文件已同步VPS(rsync -u, 仅推送更新过的)
[2026-08-08 15:56:10] VPS重算: 200
[2026-08-08 16:00:01] 抓到 52 场
[2026-08-08 16:00:06] ✓ 11个数据文件已同步VPS(rsync -u, 仅推送更新过的)
[2026-08-08 16:00:09] VPS重算: 200
[2026-08-08 16:08:01] 抓到 52 场
[2026-08-08 16:08:07] ✓ 11个数据文件已同步VPS(rsync -u, 仅推送更新过的)
[2026-08-08 16:08:10] VPS重算: 200
[2026-08-08 16:16:01] 抓到 52 场
[2026-08-08 16:16:08] ✓ 11个数据文件已同步VPS(rsync -u, 仅推送更新过的)
[2026-08-08 16:16:13] VPS重算: 200
[2026-08-08 16:24:01] 抓到 52 场
[2026-08-08 16:24:09] ✓ 11个数据文件已同步VPS(rsync -u, 仅推送更新过的)
[2026-08-08 16:24:11] VPS重算: 200
[2026-08-08 16:32:01] 抓到 52 场
[2026-08-08 16:32:10] ✓ 11个数据文件已同步VPS(rsync -u, 仅推送更新过的)
[2026-08-08 16:32:13] VPS重算: 200
[2026-08-08 16:40:01] 抓到 52 场
[2026-08-08 16:40:08] ✓ 11个数据文件已同步VPS(rsync -u, 仅推送更新过的)
[2026-08-08 16:40:10] VPS重算: 200
[2026-08-08 16:48:01] 抓到 52 场
[2026-08-08 16:48:08] ✓ 11个数据文件已同步VPS(rsync -u, 仅推送更新过的)
[2026-08-08 16:48:12] VPS重算: 200
[2026-08-08 16:56:01] 抓到 52 场
[2026-08-08 16:56:09] ✓ 11个数据文件已同步VPS(rsync -u, 仅推送更新过的)
[2026-08-08 16:56:11] VPS重算: 200
[2026-08-08 17:00:01] 抓到 52 场
[2026-08-08 17:00:06] ✓ 11个数据文件已同步VPS(rsync -u, 仅推送更新过的)
[2026-08-08 17:00:09] VPS重算: 200
[2026-08-08 17:08:01] 抓到 52 场
[2026-08-08 17:08:09] ✓ 11个数据文件已同步VPS(rsync -u, 仅推送更新过的)
[2026-08-08 17:08:11] VPS重算: 200
[2026-08-08 17:16:01] 抓到 52 场
[2026-08-08 17:16:07] ✓ 11个数据文件已同步VPS(rsync -u, 仅推送更新过的)
[2026-08-08 17:16:10] VPS重算: 200
[2026-08-08 17:24:01] 抓到 52 场
[2026-08-08 17:24:05] ✓ 11个数据文件已同步VPS(rsync -u, 仅推送更新过的)
[2026-08-08 17:24:07] VPS重算: 200
[2026-08-08 17:32:01] 抓到 52 场
[2026-08-08 17:32:07] ✓ 11个数据文件已同步VPS(rsync -u, 仅推送更新过的)
[2026-08-08 17:32:09] VPS重算: 200
[2026-08-08 17:40:01] 抓到 52 场
[2026-08-08 17:40:08] ✓ 11个数据文件已同步VPS(rsync -u, 仅推送更新过的)
[2026-08-08 17:40:12] VPS重算: 200
[2026-08-08 17:48:01] 抓到 52 场
[2026-08-08 17:48:08] ✓ 11个数据文件已同步VPS(rsync -u, 仅推送更新过的)
[2026-08-08 17:48:12] VPS重算: 200
[2026-08-08 17:56:01] 抓到 52 场
[2026-08-08 17:56:07] ✓ 11个数据文件已同步VPS(rsync -u, 仅推送更新过的)
[2026-08-08 17:56:09] VPS重算: 200
[2026-08-08 18:00:02] 抓到 52 场
[2026-08-08 18:00:05] ✓ 11个数据文件已同步VPS(rsync -u, 仅推送更新过的)
[2026-08-08 18:00:09] VPS重算: 200
[2026-08-08 18:08:01] 抓到 50 场
[2026-08-08 18:08:08] ✓ 11个数据文件已同步VPS(rsync -u, 仅推送更新过的)
[2026-08-08 18:08:10] VPS重算: 200
[2026-08-08 18:16:01] 抓到 50 场
[2026-08-08 18:16:06] ✓ 11个数据文件已同步VPS(rsync -u, 仅推送更新过的)
[2026-08-08 18:16:09] VPS重算: 200
[2026-08-08 18:24:01] 抓到 50 场
[2026-08-08 18:24:06] ✓ 11个数据文件已同步VPS(rsync -u, 仅推送更新过的)
[2026-08-08 18:24:08] VPS重算: 200
[2026-08-08 18:32:01] 抓到 50 场
[2026-08-08 18:32:09] ✓ 11个数据文件已同步VPS(rsync -u, 仅推送更新过的)
[2026-08-08 18:32:11] VPS重算: 200
[2026-08-08 18:40:01] 抓到 50 场
[2026-08-08 18:40:08] ✓ 11个数据文件已同步VPS(rsync -u, 仅推送更新过的)
[2026-08-08 18:40:12] VPS重算: 200
[2026-08-08 18:48:01] 抓到 50 场
[2026-08-08 18:48:07] ✓ 11个数据文件已同步VPS(rsync -u, 仅推送更新过的)
[2026-08-08 18:48:09] VPS重算: 200
[2026-08-08 18:56:01] 抓到 50 场
[2026-08-08 18:56:09] ✓ 11个数据文件已同步VPS(rsync -u, 仅推送更新过的)
[2026-08-08 18:56:11] VPS重算: 200
[2026-08-08 19:00:01] 抓到 50 场
[2026-08-08 19:00:08] ✓ 11个数据文件已同步VPS(rsync -u, 仅推送更新过的)
[2026-08-08 19:00:11] VPS重算: 200
[2026-08-08 19:08:01] 抓到 47 场
[2026-08-08 19:08:10] ✓ 11个数据文件已同步VPS(rsync -u, 仅推送更新过的)
[2026-08-08 19:08:12] VPS重算: 200
[2026-08-08 19:16:01] 抓到 47 场
[2026-08-08 19:16:07] ✓ 11个数据文件已同步VPS(rsync -u, 仅推送更新过的)
[2026-08-08 19:16:09] VPS重算: 200
[2026-08-08 19:24:01] 抓到 47 场
[2026-08-08 19:24:07] ✓ 11个数据文件已同步VPS(rsync -u, 仅推送更新过的)
[2026-08-08 19:24:10] VPS重算: 200
[2026-08-08 19:32:01] 抓到 47 场
[2026-08-08 19:32:07] ✓ 11个数据文件已同步VPS(rsync -u, 仅推送更新过的)
[2026-08-08 19:32:10] VPS重算: 200
[2026-08-08 19:40:01] 抓到 47 场
[2026-08-08 19:40:06] ✓ 11个数据文件已同步VPS(rsync -u, 仅推送更新过的)
[2026-08-08 19:40:09] VPS重算: 200
[2026-08-08 19:48:01] 抓到 47 场
[2026-08-08 19:48:08] ✓ 11个数据文件已同步VPS(rsync -u, 仅推送更新过的)
[2026-08-08 19:48:10] VPS重算: 200
[2026-08-08 19:56:01] 抓到 47 场
[2026-08-08 19:56:07] ✓ 11个数据文件已同步VPS(rsync -u, 仅推送更新过的)
[2026-08-08 19:56:10] VPS重算: 200
[2026-08-08 20:00:01] 抓到 47 场
[2026-08-08 20:00:07] ✓ 11个数据文件已同步VPS(rsync -u, 仅推送更新过的)
[2026-08-08 20:00:09] VPS重算: 200
[2026-08-08 20:08:01] 抓到 46 场
[2026-08-08 20:08:07] ✓ 11个数据文件已同步VPS(rsync -u, 仅推送更新过的)
[2026-08-08 20:08:11] VPS重算: 200
[2026-08-08 20:16:01] 抓到 46 场
[2026-08-08 20:16:10] ✓ 11个数据文件已同步VPS(rsync -u, 仅推送更新过的)
[2026-08-08 20:16:13] VPS重算: 200
[2026-08-08 20:24:01] 抓到 46 场
[2026-08-08 20:24:08] ✓ 11个数据文件已同步VPS(rsync -u, 仅推送更新过的)
[2026-08-08 20:24:11] VPS重算: 200
[2026-08-08 20:32:01] 抓到 46 场
[2026-08-08 20:32:07] ✓ 11个数据文件已同步VPS(rsync -u, 仅推送更新过的)
[2026-08-08 20:32:11] VPS重算: 200
[2026-08-08 20:40:01] 抓到 46 场
[2026-08-08 20:40:07] ✓ 11个数据文件已同步VPS(rsync -u, 仅推送更新过的)
[2026-08-08 20:40:10] VPS重算: 200
[2026-08-08 20:48:01] 抓到 46 场
[2026-08-08 20:48:07] ✓ 11个数据文件已同步VPS(rsync -u, 仅推送更新过的)
[2026-08-08 20:48:09] VPS重算: 200
[2026-08-08 20:56:01] 抓到 46 场
[2026-08-08 20:56:06] ✓ 11个数据文件已同步VPS(rsync -u, 仅推送更新过的)
[2026-08-08 20:56:08] VPS重算: 200
[2026-08-08 21:00:01] 抓到 46 场
[2026-08-08 21:00:07] ✓ 11个数据文件已同步VPS(rsync -u, 仅推送更新过的)
[2026-08-08 21:00:09] VPS重算: 200
[2026-08-08 21:08:01] 抓到 44 场
[2026-08-08 21:08:09] ✓ 11个数据文件已同步VPS(rsync -u, 仅推送更新过的)
[2026-08-08 21:08:12] VPS重算: 200
[2026-08-08 21:16:01] 抓到 44 场
[2026-08-08 21:16:06] ✓ 11个数据文件已同步VPS(rsync -u, 仅推送更新过的)
[2026-08-08 21:16:09] VPS重算: 200
[2026-08-08 21:24:01] 抓到 44 场
[2026-08-08 21:24:07] ✓ 11个数据文件已同步VPS(rsync -u, 仅推送更新过的)
[2026-08-08 21:24:09] VPS重算: 200
[2026-08-08 21:32:01] 抓到 44 场
[2026-08-08 21:32:09] ✓ 11个数据文件已同步VPS(rsync -u, 仅推送更新过的)
[2026-08-08 21:32:12] VPS重算: 200
[2026-08-08 21:40:01] 抓到 44 场
[2026-08-08 21:40:09] ✓ 11个数据文件已同步VPS(rsync -u, 仅推送更新过的)
[2026-08-08 21:40:13] VPS重算: 200
[2026-08-08 21:48:01] 抓到 44 场
[2026-08-08 21:48:07] ✓ 11个数据文件已同步VPS(rsync -u, 仅推送更新过的)
[2026-08-08 21:48:09] VPS重算: 200
[2026-08-08 21:56:01] 抓到 44 场
[2026-08-08 21:56:08] ✓ 11个数据文件已同步VPS(rsync -u, 仅推送更新过的)
[2026-08-08 21:56:11] VPS重算: 200
[2026-08-08 22:00:01] 抓到 44 场
[2026-08-08 22:00:08] ✓ 11个数据文件已同步VPS(rsync -u, 仅推送更新过的)
[2026-08-08 22:00:10] VPS重算: 200
[2026-08-08 22:08:01] 抓到 41 场
[2026-08-08 22:08:07] ✓ 11个数据文件已同步VPS(rsync -u, 仅推送更新过的)
[2026-08-08 22:08:10] VPS重算: 200
[2026-08-08 22:16:01] 抓到 41 场
[2026-08-08 22:16:08] ✓ 11个数据文件已同步VPS(rsync -u, 仅推送更新过的)
[2026-08-08 22:16:10] VPS重算: 200
[2026-08-08 22:24:01] 抓到 41 场
[2026-08-08 22:24:07] ✓ 11个数据文件已同步VPS(rsync -u, 仅推送更新过的)
[2026-08-08 22:24:09] VPS重算: 200
[2026-08-08 22:32:01] 抓到 39 场
[2026-08-08 22:32:08] ✓ 11个数据文件已同步VPS(rsync -u, 仅推送更新过的)
[2026-08-08 22:32:11] VPS重算: 200
[2026-08-08 22:40:01] 抓到 39 场
[2026-08-08 22:40:08] ✓ 11个数据文件已同步VPS(rsync -u, 仅推送更新过的)
[2026-08-08 22:40:12] VPS重算: 200
[2026-08-08 22:48:01] 抓到 39 场
[2026-08-08 22:48:09] ✓ 11个数据文件已同步VPS(rsync -u, 仅推送更新过的)
[2026-08-08 22:48:12] VPS重算: 200
[2026-08-08 22:56:01] 抓到 39 场
[2026-08-08 22:56:09] ✓ 11个数据文件已同步VPS(rsync -u, 仅推送更新过的)
[2026-08-08 22:56:12] VPS重算: 200
[2026-08-08 23:00:01] 抓到 39 场
[2026-08-08 23:00:07] ✓ 11个数据文件已同步VPS(rsync -u, 仅推送更新过的)
[2026-08-08 23:00:10] VPS重算: 200
[2026-08-08 23:08:02] 抓到 39 场
[2026-08-08 23:08:17] ✓ 11个数据文件已同步VPS(rsync -u, 仅推送更新过的)
[2026-08-08 23:08:23] VPS重算: 200
[2026-08-08 23:16:01] 抓到 39 场
[2026-08-08 23:16:06] ✓ 11个数据文件已同步VPS(rsync -u, 仅推送更新过的)
[2026-08-08 23:16:08] VPS重算: 200
[2026-08-08 23:24:01] 抓到 39 场
[2026-08-08 23:24:07] ✓ 11个数据文件已同步VPS(rsync -u, 仅推送更新过的)
[2026-08-08 23:24:10] VPS重算: 200
[2026-08-08 23:32:01] 抓到 38 场
[2026-08-08 23:32:07] ✓ 11个数据文件已同步VPS(rsync -u, 仅推送更新过的)
[2026-08-08 23:32:11] VPS重算: 200
[2026-08-08 23:40:01] 抓到 38 场
[2026-08-08 23:40:10] ✓ 11个数据文件已同步VPS(rsync -u, 仅推送更新过的)
[2026-08-08 23:40:13] VPS重算: 200
[2026-08-08 23:48:01] 抓到 38 场
[2026-08-08 23:48:07] ✓ 11个数据文件已同步VPS(rsync -u, 仅推送更新过的)
[2026-08-08 23:48:11] VPS重算: 200
[2026-08-08 23:56:01] 抓到 38 场
[2026-08-08 23:56:07] ✓ 11个数据文件已同步VPS(rsync -u, 仅推送更新过的)
[2026-08-08 23:56:10] VPS重算: 200
[2026-08-09 00:00:01] 抓到 38 场
[2026-08-09 00:00:10] ✓ 11个数据文件已同步VPS(rsync -u, 仅推送更新过的)
[2026-08-09 00:00:15] VPS重算: 200
[2026-08-09 00:08:01] 抓到 37 场
[2026-08-09 00:08:07] ✓ 11个数据文件已同步VPS(rsync -u, 仅推送更新过的)
[2026-08-09 00:08:10] VPS重算: 200
[2026-08-09 00:16:01] 抓到 37 场
[2026-08-09 00:16:10] ✓ 11个数据文件已同步VPS(rsync -u, 仅推送更新过的)
[2026-08-09 00:16:12] VPS重算: 200
[2026-08-09 00:24:01] 抓到 37 场
[2026-08-09 00:24:07] ✓ 11个数据文件已同步VPS(rsync -u, 仅推送更新过的)
[2026-08-09 00:24:08] VPS重算: 200
[2026-08-09 00:32:01] 抓到 37 场
[2026-08-09 00:32:07] ✓ 11个数据文件已同步VPS(rsync -u, 仅推送更新过的)
[2026-08-09 00:32:09] VPS重算: 200
[2026-08-09 00:40:01] 抓到 37 场
[2026-08-09 00:40:09] ✓ 11个数据文件已同步VPS(rsync -u, 仅推送更新过的)
[2026-08-09 00:40:12] VPS重算: 200
[2026-08-09 00:48:01] 抓到 36 场
[2026-08-09 00:48:06] ✓ 11个数据文件已同步VPS(rsync -u, 仅推送更新过的)
[2026-08-09 00:48:09] VPS重算: 200
[2026-08-09 00:56:01] 抓到 36 场
[2026-08-09 00:56:07] ✓ 11个数据文件已同步VPS(rsync -u, 仅推送更新过的)
[2026-08-09 00:56:09] VPS重算: 200
[2026-08-09 01:00:01] 抓到 36 场
[2026-08-09 01:00:05] ✓ 11个数据文件已同步VPS(rsync -u, 仅推送更新过的)
[2026-08-09 01:00:08] VPS重算: 200
[2026-08-09 01:08:01] 抓到 35 场
[2026-08-09 01:08:08] ✓ 11个数据文件已同步VPS(rsync -u, 仅推送更新过的)
[2026-08-09 01:08:10] VPS重算: 200
[2026-08-09 01:16:01] 抓到 35 场
[2026-08-09 01:16:09] ✓ 11个数据文件已同步VPS(rsync -u, 仅推送更新过的)
[2026-08-09 01:16:11] VPS重算: 200
[2026-08-09 01:24:01] 抓到 35 场
[2026-08-09 01:24:07] ✓ 11个数据文件已同步VPS(rsync -u, 仅推送更新过的)
[2026-08-09 01:24:09] VPS重算: 200
[2026-08-09 01:32:01] 抓到 35 场
[2026-08-09 01:33:09] ✓ 11个数据文件已同步VPS(rsync -u, 仅推送更新过的)
[2026-08-09 01:33:11] VPS重算: 200
[2026-08-09 01:40:01] 抓到 35 场
[2026-08-09 01:40:07] ✓ 11个数据文件已同步VPS(rsync -u, 仅推送更新过的)
[2026-08-09 01:40:09] VPS重算: 200
[2026-08-09 01:48:01] 抓到 35 场
[2026-08-09 01:48:05] ✓ 11个数据文件已同步VPS(rsync -u, 仅推送更新过的)
[2026-08-09 01:48:07] VPS重算: 200
[2026-08-09 01:56:01] 抓到 35 场
[2026-08-09 01:56:20] ✓ 11个数据文件已同步VPS(rsync -u, 仅推送更新过的)
[2026-08-09 01:56:23] VPS重算: 200
[2026-08-09 02:00:01] 抓到 35 场
[2026-08-09 02:00:05] ✓ 11个数据文件已同步VPS(rsync -u, 仅推送更新过的)
[2026-08-09 02:00:07] VPS重算: 200
[2026-08-09 02:08:01] 抓到 34 场
[2026-08-09 02:08:05] ✓ 11个数据文件已同步VPS(rsync -u, 仅推送更新过的)
[2026-08-09 02:08:07] VPS重算: 200
[2026-08-09 02:16:01] 抓到 34 场
[2026-08-09 02:16:07] ✓ 11个数据文件已同步VPS(rsync -u, 仅推送更新过的)
[2026-08-09 02:16:09] VPS重算: 200
[2026-08-09 02:24:01] 抓到 34 场
[2026-08-09 02:24:07] ✓ 11个数据文件已同步VPS(rsync -u, 仅推送更新过的)
[2026-08-09 02:24:10] VPS重算: 200
[2026-08-09 02:32:01] 抓到 34 场
[2026-08-09 02:32:05] ✓ 11个数据文件已同步VPS(rsync -u, 仅推送更新过的)
[2026-08-09 02:32:08] VPS重算: 200
[2026-08-09 02:40:01] 抓到 34 场
[2026-08-09 02:40:07] ✓ 11个数据文件已同步VPS(rsync -u, 仅推送更新过的)
[2026-08-09 02:40:08] VPS重算: 200
[2026-08-09 02:48:01] 抓到 31 场
[2026-08-09 02:48:06] ✓ 11个数据文件已同步VPS(rsync -u, 仅推送更新过的)
[2026-08-09 02:48:08] VPS重算: 200
[2026-08-09 02:56:01] 抓到 31 场
[2026-08-09 02:56:06] ✓ 11个数据文件已同步VPS(rsync -u, 仅推送更新过的)
[2026-08-09 02:56:08] VPS重算: 200
[2026-08-09 03:00:01] 抓到 31 场
[2026-08-09 03:00:05] ✓ 11个数据文件已同步VPS(rsync -u, 仅推送更新过的)
[2026-08-09 03:00:07] VPS重算: 200
[2026-08-09 03:08:01] 抓到 29 场
[2026-08-09 03:08:07] ✓ 11个数据文件已同步VPS(rsync -u, 仅推送更新过的)
[2026-08-09 03:08:09] VPS重算: 200
[2026-08-09 03:16:01] 抓到 29 场
[2026-08-09 03:16:06] ✓ 11个数据文件已同步VPS(rsync -u, 仅推送更新过的)
[2026-08-09 03:16:07] VPS重算: 200
[2026-08-09 03:24:01] 抓到 29 场
[2026-08-09 03:24:06] ✓ 11个数据文件已同步VPS(rsync -u, 仅推送更新过的)
[2026-08-09 03:24:08] VPS重算: 200
[2026-08-09 03:32:01] 抓到 28 场
[2026-08-09 03:32:05] ✓ 11个数据文件已同步VPS(rsync -u, 仅推送更新过的)
[2026-08-09 03:32:07] VPS重算: 200
[2026-08-09 03:40:01] 抓到 28 场
[2026-08-09 03:40:06] ✓ 11个数据文件已同步VPS(rsync -u, 仅推送更新过的)
[2026-08-09 03:40:08] VPS重算: 200
[2026-08-09 03:48:01] 抓到 28 场
[2026-08-09 03:48:05] ✓ 11个数据文件已同步VPS(rsync -u, 仅推送更新过的)
[2026-08-09 03:48:07] VPS重算: 200
[2026-08-09 03:56:01] 抓到 28 场
[2026-08-09 03:56:07] ✓ 11个数据文件已同步VPS(rsync -u, 仅推送更新过的)
[2026-08-09 03:56:08] VPS重算: 200
[2026-08-09 04:00:01] 抓到 28 场
[2026-08-09 04:00:05] ✓ 11个数据文件已同步VPS(rsync -u, 仅推送更新过的)
[2026-08-09 04:00:07] VPS重算: 200
[2026-08-09 04:08:01] 抓到 28 场
[2026-08-09 04:08:06] ✓ 11个数据文件已同步VPS(rsync -u, 仅推送更新过的)
[2026-08-09 04:08:08] VPS重算: 200
[2026-08-09 04:16:01] 抓到 28 场
[2026-08-09 04:16:06] ✓ 11个数据文件已同步VPS(rsync -u, 仅推送更新过的)
[2026-08-09 04:16:08] VPS重算: 200
[2026-08-09 04:24:01] 抓到 28 场
[2026-08-09 04:24:05] ✓ 11个数据文件已同步VPS(rsync -u, 仅推送更新过的)
[2026-08-09 04:24:07] VPS重算: 200
[2026-08-09 04:32:01] 抓到 28 场
[2026-08-09 04:32:05] ✓ 11个数据文件已同步VPS(rsync -u, 仅推送更新过的)
[2026-08-09 04:32:07] VPS重算: 200
[2026-08-09 04:40:01] 抓到 28 场
[2026-08-09 04:40:06] ✓ 11个数据文件已同步VPS(rsync -u, 仅推送更新过的)
[2026-08-09 04:40:08] VPS重算: 200
[2026-08-09 04:48:01] 抓到 28 场
[2026-08-09 04:48:05] ✓ 11个数据文件已同步VPS(rsync -u, 仅推送更新过的)
[2026-08-09 04:48:07] VPS重算: 200
[2026-08-09 04:56:01] 抓到 28 场
[2026-08-09 04:56:05] ✓ 11个数据文件已同步VPS(rsync -u, 仅推送更新过的)
[2026-08-09 04:56:07] VPS重算: 200
[2026-08-09 05:00:01] 抓到 28 场
[2026-08-09 05:00:04] ✓ 11个数据文件已同步VPS(rsync -u, 仅推送更新过的)
[2026-08-09 05:00:06] VPS重算: 200
[2026-08-09 05:08:01] 抓到 28 场
[2026-08-09 05:08:07] ✓ 11个数据文件已同步VPS(rsync -u, 仅推送更新过的)
[2026-08-09 05:08:09] VPS重算: 200
[2026-08-09 05:16:01] 抓到 28 场
[2026-08-09 05:16:07] ✓ 11个数据文件已同步VPS(rsync -u, 仅推送更新过的)
[2026-08-09 05:16:09] VPS重算: 200
[2026-08-09 05:24:01] 抓到 28 场
[2026-08-09 05:24:06] ✓ 11个数据文件已同步VPS(rsync -u, 仅推送更新过的)
[2026-08-09 05:24:08] VPS重算: 200
[2026-08-09 05:32:01] 抓到 28 场
[2026-08-09 05:32:05] ✓ 11个数据文件已同步VPS(rsync -u, 仅推送更新过的)
[2026-08-09 05:32:07] VPS重算: 200
[2026-08-09 05:40:01] 抓到 28 场
[2026-08-09 05:40:06] ✓ 11个数据文件已同步VPS(rsync -u, 仅推送更新过的)
[2026-08-09 05:40:07] VPS重算: 200
[2026-08-09 05:48:01] 抓到 28 场
[2026-08-09 05:48:05] ✓ 11个数据文件已同步VPS(rsync -u, 仅推送更新过的)
[2026-08-09 05:48:07] VPS重算: 200
[2026-08-09 05:56:01] 抓到 28 场
[2026-08-09 05:56:05] ✓ 11个数据文件已同步VPS(rsync -u, 仅推送更新过的)
[2026-08-09 05:56:07] VPS重算: 200
[2026-08-09 06:00:01] 抓到 28 场
[2026-08-09 06:00:05] ✓ 11个数据文件已同步VPS(rsync -u, 仅推送更新过的)
[2026-08-09 06:00:07] VPS重算: 200
[2026-08-09 06:08:01] 抓到 28 场
[2026-08-09 06:08:06] ✓ 11个数据文件已同步VPS(rsync -u, 仅推送更新过的)
[2026-08-09 06:08:08] VPS重算: 200
[2026-08-09 06:16:01] 抓到 28 场
[2026-08-09 06:16:05] ✓ 11个数据文件已同步VPS(rsync -u, 仅推送更新过的)
[2026-08-09 06:16:07] VPS重算: 200
[2026-08-09 06:24:01] 抓到 28 场
[2026-08-09 06:24:06] ✓ 11个数据文件已同步VPS(rsync -u, 仅推送更新过的)
[2026-08-09 06:24:08] VPS重算: 200
[2026-08-09 06:32:01] 抓到 28 场
[2026-08-09 06:32:06] ✓ 11个数据文件已同步VPS(rsync -u, 仅推送更新过的)
[2026-08-09 06:32:08] VPS重算: 200
[2026-08-09 06:40:01] 抓到 28 场
[2026-08-09 06:40:06] ✓ 11个数据文件已同步VPS(rsync -u, 仅推送更新过的)
[2026-08-09 06:40:08] VPS重算: 200
[2026-08-09 06:48:01] 抓到 28 场
[2026-08-09 06:48:05] ✓ 11个数据文件已同步VPS(rsync -u, 仅推送更新过的)
[2026-08-09 06:48:07] VPS重算: 200
[2026-08-09 06:56:01] 抓到 28 场
[2026-08-09 06:56:06] ✓ 11个数据文件已同步VPS(rsync -u, 仅推送更新过的)
[2026-08-09 06:56:08] VPS重算: 200
[2026-08-09 07:00:01] 抓到 28 场
[2026-08-09 07:00:05] ✓ 11个数据文件已同步VPS(rsync -u, 仅推送更新过的)
[2026-08-09 07:00:07] VPS重算: 200
[2026-08-09 07:08:01] 抓到 28 场
[2026-08-09 07:08:07] ✓ 11个数据文件已同步VPS(rsync -u, 仅推送更新过的)
[2026-08-09 07:08:09] VPS重算: 200
[2026-08-09 07:16:01] 抓到 28 场
[2026-08-09 07:16:06] ✓ 11个数据文件已同步VPS(rsync -u, 仅推送更新过的)
[2026-08-09 07:16:07] VPS重算: 200
[2026-08-09 07:24:01] 抓到 28 场
[2026-08-09 07:24:06] ✓ 11个数据文件已同步VPS(rsync -u, 仅推送更新过的)
[2026-08-09 07:24:08] VPS重算: 200
[2026-08-09 07:32:01] 抓到 28 场
[2026-08-09 07:32:06] ✓ 11个数据文件已同步VPS(rsync -u, 仅推送更新过的)
[2026-08-09 07:32:08] VPS重算: 200
[2026-08-09 07:40:01] 抓到 28 场
[2026-08-09 07:40:11] ✓ 11个数据文件已同步VPS(rsync -u, 仅推送更新过的)
[2026-08-09 07:40:13] VPS重算: 200
[2026-08-09 07:48:01] 抓到 28 场
[2026-08-09 07:48:05] ✓ 11个数据文件已同步VPS(rsync -u, 仅推送更新过的)
[2026-08-09 07:48:07] VPS重算: 200
[2026-08-09 07:56:01] 抓到 28 场
[2026-08-09 07:56:09] ✓ 11个数据文件已同步VPS(rsync -u, 仅推送更新过的)
[2026-08-09 07:56:13] VPS重算: 200
[2026-08-09 08:00:01] 抓到 28 场
[2026-08-09 08:00:05] ✓ 11个数据文件已同步VPS(rsync -u, 仅推送更新过的)
[2026-08-09 08:00:07] VPS重算: 200
[2026-08-09 08:08:01] 抓到 27 场
[2026-08-09 08:08:06] ✓ 11个数据文件已同步VPS(rsync -u, 仅推送更新过的)
[2026-08-09 08:08:08] VPS重算: 200
[2026-08-09 08:16:01] 抓到 27 场
[2026-08-09 08:16:06] ✓ 11个数据文件已同步VPS(rsync -u, 仅推送更新过的)
[2026-08-09 08:16:08] VPS重算: 200
[2026-08-09 08:24:01] 抓到 27 场
[2026-08-09 08:24:05] ✓ 11个数据文件已同步VPS(rsync -u, 仅推送更新过的)
[2026-08-09 08:24:07] VPS重算: 200
[2026-08-09 08:32:01] 抓到 27 场
[2026-08-09 08:32:06] ✓ 11个数据文件已同步VPS(rsync -u, 仅推送更新过的)
[2026-08-09 08:32:08] VPS重算: 200
[2026-08-09 08:40:01] 抓到 27 场
[2026-08-09 08:40:06] ✓ 11个数据文件已同步VPS(rsync -u, 仅推送更新过的)
[2026-08-09 08:40:08] VPS重算: 200
[2026-08-09 08:48:01] 抓到 27 场
[2026-08-09 08:48:06] ✓ 11个数据文件已同步VPS(rsync -u, 仅推送更新过的)
[2026-08-09 08:48:08] VPS重算: 200
[2026-08-09 08:56:01] 抓到 27 场
[2026-08-09 08:56:06] ✓ 11个数据文件已同步VPS(rsync -u, 仅推送更新过的)
[2026-08-09 08:56:08] VPS重算: 200
[2026-08-09 09:00:01] 抓到 27 场
[2026-08-09 09:00:05] ✓ 11个数据文件已同步VPS(rsync -u, 仅推送更新过的)
[2026-08-09 09:00:07] VPS重算: 200
[2026-08-09 09:08:01] 抓到 27 场
[2026-08-09 09:08:06] ✓ 11个数据文件已同步VPS(rsync -u, 仅推送更新过的)
[2026-08-09 09:08:08] VPS重算: 200
[2026-08-09 09:16:01] 抓到 27 场
[2026-08-09 09:16:07] ✓ 11个数据文件已同步VPS(rsync -u, 仅推送更新过的)
[2026-08-09 09:16:09] VPS重算: 200
[2026-08-09 09:24:01] 抓到 27 场
[2026-08-09 09:24:06] ✓ 11个数据文件已同步VPS(rsync -u, 仅推送更新过的)
[2026-08-09 09:24:08] VPS重算: 200
[2026-08-09 09:32:01] 抓到 27 场
[2026-08-09 09:32:07] ✓ 11个数据文件已同步VPS(rsync -u, 仅推送更新过的)
[2026-08-09 09:32:09] VPS重算: 200
[2026-08-09 09:40:01] 抓到 27 场
[2026-08-09 09:40:07] ✓ 11个数据文件已同步VPS(rsync -u, 仅推送更新过的)
[2026-08-09 09:40:08] VPS重算: 200
[2026-08-09 09:48:01] 抓到 27 场
[2026-08-09 09:48:05] ✓ 11个数据文件已同步VPS(rsync -u, 仅推送更新过的)
[2026-08-09 09:48:08] VPS重算: 200
[2026-08-09 09:56:01] 抓到 27 场
[2026-08-09 09:56:07] ✓ 11个数据文件已同步VPS(rsync -u, 仅推送更新过的)
[2026-08-09 09:56:09] VPS重算: 200
[2026-08-09 10:00:01] 抓到 27 场
[2026-08-09 10:00:05] ✓ 11个数据文件已同步VPS(rsync -u, 仅推送更新过的)
[2026-08-09 10:00:08] VPS重算: 200
[2026-08-09 10:08:01] 抓到 27 场
[2026-08-09 10:08:07] ✓ 11个数据文件已同步VPS(rsync -u, 仅推送更新过的)
[2026-08-09 10:08:09] VPS重算: 200
[2026-08-09 10:16:01] 抓到 27 场
[2026-08-09 10:16:08] ✓ 11个数据文件已同步VPS(rsync -u, 仅推送更新过的)
[2026-08-09 10:16:10] VPS重算: 200
[2026-08-09 10:24:01] 抓到 27 场
[2026-08-09 10:24:08] ✓ 11个数据文件已同步VPS(rsync -u, 仅推送更新过的)
[2026-08-09 10:24:10] VPS重算: 200
[2026-08-09 10:32:01] 抓到 27 场
[2026-08-09 10:32:07] ✓ 11个数据文件已同步VPS(rsync -u, 仅推送更新过的)
[2026-08-09 10:32:09] VPS重算: 200
[2026-08-09 10:40:01] 抓到 27 场
[2026-08-09 10:40:07] ✓ 11个数据文件已同步VPS(rsync -u, 仅推送更新过的)
[2026-08-09 10:40:10] VPS重算: 200
[2026-08-09 10:48:01] 抓到 27 场
[2026-08-09 10:48:06] ✓ 11个数据文件已同步VPS(rsync -u, 仅推送更新过的)
[2026-08-09 10:48:09] VPS重算: 200
[2026-08-09 10:56:01] 抓到 27 场
[2026-08-09 10:56:06] ✓ 11个数据文件已同步VPS(rsync -u, 仅推送更新过的)
[2026-08-09 10:56:08] VPS重算: 200
[2026-08-09 11:00:01] 抓到 27 场
[2026-08-09 11:00:05] ✓ 11个数据文件已同步VPS(rsync -u, 仅推送更新过的)
[2026-08-09 11:00:07] VPS重算: 200
[2026-08-09 11:08:01] 抓到 27 场
[2026-08-09 11:08:07] ✓ 11个数据文件已同步VPS(rsync -u, 仅推送更新过的)
[2026-08-09 11:08:09] VPS重算: 200
[2026-08-09 11:16:01] 抓到 27 场
[2026-08-09 11:16:07] ✓ 11个数据文件已同步VPS(rsync -u, 仅推送更新过的)
[2026-08-09 11:16:09] VPS重算: 200
[2026-08-09 11:24:01] 抓到 27 场
[2026-08-09 11:24:08] ✓ 11个数据文件已同步VPS(rsync -u, 仅推送更新过的)
[2026-08-09 11:24:10] VPS重算: 200
[2026-08-09 11:32:01] 抓到 27 场
[2026-08-09 11:32:07] ✓ 11个数据文件已同步VPS(rsync -u, 仅推送更新过的)
[2026-08-09 11:32:12] VPS重算: 200
[2026-08-09 11:40:01] 抓到 27 场
[2026-08-09 11:40:07] ✓ 11个数据文件已同步VPS(rsync -u, 仅推送更新过的)
[2026-08-09 11:40:10] VPS重算: 200
[2026-08-09 11:48:01] 抓到 27 场
[2026-08-09 11:48:07] ✓ 11个数据文件已同步VPS(rsync -u, 仅推送更新过的)
[2026-08-09 11:48:10] VPS重算: 200
[2026-08-09 11:56:01] 抓到 27 场
[2026-08-09 11:56:07] ✓ 11个数据文件已同步VPS(rsync -u, 仅推送更新过的)
[2026-08-09 11:56:10] VPS重算: 200
[2026-08-09 12:00:01] 抓到 27 场
[2026-08-09 12:00:10] ✓ 11个数据文件已同步VPS(rsync -u, 仅推送更新过的)
[2026-08-09 12:00:12] VPS重算: 200
[2026-08-09 12:08:01] 抓到 27 场
[2026-08-09 12:08:09] ✓ 11个数据文件已同步VPS(rsync -u, 仅推送更新过的)
[2026-08-09 12:08:12] VPS重算: 200
[2026-08-09 12:16:01] 抓到 27 场
[2026-08-09 12:16:10] ✓ 11个数据文件已同步VPS(rsync -u, 仅推送更新过的)
[2026-08-09 12:16:12] VPS重算: 200
[2026-08-09 12:24:01] 抓到 27 场
[2026-08-09 12:24:08] ✓ 11个数据文件已同步VPS(rsync -u, 仅推送更新过的)
[2026-08-09 12:24:11] VPS重算: 200
[2026-08-09 12:32:01] 抓到 27 场
[2026-08-09 12:32:07] ✓ 11个数据文件已同步VPS(rsync -u, 仅推送更新过的)
[2026-08-09 12:32:09] VPS重算: 200
[2026-08-09 12:40:01] 抓到 27 场
[2026-08-09 12:40:07] ✓ 11个数据文件已同步VPS(rsync -u, 仅推送更新过的)
[2026-08-09 12:40:10] VPS重算: 200
[2026-08-09 12:48:01] 抓到 27 场
[2026-08-09 12:48:07] ✓ 11个数据文件已同步VPS(rsync -u, 仅推送更新过的)
[2026-08-09 12:48:09] VPS重算: 200
[2026-08-09 12:56:01] 抓到 27 场
[2026-08-09 12:56:07] ✓ 11个数据文件已同步VPS(rsync -u, 仅推送更新过的)
[2026-08-09 12:56:10] VPS重算: 200
[2026-08-09 13:00:01] 抓到 27 场
[2026-08-09 13:00:05] ✓ 11个数据文件已同步VPS(rsync -u, 仅推送更新过的)
[2026-08-09 13:00:07] VPS重算: 200
[2026-08-09 13:08:01] 抓到 27 场
[2026-08-09 13:08:07] ✓ 11个数据文件已同步VPS(rsync -u, 仅推送更新过的)
[2026-08-09 13:08:10] VPS重算: 200
[2026-08-09 13:16:01] 抓到 27 场
[2026-08-09 13:16:07] ✓ 11个数据文件已同步VPS(rsync -u, 仅推送更新过的)
[2026-08-09 13:16:10] VPS重算: 200
[2026-08-09 13:24:01] 抓到 27 场
[2026-08-09 13:24:07] ✓ 11个数据文件已同步VPS(rsync -u, 仅推送更新过的)
[2026-08-09 13:24:10] VPS重算: 200
[2026-08-09 13:32:01] 抓到 27 场
[2026-08-09 13:32:08] ✓ 11个数据文件已同步VPS(rsync -u, 仅推送更新过的)
[2026-08-09 13:32:10] VPS重算: 200
[2026-08-09 13:40:01] 抓到 27 场
[2026-08-09 13:40:02] ✗ 推送失败(VPS不可达或免密未配)
[2026-08-09 13:48:01] 抓到 27 场
[2026-08-09 13:48:08] ✓ 11个数据文件已同步VPS(rsync -u, 仅推送更新过的)
[2026-08-09 13:48:10] VPS重算: 200
[2026-08-09 13:56:01] 抓到 27 场
[2026-08-09 13:56:16] ✓ 11个数据文件已同步VPS(rsync -u, 仅推送更新过的)
[2026-08-09 13:56:18] VPS重算: 200
[2026-08-09 14:00:01] 抓到 27 场
[2026-08-09 14:00:08] ✓ 11个数据文件已同步VPS(rsync -u, 仅推送更新过的)
[2026-08-09 14:00:11] VPS重算: 200
[2026-08-09 14:08:02] 抓到 27 场
[2026-08-09 14:08:08] ✓ 11个数据文件已同步VPS(rsync -u, 仅推送更新过的)
[2026-08-09 14:08:11] VPS重算: 200
[2026-08-09 14:16:01] 抓到 27 场
[2026-08-09 14:17:03] ✓ 11个数据文件已同步VPS(rsync -u, 仅推送更新过的)
[2026-08-09 14:17:06] VPS重算: 200
[2026-08-09 14:24:01] 抓到 27 场
[2026-08-09 14:24:07] ✓ 11个数据文件已同步VPS(rsync -u, 仅推送更新过的)
[2026-08-09 14:24:10] VPS重算: 200
[2026-08-09 14:32:01] 抓到 27 场
[2026-08-09 14:32:09] ✓ 11个数据文件已同步VPS(rsync -u, 仅推送更新过的)
[2026-08-09 14:32:10] VPS重算: 429
[2026-08-09 14:40:01] 抓到 27 场
[2026-08-09 14:40:07] ✓ 11个数据文件已同步VPS(rsync -u, 仅推送更新过的)
[2026-08-09 14:40:10] VPS重算: 200
[2026-08-09 14:48:01] 抓到 27 场
[2026-08-09 14:48:11] ✓ 11个数据文件已同步VPS(rsync -u, 仅推送更新过的)
[2026-08-09 14:48:14] VPS重算: 200
[2026-08-09 14:56:01] 抓到 27 场
[2026-08-09 14:56:08] ✓ 11个数据文件已同步VPS(rsync -u, 仅推送更新过的)
[2026-08-09 14:56:11] VPS重算: 200
[2026-08-09 15:00:01] 抓到 27 场
[2026-08-09 15:00:14] ✓ 11个数据文件已同步VPS(rsync -u, 仅推送更新过的)
[2026-08-09 15:00:32] VPS重算: 200
[2026-08-09 15:08:01] 抓到 27 场
[2026-08-09 15:08:09] ✓ 11个数据文件已同步VPS(rsync -u, 仅推送更新过的)
[2026-08-09 15:08:12] VPS重算: 200
[2026-08-09 15:16:01] 抓到 27 场
[2026-08-09 15:16:08] ✓ 11个数据文件已同步VPS(rsync -u, 仅推送更新过的)
[2026-08-09 15:16:11] VPS重算: 200
[2026-08-09 15:24:01] 抓到 27 场
[2026-08-09 15:24:08] ✓ 11个数据文件已同步VPS(rsync -u, 仅推送更新过的)
[2026-08-09 15:24:10] VPS重算: 200
[2026-08-09 15:32:01] 抓到 27 场
[2026-08-09 15:32:07] ✓ 11个数据文件已同步VPS(rsync -u, 仅推送更新过的)
[2026-08-09 15:32:11] VPS重算: 200
[2026-08-09 15:40:01] 抓到 27 场
[2026-08-09 15:40:08] ✓ 11个数据文件已同步VPS(rsync -u, 仅推送更新过的)
[2026-08-09 15:40:12] VPS重算: 200
[2026-08-09 15:48:01] 抓到 27 场
[2026-08-09 15:48:11] ✓ 11个数据文件已同步VPS(rsync -u, 仅推送更新过的)
[2026-08-09 15:48:14] VPS重算: 200
[2026-08-09 15:56:01] 抓到 27 场
[2026-08-09 15:56:06] ✓ 11个数据文件已同步VPS(rsync -u, 仅推送更新过的)
[2026-08-09 15:56:09] VPS重算: 200
[2026-08-09 16:00:01] 抓到 27 场
[2026-08-09 16:00:05] ✓ 11个数据文件已同步VPS(rsync -u, 仅推送更新过的)
[2026-08-09 16:00:07] VPS重算: 200
[2026-08-09 16:08:01] 抓到 27 场
[2026-08-09 16:08:11] ✓ 11个数据文件已同步VPS(rsync -u, 仅推送更新过的)
[2026-08-09 16:08:13] VPS重算: 200
[2026-08-09 16:16:01] 抓到 27 场
[2026-08-09 16:16:08] ✓ 11个数据文件已同步VPS(rsync -u, 仅推送更新过的)
[2026-08-09 16:16:10] VPS重算: 200
[2026-08-09 16:24:01] 抓到 27 场
[2026-08-09 16:24:10] ✓ 11个数据文件已同步VPS(rsync -u, 仅推送更新过的)
[2026-08-09 16:24:12] VPS重算: 200
[2026-08-09 16:32:01] 抓到 27 场
[2026-08-09 16:32:08] ✓ 11个数据文件已同步VPS(rsync -u, 仅推送更新过的)
[2026-08-09 16:32:11] VPS重算: 200
[2026-08-09 16:40:01] 抓到 27 场
[2026-08-09 16:40:08] ✓ 11个数据文件已同步VPS(rsync -u, 仅推送更新过的)
[2026-08-09 16:40:11] VPS重算: 200
[2026-08-09 16:48:01] 抓到 27 场
[2026-08-09 16:48:08] ✓ 11个数据文件已同步VPS(rsync -u, 仅推送更新过的)
[2026-08-09 16:48:11] VPS重算: 200
[2026-08-09 16:56:01] 抓到 27 场
[2026-08-09 16:56:07] ✓ 11个数据文件已同步VPS(rsync -u, 仅推送更新过的)
[2026-08-09 16:56:10] VPS重算: 200
[2026-08-09 17:00:01] 抓到 27 场
[2026-08-09 17:00:09] ✓ 11个数据文件已同步VPS(rsync -u, 仅推送更新过的)
[2026-08-09 17:00:11] VPS重算: 200
[2026-08-09 17:08:01] 抓到 26 场
[2026-08-09 17:08:08] ✓ 11个数据文件已同步VPS(rsync -u, 仅推送更新过的)
[2026-08-09 17:08:11] VPS重算: 200
[2026-08-09 17:16:01] 抓到 26 场
[2026-08-09 17:16:09] ✓ 11个数据文件已同步VPS(rsync -u, 仅推送更新过的)
[2026-08-09 17:16:11] VPS重算: 200
[2026-08-09 17:24:01] 抓到 26 场
[2026-08-09 17:24:09] ✓ 11个数据文件已同步VPS(rsync -u, 仅推送更新过的)
[2026-08-09 17:24:13] VPS重算: 200
[2026-08-09 17:32:01] 抓到 26 场
[2026-08-09 17:32:07] ✓ 11个数据文件已同步VPS(rsync -u, 仅推送更新过的)
[2026-08-09 17:32:10] VPS重算: 200
[2026-08-09 17:40:01] 抓到 26 场
[2026-08-09 17:40:06] ✓ 11个数据文件已同步VPS(rsync -u, 仅推送更新过的)
[2026-08-09 17:40:08] VPS重算: 200
[2026-08-09 17:48:01] 抓到 26 场
[2026-08-09 17:48:08] ✓ 11个数据文件已同步VPS(rsync -u, 仅推送更新过的)
[2026-08-09 17:48:11] VPS重算: 200
[2026-08-09 17:56:01] 抓到 26 场
[2026-08-09 17:56:09] ✓ 11个数据文件已同步VPS(rsync -u, 仅推送更新过的)
[2026-08-09 17:56:11] VPS重算: 200
[2026-08-09 18:00:01] 抓到 26 场
[2026-08-09 18:00:05] ✓ 11个数据文件已同步VPS(rsync -u, 仅推送更新过的)
[2026-08-09 18:00:09] VPS重算: 200
[2026-08-09 18:08:01] 抓到 24 场
[2026-08-09 18:08:08] ✓ 11个数据文件已同步VPS(rsync -u, 仅推送更新过的)
[2026-08-09 18:08:10] VPS重算: 200
[2026-08-09 18:16:01] 抓到 23 场
[2026-08-09 18:16:08] ✓ 11个数据文件已同步VPS(rsync -u, 仅推送更新过的)
[2026-08-09 18:16:10] VPS重算: 200
[2026-08-09 18:24:01] 抓到 23 场
[2026-08-09 18:24:07] ✓ 11个数据文件已同步VPS(rsync -u, 仅推送更新过的)
[2026-08-09 18:24:10] VPS重算: 200
[2026-08-09 18:32:01] 抓到 23 场
[2026-08-09 18:32:11] ✓ 11个数据文件已同步VPS(rsync -u, 仅推送更新过的)
[2026-08-09 18:32:12] VPS重算: 200
[2026-08-09 18:40:01] 抓到 23 场
[2026-08-09 18:40:09] ✓ 11个数据文件已同步VPS(rsync -u, 仅推送更新过的)
[2026-08-09 18:40:12] VPS重算: 200
[2026-08-09 18:48:01] 抓到 23 场
[2026-08-09 18:48:07] ✓ 11个数据文件已同步VPS(rsync -u, 仅推送更新过的)
[2026-08-09 18:48:10] VPS重算: 200
[2026-08-09 18:56:01] 抓到 23 场
[2026-08-09 18:56:07] ✓ 11个数据文件已同步VPS(rsync -u, 仅推送更新过的)
[2026-08-09 18:56:09] VPS重算: 200
[2026-08-09 19:00:01] 抓到 23 场
[2026-08-09 19:00:05] ✓ 11个数据文件已同步VPS(rsync -u, 仅推送更新过的)
[2026-08-09 19:00:09] VPS重算: 200
[2026-08-09 19:08:01] 抓到 23 场
[2026-08-09 19:08:07] ✓ 11个数据文件已同步VPS(rsync -u, 仅推送更新过的)
[2026-08-09 19:08:09] VPS重算: 200
[2026-08-09 19:16:01] 抓到 23 场
[2026-08-09 19:16:07] ✓ 11个数据文件已同步VPS(rsync -u, 仅推送更新过的)
[2026-08-09 19:16:10] VPS重算: 200
[2026-08-09 19:24:01] 抓到 23 场
[2026-08-09 19:24:09] ✓ 11个数据文件已同步VPS(rsync -u, 仅推送更新过的)
[2026-08-09 19:24:11] VPS重算: 200
[2026-08-09 19:32:01] 抓到 21 场
[2026-08-09 19:32:10] ✓ 11个数据文件已同步VPS(rsync -u, 仅推送更新过的)
[2026-08-09 19:32:13] VPS重算: 200
[2026-08-09 19:40:01] 抓到 21 场
[2026-08-09 19:40:08] ✓ 11个数据文件已同步VPS(rsync -u, 仅推送更新过的)
[2026-08-09 19:40:10] VPS重算: 200
[2026-08-09 19:48:01] 抓到 21 场
[2026-08-09 19:48:05] ✓ 11个数据文件已同步VPS(rsync -u, 仅推送更新过的)
[2026-08-09 19:48:11] VPS重算: 200
[2026-08-09 19:56:01] 抓到 21 场
[2026-08-09 19:56:07] ✓ 11个数据文件已同步VPS(rsync -u, 仅推送更新过的)
[2026-08-09 19:56:11] VPS重算: 200
[2026-08-09 20:00:01] 抓到 21 场
[2026-08-09 20:00:07] ✓ 11个数据文件已同步VPS(rsync -u, 仅推送更新过的)
[2026-08-09 20:00:10] VPS重算: 200
[2026-08-09 20:08:01] 抓到 19 场
[2026-08-09 20:08:08] ✓ 11个数据文件已同步VPS(rsync -u, 仅推送更新过的)
[2026-08-09 20:08:11] VPS重算: 200
[2026-08-09 20:16:01] 抓到 19 场
[2026-08-09 20:16:07] ✓ 11个数据文件已同步VPS(rsync -u, 仅推送更新过的)
[2026-08-09 20:16:10] VPS重算: 200
[2026-08-09 20:24:01] 抓到 19 场
[2026-08-09 20:24:08] ✓ 11个数据文件已同步VPS(rsync -u, 仅推送更新过的)
[2026-08-09 20:24:12] VPS重算: 200
[2026-08-09 20:32:01] 抓到 16 场
[2026-08-09 20:32:11] ✓ 11个数据文件已同步VPS(rsync -u, 仅推送更新过的)
[2026-08-09 20:32:13] VPS重算: 200
[2026-08-09 20:40:01] 抓到 16 场
[2026-08-09 20:40:07] ✓ 11个数据文件已同步VPS(rsync -u, 仅推送更新过的)
[2026-08-09 20:40:11] VPS重算: 200
[2026-08-09 20:48:01] 抓到 16 场
[2026-08-09 20:48:08] ✓ 11个数据文件已同步VPS(rsync -u, 仅推送更新过的)
[2026-08-09 20:48:10] VPS重算: 200
[2026-08-09 20:56:01] 抓到 16 场
[2026-08-09 20:56:13] ✓ 11个数据文件已同步VPS(rsync -u, 仅推送更新过的)
[2026-08-09 20:56:15] VPS重算: 200
                                    [2026-08-10 06:24:01] 抓到 4 场
[2026-08-10 06:24:05] ✓ 11个数据文件已同步VPS(rsync -u, 仅推送更新过的)
[2026-08-10 06:24:07] VPS重算: 200
[2026-08-10 06:32:01] 抓到 3 场
[2026-08-10 06:32:06] ✓ 11个数据文件已同步VPS(rsync -u, 仅推送更新过的)
[2026-08-10 06:32:07] VPS重算: 200
[2026-08-10 06:40:01] 抓到 3 场
[2026-08-10 06:40:05] ✓ 11个数据文件已同步VPS(rsync -u, 仅推送更新过的)
[2026-08-10 06:40:07] VPS重算: 200
[2026-08-10 06:48:01] 抓到 3 场
[2026-08-10 06:48:05] ✓ 11个数据文件已同步VPS(rsync -u, 仅推送更新过的)
[2026-08-10 06:48:07] VPS重算: 200
[2026-08-10 06:56:01] 抓到 3 场
[2026-08-10 06:56:05] ✓ 11个数据文件已同步VPS(rsync -u, 仅推送更新过的)
[2026-08-10 06:56:07] VPS重算: 200
[2026-08-10 07:00:01] 抓到 3 场
[2026-08-10 07:00:05] ✓ 11个数据文件已同步VPS(rsync -u, 仅推送更新过的)
[2026-08-10 07:00:06] VPS重算: 200
[2026-08-10 07:08:01] 抓到 3 场
[2026-08-10 07:08:05] ✓ 11个数据文件已同步VPS(rsync -u, 仅推送更新过的)
[2026-08-10 07:08:06] VPS重算: 200
[2026-08-10 07:16:01] 抓到 3 场
[2026-08-10 07:16:06] ✓ 11个数据文件已同步VPS(rsync -u, 仅推送更新过的)
[2026-08-10 07:16:08] VPS重算: 200
[2026-08-10 07:24:01] 抓到 3 场
[2026-08-10 07:24:06] ✓ 11个数据文件已同步VPS(rsync -u, 仅推送更新过的)
[2026-08-10 07:24:15] VPS重算: 200
[2026-08-10 07:32:01] 抓到 3 场
[2026-08-10 07:32:05] ✓ 11个数据文件已同步VPS(rsync -u, 仅推送更新过的)
[2026-08-10 07:32:07] VPS重算: 200
[2026-08-10 07:40:01] 抓到 3 场
[2026-08-10 07:40:06] ✓ 11个数据文件已同步VPS(rsync -u, 仅推送更新过的)
[2026-08-10 07:40:08] VPS重算: 200
[2026-08-10 07:48:01] 抓到 3 场
[2026-08-10 07:48:06] ✓ 11个数据文件已同步VPS(rsync -u, 仅推送更新过的)
[2026-08-10 07:48:07] VPS重算: 200
[2026-08-10 07:56:01] 抓到 3 场
[2026-08-10 07:56:05] ✓ 11个数据文件已同步VPS(rsync -u, 仅推送更新过的)
[2026-08-10 07:56:07] VPS重算: 200
[2026-08-10 08:00:01] 抓到 3 场
[2026-08-10 08:00:05] ✓ 11个数据文件已同步VPS(rsync -u, 仅推送更新过的)
[2026-08-10 08:00:06] VPS重算: 200
[2026-08-10 08:08:01] 抓到 3 场
[2026-08-10 08:08:05] ✓ 11个数据文件已同步VPS(rsync -u, 仅推送更新过的)
[2026-08-10 08:08:06] VPS重算: 200
[2026-08-10 08:16:01] 抓到 3 场
[2026-08-10 08:16:05] ✓ 11个数据文件已同步VPS(rsync -u, 仅推送更新过的)
[2026-08-10 08:16:06] VPS重算: 200
[2026-08-10 08:24:01] 抓到 3 场
[2026-08-10 08:24:05] ✓ 11个数据文件已同步VPS(rsync -u, 仅推送更新过的)
[2026-08-10 08:24:07] VPS重算: 200
[2026-08-10 08:32:01] 抓到 3 场
[2026-08-10 08:32:08] ✓ 11个数据文件已同步VPS(rsync -u, 仅推送更新过的)
[2026-08-10 08:32:10] VPS重算: 200
[2026-08-10 08:40:01] 抓到 3 场
[2026-08-10 08:40:05] ✓ 11个数据文件已同步VPS(rsync -u, 仅推送更新过的)
[2026-08-10 08:40:07] VPS重算: 200
[2026-08-10 08:48:01] 抓到 3 场
[2026-08-10 08:48:07] ✓ 11个数据文件已同步VPS(rsync -u, 仅推送更新过的)
[2026-08-10 08:48:09] VPS重算: 200
[2026-08-10 08:56:01] 抓到 3 场
[2026-08-10 08:56:07] ✓ 11个数据文件已同步VPS(rsync -u, 仅推送更新过的)
[2026-08-10 08:56:10] VPS重算: 200
[2026-08-10 09:00:01] 抓到 3 场
[2026-08-10 09:00:34] ✓ 11个数据文件已同步VPS(rsync -u, 仅推送更新过的)
[2026-08-10 09:00:38] VPS重算: 200
[2026-08-10 09:08:01] 抓到 3 场
[2026-08-10 09:08:08] ✓ 11个数据文件已同步VPS(rsync -u, 仅推送更新过的)
[2026-08-10 09:08:09] VPS重算: 200
[2026-08-10 09:16:01] 抓到 3 场
[2026-08-10 09:16:07] ✓ 11个数据文件已同步VPS(rsync -u, 仅推送更新过的)
[2026-08-10 09:16:09] VPS重算: 200
[2026-08-10 09:24:01] 抓到 3 场
[2026-08-10 09:24:07] ✓ 11个数据文件已同步VPS(rsync -u, 仅推送更新过的)
[2026-08-10 09:24:10] VPS重算: 200
[2026-08-10 09:33:17] 抓到 3 场
[2026-08-10 09:34:42] ✓ 11个数据文件已同步VPS(rsync -u, 仅推送更新过的)
[2026-08-10 09:34:44] VPS重算: 200
[2026-08-10 09:40:01] 抓到 3 场
[2026-08-10 09:40:10] ✓ 11个数据文件已同步VPS(rsync -u, 仅推送更新过的)
[2026-08-10 09:40:13] VPS重算: 200
[2026-08-10 09:48:01] 抓到 3 场
[2026-08-10 09:48:06] ✓ 11个数据文件已同步VPS(rsync -u, 仅推送更新过的)
[2026-08-10 09:48:08] VPS重算: 200
[2026-08-10 09:56:01] 抓到 3 场
[2026-08-10 09:56:07] ✓ 11个数据文件已同步VPS(rsync -u, 仅推送更新过的)
[2026-08-10 09:56:08] VPS重算: 200
[2026-08-10 10:00:01] 抓到 3 场
[2026-08-10 10:00:04] ✓ 11个数据文件已同步VPS(rsync -u, 仅推送更新过的)
[2026-08-10 10:00:06] VPS重算: 200
[2026-08-10 10:08:01] 抓到 3 场
[2026-08-10 10:08:06] ✓ 11个数据文件已同步VPS(rsync -u, 仅推送更新过的)
[2026-08-10 10:08:09] VPS重算: 200
[2026-08-10 10:16:01] 抓到 3 场
[2026-08-10 10:16:05] ✓ 11个数据文件已同步VPS(rsync -u, 仅推送更新过的)
[2026-08-10 10:16:07] VPS重算: 200
[2026-08-10 10:24:01] 抓到 3 场
[2026-08-10 10:24:05] ✓ 11个数据文件已同步VPS(rsync -u, 仅推送更新过的)
[2026-08-10 10:24:07] VPS重算: 200
[2026-08-10 10:32:01] 抓到 3 场
[2026-08-10 10:32:06] ✓ 11个数据文件已同步VPS(rsync -u, 仅推送更新过的)
[2026-08-10 10:32:09] VPS重算: 200
[2026-08-10 10:40:01] 抓到 3 场
[2026-08-10 10:40:06] ✓ 11个数据文件已同步VPS(rsync -u, 仅推送更新过的)
[2026-08-10 10:40:08] VPS重算: 200
[2026-08-10 10:48:01] 抓到 3 场
[2026-08-10 10:48:05] ✓ 11个数据文件已同步VPS(rsync -u, 仅推送更新过的)
[2026-08-10 10:48:07] VPS重算: 200
[2026-08-10 10:56:01] 抓到 3 场
[2026-08-10 10:56:05] ✓ 11个数据文件已同步VPS(rsync -u, 仅推送更新过的)
[2026-08-10 10:56:07] VPS重算: 200
[2026-08-10 11:00:01] 抓到 3 场
[2026-08-10 11:00:05] ✓ 11个数据文件已同步VPS(rsync -u, 仅推送更新过的)
[2026-08-10 11:00:07] VPS重算: 200
[2026-08-10 11:08:01] 抓到 3 场
[2026-08-10 11:08:07] ✓ 11个数据文件已同步VPS(rsync -u, 仅推送更新过的)
[2026-08-10 11:08:09] VPS重算: 200
[2026-08-10 11:16:01] 抓到 3 场
[2026-08-10 11:16:05] ✓ 11个数据文件已同步VPS(rsync -u, 仅推送更新过的)
[2026-08-10 11:16:07] VPS重算: 200
[2026-08-10 11:24:01] 抓到 3 场
[2026-08-10 11:24:05] ✓ 11个数据文件已同步VPS(rsync -u, 仅推送更新过的)
[2026-08-10 11:24:07] VPS重算: 200
[2026-08-10 11:32:01] 抓到 3 场
[2026-08-10 11:32:06] ✓ 11个数据文件已同步VPS(rsync -u, 仅推送更新过的)
[2026-08-10 11:32:09] VPS重算: 200
[2026-08-10 11:40:01] 抓到 3 场
[2026-08-10 11:40:06] ✓ 11个数据文件已同步VPS(rsync -u, 仅推送更新过的)
[2026-08-10 11:40:10] VPS重算: 200
[2026-08-10 11:48:01] 抓到 3 场
[2026-08-10 11:48:06] ✓ 11个数据文件已同步VPS(rsync -u, 仅推送更新过的)
[2026-08-10 11:48:09] VPS重算: 200
[2026-08-10 11:56:01] 抓到 3 场
[2026-08-10 11:56:07] ✓ 11个数据文件已同步VPS(rsync -u, 仅推送更新过的)
[2026-08-10 11:56:09] VPS重算: 200
[2026-08-10 12:00:01] 抓到 3 场
[2026-08-10 12:00:04] ✓ 11个数据文件已同步VPS(rsync -u, 仅推送更新过的)
[2026-08-10 12:00:06] VPS重算: 200
[2026-08-10 12:08:01] 抓到 3 场
[2026-08-10 12:08:07] ✓ 11个数据文件已同步VPS(rsync -u, 仅推送更新过的)
[2026-08-10 12:08:09] VPS重算: 200
[2026-08-10 12:16:01] 抓到 3 场
[2026-08-10 12:16:05] ✓ 11个数据文件已同步VPS(rsync -u, 仅推送更新过的)
[2026-08-10 12:16:07] VPS重算: 200
[2026-08-10 12:24:01] 抓到 3 场
[2026-08-10 12:24:06] ✓ 11个数据文件已同步VPS(rsync -u, 仅推送更新过的)
[2026-08-10 12:24:10] VPS重算: 200
[2026-08-10 12:32:01] 抓到 3 场
[2026-08-10 12:32:07] ✓ 11个数据文件已同步VPS(rsync -u, 仅推送更新过的)
[2026-08-10 12:32:10] VPS重算: 200
[2026-08-10 12:40:01] 抓到 3 场
[2026-08-10 12:40:08] ✓ 11个数据文件已同步VPS(rsync -u, 仅推送更新过的)
[2026-08-10 12:40:12] VPS重算: 200
[2026-08-10 12:48:01] 抓到 3 场
[2026-08-10 12:48:06] ✓ 11个数据文件已同步VPS(rsync -u, 仅推送更新过的)
[2026-08-10 12:48:08] VPS重算: 200
[2026-08-10 12:56:00] 抓到 3 场
[2026-08-10 12:56:11] ✓ 11个数据文件已同步VPS(rsync -u, 仅推送更新过的)
[2026-08-10 12:56:14] VPS重算: 200
[2026-08-10 13:00:01] 抓到 3 场
[2026-08-10 13:00:06] ✓ 11个数据文件已同步VPS(rsync -u, 仅推送更新过的)
[2026-08-10 13:00:07] VPS重算: 200
[2026-08-10 13:08:01] 抓到 3 场
[2026-08-10 13:08:06] ✓ 11个数据文件已同步VPS(rsync -u, 仅推送更新过的)
[2026-08-10 13:08:10] VPS重算: 200
[2026-08-10 13:16:01] 抓到 3 场
[2026-08-10 13:16:06] ✓ 11个数据文件已同步VPS(rsync -u, 仅推送更新过的)
[2026-08-10 13:16:09] VPS重算: 200
[2026-08-10 13:24:01] 抓到 3 场
[2026-08-10 13:24:07] ✓ 11个数据文件已同步VPS(rsync -u, 仅推送更新过的)
[2026-08-10 13:24:13] VPS重算: 200
[2026-08-10 13:32:01] 抓到 3 场
[2026-08-10 13:32:10] ✓ 11个数据文件已同步VPS(rsync -u, 仅推送更新过的)
[2026-08-10 13:32:13] VPS重算: 200
[2026-08-10 13:40:01] 抓到 3 场
[2026-08-10 13:40:08] ✓ 11个数据文件已同步VPS(rsync -u, 仅推送更新过的)
[2026-08-10 13:40:12] VPS重算: 200
[2026-08-10 13:48:01] 抓到 3 场
[2026-08-10 13:48:06] ✓ 11个数据文件已同步VPS(rsync -u, 仅推送更新过的)
[2026-08-10 13:48:09] VPS重算: 200
[2026-08-10 13:56:01] 抓到 3 场
[2026-08-10 13:56:08] ✓ 11个数据文件已同步VPS(rsync -u, 仅推送更新过的)
[2026-08-10 13:56:10] VPS重算: 200
[2026-08-10 14:00:01] 抓到 3 场
[2026-08-10 14:00:06] ✓ 11个数据文件已同步VPS(rsync -u, 仅推送更新过的)
[2026-08-10 14:00:09] VPS重算: 200
[2026-08-10 14:08:01] 抓到 3 场
[2026-08-10 14:08:07] ✓ 11个数据文件已同步VPS(rsync -u, 仅推送更新过的)
[2026-08-10 14:08:09] VPS重算: 200
[2026-08-10 14:16:01] 抓到 3 场
[2026-08-10 14:16:07] ✓ 11个数据文件已同步VPS(rsync -u, 仅推送更新过的)
[2026-08-10 14:16:10] VPS重算: 200
[2026-08-10 14:24:01] 抓到 3 场
[2026-08-10 14:24:06] ✓ 11个数据文件已同步VPS(rsync -u, 仅推送更新过的)
[2026-08-10 14:24:09] VPS重算: 200
[2026-08-10 14:32:01] 抓到 3 场
[2026-08-10 14:32:14] ✓ 11个数据文件已同步VPS(rsync -u, 仅推送更新过的)
[2026-08-10 14:32:16] VPS重算: 200
